
*** Running vivado
    with args -log design_1_cg_fpga_0_0.vds -m64 -product Vivado -mode batch -messageDb vivado.pb -notrace -source design_1_cg_fpga_0_0.tcl



****** Vivado v2024.2 (64-bit)
  **** SW Build 5239630 on Fri Nov 08 22:35:27 MST 2024
  **** IP Build 5239520 on Sun Nov 10 16:12:51 MST 2024
  **** SharedData Build 5239561 on Fri Nov 08 14:39:27 MST 2024
  **** Start of session at: Fri Dec  5 12:16:06 2025
    ** Copyright 1986-2022 Xilinx, Inc. All Rights Reserved.
    ** Copyright 2022-2024 Advanced Micro Devices, Inc. All Rights Reserved.

source design_1_cg_fpga_0_0.tcl -notrace
INFO: [IP_Flow 19-234] Refreshing IP repositories
INFO: [IP_Flow 19-1700] Loaded user IP repository 'f:/Haoyang_Sun/experiments/cg_fpga_slim_1_4'.
INFO: [IP_Flow 19-1700] Loaded user IP repository 'f:/Haoyang_Sun/experiments/ip_repo'.
INFO: [IP_Flow 19-2313] Loaded Vivado IP repository 'E:/vivado/Vivado/2024.2/data/ip'.
INFO: [IP_Flow 19-6924] IPCACHE: Running cache check for IP inst: design_1_cg_fpga_0_0
Command: synth_design -top design_1_cg_fpga_0_0 -part xc7z010clg400-1 -incremental_mode off -mode out_of_context
Starting synth_design
Attempting to get a license for feature 'Synthesis' and/or device 'xc7z010'
INFO: [Common 17-349] Got license for feature 'Synthesis' and/or device 'xc7z010'
INFO: [Device 21-403] Loading part xc7z010clg400-1
INFO: [Synth 8-7079] Multithreading enabled for synth_design using a maximum of 2 processes.
INFO: [Synth 8-7078] Launching helper process for spawning children vivado processes
INFO: [Synth 8-7075] Helper process launched with PID 20324
---------------------------------------------------------------------------------
Starting RTL Elaboration : Time (s): cpu = 00:00:07 ; elapsed = 00:00:07 . Memory (MB): peak = 1100.926 ; gain = 466.285
---------------------------------------------------------------------------------
WARNING: [Synth 8-10507] attribute 'X_INTERFACE_MODE' is already specified; last one will take precedence [f:/Haoyang_Sun/experiments/labs/lab13/lab13.gen/sources_1/bd/design_1/ip/design_1_cg_fpga_0_0/src/cg_fpga_xbar_0/synth/cg_fpga_xbar_0.v:155]
WARNING: [Synth 8-10507] attribute 'X_INTERFACE_PARAMETER' is already specified; last one will take precedence [f:/Haoyang_Sun/experiments/labs/lab13/lab13.gen/sources_1/bd/design_1/ip/design_1_cg_fpga_0_0/src/cg_fpga_xbar_0/synth/cg_fpga_xbar_0.v:157]
WARNING: [Synth 8-10507] attribute 'X_INTERFACE_MODE' is already specified; last one will take precedence [f:/Haoyang_Sun/experiments/labs/lab13/lab13.gen/sources_1/bd/design_1/ip/design_1_cg_fpga_0_0/src/cg_fpga_xbar_0/synth/cg_fpga_xbar_0.v:158]
WARNING: [Synth 8-10507] attribute 'X_INTERFACE_PARAMETER' is already specified; last one will take precedence [f:/Haoyang_Sun/experiments/labs/lab13/lab13.gen/sources_1/bd/design_1/ip/design_1_cg_fpga_0_0/src/cg_fpga_xbar_0/synth/cg_fpga_xbar_0.v:160]
WARNING: [Synth 8-10507] attribute 'X_INTERFACE_MODE' is already specified; last one will take precedence [f:/Haoyang_Sun/experiments/labs/lab13/lab13.gen/sources_1/bd/design_1/ip/design_1_cg_fpga_0_0/src/cg_fpga_xbar_0/synth/cg_fpga_xbar_0.v:161]
WARNING: [Synth 8-10507] attribute 'X_INTERFACE_PARAMETER' is already specified; last one will take precedence [f:/Haoyang_Sun/experiments/labs/lab13/lab13.gen/sources_1/bd/design_1/ip/design_1_cg_fpga_0_0/src/cg_fpga_xbar_0/synth/cg_fpga_xbar_0.v:163]
WARNING: [Synth 8-10507] attribute 'X_INTERFACE_MODE' is already specified; last one will take precedence [f:/Haoyang_Sun/experiments/labs/lab13/lab13.gen/sources_1/bd/design_1/ip/design_1_cg_fpga_0_0/src/cg_fpga_xbar_0/synth/cg_fpga_xbar_0.v:164]
WARNING: [Synth 8-10507] attribute 'X_INTERFACE_PARAMETER' is already specified; last one will take precedence [f:/Haoyang_Sun/experiments/labs/lab13/lab13.gen/sources_1/bd/design_1/ip/design_1_cg_fpga_0_0/src/cg_fpga_xbar_0/synth/cg_fpga_xbar_0.v:166]
WARNING: [Synth 8-10507] attribute 'X_INTERFACE_MODE' is already specified; last one will take precedence [f:/Haoyang_Sun/experiments/labs/lab13/lab13.gen/sources_1/bd/design_1/ip/design_1_cg_fpga_0_0/src/cg_fpga_xbar_0/synth/cg_fpga_xbar_0.v:167]
WARNING: [Synth 8-10507] attribute 'X_INTERFACE_PARAMETER' is already specified; last one will take precedence [f:/Haoyang_Sun/experiments/labs/lab13/lab13.gen/sources_1/bd/design_1/ip/design_1_cg_fpga_0_0/src/cg_fpga_xbar_0/synth/cg_fpga_xbar_0.v:169]
WARNING: [Synth 8-10507] attribute 'X_INTERFACE_MODE' is already specified; last one will take precedence [f:/Haoyang_Sun/experiments/labs/lab13/lab13.gen/sources_1/bd/design_1/ip/design_1_cg_fpga_0_0/src/cg_fpga_xbar_0/synth/cg_fpga_xbar_0.v:170]
WARNING: [Synth 8-10507] attribute 'X_INTERFACE_PARAMETER' is already specified; last one will take precedence [f:/Haoyang_Sun/experiments/labs/lab13/lab13.gen/sources_1/bd/design_1/ip/design_1_cg_fpga_0_0/src/cg_fpga_xbar_0/synth/cg_fpga_xbar_0.v:172]
WARNING: [Synth 8-10507] attribute 'X_INTERFACE_MODE' is already specified; last one will take precedence [f:/Haoyang_Sun/experiments/labs/lab13/lab13.gen/sources_1/bd/design_1/ip/design_1_cg_fpga_0_0/src/cg_fpga_xbar_1/synth/cg_fpga_xbar_1.v:152]
WARNING: [Synth 8-10507] attribute 'X_INTERFACE_PARAMETER' is already specified; last one will take precedence [f:/Haoyang_Sun/experiments/labs/lab13/lab13.gen/sources_1/bd/design_1/ip/design_1_cg_fpga_0_0/src/cg_fpga_xbar_1/synth/cg_fpga_xbar_1.v:154]
INFO: [Synth 8-6157] synthesizing module 'design_1_cg_fpga_0_0' [f:/Haoyang_Sun/experiments/labs/lab13/lab13.gen/sources_1/bd/design_1/ip/design_1_cg_fpga_0_0/synth/design_1_cg_fpga_0_0.v:53]
INFO: [Synth 8-6157] synthesizing module 'cg_fpga' [f:/Haoyang_Sun/experiments/labs/lab13/lab13.gen/sources_1/bd/design_1/ipshared/1d03/src/cg_fpga.v:12]
INFO: [Synth 8-6157] synthesizing module 'cg_fpga_axi_mem_intercon_0' [f:/Haoyang_Sun/experiments/labs/lab13/lab13.gen/sources_1/bd/design_1/ipshared/1d03/src/cg_fpga.v:1022]
INFO: [Synth 8-6157] synthesizing module 'm00_couplers_imp_V73XI6' [f:/Haoyang_Sun/experiments/labs/lab13/lab13.gen/sources_1/bd/design_1/ipshared/1d03/src/cg_fpga.v:2793]
INFO: [Synth 8-6157] synthesizing module 'cg_fpga_auto_pc_0' [f:/Haoyang_Sun/experiments/labs/lab13/lab13.gen/sources_1/bd/design_1/ip/design_1_cg_fpga_0_0/src/cg_fpga_auto_pc_0/synth/cg_fpga_auto_pc_0.v:53]
INFO: [Synth 8-6157] synthesizing module 'axi_protocol_converter_v2_1_33_axi_protocol_converter' [f:/Haoyang_Sun/experiments/labs/lab13/lab13.gen/sources_1/bd/design_1/ip/design_1_cg_fpga_0_0/src/cg_fpga_auto_pc_1/hdl/axi_protocol_converter_v2_1_vl_rfs.v:5285]
INFO: [Synth 8-6157] synthesizing module 'axi_protocol_converter_v2_1_33_axi3_conv' [f:/Haoyang_Sun/experiments/labs/lab13/lab13.gen/sources_1/bd/design_1/ip/design_1_cg_fpga_0_0/src/cg_fpga_auto_pc_1/hdl/axi_protocol_converter_v2_1_vl_rfs.v:951]
INFO: [Synth 8-6157] synthesizing module 'axi_protocol_converter_v2_1_33_b_downsizer' [f:/Haoyang_Sun/experiments/labs/lab13/lab13.gen/sources_1/bd/design_1/ip/design_1_cg_fpga_0_0/src/cg_fpga_auto_pc_1/hdl/axi_protocol_converter_v2_1_vl_rfs.v:2269]
INFO: [Synth 8-6155] done synthesizing module 'axi_protocol_converter_v2_1_33_b_downsizer' (0#1) [f:/Haoyang_Sun/experiments/labs/lab13/lab13.gen/sources_1/bd/design_1/ip/design_1_cg_fpga_0_0/src/cg_fpga_auto_pc_1/hdl/axi_protocol_converter_v2_1_vl_rfs.v:2269]
INFO: [Synth 8-6157] synthesizing module 'axi_protocol_converter_v2_1_33_a_axi3_conv' [f:/Haoyang_Sun/experiments/labs/lab13/lab13.gen/sources_1/bd/design_1/ip/design_1_cg_fpga_0_0/src/cg_fpga_auto_pc_1/hdl/axi_protocol_converter_v2_1_vl_rfs.v:60]
INFO: [Synth 8-6157] synthesizing module 'axi_data_fifo_v2_1_32_axic_fifo' [f:/Haoyang_Sun/experiments/labs/lab13/lab13.gen/sources_1/bd/design_1/ip/design_1_cg_fpga_0_0/src/cg_fpga_auto_pc_1/hdl/axi_data_fifo_v2_1_vl_rfs.v:62]
INFO: [Synth 8-6157] synthesizing module 'axi_data_fifo_v2_1_32_fifo_gen' [f:/Haoyang_Sun/experiments/labs/lab13/lab13.gen/sources_1/bd/design_1/ip/design_1_cg_fpga_0_0/src/cg_fpga_auto_pc_1/hdl/axi_data_fifo_v2_1_vl_rfs.v:165]
INFO: [Synth 8-6157] synthesizing module 'xpm_cdc_async_rst' [E:/vivado/Vivado/2024.2/data/ip/xpm/xpm_cdc/hdl/xpm_cdc.sv:1175]
INFO: [Synth 8-6155] done synthesizing module 'xpm_cdc_async_rst' (0#1) [E:/vivado/Vivado/2024.2/data/ip/xpm/xpm_cdc/hdl/xpm_cdc.sv:1175]
INFO: [Synth 8-6155] done synthesizing module 'axi_data_fifo_v2_1_32_fifo_gen' (0#1) [f:/Haoyang_Sun/experiments/labs/lab13/lab13.gen/sources_1/bd/design_1/ip/design_1_cg_fpga_0_0/src/cg_fpga_auto_pc_1/hdl/axi_data_fifo_v2_1_vl_rfs.v:165]
INFO: [Synth 8-6155] done synthesizing module 'axi_data_fifo_v2_1_32_axic_fifo' (0#1) [f:/Haoyang_Sun/experiments/labs/lab13/lab13.gen/sources_1/bd/design_1/ip/design_1_cg_fpga_0_0/src/cg_fpga_auto_pc_1/hdl/axi_data_fifo_v2_1_vl_rfs.v:62]
INFO: [Synth 8-6155] done synthesizing module 'axi_protocol_converter_v2_1_33_a_axi3_conv' (0#1) [f:/Haoyang_Sun/experiments/labs/lab13/lab13.gen/sources_1/bd/design_1/ip/design_1_cg_fpga_0_0/src/cg_fpga_auto_pc_1/hdl/axi_protocol_converter_v2_1_vl_rfs.v:60]
INFO: [Synth 8-6157] synthesizing module 'axi_protocol_converter_v2_1_33_w_axi3_conv' [f:/Haoyang_Sun/experiments/labs/lab13/lab13.gen/sources_1/bd/design_1/ip/design_1_cg_fpga_0_0/src/cg_fpga_auto_pc_1/hdl/axi_protocol_converter_v2_1_vl_rfs.v:1998]
INFO: [Synth 8-6155] done synthesizing module 'axi_protocol_converter_v2_1_33_w_axi3_conv' (0#1) [f:/Haoyang_Sun/experiments/labs/lab13/lab13.gen/sources_1/bd/design_1/ip/design_1_cg_fpga_0_0/src/cg_fpga_auto_pc_1/hdl/axi_protocol_converter_v2_1_vl_rfs.v:1998]
INFO: [Synth 8-6157] synthesizing module 'axi_protocol_converter_v2_1_33_a_axi3_conv__parameterized0' [f:/Haoyang_Sun/experiments/labs/lab13/lab13.gen/sources_1/bd/design_1/ip/design_1_cg_fpga_0_0/src/cg_fpga_auto_pc_1/hdl/axi_protocol_converter_v2_1_vl_rfs.v:60]
INFO: [Synth 8-6157] synthesizing module 'axi_data_fifo_v2_1_32_axic_fifo__parameterized0' [f:/Haoyang_Sun/experiments/labs/lab13/lab13.gen/sources_1/bd/design_1/ip/design_1_cg_fpga_0_0/src/cg_fpga_auto_pc_1/hdl/axi_data_fifo_v2_1_vl_rfs.v:62]
INFO: [Synth 8-6157] synthesizing module 'axi_data_fifo_v2_1_32_fifo_gen__parameterized0' [f:/Haoyang_Sun/experiments/labs/lab13/lab13.gen/sources_1/bd/design_1/ip/design_1_cg_fpga_0_0/src/cg_fpga_auto_pc_1/hdl/axi_data_fifo_v2_1_vl_rfs.v:165]
INFO: [Synth 8-6155] done synthesizing module 'axi_data_fifo_v2_1_32_fifo_gen__parameterized0' (0#1) [f:/Haoyang_Sun/experiments/labs/lab13/lab13.gen/sources_1/bd/design_1/ip/design_1_cg_fpga_0_0/src/cg_fpga_auto_pc_1/hdl/axi_data_fifo_v2_1_vl_rfs.v:165]
INFO: [Synth 8-6155] done synthesizing module 'axi_data_fifo_v2_1_32_axic_fifo__parameterized0' (0#1) [f:/Haoyang_Sun/experiments/labs/lab13/lab13.gen/sources_1/bd/design_1/ip/design_1_cg_fpga_0_0/src/cg_fpga_auto_pc_1/hdl/axi_data_fifo_v2_1_vl_rfs.v:62]
INFO: [Synth 8-6155] done synthesizing module 'axi_protocol_converter_v2_1_33_a_axi3_conv__parameterized0' (0#1) [f:/Haoyang_Sun/experiments/labs/lab13/lab13.gen/sources_1/bd/design_1/ip/design_1_cg_fpga_0_0/src/cg_fpga_auto_pc_1/hdl/axi_protocol_converter_v2_1_vl_rfs.v:60]
INFO: [Synth 8-6157] synthesizing module 'axi_protocol_converter_v2_1_33_r_axi3_conv' [f:/Haoyang_Sun/experiments/labs/lab13/lab13.gen/sources_1/bd/design_1/ip/design_1_cg_fpga_0_0/src/cg_fpga_auto_pc_1/hdl/axi_protocol_converter_v2_1_vl_rfs.v:1784]
INFO: [Synth 8-6155] done synthesizing module 'axi_protocol_converter_v2_1_33_r_axi3_conv' (0#1) [f:/Haoyang_Sun/experiments/labs/lab13/lab13.gen/sources_1/bd/design_1/ip/design_1_cg_fpga_0_0/src/cg_fpga_auto_pc_1/hdl/axi_protocol_converter_v2_1_vl_rfs.v:1784]
INFO: [Synth 8-6155] done synthesizing module 'axi_protocol_converter_v2_1_33_axi3_conv' (0#1) [f:/Haoyang_Sun/experiments/labs/lab13/lab13.gen/sources_1/bd/design_1/ip/design_1_cg_fpga_0_0/src/cg_fpga_auto_pc_1/hdl/axi_protocol_converter_v2_1_vl_rfs.v:951]
INFO: [Synth 8-6155] done synthesizing module 'axi_protocol_converter_v2_1_33_axi_protocol_converter' (0#1) [f:/Haoyang_Sun/experiments/labs/lab13/lab13.gen/sources_1/bd/design_1/ip/design_1_cg_fpga_0_0/src/cg_fpga_auto_pc_1/hdl/axi_protocol_converter_v2_1_vl_rfs.v:5285]
INFO: [Synth 8-6155] done synthesizing module 'cg_fpga_auto_pc_0' (0#1) [f:/Haoyang_Sun/experiments/labs/lab13/lab13.gen/sources_1/bd/design_1/ip/design_1_cg_fpga_0_0/src/cg_fpga_auto_pc_0/synth/cg_fpga_auto_pc_0.v:53]
INFO: [Synth 8-6155] done synthesizing module 'm00_couplers_imp_V73XI6' (0#1) [f:/Haoyang_Sun/experiments/labs/lab13/lab13.gen/sources_1/bd/design_1/ipshared/1d03/src/cg_fpga.v:2793]
INFO: [Synth 8-6157] synthesizing module 's00_couplers_imp_1WMAV9E' [f:/Haoyang_Sun/experiments/labs/lab13/lab13.gen/sources_1/bd/design_1/ipshared/1d03/src/cg_fpga.v:4115]
INFO: [Synth 8-6155] done synthesizing module 's00_couplers_imp_1WMAV9E' (0#1) [f:/Haoyang_Sun/experiments/labs/lab13/lab13.gen/sources_1/bd/design_1/ipshared/1d03/src/cg_fpga.v:4115]
INFO: [Synth 8-6157] synthesizing module 's01_couplers_imp_VBV3B5' [f:/Haoyang_Sun/experiments/labs/lab13/lab13.gen/sources_1/bd/design_1/ipshared/1d03/src/cg_fpga.v:4524]
INFO: [Synth 8-6155] done synthesizing module 's01_couplers_imp_VBV3B5' (0#1) [f:/Haoyang_Sun/experiments/labs/lab13/lab13.gen/sources_1/bd/design_1/ipshared/1d03/src/cg_fpga.v:4524]
INFO: [Synth 8-6157] synthesizing module 'cg_fpga_xbar_1' [f:/Haoyang_Sun/experiments/labs/lab13/lab13.gen/sources_1/bd/design_1/ip/design_1_cg_fpga_0_0/src/cg_fpga_xbar_1/synth/cg_fpga_xbar_1.v:53]
INFO: [Synth 8-6157] synthesizing module 'axi_crossbar_v2_1_34_axi_crossbar' [f:/Haoyang_Sun/experiments/labs/lab13/lab13.gen/sources_1/bd/design_1/ip/design_1_cg_fpga_0_0/src/cg_fpga_xbar_0/hdl/axi_crossbar_v2_1_vl_rfs.v:4871]
INFO: [Synth 8-6157] synthesizing module 'axi_crossbar_v2_1_34_crossbar' [f:/Haoyang_Sun/experiments/labs/lab13/lab13.gen/sources_1/bd/design_1/ip/design_1_cg_fpga_0_0/src/cg_fpga_xbar_0/hdl/axi_crossbar_v2_1_vl_rfs.v:2232]
INFO: [Synth 8-6157] synthesizing module 'axi_crossbar_v2_1_34_si_transactor' [f:/Haoyang_Sun/experiments/labs/lab13/lab13.gen/sources_1/bd/design_1/ip/design_1_cg_fpga_0_0/src/cg_fpga_xbar_0/hdl/axi_crossbar_v2_1_vl_rfs.v:3791]
INFO: [Synth 8-6157] synthesizing module 'axi_crossbar_v2_1_34_addr_decoder' [f:/Haoyang_Sun/experiments/labs/lab13/lab13.gen/sources_1/bd/design_1/ip/design_1_cg_fpga_0_0/src/cg_fpga_xbar_0/hdl/axi_crossbar_v2_1_vl_rfs.v:790]
INFO: [Synth 8-6157] synthesizing module 'generic_baseblocks_v2_1_2_comparator_static' [f:/Haoyang_Sun/experiments/labs/lab13/lab13.gen/sources_1/bd/design_1/ip/design_1_cg_fpga_0_0/src/cg_fpga_auto_pc_1/hdl/generic_baseblocks_v2_1_vl_rfs.v:2119]
INFO: [Synth 8-6157] synthesizing module 'generic_baseblocks_v2_1_2_carry_and' [f:/Haoyang_Sun/experiments/labs/lab13/lab13.gen/sources_1/bd/design_1/ip/design_1_cg_fpga_0_0/src/cg_fpga_auto_pc_1/hdl/generic_baseblocks_v2_1_vl_rfs.v:60]
INFO: [Synth 8-6155] done synthesizing module 'generic_baseblocks_v2_1_2_carry_and' (0#1) [f:/Haoyang_Sun/experiments/labs/lab13/lab13.gen/sources_1/bd/design_1/ip/design_1_cg_fpga_0_0/src/cg_fpga_auto_pc_1/hdl/generic_baseblocks_v2_1_vl_rfs.v:60]
INFO: [Synth 8-6155] done synthesizing module 'generic_baseblocks_v2_1_2_comparator_static' (0#1) [f:/Haoyang_Sun/experiments/labs/lab13/lab13.gen/sources_1/bd/design_1/ip/design_1_cg_fpga_0_0/src/cg_fpga_auto_pc_1/hdl/generic_baseblocks_v2_1_vl_rfs.v:2119]
INFO: [Synth 8-6155] done synthesizing module 'axi_crossbar_v2_1_34_addr_decoder' (0#1) [f:/Haoyang_Sun/experiments/labs/lab13/lab13.gen/sources_1/bd/design_1/ip/design_1_cg_fpga_0_0/src/cg_fpga_xbar_0/hdl/axi_crossbar_v2_1_vl_rfs.v:790]
INFO: [Synth 8-6157] synthesizing module 'axi_data_fifo_v2_1_32_axic_srl_fifo' [f:/Haoyang_Sun/experiments/labs/lab13/lab13.gen/sources_1/bd/design_1/ip/design_1_cg_fpga_0_0/src/cg_fpga_auto_pc_1/hdl/axi_data_fifo_v2_1_vl_rfs.v:694]
INFO: [Synth 8-6157] synthesizing module 'axi_data_fifo_v2_1_32_ndeep_srl' [f:/Haoyang_Sun/experiments/labs/lab13/lab13.gen/sources_1/bd/design_1/ip/design_1_cg_fpga_0_0/src/cg_fpga_auto_pc_1/hdl/axi_data_fifo_v2_1_vl_rfs.v:1129]
INFO: [Synth 8-6157] synthesizing module 'SRLC32E' [E:/vivado/Vivado/2024.2/scripts/rt/data/unisim_comp.v:149195]
INFO: [Synth 8-6155] done synthesizing module 'SRLC32E' (0#1) [E:/vivado/Vivado/2024.2/scripts/rt/data/unisim_comp.v:149195]
INFO: [Synth 8-6155] done synthesizing module 'axi_data_fifo_v2_1_32_ndeep_srl' (0#1) [f:/Haoyang_Sun/experiments/labs/lab13/lab13.gen/sources_1/bd/design_1/ip/design_1_cg_fpga_0_0/src/cg_fpga_auto_pc_1/hdl/axi_data_fifo_v2_1_vl_rfs.v:1129]
INFO: [Synth 8-6155] done synthesizing module 'axi_data_fifo_v2_1_32_axic_srl_fifo' (0#1) [f:/Haoyang_Sun/experiments/labs/lab13/lab13.gen/sources_1/bd/design_1/ip/design_1_cg_fpga_0_0/src/cg_fpga_auto_pc_1/hdl/axi_data_fifo_v2_1_vl_rfs.v:694]
INFO: [Synth 8-6157] synthesizing module 'generic_baseblocks_v2_1_2_mux_enc' [f:/Haoyang_Sun/experiments/labs/lab13/lab13.gen/sources_1/bd/design_1/ip/design_1_cg_fpga_0_0/src/cg_fpga_auto_pc_1/hdl/generic_baseblocks_v2_1_vl_rfs.v:2436]
INFO: [Synth 8-6155] done synthesizing module 'generic_baseblocks_v2_1_2_mux_enc' (0#1) [f:/Haoyang_Sun/experiments/labs/lab13/lab13.gen/sources_1/bd/design_1/ip/design_1_cg_fpga_0_0/src/cg_fpga_auto_pc_1/hdl/generic_baseblocks_v2_1_vl_rfs.v:2436]
INFO: [Synth 8-6155] done synthesizing module 'axi_crossbar_v2_1_34_si_transactor' (0#1) [f:/Haoyang_Sun/experiments/labs/lab13/lab13.gen/sources_1/bd/design_1/ip/design_1_cg_fpga_0_0/src/cg_fpga_xbar_0/hdl/axi_crossbar_v2_1_vl_rfs.v:3791]
INFO: [Synth 8-6157] synthesizing module 'axi_crossbar_v2_1_34_si_transactor__parameterized0' [f:/Haoyang_Sun/experiments/labs/lab13/lab13.gen/sources_1/bd/design_1/ip/design_1_cg_fpga_0_0/src/cg_fpga_xbar_0/hdl/axi_crossbar_v2_1_vl_rfs.v:3791]
INFO: [Synth 8-6157] synthesizing module 'generic_baseblocks_v2_1_2_mux_enc__parameterized0' [f:/Haoyang_Sun/experiments/labs/lab13/lab13.gen/sources_1/bd/design_1/ip/design_1_cg_fpga_0_0/src/cg_fpga_auto_pc_1/hdl/generic_baseblocks_v2_1_vl_rfs.v:2436]
INFO: [Synth 8-6155] done synthesizing module 'generic_baseblocks_v2_1_2_mux_enc__parameterized0' (0#1) [f:/Haoyang_Sun/experiments/labs/lab13/lab13.gen/sources_1/bd/design_1/ip/design_1_cg_fpga_0_0/src/cg_fpga_auto_pc_1/hdl/generic_baseblocks_v2_1_vl_rfs.v:2436]
INFO: [Synth 8-6155] done synthesizing module 'axi_crossbar_v2_1_34_si_transactor__parameterized0' (0#1) [f:/Haoyang_Sun/experiments/labs/lab13/lab13.gen/sources_1/bd/design_1/ip/design_1_cg_fpga_0_0/src/cg_fpga_xbar_0/hdl/axi_crossbar_v2_1_vl_rfs.v:3791]
INFO: [Synth 8-6157] synthesizing module 'axi_crossbar_v2_1_34_splitter' [f:/Haoyang_Sun/experiments/labs/lab13/lab13.gen/sources_1/bd/design_1/ip/design_1_cg_fpga_0_0/src/cg_fpga_xbar_0/hdl/axi_crossbar_v2_1_vl_rfs.v:4451]
INFO: [Synth 8-6155] done synthesizing module 'axi_crossbar_v2_1_34_splitter' (0#1) [f:/Haoyang_Sun/experiments/labs/lab13/lab13.gen/sources_1/bd/design_1/ip/design_1_cg_fpga_0_0/src/cg_fpga_xbar_0/hdl/axi_crossbar_v2_1_vl_rfs.v:4451]
INFO: [Synth 8-6157] synthesizing module 'axi_crossbar_v2_1_34_wdata_router' [f:/Haoyang_Sun/experiments/labs/lab13/lab13.gen/sources_1/bd/design_1/ip/design_1_cg_fpga_0_0/src/cg_fpga_xbar_0/hdl/axi_crossbar_v2_1_vl_rfs.v:4724]
INFO: [Synth 8-6157] synthesizing module 'axi_data_fifo_v2_1_32_axic_reg_srl_fifo' [f:/Haoyang_Sun/experiments/labs/lab13/lab13.gen/sources_1/bd/design_1/ip/design_1_cg_fpga_0_0/src/cg_fpga_auto_pc_1/hdl/axi_data_fifo_v2_1_vl_rfs.v:884]
INFO: [Synth 8-155] case statement is not full and has no default [f:/Haoyang_Sun/experiments/labs/lab13/lab13.gen/sources_1/bd/design_1/ip/design_1_cg_fpga_0_0/src/cg_fpga_auto_pc_1/hdl/axi_data_fifo_v2_1_vl_rfs.v:982]
INFO: [Synth 8-6155] done synthesizing module 'axi_data_fifo_v2_1_32_axic_reg_srl_fifo' (0#1) [f:/Haoyang_Sun/experiments/labs/lab13/lab13.gen/sources_1/bd/design_1/ip/design_1_cg_fpga_0_0/src/cg_fpga_auto_pc_1/hdl/axi_data_fifo_v2_1_vl_rfs.v:884]
INFO: [Synth 8-6155] done synthesizing module 'axi_crossbar_v2_1_34_wdata_router' (0#1) [f:/Haoyang_Sun/experiments/labs/lab13/lab13.gen/sources_1/bd/design_1/ip/design_1_cg_fpga_0_0/src/cg_fpga_xbar_0/hdl/axi_crossbar_v2_1_vl_rfs.v:4724]
INFO: [Synth 8-6157] synthesizing module 'axi_crossbar_v2_1_34_addr_decoder__parameterized0' [f:/Haoyang_Sun/experiments/labs/lab13/lab13.gen/sources_1/bd/design_1/ip/design_1_cg_fpga_0_0/src/cg_fpga_xbar_0/hdl/axi_crossbar_v2_1_vl_rfs.v:790]
INFO: [Synth 8-6155] done synthesizing module 'axi_crossbar_v2_1_34_addr_decoder__parameterized0' (0#1) [f:/Haoyang_Sun/experiments/labs/lab13/lab13.gen/sources_1/bd/design_1/ip/design_1_cg_fpga_0_0/src/cg_fpga_xbar_0/hdl/axi_crossbar_v2_1_vl_rfs.v:790]
INFO: [Synth 8-6157] synthesizing module 'axi_crossbar_v2_1_34_addr_decoder__parameterized1' [f:/Haoyang_Sun/experiments/labs/lab13/lab13.gen/sources_1/bd/design_1/ip/design_1_cg_fpga_0_0/src/cg_fpga_xbar_0/hdl/axi_crossbar_v2_1_vl_rfs.v:790]
INFO: [Synth 8-6155] done synthesizing module 'axi_crossbar_v2_1_34_addr_decoder__parameterized1' (0#1) [f:/Haoyang_Sun/experiments/labs/lab13/lab13.gen/sources_1/bd/design_1/ip/design_1_cg_fpga_0_0/src/cg_fpga_xbar_0/hdl/axi_crossbar_v2_1_vl_rfs.v:790]
INFO: [Synth 8-6157] synthesizing module 'axi_data_fifo_v2_1_32_axic_srl_fifo__parameterized0' [f:/Haoyang_Sun/experiments/labs/lab13/lab13.gen/sources_1/bd/design_1/ip/design_1_cg_fpga_0_0/src/cg_fpga_auto_pc_1/hdl/axi_data_fifo_v2_1_vl_rfs.v:694]
INFO: [Synth 8-6157] synthesizing module 'axi_data_fifo_v2_1_32_ndeep_srl__parameterized0' [f:/Haoyang_Sun/experiments/labs/lab13/lab13.gen/sources_1/bd/design_1/ip/design_1_cg_fpga_0_0/src/cg_fpga_auto_pc_1/hdl/axi_data_fifo_v2_1_vl_rfs.v:1129]
INFO: [Synth 8-6155] done synthesizing module 'axi_data_fifo_v2_1_32_ndeep_srl__parameterized0' (0#1) [f:/Haoyang_Sun/experiments/labs/lab13/lab13.gen/sources_1/bd/design_1/ip/design_1_cg_fpga_0_0/src/cg_fpga_auto_pc_1/hdl/axi_data_fifo_v2_1_vl_rfs.v:1129]
INFO: [Synth 8-6155] done synthesizing module 'axi_data_fifo_v2_1_32_axic_srl_fifo__parameterized0' (0#1) [f:/Haoyang_Sun/experiments/labs/lab13/lab13.gen/sources_1/bd/design_1/ip/design_1_cg_fpga_0_0/src/cg_fpga_auto_pc_1/hdl/axi_data_fifo_v2_1_vl_rfs.v:694]
INFO: [Synth 8-6157] synthesizing module 'axi_crossbar_v2_1_34_wdata_mux' [f:/Haoyang_Sun/experiments/labs/lab13/lab13.gen/sources_1/bd/design_1/ip/design_1_cg_fpga_0_0/src/cg_fpga_xbar_0/hdl/axi_crossbar_v2_1_vl_rfs.v:4550]
INFO: [Synth 8-6157] synthesizing module 'axi_data_fifo_v2_1_32_axic_reg_srl_fifo__parameterized0' [f:/Haoyang_Sun/experiments/labs/lab13/lab13.gen/sources_1/bd/design_1/ip/design_1_cg_fpga_0_0/src/cg_fpga_auto_pc_1/hdl/axi_data_fifo_v2_1_vl_rfs.v:884]
INFO: [Synth 8-155] case statement is not full and has no default [f:/Haoyang_Sun/experiments/labs/lab13/lab13.gen/sources_1/bd/design_1/ip/design_1_cg_fpga_0_0/src/cg_fpga_auto_pc_1/hdl/axi_data_fifo_v2_1_vl_rfs.v:982]
INFO: [Synth 8-6155] done synthesizing module 'axi_data_fifo_v2_1_32_axic_reg_srl_fifo__parameterized0' (0#1) [f:/Haoyang_Sun/experiments/labs/lab13/lab13.gen/sources_1/bd/design_1/ip/design_1_cg_fpga_0_0/src/cg_fpga_auto_pc_1/hdl/axi_data_fifo_v2_1_vl_rfs.v:884]
INFO: [Synth 8-6157] synthesizing module 'generic_baseblocks_v2_1_2_mux_enc__parameterized1' [f:/Haoyang_Sun/experiments/labs/lab13/lab13.gen/sources_1/bd/design_1/ip/design_1_cg_fpga_0_0/src/cg_fpga_auto_pc_1/hdl/generic_baseblocks_v2_1_vl_rfs.v:2436]
INFO: [Synth 8-6155] done synthesizing module 'generic_baseblocks_v2_1_2_mux_enc__parameterized1' (0#1) [f:/Haoyang_Sun/experiments/labs/lab13/lab13.gen/sources_1/bd/design_1/ip/design_1_cg_fpga_0_0/src/cg_fpga_auto_pc_1/hdl/generic_baseblocks_v2_1_vl_rfs.v:2436]
INFO: [Synth 8-6155] done synthesizing module 'axi_crossbar_v2_1_34_wdata_mux' (0#1) [f:/Haoyang_Sun/experiments/labs/lab13/lab13.gen/sources_1/bd/design_1/ip/design_1_cg_fpga_0_0/src/cg_fpga_xbar_0/hdl/axi_crossbar_v2_1_vl_rfs.v:4550]
INFO: [Synth 8-6157] synthesizing module 'axi_register_slice_v2_1_33_axi_register_slice' [f:/Haoyang_Sun/experiments/labs/lab13/lab13.gen/sources_1/bd/design_1/ip/design_1_cg_fpga_0_0/src/cg_fpga_auto_pc_1/hdl/axi_register_slice_v2_1_vl_rfs.v:3721]
INFO: [Synth 8-6157] synthesizing module 'axi_infrastructure_v1_1_0_axi2vector' [f:/Haoyang_Sun/experiments/labs/lab13/lab13.gen/sources_1/bd/design_1/ip/design_1_cg_fpga_0_0/src/cg_fpga_auto_pc_1/hdl/axi_infrastructure_v1_1_vl_rfs.v:59]
INFO: [Synth 8-6155] done synthesizing module 'axi_infrastructure_v1_1_0_axi2vector' (0#1) [f:/Haoyang_Sun/experiments/labs/lab13/lab13.gen/sources_1/bd/design_1/ip/design_1_cg_fpga_0_0/src/cg_fpga_auto_pc_1/hdl/axi_infrastructure_v1_1_vl_rfs.v:59]
INFO: [Synth 8-6157] synthesizing module 'axi_infrastructure_v1_1_0_vector2axi' [f:/Haoyang_Sun/experiments/labs/lab13/lab13.gen/sources_1/bd/design_1/ip/design_1_cg_fpga_0_0/src/cg_fpga_auto_pc_1/hdl/axi_infrastructure_v1_1_vl_rfs.v:473]
INFO: [Synth 8-6155] done synthesizing module 'axi_infrastructure_v1_1_0_vector2axi' (0#1) [f:/Haoyang_Sun/experiments/labs/lab13/lab13.gen/sources_1/bd/design_1/ip/design_1_cg_fpga_0_0/src/cg_fpga_auto_pc_1/hdl/axi_infrastructure_v1_1_vl_rfs.v:473]
INFO: [Synth 8-6157] synthesizing module 'axi_register_slice_v2_1_33_axic_register_slice' [f:/Haoyang_Sun/experiments/labs/lab13/lab13.gen/sources_1/bd/design_1/ip/design_1_cg_fpga_0_0/src/cg_fpga_auto_pc_1/hdl/axi_register_slice_v2_1_vl_rfs.v:1492]
INFO: [Synth 8-6155] done synthesizing module 'axi_register_slice_v2_1_33_axic_register_slice' (0#1) [f:/Haoyang_Sun/experiments/labs/lab13/lab13.gen/sources_1/bd/design_1/ip/design_1_cg_fpga_0_0/src/cg_fpga_auto_pc_1/hdl/axi_register_slice_v2_1_vl_rfs.v:1492]
INFO: [Synth 8-6157] synthesizing module 'axi_register_slice_v2_1_33_axic_register_slice__parameterized0' [f:/Haoyang_Sun/experiments/labs/lab13/lab13.gen/sources_1/bd/design_1/ip/design_1_cg_fpga_0_0/src/cg_fpga_auto_pc_1/hdl/axi_register_slice_v2_1_vl_rfs.v:1492]
INFO: [Synth 8-6155] done synthesizing module 'axi_register_slice_v2_1_33_axic_register_slice__parameterized0' (0#1) [f:/Haoyang_Sun/experiments/labs/lab13/lab13.gen/sources_1/bd/design_1/ip/design_1_cg_fpga_0_0/src/cg_fpga_auto_pc_1/hdl/axi_register_slice_v2_1_vl_rfs.v:1492]
INFO: [Synth 8-6157] synthesizing module 'axi_register_slice_v2_1_33_axic_register_slice__parameterized1' [f:/Haoyang_Sun/experiments/labs/lab13/lab13.gen/sources_1/bd/design_1/ip/design_1_cg_fpga_0_0/src/cg_fpga_auto_pc_1/hdl/axi_register_slice_v2_1_vl_rfs.v:1492]
INFO: [Synth 8-6155] done synthesizing module 'axi_register_slice_v2_1_33_axic_register_slice__parameterized1' (0#1) [f:/Haoyang_Sun/experiments/labs/lab13/lab13.gen/sources_1/bd/design_1/ip/design_1_cg_fpga_0_0/src/cg_fpga_auto_pc_1/hdl/axi_register_slice_v2_1_vl_rfs.v:1492]
INFO: [Synth 8-6157] synthesizing module 'axi_register_slice_v2_1_33_axic_register_slice__parameterized2' [f:/Haoyang_Sun/experiments/labs/lab13/lab13.gen/sources_1/bd/design_1/ip/design_1_cg_fpga_0_0/src/cg_fpga_auto_pc_1/hdl/axi_register_slice_v2_1_vl_rfs.v:1492]
INFO: [Synth 8-6155] done synthesizing module 'axi_register_slice_v2_1_33_axic_register_slice__parameterized2' (0#1) [f:/Haoyang_Sun/experiments/labs/lab13/lab13.gen/sources_1/bd/design_1/ip/design_1_cg_fpga_0_0/src/cg_fpga_auto_pc_1/hdl/axi_register_slice_v2_1_vl_rfs.v:1492]
INFO: [Synth 8-6155] done synthesizing module 'axi_register_slice_v2_1_33_axi_register_slice' (0#1) [f:/Haoyang_Sun/experiments/labs/lab13/lab13.gen/sources_1/bd/design_1/ip/design_1_cg_fpga_0_0/src/cg_fpga_auto_pc_1/hdl/axi_register_slice_v2_1_vl_rfs.v:3721]
WARNING: [Synth 8-7071] port 'aclk2x' of module 'axi_register_slice_v2_1_33_axi_register_slice' is unconnected for instance 'reg_slice_mi' [f:/Haoyang_Sun/experiments/labs/lab13/lab13.gen/sources_1/bd/design_1/ip/design_1_cg_fpga_0_0/src/cg_fpga_xbar_0/hdl/axi_crossbar_v2_1_vl_rfs.v:3116]
WARNING: [Synth 8-7023] instance 'reg_slice_mi' of module 'axi_register_slice_v2_1_33_axi_register_slice' has 93 connections declared, but only 92 given [f:/Haoyang_Sun/experiments/labs/lab13/lab13.gen/sources_1/bd/design_1/ip/design_1_cg_fpga_0_0/src/cg_fpga_xbar_0/hdl/axi_crossbar_v2_1_vl_rfs.v:3116]
INFO: [Synth 8-6157] synthesizing module 'axi_crossbar_v2_1_34_addr_decoder__parameterized2' [f:/Haoyang_Sun/experiments/labs/lab13/lab13.gen/sources_1/bd/design_1/ip/design_1_cg_fpga_0_0/src/cg_fpga_xbar_0/hdl/axi_crossbar_v2_1_vl_rfs.v:790]
INFO: [Synth 8-6155] done synthesizing module 'axi_crossbar_v2_1_34_addr_decoder__parameterized2' (0#1) [f:/Haoyang_Sun/experiments/labs/lab13/lab13.gen/sources_1/bd/design_1/ip/design_1_cg_fpga_0_0/src/cg_fpga_xbar_0/hdl/axi_crossbar_v2_1_vl_rfs.v:790]
INFO: [Synth 8-6157] synthesizing module 'axi_data_fifo_v2_1_32_axic_srl_fifo__parameterized1' [f:/Haoyang_Sun/experiments/labs/lab13/lab13.gen/sources_1/bd/design_1/ip/design_1_cg_fpga_0_0/src/cg_fpga_auto_pc_1/hdl/axi_data_fifo_v2_1_vl_rfs.v:694]
INFO: [Synth 8-6155] done synthesizing module 'axi_data_fifo_v2_1_32_axic_srl_fifo__parameterized1' (0#1) [f:/Haoyang_Sun/experiments/labs/lab13/lab13.gen/sources_1/bd/design_1/ip/design_1_cg_fpga_0_0/src/cg_fpga_auto_pc_1/hdl/axi_data_fifo_v2_1_vl_rfs.v:694]
INFO: [Synth 8-6157] synthesizing module 'axi_crossbar_v2_1_34_wdata_mux__parameterized0' [f:/Haoyang_Sun/experiments/labs/lab13/lab13.gen/sources_1/bd/design_1/ip/design_1_cg_fpga_0_0/src/cg_fpga_xbar_0/hdl/axi_crossbar_v2_1_vl_rfs.v:4550]
INFO: [Synth 8-6157] synthesizing module 'axi_data_fifo_v2_1_32_axic_reg_srl_fifo__parameterized1' [f:/Haoyang_Sun/experiments/labs/lab13/lab13.gen/sources_1/bd/design_1/ip/design_1_cg_fpga_0_0/src/cg_fpga_auto_pc_1/hdl/axi_data_fifo_v2_1_vl_rfs.v:884]
INFO: [Synth 8-155] case statement is not full and has no default [f:/Haoyang_Sun/experiments/labs/lab13/lab13.gen/sources_1/bd/design_1/ip/design_1_cg_fpga_0_0/src/cg_fpga_auto_pc_1/hdl/axi_data_fifo_v2_1_vl_rfs.v:982]
INFO: [Synth 8-6155] done synthesizing module 'axi_data_fifo_v2_1_32_axic_reg_srl_fifo__parameterized1' (0#1) [f:/Haoyang_Sun/experiments/labs/lab13/lab13.gen/sources_1/bd/design_1/ip/design_1_cg_fpga_0_0/src/cg_fpga_auto_pc_1/hdl/axi_data_fifo_v2_1_vl_rfs.v:884]
INFO: [Synth 8-6155] done synthesizing module 'axi_crossbar_v2_1_34_wdata_mux__parameterized0' (0#1) [f:/Haoyang_Sun/experiments/labs/lab13/lab13.gen/sources_1/bd/design_1/ip/design_1_cg_fpga_0_0/src/cg_fpga_xbar_0/hdl/axi_crossbar_v2_1_vl_rfs.v:4550]
WARNING: [Synth 8-7071] port 'aclk2x' of module 'axi_register_slice_v2_1_33_axi_register_slice' is unconnected for instance 'reg_slice_mi' [f:/Haoyang_Sun/experiments/labs/lab13/lab13.gen/sources_1/bd/design_1/ip/design_1_cg_fpga_0_0/src/cg_fpga_xbar_0/hdl/axi_crossbar_v2_1_vl_rfs.v:3116]
WARNING: [Synth 8-7023] instance 'reg_slice_mi' of module 'axi_register_slice_v2_1_33_axi_register_slice' has 93 connections declared, but only 92 given [f:/Haoyang_Sun/experiments/labs/lab13/lab13.gen/sources_1/bd/design_1/ip/design_1_cg_fpga_0_0/src/cg_fpga_xbar_0/hdl/axi_crossbar_v2_1_vl_rfs.v:3116]
INFO: [Synth 8-6157] synthesizing module 'axi_crossbar_v2_1_34_decerr_slave' [f:/Haoyang_Sun/experiments/labs/lab13/lab13.gen/sources_1/bd/design_1/ip/design_1_cg_fpga_0_0/src/cg_fpga_xbar_0/hdl/axi_crossbar_v2_1_vl_rfs.v:3493]
INFO: [Synth 8-155] case statement is not full and has no default [f:/Haoyang_Sun/experiments/labs/lab13/lab13.gen/sources_1/bd/design_1/ip/design_1_cg_fpga_0_0/src/cg_fpga_xbar_0/hdl/axi_crossbar_v2_1_vl_rfs.v:3626]
INFO: [Synth 8-6155] done synthesizing module 'axi_crossbar_v2_1_34_decerr_slave' (0#1) [f:/Haoyang_Sun/experiments/labs/lab13/lab13.gen/sources_1/bd/design_1/ip/design_1_cg_fpga_0_0/src/cg_fpga_xbar_0/hdl/axi_crossbar_v2_1_vl_rfs.v:3493]
INFO: [Synth 8-6157] synthesizing module 'axi_crossbar_v2_1_34_addr_arbiter' [f:/Haoyang_Sun/experiments/labs/lab13/lab13.gen/sources_1/bd/design_1/ip/design_1_cg_fpga_0_0/src/cg_fpga_xbar_0/hdl/axi_crossbar_v2_1_vl_rfs.v:420]
INFO: [Synth 8-6157] synthesizing module 'generic_baseblocks_v2_1_2_mux_enc__parameterized2' [f:/Haoyang_Sun/experiments/labs/lab13/lab13.gen/sources_1/bd/design_1/ip/design_1_cg_fpga_0_0/src/cg_fpga_auto_pc_1/hdl/generic_baseblocks_v2_1_vl_rfs.v:2436]
INFO: [Synth 8-6155] done synthesizing module 'generic_baseblocks_v2_1_2_mux_enc__parameterized2' (0#1) [f:/Haoyang_Sun/experiments/labs/lab13/lab13.gen/sources_1/bd/design_1/ip/design_1_cg_fpga_0_0/src/cg_fpga_auto_pc_1/hdl/generic_baseblocks_v2_1_vl_rfs.v:2436]
INFO: [Synth 8-6157] synthesizing module 'generic_baseblocks_v2_1_2_mux_enc__parameterized3' [f:/Haoyang_Sun/experiments/labs/lab13/lab13.gen/sources_1/bd/design_1/ip/design_1_cg_fpga_0_0/src/cg_fpga_auto_pc_1/hdl/generic_baseblocks_v2_1_vl_rfs.v:2436]
INFO: [Synth 8-6155] done synthesizing module 'generic_baseblocks_v2_1_2_mux_enc__parameterized3' (0#1) [f:/Haoyang_Sun/experiments/labs/lab13/lab13.gen/sources_1/bd/design_1/ip/design_1_cg_fpga_0_0/src/cg_fpga_auto_pc_1/hdl/generic_baseblocks_v2_1_vl_rfs.v:2436]
INFO: [Synth 8-6155] done synthesizing module 'axi_crossbar_v2_1_34_addr_arbiter' (0#1) [f:/Haoyang_Sun/experiments/labs/lab13/lab13.gen/sources_1/bd/design_1/ip/design_1_cg_fpga_0_0/src/cg_fpga_xbar_0/hdl/axi_crossbar_v2_1_vl_rfs.v:420]
INFO: [Synth 8-6155] done synthesizing module 'axi_crossbar_v2_1_34_crossbar' (0#1) [f:/Haoyang_Sun/experiments/labs/lab13/lab13.gen/sources_1/bd/design_1/ip/design_1_cg_fpga_0_0/src/cg_fpga_xbar_0/hdl/axi_crossbar_v2_1_vl_rfs.v:2232]
INFO: [Synth 8-6155] done synthesizing module 'axi_crossbar_v2_1_34_axi_crossbar' (0#1) [f:/Haoyang_Sun/experiments/labs/lab13/lab13.gen/sources_1/bd/design_1/ip/design_1_cg_fpga_0_0/src/cg_fpga_xbar_0/hdl/axi_crossbar_v2_1_vl_rfs.v:4871]
INFO: [Synth 8-6155] done synthesizing module 'cg_fpga_xbar_1' (0#1) [f:/Haoyang_Sun/experiments/labs/lab13/lab13.gen/sources_1/bd/design_1/ip/design_1_cg_fpga_0_0/src/cg_fpga_xbar_1/synth/cg_fpga_xbar_1.v:53]
WARNING: [Synth 8-689] width (1) of port connection 's_axi_arready' does not match port width (2) of module 'cg_fpga_xbar_1' [f:/Haoyang_Sun/experiments/labs/lab13/lab13.gen/sources_1/bd/design_1/ipshared/1d03/src/cg_fpga.v:1585]
WARNING: [Synth 8-689] width (64) of port connection 's_axi_rdata' does not match port width (128) of module 'cg_fpga_xbar_1' [f:/Haoyang_Sun/experiments/labs/lab13/lab13.gen/sources_1/bd/design_1/ipshared/1d03/src/cg_fpga.v:1602]
WARNING: [Synth 8-689] width (1) of port connection 's_axi_rlast' does not match port width (2) of module 'cg_fpga_xbar_1' [f:/Haoyang_Sun/experiments/labs/lab13/lab13.gen/sources_1/bd/design_1/ipshared/1d03/src/cg_fpga.v:1603]
WARNING: [Synth 8-689] width (2) of port connection 's_axi_rresp' does not match port width (4) of module 'cg_fpga_xbar_1' [f:/Haoyang_Sun/experiments/labs/lab13/lab13.gen/sources_1/bd/design_1/ipshared/1d03/src/cg_fpga.v:1605]
WARNING: [Synth 8-689] width (1) of port connection 's_axi_rvalid' does not match port width (2) of module 'cg_fpga_xbar_1' [f:/Haoyang_Sun/experiments/labs/lab13/lab13.gen/sources_1/bd/design_1/ipshared/1d03/src/cg_fpga.v:1606]
WARNING: [Synth 8-7071] port 's_axi_bid' of module 'cg_fpga_xbar_1' is unconnected for instance 'xbar' [f:/Haoyang_Sun/experiments/labs/lab13/lab13.gen/sources_1/bd/design_1/ipshared/1d03/src/cg_fpga.v:1535]
WARNING: [Synth 8-7071] port 's_axi_rid' of module 'cg_fpga_xbar_1' is unconnected for instance 'xbar' [f:/Haoyang_Sun/experiments/labs/lab13/lab13.gen/sources_1/bd/design_1/ipshared/1d03/src/cg_fpga.v:1535]
WARNING: [Synth 8-7023] instance 'xbar' of module 'cg_fpga_xbar_1' has 78 connections declared, but only 76 given [f:/Haoyang_Sun/experiments/labs/lab13/lab13.gen/sources_1/bd/design_1/ipshared/1d03/src/cg_fpga.v:1535]
INFO: [Synth 8-6155] done synthesizing module 'cg_fpga_axi_mem_intercon_0' (0#1) [f:/Haoyang_Sun/experiments/labs/lab13/lab13.gen/sources_1/bd/design_1/ipshared/1d03/src/cg_fpga.v:1022]
INFO: [Synth 8-638] synthesizing module 'cg_fpga_axi_intc_0_0' [f:/Haoyang_Sun/experiments/labs/lab13/lab13.gen/sources_1/bd/design_1/ip/design_1_cg_fpga_0_0/src/cg_fpga_axi_intc_0_0/synth/cg_fpga_axi_intc_0_0.vhd:85]
	Parameter C_FAMILY bound to: zynq - type: string 
	Parameter C_INSTANCE bound to: cg_fpga_axi_intc_0_0 - type: string 
	Parameter C_S_AXI_ADDR_WIDTH bound to: 9 - type: integer 
	Parameter C_S_AXI_DATA_WIDTH bound to: 32 - type: integer 
	Parameter C_NUM_INTR_INPUTS bound to: 5 - type: integer 
	Parameter C_NUM_SW_INTR bound to: 0 - type: integer 
	Parameter C_KIND_OF_INTR bound to: 32'b11111111111111111111111111100001 
	Parameter C_KIND_OF_EDGE bound to: 32'b11111111111111111111111111111111 
	Parameter C_KIND_OF_LVL bound to: 32'b11111111111111111111111111111111 
	Parameter C_ASYNC_INTR bound to: 32'b11111111111111111111111111100000 
	Parameter C_NUM_SYNC_FF bound to: 2 - type: integer 
	Parameter C_ADDR_WIDTH bound to: 32 - type: integer 
	Parameter C_IVAR_RESET_VALUE bound to: 64'b0000000000000000000000000000000000000000000000000000000000010000 
	Parameter C_ENABLE_ASYNC bound to: 0 - type: integer 
	Parameter C_HAS_IPR bound to: 1 - type: integer 
	Parameter C_HAS_SIE bound to: 1 - type: integer 
	Parameter C_HAS_CIE bound to: 1 - type: integer 
	Parameter C_HAS_IVR bound to: 1 - type: integer 
	Parameter C_HAS_ILR bound to: 0 - type: integer 
	Parameter C_IRQ_IS_LEVEL bound to: 1 - type: integer 
	Parameter C_IRQ_ACTIVE bound to: 1'b1 
	Parameter C_DISABLE_SYNCHRONIZERS bound to: 0 - type: integer 
	Parameter C_MB_CLK_NOT_CONNECTED bound to: 1 - type: integer 
	Parameter C_HAS_FAST bound to: 0 - type: integer 
	Parameter C_EN_CASCADE_MODE bound to: 0 - type: integer 
	Parameter C_CASCADE_MASTER bound to: 0 - type: integer 
INFO: [Synth 8-3491] module 'axi_intc' declared at 'f:/Haoyang_Sun/experiments/labs/lab13/lab13.gen/sources_1/bd/design_1/ip/design_1_cg_fpga_0_0/src/cg_fpga_axi_intc_0_0/hdl/axi_intc_v4_1_vh_rfs.vhd:3442' bound to instance 'U0' of component 'axi_intc' [f:/Haoyang_Sun/experiments/labs/lab13/lab13.gen/sources_1/bd/design_1/ip/design_1_cg_fpga_0_0/src/cg_fpga_axi_intc_0_0/synth/cg_fpga_axi_intc_0_0.vhd:191]
INFO: [Synth 8-638] synthesizing module 'axi_intc' [f:/Haoyang_Sun/experiments/labs/lab13/lab13.gen/sources_1/bd/design_1/ip/design_1_cg_fpga_0_0/src/cg_fpga_axi_intc_0_0/hdl/axi_intc_v4_1_vh_rfs.vhd:3543]
INFO: [Synth 8-638] synthesizing module 'intc_core' [f:/Haoyang_Sun/experiments/labs/lab13/lab13.gen/sources_1/bd/design_1/ip/design_1_cg_fpga_0_0/src/cg_fpga_axi_intc_0_0/hdl/axi_intc_v4_1_vh_rfs.vhd:786]
INFO: [Synth 8-256] done synthesizing module 'intc_core' (0#1) [f:/Haoyang_Sun/experiments/labs/lab13/lab13.gen/sources_1/bd/design_1/ip/design_1_cg_fpga_0_0/src/cg_fpga_axi_intc_0_0/hdl/axi_intc_v4_1_vh_rfs.vhd:786]
INFO: [Synth 8-638] synthesizing module 'axi_lite_ipif' [f:/Haoyang_Sun/experiments/labs/lab13/lab13.gen/sources_1/bd/design_1/ip/design_1_cg_fpga_0_0/src/cg_fpga_axi_intc_0_0/hdl/axi_lite_ipif_v3_0_vh_rfs.vhd:2948]
INFO: [Synth 8-638] synthesizing module 'slave_attachment' [f:/Haoyang_Sun/experiments/labs/lab13/lab13.gen/sources_1/bd/design_1/ip/design_1_cg_fpga_0_0/src/cg_fpga_axi_intc_0_0/hdl/axi_lite_ipif_v3_0_vh_rfs.vhd:2341]
INFO: [Synth 8-638] synthesizing module 'address_decoder' [f:/Haoyang_Sun/experiments/labs/lab13/lab13.gen/sources_1/bd/design_1/ip/design_1_cg_fpga_0_0/src/cg_fpga_axi_intc_0_0/hdl/axi_lite_ipif_v3_0_vh_rfs.vhd:1775]
INFO: [Synth 8-638] synthesizing module 'pselect_f' [f:/Haoyang_Sun/experiments/labs/lab13/lab13.gen/sources_1/bd/design_1/ip/design_1_cg_fpga_0_0/src/cg_fpga_axi_intc_0_0/hdl/axi_lite_ipif_v3_0_vh_rfs.vhd:1534]
INFO: [Synth 8-256] done synthesizing module 'pselect_f' (0#1) [f:/Haoyang_Sun/experiments/labs/lab13/lab13.gen/sources_1/bd/design_1/ip/design_1_cg_fpga_0_0/src/cg_fpga_axi_intc_0_0/hdl/axi_lite_ipif_v3_0_vh_rfs.vhd:1534]
INFO: [Synth 8-638] synthesizing module 'pselect_f__parameterized0' [f:/Haoyang_Sun/experiments/labs/lab13/lab13.gen/sources_1/bd/design_1/ip/design_1_cg_fpga_0_0/src/cg_fpga_axi_intc_0_0/hdl/axi_lite_ipif_v3_0_vh_rfs.vhd:1534]
INFO: [Synth 8-256] done synthesizing module 'pselect_f__parameterized0' (0#1) [f:/Haoyang_Sun/experiments/labs/lab13/lab13.gen/sources_1/bd/design_1/ip/design_1_cg_fpga_0_0/src/cg_fpga_axi_intc_0_0/hdl/axi_lite_ipif_v3_0_vh_rfs.vhd:1534]
INFO: [Synth 8-638] synthesizing module 'pselect_f__parameterized1' [f:/Haoyang_Sun/experiments/labs/lab13/lab13.gen/sources_1/bd/design_1/ip/design_1_cg_fpga_0_0/src/cg_fpga_axi_intc_0_0/hdl/axi_lite_ipif_v3_0_vh_rfs.vhd:1534]
INFO: [Synth 8-256] done synthesizing module 'pselect_f__parameterized1' (0#1) [f:/Haoyang_Sun/experiments/labs/lab13/lab13.gen/sources_1/bd/design_1/ip/design_1_cg_fpga_0_0/src/cg_fpga_axi_intc_0_0/hdl/axi_lite_ipif_v3_0_vh_rfs.vhd:1534]
INFO: [Synth 8-638] synthesizing module 'pselect_f__parameterized2' [f:/Haoyang_Sun/experiments/labs/lab13/lab13.gen/sources_1/bd/design_1/ip/design_1_cg_fpga_0_0/src/cg_fpga_axi_intc_0_0/hdl/axi_lite_ipif_v3_0_vh_rfs.vhd:1534]
INFO: [Synth 8-256] done synthesizing module 'pselect_f__parameterized2' (0#1) [f:/Haoyang_Sun/experiments/labs/lab13/lab13.gen/sources_1/bd/design_1/ip/design_1_cg_fpga_0_0/src/cg_fpga_axi_intc_0_0/hdl/axi_lite_ipif_v3_0_vh_rfs.vhd:1534]
INFO: [Synth 8-638] synthesizing module 'pselect_f__parameterized3' [f:/Haoyang_Sun/experiments/labs/lab13/lab13.gen/sources_1/bd/design_1/ip/design_1_cg_fpga_0_0/src/cg_fpga_axi_intc_0_0/hdl/axi_lite_ipif_v3_0_vh_rfs.vhd:1534]
INFO: [Synth 8-256] done synthesizing module 'pselect_f__parameterized3' (0#1) [f:/Haoyang_Sun/experiments/labs/lab13/lab13.gen/sources_1/bd/design_1/ip/design_1_cg_fpga_0_0/src/cg_fpga_axi_intc_0_0/hdl/axi_lite_ipif_v3_0_vh_rfs.vhd:1534]
INFO: [Synth 8-638] synthesizing module 'pselect_f__parameterized4' [f:/Haoyang_Sun/experiments/labs/lab13/lab13.gen/sources_1/bd/design_1/ip/design_1_cg_fpga_0_0/src/cg_fpga_axi_intc_0_0/hdl/axi_lite_ipif_v3_0_vh_rfs.vhd:1534]
INFO: [Synth 8-256] done synthesizing module 'pselect_f__parameterized4' (0#1) [f:/Haoyang_Sun/experiments/labs/lab13/lab13.gen/sources_1/bd/design_1/ip/design_1_cg_fpga_0_0/src/cg_fpga_axi_intc_0_0/hdl/axi_lite_ipif_v3_0_vh_rfs.vhd:1534]
INFO: [Synth 8-638] synthesizing module 'pselect_f__parameterized5' [f:/Haoyang_Sun/experiments/labs/lab13/lab13.gen/sources_1/bd/design_1/ip/design_1_cg_fpga_0_0/src/cg_fpga_axi_intc_0_0/hdl/axi_lite_ipif_v3_0_vh_rfs.vhd:1534]
INFO: [Synth 8-256] done synthesizing module 'pselect_f__parameterized5' (0#1) [f:/Haoyang_Sun/experiments/labs/lab13/lab13.gen/sources_1/bd/design_1/ip/design_1_cg_fpga_0_0/src/cg_fpga_axi_intc_0_0/hdl/axi_lite_ipif_v3_0_vh_rfs.vhd:1534]
INFO: [Synth 8-638] synthesizing module 'pselect_f__parameterized6' [f:/Haoyang_Sun/experiments/labs/lab13/lab13.gen/sources_1/bd/design_1/ip/design_1_cg_fpga_0_0/src/cg_fpga_axi_intc_0_0/hdl/axi_lite_ipif_v3_0_vh_rfs.vhd:1534]
INFO: [Synth 8-256] done synthesizing module 'pselect_f__parameterized6' (0#1) [f:/Haoyang_Sun/experiments/labs/lab13/lab13.gen/sources_1/bd/design_1/ip/design_1_cg_fpga_0_0/src/cg_fpga_axi_intc_0_0/hdl/axi_lite_ipif_v3_0_vh_rfs.vhd:1534]
INFO: [Synth 8-638] synthesizing module 'pselect_f__parameterized7' [f:/Haoyang_Sun/experiments/labs/lab13/lab13.gen/sources_1/bd/design_1/ip/design_1_cg_fpga_0_0/src/cg_fpga_axi_intc_0_0/hdl/axi_lite_ipif_v3_0_vh_rfs.vhd:1534]
INFO: [Synth 8-256] done synthesizing module 'pselect_f__parameterized7' (0#1) [f:/Haoyang_Sun/experiments/labs/lab13/lab13.gen/sources_1/bd/design_1/ip/design_1_cg_fpga_0_0/src/cg_fpga_axi_intc_0_0/hdl/axi_lite_ipif_v3_0_vh_rfs.vhd:1534]
INFO: [Synth 8-638] synthesizing module 'pselect_f__parameterized8' [f:/Haoyang_Sun/experiments/labs/lab13/lab13.gen/sources_1/bd/design_1/ip/design_1_cg_fpga_0_0/src/cg_fpga_axi_intc_0_0/hdl/axi_lite_ipif_v3_0_vh_rfs.vhd:1534]
INFO: [Synth 8-256] done synthesizing module 'pselect_f__parameterized8' (0#1) [f:/Haoyang_Sun/experiments/labs/lab13/lab13.gen/sources_1/bd/design_1/ip/design_1_cg_fpga_0_0/src/cg_fpga_axi_intc_0_0/hdl/axi_lite_ipif_v3_0_vh_rfs.vhd:1534]
INFO: [Synth 8-638] synthesizing module 'pselect_f__parameterized9' [f:/Haoyang_Sun/experiments/labs/lab13/lab13.gen/sources_1/bd/design_1/ip/design_1_cg_fpga_0_0/src/cg_fpga_axi_intc_0_0/hdl/axi_lite_ipif_v3_0_vh_rfs.vhd:1534]
INFO: [Synth 8-256] done synthesizing module 'pselect_f__parameterized9' (0#1) [f:/Haoyang_Sun/experiments/labs/lab13/lab13.gen/sources_1/bd/design_1/ip/design_1_cg_fpga_0_0/src/cg_fpga_axi_intc_0_0/hdl/axi_lite_ipif_v3_0_vh_rfs.vhd:1534]
INFO: [Synth 8-638] synthesizing module 'pselect_f__parameterized10' [f:/Haoyang_Sun/experiments/labs/lab13/lab13.gen/sources_1/bd/design_1/ip/design_1_cg_fpga_0_0/src/cg_fpga_axi_intc_0_0/hdl/axi_lite_ipif_v3_0_vh_rfs.vhd:1534]
INFO: [Synth 8-256] done synthesizing module 'pselect_f__parameterized10' (0#1) [f:/Haoyang_Sun/experiments/labs/lab13/lab13.gen/sources_1/bd/design_1/ip/design_1_cg_fpga_0_0/src/cg_fpga_axi_intc_0_0/hdl/axi_lite_ipif_v3_0_vh_rfs.vhd:1534]
INFO: [Synth 8-638] synthesizing module 'pselect_f__parameterized11' [f:/Haoyang_Sun/experiments/labs/lab13/lab13.gen/sources_1/bd/design_1/ip/design_1_cg_fpga_0_0/src/cg_fpga_axi_intc_0_0/hdl/axi_lite_ipif_v3_0_vh_rfs.vhd:1534]
INFO: [Synth 8-256] done synthesizing module 'pselect_f__parameterized11' (0#1) [f:/Haoyang_Sun/experiments/labs/lab13/lab13.gen/sources_1/bd/design_1/ip/design_1_cg_fpga_0_0/src/cg_fpga_axi_intc_0_0/hdl/axi_lite_ipif_v3_0_vh_rfs.vhd:1534]
INFO: [Synth 8-638] synthesizing module 'pselect_f__parameterized12' [f:/Haoyang_Sun/experiments/labs/lab13/lab13.gen/sources_1/bd/design_1/ip/design_1_cg_fpga_0_0/src/cg_fpga_axi_intc_0_0/hdl/axi_lite_ipif_v3_0_vh_rfs.vhd:1534]
INFO: [Synth 8-256] done synthesizing module 'pselect_f__parameterized12' (0#1) [f:/Haoyang_Sun/experiments/labs/lab13/lab13.gen/sources_1/bd/design_1/ip/design_1_cg_fpga_0_0/src/cg_fpga_axi_intc_0_0/hdl/axi_lite_ipif_v3_0_vh_rfs.vhd:1534]
INFO: [Synth 8-638] synthesizing module 'pselect_f__parameterized13' [f:/Haoyang_Sun/experiments/labs/lab13/lab13.gen/sources_1/bd/design_1/ip/design_1_cg_fpga_0_0/src/cg_fpga_axi_intc_0_0/hdl/axi_lite_ipif_v3_0_vh_rfs.vhd:1534]
INFO: [Synth 8-256] done synthesizing module 'pselect_f__parameterized13' (0#1) [f:/Haoyang_Sun/experiments/labs/lab13/lab13.gen/sources_1/bd/design_1/ip/design_1_cg_fpga_0_0/src/cg_fpga_axi_intc_0_0/hdl/axi_lite_ipif_v3_0_vh_rfs.vhd:1534]
INFO: [Synth 8-638] synthesizing module 'pselect_f__parameterized14' [f:/Haoyang_Sun/experiments/labs/lab13/lab13.gen/sources_1/bd/design_1/ip/design_1_cg_fpga_0_0/src/cg_fpga_axi_intc_0_0/hdl/axi_lite_ipif_v3_0_vh_rfs.vhd:1534]
INFO: [Synth 8-256] done synthesizing module 'pselect_f__parameterized14' (0#1) [f:/Haoyang_Sun/experiments/labs/lab13/lab13.gen/sources_1/bd/design_1/ip/design_1_cg_fpga_0_0/src/cg_fpga_axi_intc_0_0/hdl/axi_lite_ipif_v3_0_vh_rfs.vhd:1534]
INFO: [Synth 8-638] synthesizing module 'pselect_f__parameterized15' [f:/Haoyang_Sun/experiments/labs/lab13/lab13.gen/sources_1/bd/design_1/ip/design_1_cg_fpga_0_0/src/cg_fpga_axi_intc_0_0/hdl/axi_lite_ipif_v3_0_vh_rfs.vhd:1534]
INFO: [Synth 8-256] done synthesizing module 'pselect_f__parameterized15' (0#1) [f:/Haoyang_Sun/experiments/labs/lab13/lab13.gen/sources_1/bd/design_1/ip/design_1_cg_fpga_0_0/src/cg_fpga_axi_intc_0_0/hdl/axi_lite_ipif_v3_0_vh_rfs.vhd:1534]
INFO: [Synth 8-638] synthesizing module 'pselect_f__parameterized16' [f:/Haoyang_Sun/experiments/labs/lab13/lab13.gen/sources_1/bd/design_1/ip/design_1_cg_fpga_0_0/src/cg_fpga_axi_intc_0_0/hdl/axi_lite_ipif_v3_0_vh_rfs.vhd:1534]
INFO: [Synth 8-256] done synthesizing module 'pselect_f__parameterized16' (0#1) [f:/Haoyang_Sun/experiments/labs/lab13/lab13.gen/sources_1/bd/design_1/ip/design_1_cg_fpga_0_0/src/cg_fpga_axi_intc_0_0/hdl/axi_lite_ipif_v3_0_vh_rfs.vhd:1534]
INFO: [Synth 8-638] synthesizing module 'pselect_f__parameterized17' [f:/Haoyang_Sun/experiments/labs/lab13/lab13.gen/sources_1/bd/design_1/ip/design_1_cg_fpga_0_0/src/cg_fpga_axi_intc_0_0/hdl/axi_lite_ipif_v3_0_vh_rfs.vhd:1534]
INFO: [Synth 8-256] done synthesizing module 'pselect_f__parameterized17' (0#1) [f:/Haoyang_Sun/experiments/labs/lab13/lab13.gen/sources_1/bd/design_1/ip/design_1_cg_fpga_0_0/src/cg_fpga_axi_intc_0_0/hdl/axi_lite_ipif_v3_0_vh_rfs.vhd:1534]
INFO: [Synth 8-638] synthesizing module 'pselect_f__parameterized18' [f:/Haoyang_Sun/experiments/labs/lab13/lab13.gen/sources_1/bd/design_1/ip/design_1_cg_fpga_0_0/src/cg_fpga_axi_intc_0_0/hdl/axi_lite_ipif_v3_0_vh_rfs.vhd:1534]
INFO: [Synth 8-256] done synthesizing module 'pselect_f__parameterized18' (0#1) [f:/Haoyang_Sun/experiments/labs/lab13/lab13.gen/sources_1/bd/design_1/ip/design_1_cg_fpga_0_0/src/cg_fpga_axi_intc_0_0/hdl/axi_lite_ipif_v3_0_vh_rfs.vhd:1534]
INFO: [Synth 8-638] synthesizing module 'pselect_f__parameterized19' [f:/Haoyang_Sun/experiments/labs/lab13/lab13.gen/sources_1/bd/design_1/ip/design_1_cg_fpga_0_0/src/cg_fpga_axi_intc_0_0/hdl/axi_lite_ipif_v3_0_vh_rfs.vhd:1534]
INFO: [Synth 8-256] done synthesizing module 'pselect_f__parameterized19' (0#1) [f:/Haoyang_Sun/experiments/labs/lab13/lab13.gen/sources_1/bd/design_1/ip/design_1_cg_fpga_0_0/src/cg_fpga_axi_intc_0_0/hdl/axi_lite_ipif_v3_0_vh_rfs.vhd:1534]
INFO: [Synth 8-256] done synthesizing module 'address_decoder' (0#1) [f:/Haoyang_Sun/experiments/labs/lab13/lab13.gen/sources_1/bd/design_1/ip/design_1_cg_fpga_0_0/src/cg_fpga_axi_intc_0_0/hdl/axi_lite_ipif_v3_0_vh_rfs.vhd:1775]
INFO: [Synth 8-226] default block is never used [f:/Haoyang_Sun/experiments/labs/lab13/lab13.gen/sources_1/bd/design_1/ip/design_1_cg_fpga_0_0/src/cg_fpga_axi_intc_0_0/hdl/axi_lite_ipif_v3_0_vh_rfs.vhd:2550]
INFO: [Synth 8-256] done synthesizing module 'slave_attachment' (0#1) [f:/Haoyang_Sun/experiments/labs/lab13/lab13.gen/sources_1/bd/design_1/ip/design_1_cg_fpga_0_0/src/cg_fpga_axi_intc_0_0/hdl/axi_lite_ipif_v3_0_vh_rfs.vhd:2341]
INFO: [Synth 8-256] done synthesizing module 'axi_lite_ipif' (0#1) [f:/Haoyang_Sun/experiments/labs/lab13/lab13.gen/sources_1/bd/design_1/ip/design_1_cg_fpga_0_0/src/cg_fpga_axi_intc_0_0/hdl/axi_lite_ipif_v3_0_vh_rfs.vhd:2948]
INFO: [Synth 8-256] done synthesizing module 'axi_intc' (0#1) [f:/Haoyang_Sun/experiments/labs/lab13/lab13.gen/sources_1/bd/design_1/ip/design_1_cg_fpga_0_0/src/cg_fpga_axi_intc_0_0/hdl/axi_intc_v4_1_vh_rfs.vhd:3543]
INFO: [Synth 8-256] done synthesizing module 'cg_fpga_axi_intc_0_0' (0#1) [f:/Haoyang_Sun/experiments/labs/lab13/lab13.gen/sources_1/bd/design_1/ip/design_1_cg_fpga_0_0/src/cg_fpga_axi_intc_0_0/synth/cg_fpga_axi_intc_0_0.vhd:85]
INFO: [Synth 8-638] synthesizing module 'cg_fpga_axi_uartlite_0_0' [f:/Haoyang_Sun/experiments/labs/lab13/lab13.gen/sources_1/bd/design_1/ip/design_1_cg_fpga_0_0/src/cg_fpga_axi_uartlite_0_0/synth/cg_fpga_axi_uartlite_0_0.vhd:86]
	Parameter C_FAMILY bound to: zynq - type: string 
	Parameter C_S_AXI_ACLK_FREQ_HZ bound to: 100000000 - type: integer 
	Parameter C_S_AXI_ADDR_WIDTH bound to: 4 - type: integer 
	Parameter C_S_AXI_DATA_WIDTH bound to: 32 - type: integer 
	Parameter C_BAUDRATE bound to: 9600 - type: integer 
	Parameter C_DATA_BITS bound to: 8 - type: integer 
	Parameter C_USE_PARITY bound to: 0 - type: integer 
	Parameter C_ODD_PARITY bound to: 0 - type: integer 
INFO: [Synth 8-3491] module 'axi_uartlite' declared at 'f:/Haoyang_Sun/experiments/labs/lab13/lab13.gen/sources_1/bd/design_1/ip/design_1_cg_fpga_0_0/src/cg_fpga_axi_uartlite_0_0/hdl/axi_uartlite_v2_0_vh_rfs.vhd:2089' bound to instance 'U0' of component 'axi_uartlite' [f:/Haoyang_Sun/experiments/labs/lab13/lab13.gen/sources_1/bd/design_1/ip/design_1_cg_fpga_0_0/src/cg_fpga_axi_uartlite_0_0/synth/cg_fpga_axi_uartlite_0_0.vhd:168]
INFO: [Synth 8-638] synthesizing module 'axi_uartlite' [f:/Haoyang_Sun/experiments/labs/lab13/lab13.gen/sources_1/bd/design_1/ip/design_1_cg_fpga_0_0/src/cg_fpga_axi_uartlite_0_0/hdl/axi_uartlite_v2_0_vh_rfs.vhd:2151]
INFO: [Synth 8-638] synthesizing module 'uartlite_core' [f:/Haoyang_Sun/experiments/labs/lab13/lab13.gen/sources_1/bd/design_1/ip/design_1_cg_fpga_0_0/src/cg_fpga_axi_uartlite_0_0/hdl/axi_uartlite_v2_0_vh_rfs.vhd:1617]
INFO: [Synth 8-638] synthesizing module 'baudrate' [f:/Haoyang_Sun/experiments/labs/lab13/lab13.gen/sources_1/bd/design_1/ip/design_1_cg_fpga_0_0/src/cg_fpga_axi_uartlite_0_0/hdl/axi_uartlite_v2_0_vh_rfs.vhd:1426]
INFO: [Synth 8-256] done synthesizing module 'baudrate' (0#1) [f:/Haoyang_Sun/experiments/labs/lab13/lab13.gen/sources_1/bd/design_1/ip/design_1_cg_fpga_0_0/src/cg_fpga_axi_uartlite_0_0/hdl/axi_uartlite_v2_0_vh_rfs.vhd:1426]
INFO: [Synth 8-638] synthesizing module 'uartlite_rx' [f:/Haoyang_Sun/experiments/labs/lab13/lab13.gen/sources_1/bd/design_1/ip/design_1_cg_fpga_0_0/src/cg_fpga_axi_uartlite_0_0/hdl/axi_uartlite_v2_0_vh_rfs.vhd:906]
INFO: [Synth 8-638] synthesizing module 'cdc_sync' [f:/Haoyang_Sun/experiments/labs/lab13/lab13.gen/sources_1/bd/design_1/ip/design_1_cg_fpga_0_0/src/cg_fpga_axi_vdma_0_0/hdl/lib_cdc_v1_0_rfs.vhd:106]
	Parameter INIT bound to: 1'b0 
INFO: [Synth 8-113] binding component instance 'CROSS_PLEVEL_IN2SCNDRY_IN_cdc_to' to cell 'FDR' [f:/Haoyang_Sun/experiments/labs/lab13/lab13.gen/sources_1/bd/design_1/ip/design_1_cg_fpga_0_0/src/cg_fpga_axi_vdma_0_0/hdl/lib_cdc_v1_0_rfs.vhd:514]
	Parameter INIT bound to: 1'b0 
INFO: [Synth 8-113] binding component instance 'CROSS_PLEVEL_IN2SCNDRY_s_level_out_d2' to cell 'FDR' [f:/Haoyang_Sun/experiments/labs/lab13/lab13.gen/sources_1/bd/design_1/ip/design_1_cg_fpga_0_0/src/cg_fpga_axi_vdma_0_0/hdl/lib_cdc_v1_0_rfs.vhd:545]
	Parameter INIT bound to: 1'b0 
INFO: [Synth 8-113] binding component instance 'CROSS_PLEVEL_IN2SCNDRY_s_level_out_d3' to cell 'FDR' [f:/Haoyang_Sun/experiments/labs/lab13/lab13.gen/sources_1/bd/design_1/ip/design_1_cg_fpga_0_0/src/cg_fpga_axi_vdma_0_0/hdl/lib_cdc_v1_0_rfs.vhd:554]
	Parameter INIT bound to: 1'b0 
INFO: [Synth 8-113] binding component instance 'CROSS_PLEVEL_IN2SCNDRY_s_level_out_d4' to cell 'FDR' [f:/Haoyang_Sun/experiments/labs/lab13/lab13.gen/sources_1/bd/design_1/ip/design_1_cg_fpga_0_0/src/cg_fpga_axi_vdma_0_0/hdl/lib_cdc_v1_0_rfs.vhd:564]
	Parameter INIT bound to: 1'b0 
INFO: [Synth 8-113] binding component instance 'CROSS_PLEVEL_IN2SCNDRY_s_level_out_d5' to cell 'FDR' [f:/Haoyang_Sun/experiments/labs/lab13/lab13.gen/sources_1/bd/design_1/ip/design_1_cg_fpga_0_0/src/cg_fpga_axi_vdma_0_0/hdl/lib_cdc_v1_0_rfs.vhd:574]
	Parameter INIT bound to: 1'b0 
INFO: [Synth 8-113] binding component instance 'CROSS_PLEVEL_IN2SCNDRY_s_level_out_d6' to cell 'FDR' [f:/Haoyang_Sun/experiments/labs/lab13/lab13.gen/sources_1/bd/design_1/ip/design_1_cg_fpga_0_0/src/cg_fpga_axi_vdma_0_0/hdl/lib_cdc_v1_0_rfs.vhd:584]
INFO: [Synth 8-256] done synthesizing module 'cdc_sync' (0#1) [f:/Haoyang_Sun/experiments/labs/lab13/lab13.gen/sources_1/bd/design_1/ip/design_1_cg_fpga_0_0/src/cg_fpga_axi_vdma_0_0/hdl/lib_cdc_v1_0_rfs.vhd:106]
INFO: [Synth 8-638] synthesizing module 'srl_fifo_f' [f:/Haoyang_Sun/experiments/labs/lab13/lab13.gen/sources_1/bd/design_1/ip/design_1_cg_fpga_0_0/src/cg_fpga_axi_vdma_0_0/hdl/lib_srl_fifo_v1_0_rfs.vhd:777]
INFO: [Synth 8-638] synthesizing module 'srl_fifo_rbu_f' [f:/Haoyang_Sun/experiments/labs/lab13/lab13.gen/sources_1/bd/design_1/ip/design_1_cg_fpga_0_0/src/cg_fpga_axi_vdma_0_0/hdl/lib_srl_fifo_v1_0_rfs.vhd:538]
INFO: [Synth 8-638] synthesizing module 'cntr_incr_decr_addn_f' [f:/Haoyang_Sun/experiments/labs/lab13/lab13.gen/sources_1/bd/design_1/ip/design_1_cg_fpga_0_0/src/cg_fpga_axi_vdma_0_0/hdl/lib_srl_fifo_v1_0_rfs.vhd:134]
INFO: [Synth 8-256] done synthesizing module 'cntr_incr_decr_addn_f' (0#1) [f:/Haoyang_Sun/experiments/labs/lab13/lab13.gen/sources_1/bd/design_1/ip/design_1_cg_fpga_0_0/src/cg_fpga_axi_vdma_0_0/hdl/lib_srl_fifo_v1_0_rfs.vhd:134]
INFO: [Synth 8-638] synthesizing module 'dynshreg_f' [f:/Haoyang_Sun/experiments/labs/lab13/lab13.gen/sources_1/bd/design_1/ip/design_1_cg_fpga_0_0/src/cg_fpga_axi_vdma_0_0/hdl/lib_srl_fifo_v1_0_rfs.vhd:329]
INFO: [Synth 8-256] done synthesizing module 'dynshreg_f' (0#1) [f:/Haoyang_Sun/experiments/labs/lab13/lab13.gen/sources_1/bd/design_1/ip/design_1_cg_fpga_0_0/src/cg_fpga_axi_vdma_0_0/hdl/lib_srl_fifo_v1_0_rfs.vhd:329]
INFO: [Synth 8-256] done synthesizing module 'srl_fifo_rbu_f' (0#1) [f:/Haoyang_Sun/experiments/labs/lab13/lab13.gen/sources_1/bd/design_1/ip/design_1_cg_fpga_0_0/src/cg_fpga_axi_vdma_0_0/hdl/lib_srl_fifo_v1_0_rfs.vhd:538]
INFO: [Synth 8-256] done synthesizing module 'srl_fifo_f' (0#1) [f:/Haoyang_Sun/experiments/labs/lab13/lab13.gen/sources_1/bd/design_1/ip/design_1_cg_fpga_0_0/src/cg_fpga_axi_vdma_0_0/hdl/lib_srl_fifo_v1_0_rfs.vhd:777]
INFO: [Synth 8-256] done synthesizing module 'uartlite_rx' (0#1) [f:/Haoyang_Sun/experiments/labs/lab13/lab13.gen/sources_1/bd/design_1/ip/design_1_cg_fpga_0_0/src/cg_fpga_axi_uartlite_0_0/hdl/axi_uartlite_v2_0_vh_rfs.vhd:906]
INFO: [Synth 8-638] synthesizing module 'uartlite_tx' [f:/Haoyang_Sun/experiments/labs/lab13/lab13.gen/sources_1/bd/design_1/ip/design_1_cg_fpga_0_0/src/cg_fpga_axi_uartlite_0_0/hdl/axi_uartlite_v2_0_vh_rfs.vhd:393]
INFO: [Synth 8-256] done synthesizing module 'uartlite_tx' (0#1) [f:/Haoyang_Sun/experiments/labs/lab13/lab13.gen/sources_1/bd/design_1/ip/design_1_cg_fpga_0_0/src/cg_fpga_axi_uartlite_0_0/hdl/axi_uartlite_v2_0_vh_rfs.vhd:393]
INFO: [Synth 8-256] done synthesizing module 'uartlite_core' (0#1) [f:/Haoyang_Sun/experiments/labs/lab13/lab13.gen/sources_1/bd/design_1/ip/design_1_cg_fpga_0_0/src/cg_fpga_axi_uartlite_0_0/hdl/axi_uartlite_v2_0_vh_rfs.vhd:1617]
INFO: [Synth 8-638] synthesizing module 'axi_lite_ipif__parameterized0' [f:/Haoyang_Sun/experiments/labs/lab13/lab13.gen/sources_1/bd/design_1/ip/design_1_cg_fpga_0_0/src/cg_fpga_axi_intc_0_0/hdl/axi_lite_ipif_v3_0_vh_rfs.vhd:2948]
INFO: [Synth 8-638] synthesizing module 'slave_attachment__parameterized0' [f:/Haoyang_Sun/experiments/labs/lab13/lab13.gen/sources_1/bd/design_1/ip/design_1_cg_fpga_0_0/src/cg_fpga_axi_intc_0_0/hdl/axi_lite_ipif_v3_0_vh_rfs.vhd:2341]
INFO: [Synth 8-638] synthesizing module 'address_decoder__parameterized0' [f:/Haoyang_Sun/experiments/labs/lab13/lab13.gen/sources_1/bd/design_1/ip/design_1_cg_fpga_0_0/src/cg_fpga_axi_intc_0_0/hdl/axi_lite_ipif_v3_0_vh_rfs.vhd:1775]
INFO: [Synth 8-638] synthesizing module 'pselect_f__parameterized20' [f:/Haoyang_Sun/experiments/labs/lab13/lab13.gen/sources_1/bd/design_1/ip/design_1_cg_fpga_0_0/src/cg_fpga_axi_intc_0_0/hdl/axi_lite_ipif_v3_0_vh_rfs.vhd:1534]
INFO: [Synth 8-256] done synthesizing module 'pselect_f__parameterized20' (0#1) [f:/Haoyang_Sun/experiments/labs/lab13/lab13.gen/sources_1/bd/design_1/ip/design_1_cg_fpga_0_0/src/cg_fpga_axi_intc_0_0/hdl/axi_lite_ipif_v3_0_vh_rfs.vhd:1534]
INFO: [Synth 8-638] synthesizing module 'pselect_f__parameterized21' [f:/Haoyang_Sun/experiments/labs/lab13/lab13.gen/sources_1/bd/design_1/ip/design_1_cg_fpga_0_0/src/cg_fpga_axi_intc_0_0/hdl/axi_lite_ipif_v3_0_vh_rfs.vhd:1534]
INFO: [Synth 8-256] done synthesizing module 'pselect_f__parameterized21' (0#1) [f:/Haoyang_Sun/experiments/labs/lab13/lab13.gen/sources_1/bd/design_1/ip/design_1_cg_fpga_0_0/src/cg_fpga_axi_intc_0_0/hdl/axi_lite_ipif_v3_0_vh_rfs.vhd:1534]
INFO: [Synth 8-638] synthesizing module 'pselect_f__parameterized22' [f:/Haoyang_Sun/experiments/labs/lab13/lab13.gen/sources_1/bd/design_1/ip/design_1_cg_fpga_0_0/src/cg_fpga_axi_intc_0_0/hdl/axi_lite_ipif_v3_0_vh_rfs.vhd:1534]
INFO: [Synth 8-256] done synthesizing module 'pselect_f__parameterized22' (0#1) [f:/Haoyang_Sun/experiments/labs/lab13/lab13.gen/sources_1/bd/design_1/ip/design_1_cg_fpga_0_0/src/cg_fpga_axi_intc_0_0/hdl/axi_lite_ipif_v3_0_vh_rfs.vhd:1534]
INFO: [Synth 8-638] synthesizing module 'pselect_f__parameterized23' [f:/Haoyang_Sun/experiments/labs/lab13/lab13.gen/sources_1/bd/design_1/ip/design_1_cg_fpga_0_0/src/cg_fpga_axi_intc_0_0/hdl/axi_lite_ipif_v3_0_vh_rfs.vhd:1534]
INFO: [Synth 8-256] done synthesizing module 'pselect_f__parameterized23' (0#1) [f:/Haoyang_Sun/experiments/labs/lab13/lab13.gen/sources_1/bd/design_1/ip/design_1_cg_fpga_0_0/src/cg_fpga_axi_intc_0_0/hdl/axi_lite_ipif_v3_0_vh_rfs.vhd:1534]
INFO: [Synth 8-256] done synthesizing module 'address_decoder__parameterized0' (0#1) [f:/Haoyang_Sun/experiments/labs/lab13/lab13.gen/sources_1/bd/design_1/ip/design_1_cg_fpga_0_0/src/cg_fpga_axi_intc_0_0/hdl/axi_lite_ipif_v3_0_vh_rfs.vhd:1775]
INFO: [Synth 8-226] default block is never used [f:/Haoyang_Sun/experiments/labs/lab13/lab13.gen/sources_1/bd/design_1/ip/design_1_cg_fpga_0_0/src/cg_fpga_axi_intc_0_0/hdl/axi_lite_ipif_v3_0_vh_rfs.vhd:2550]
INFO: [Synth 8-256] done synthesizing module 'slave_attachment__parameterized0' (0#1) [f:/Haoyang_Sun/experiments/labs/lab13/lab13.gen/sources_1/bd/design_1/ip/design_1_cg_fpga_0_0/src/cg_fpga_axi_intc_0_0/hdl/axi_lite_ipif_v3_0_vh_rfs.vhd:2341]
INFO: [Synth 8-256] done synthesizing module 'axi_lite_ipif__parameterized0' (0#1) [f:/Haoyang_Sun/experiments/labs/lab13/lab13.gen/sources_1/bd/design_1/ip/design_1_cg_fpga_0_0/src/cg_fpga_axi_intc_0_0/hdl/axi_lite_ipif_v3_0_vh_rfs.vhd:2948]
INFO: [Synth 8-256] done synthesizing module 'axi_uartlite' (0#1) [f:/Haoyang_Sun/experiments/labs/lab13/lab13.gen/sources_1/bd/design_1/ip/design_1_cg_fpga_0_0/src/cg_fpga_axi_uartlite_0_0/hdl/axi_uartlite_v2_0_vh_rfs.vhd:2151]
INFO: [Synth 8-256] done synthesizing module 'cg_fpga_axi_uartlite_0_0' (0#1) [f:/Haoyang_Sun/experiments/labs/lab13/lab13.gen/sources_1/bd/design_1/ip/design_1_cg_fpga_0_0/src/cg_fpga_axi_uartlite_0_0/synth/cg_fpga_axi_uartlite_0_0.vhd:86]
INFO: [Synth 8-638] synthesizing module 'cg_fpga_axi_vdma_0_0' [f:/Haoyang_Sun/experiments/labs/lab13/lab13.gen/sources_1/bd/design_1/ip/design_1_cg_fpga_0_0/src/cg_fpga_axi_vdma_0_0/synth/cg_fpga_axi_vdma_0_0.vhd:131]
	Parameter C_S_AXI_LITE_ADDR_WIDTH bound to: 9 - type: integer 
	Parameter C_S_AXI_LITE_DATA_WIDTH bound to: 32 - type: integer 
	Parameter C_DLYTMR_RESOLUTION bound to: 125 - type: integer 
	Parameter C_PRMRY_IS_ACLK_ASYNC bound to: 0 - type: integer 
	Parameter C_ENABLE_VIDPRMTR_READS bound to: 1 - type: integer 
	Parameter C_DYNAMIC_RESOLUTION bound to: 1 - type: integer 
	Parameter C_NUM_FSTORES bound to: 3 - type: integer 
	Parameter C_USE_FSYNC bound to: 1 - type: integer 
	Parameter C_USE_MM2S_FSYNC bound to: 0 - type: integer 
	Parameter C_USE_S2MM_FSYNC bound to: 2 - type: integer 
	Parameter C_FLUSH_ON_FSYNC bound to: 1 - type: integer 
	Parameter C_INCLUDE_INTERNAL_GENLOCK bound to: 1 - type: integer 
	Parameter C_INCLUDE_SG bound to: 0 - type: integer 
	Parameter C_M_AXI_SG_ADDR_WIDTH bound to: 32 - type: integer 
	Parameter C_M_AXI_SG_DATA_WIDTH bound to: 32 - type: integer 
	Parameter C_INCLUDE_MM2S bound to: 1 - type: integer 
	Parameter C_MM2S_GENLOCK_MODE bound to: 3 - type: integer 
	Parameter C_MM2S_GENLOCK_NUM_MASTERS bound to: 1 - type: integer 
	Parameter C_MM2S_GENLOCK_REPEAT_EN bound to: 0 - type: integer 
	Parameter C_MM2S_SOF_ENABLE bound to: 1 - type: integer 
	Parameter C_INCLUDE_MM2S_DRE bound to: 0 - type: integer 
	Parameter C_INCLUDE_MM2S_SF bound to: 0 - type: integer 
	Parameter C_MM2S_LINEBUFFER_DEPTH bound to: 512 - type: integer 
	Parameter C_MM2S_LINEBUFFER_THRESH bound to: 4 - type: integer 
	Parameter C_MM2S_MAX_BURST_LENGTH bound to: 8 - type: integer 
	Parameter C_M_AXI_MM2S_ADDR_WIDTH bound to: 32 - type: integer 
	Parameter C_M_AXI_MM2S_DATA_WIDTH bound to: 64 - type: integer 
	Parameter C_M_AXIS_MM2S_TDATA_WIDTH bound to: 32 - type: integer 
	Parameter C_M_AXIS_MM2S_TUSER_BITS bound to: 1 - type: integer 
	Parameter C_INCLUDE_S2MM bound to: 1 - type: integer 
	Parameter C_S2MM_GENLOCK_MODE bound to: 2 - type: integer 
	Parameter C_S2MM_GENLOCK_NUM_MASTERS bound to: 1 - type: integer 
	Parameter C_S2MM_GENLOCK_REPEAT_EN bound to: 1 - type: integer 
	Parameter C_S2MM_SOF_ENABLE bound to: 1 - type: integer 
	Parameter C_INCLUDE_S2MM_DRE bound to: 0 - type: integer 
	Parameter C_INCLUDE_S2MM_SF bound to: 1 - type: integer 
	Parameter C_S2MM_LINEBUFFER_DEPTH bound to: 512 - type: integer 
	Parameter C_S2MM_LINEBUFFER_THRESH bound to: 4 - type: integer 
	Parameter C_S2MM_MAX_BURST_LENGTH bound to: 8 - type: integer 
	Parameter C_M_AXI_S2MM_ADDR_WIDTH bound to: 32 - type: integer 
	Parameter C_M_AXI_S2MM_DATA_WIDTH bound to: 64 - type: integer 
	Parameter C_S_AXIS_S2MM_TDATA_WIDTH bound to: 24 - type: integer 
	Parameter C_S_AXIS_S2MM_TUSER_BITS bound to: 1 - type: integer 
	Parameter C_ENABLE_DEBUG_ALL bound to: 0 - type: integer 
	Parameter C_ENABLE_DEBUG_INFO_0 bound to: 0 - type: integer 
	Parameter C_ENABLE_DEBUG_INFO_1 bound to: 0 - type: integer 
	Parameter C_ENABLE_DEBUG_INFO_2 bound to: 0 - type: integer 
	Parameter C_ENABLE_DEBUG_INFO_3 bound to: 0 - type: integer 
	Parameter C_ENABLE_DEBUG_INFO_4 bound to: 0 - type: integer 
	Parameter C_ENABLE_DEBUG_INFO_5 bound to: 0 - type: integer 
	Parameter C_ENABLE_DEBUG_INFO_6 bound to: 1 - type: integer 
	Parameter C_ENABLE_DEBUG_INFO_7 bound to: 1 - type: integer 
	Parameter C_ENABLE_DEBUG_INFO_8 bound to: 0 - type: integer 
	Parameter C_ENABLE_DEBUG_INFO_9 bound to: 0 - type: integer 
	Parameter C_ENABLE_DEBUG_INFO_10 bound to: 0 - type: integer 
	Parameter C_ENABLE_DEBUG_INFO_11 bound to: 0 - type: integer 
	Parameter C_ENABLE_DEBUG_INFO_12 bound to: 0 - type: integer 
	Parameter C_ENABLE_DEBUG_INFO_13 bound to: 0 - type: integer 
	Parameter C_ENABLE_DEBUG_INFO_14 bound to: 1 - type: integer 
	Parameter C_ENABLE_DEBUG_INFO_15 bound to: 1 - type: integer 
	Parameter C_INSTANCE bound to: axi_vdma - type: string 
	Parameter C_SELECT_XPM bound to: 0 - type: integer 
	Parameter C_ENABLE_VERT_FLIP bound to: 0 - type: integer 
	Parameter C_FAMILY bound to: zynq - type: string 
INFO: [Synth 8-3491] module 'axi_vdma' declared at 'f:/Haoyang_Sun/experiments/labs/lab13/lab13.gen/sources_1/bd/design_1/ip/design_1_cg_fpga_0_0/src/cg_fpga_axi_vdma_0_0/hdl/axi_vdma_v6_3_rfs.vhd:69125' bound to instance 'U0' of component 'axi_vdma' [f:/Haoyang_Sun/experiments/labs/lab13/lab13.gen/sources_1/bd/design_1/ip/design_1_cg_fpga_0_0/src/cg_fpga_axi_vdma_0_0/synth/cg_fpga_axi_vdma_0_0.vhd:411]
INFO: [Synth 8-638] synthesizing module 'axi_vdma' [f:/Haoyang_Sun/experiments/labs/lab13/lab13.gen/sources_1/bd/design_1/ip/design_1_cg_fpga_0_0/src/cg_fpga_axi_vdma_0_0/hdl/axi_vdma_v6_3_rfs.vhd:69564]
INFO: [Synth 8-638] synthesizing module 'axi_vdma_rst_module' [f:/Haoyang_Sun/experiments/labs/lab13/lab13.gen/sources_1/bd/design_1/ip/design_1_cg_fpga_0_0/src/cg_fpga_axi_vdma_0_0/hdl/axi_vdma_v6_3_rfs.vhd:16322]
INFO: [Synth 8-638] synthesizing module 'axi_vdma_reset' [f:/Haoyang_Sun/experiments/labs/lab13/lab13.gen/sources_1/bd/design_1/ip/design_1_cg_fpga_0_0/src/cg_fpga_axi_vdma_0_0/hdl/axi_vdma_v6_3_rfs.vhd:14733]
INFO: [Synth 8-638] synthesizing module 'cdc_sync__parameterized0' [f:/Haoyang_Sun/experiments/labs/lab13/lab13.gen/sources_1/bd/design_1/ip/design_1_cg_fpga_0_0/src/cg_fpga_axi_vdma_0_0/hdl/lib_cdc_v1_0_rfs.vhd:106]
	Parameter INIT bound to: 1'b0 
INFO: [Synth 8-113] binding component instance 'REG_P_IN_cdc_from' to cell 'FDR' [f:/Haoyang_Sun/experiments/labs/lab13/lab13.gen/sources_1/bd/design_1/ip/design_1_cg_fpga_0_0/src/cg_fpga_axi_vdma_0_0/hdl/lib_cdc_v1_0_rfs.vhd:219]
	Parameter INIT bound to: 1'b0 
INFO: [Synth 8-113] binding component instance 'REG_P_IN2_cdc_to' to cell 'FDR' [f:/Haoyang_Sun/experiments/labs/lab13/lab13.gen/sources_1/bd/design_1/ip/design_1_cg_fpga_0_0/src/cg_fpga_axi_vdma_0_0/hdl/lib_cdc_v1_0_rfs.vhd:232]
	Parameter INIT bound to: 1'b0 
INFO: [Synth 8-113] binding component instance 'P_IN_CROSS2SCNDRY_s_out_d2' to cell 'FDR' [f:/Haoyang_Sun/experiments/labs/lab13/lab13.gen/sources_1/bd/design_1/ip/design_1_cg_fpga_0_0/src/cg_fpga_axi_vdma_0_0/hdl/lib_cdc_v1_0_rfs.vhd:269]
	Parameter INIT bound to: 1'b0 
INFO: [Synth 8-113] binding component instance 'P_IN_CROSS2SCNDRY_s_out_d3' to cell 'FDR' [f:/Haoyang_Sun/experiments/labs/lab13/lab13.gen/sources_1/bd/design_1/ip/design_1_cg_fpga_0_0/src/cg_fpga_axi_vdma_0_0/hdl/lib_cdc_v1_0_rfs.vhd:279]
	Parameter INIT bound to: 1'b0 
INFO: [Synth 8-113] binding component instance 'P_IN_CROSS2SCNDRY_s_out_d4' to cell 'FDR' [f:/Haoyang_Sun/experiments/labs/lab13/lab13.gen/sources_1/bd/design_1/ip/design_1_cg_fpga_0_0/src/cg_fpga_axi_vdma_0_0/hdl/lib_cdc_v1_0_rfs.vhd:289]
	Parameter INIT bound to: 1'b0 
INFO: [Synth 8-113] binding component instance 'P_IN_CROSS2SCNDRY_s_out_d5' to cell 'FDR' [f:/Haoyang_Sun/experiments/labs/lab13/lab13.gen/sources_1/bd/design_1/ip/design_1_cg_fpga_0_0/src/cg_fpga_axi_vdma_0_0/hdl/lib_cdc_v1_0_rfs.vhd:299]
	Parameter INIT bound to: 1'b0 
INFO: [Synth 8-113] binding component instance 'P_IN_CROSS2SCNDRY_s_out_d6' to cell 'FDR' [f:/Haoyang_Sun/experiments/labs/lab13/lab13.gen/sources_1/bd/design_1/ip/design_1_cg_fpga_0_0/src/cg_fpga_axi_vdma_0_0/hdl/lib_cdc_v1_0_rfs.vhd:309]
	Parameter INIT bound to: 1'b0 
INFO: [Synth 8-113] binding component instance 'P_IN_CROSS2SCNDRY_s_out_d7' to cell 'FDR' [f:/Haoyang_Sun/experiments/labs/lab13/lab13.gen/sources_1/bd/design_1/ip/design_1_cg_fpga_0_0/src/cg_fpga_axi_vdma_0_0/hdl/lib_cdc_v1_0_rfs.vhd:320]
	Parameter INIT bound to: 1'b0 
INFO: [Synth 8-113] binding component instance 'P_IN_CROSS2SCNDRY_scndry_out' to cell 'FDR' [f:/Haoyang_Sun/experiments/labs/lab13/lab13.gen/sources_1/bd/design_1/ip/design_1_cg_fpga_0_0/src/cg_fpga_axi_vdma_0_0/hdl/lib_cdc_v1_0_rfs.vhd:330]
	Parameter INIT bound to: 1'b0 
INFO: [Synth 8-113] binding component instance 's_rst_d1' to cell 'FDR' [f:/Haoyang_Sun/experiments/labs/lab13/lab13.gen/sources_1/bd/design_1/ip/design_1_cg_fpga_0_0/src/cg_fpga_axi_vdma_0_0/hdl/lib_cdc_v1_0_rfs.vhd:339]
	Parameter INIT bound to: 1'b0 
INFO: [Synth 8-113] binding component instance 's_rst_d2' to cell 'FDR' [f:/Haoyang_Sun/experiments/labs/lab13/lab13.gen/sources_1/bd/design_1/ip/design_1_cg_fpga_0_0/src/cg_fpga_axi_vdma_0_0/hdl/lib_cdc_v1_0_rfs.vhd:347]
	Parameter INIT bound to: 1'b0 
INFO: [Synth 8-113] binding component instance 's_rst_d3' to cell 'FDR' [f:/Haoyang_Sun/experiments/labs/lab13/lab13.gen/sources_1/bd/design_1/ip/design_1_cg_fpga_0_0/src/cg_fpga_axi_vdma_0_0/hdl/lib_cdc_v1_0_rfs.vhd:355]
	Parameter INIT bound to: 1'b0 
INFO: [Synth 8-113] binding component instance 's_rst_d4' to cell 'FDR' [f:/Haoyang_Sun/experiments/labs/lab13/lab13.gen/sources_1/bd/design_1/ip/design_1_cg_fpga_0_0/src/cg_fpga_axi_vdma_0_0/hdl/lib_cdc_v1_0_rfs.vhd:364]
	Parameter INIT bound to: 1'b0 
INFO: [Synth 8-113] binding component instance 's_rst_d5' to cell 'FDR' [f:/Haoyang_Sun/experiments/labs/lab13/lab13.gen/sources_1/bd/design_1/ip/design_1_cg_fpga_0_0/src/cg_fpga_axi_vdma_0_0/hdl/lib_cdc_v1_0_rfs.vhd:374]
	Parameter INIT bound to: 1'b0 
INFO: [Synth 8-113] binding component instance 's_rst_d6' to cell 'FDR' [f:/Haoyang_Sun/experiments/labs/lab13/lab13.gen/sources_1/bd/design_1/ip/design_1_cg_fpga_0_0/src/cg_fpga_axi_vdma_0_0/hdl/lib_cdc_v1_0_rfs.vhd:383]
	Parameter INIT bound to: 1'b0 
INFO: [Synth 8-113] binding component instance 's_rst_d7' to cell 'FDR' [f:/Haoyang_Sun/experiments/labs/lab13/lab13.gen/sources_1/bd/design_1/ip/design_1_cg_fpga_0_0/src/cg_fpga_axi_vdma_0_0/hdl/lib_cdc_v1_0_rfs.vhd:392]
INFO: [Synth 8-256] done synthesizing module 'cdc_sync__parameterized0' (0#1) [f:/Haoyang_Sun/experiments/labs/lab13/lab13.gen/sources_1/bd/design_1/ip/design_1_cg_fpga_0_0/src/cg_fpga_axi_vdma_0_0/hdl/lib_cdc_v1_0_rfs.vhd:106]
INFO: [Synth 8-638] synthesizing module 'cdc_sync__parameterized1' [f:/Haoyang_Sun/experiments/labs/lab13/lab13.gen/sources_1/bd/design_1/ip/design_1_cg_fpga_0_0/src/cg_fpga_axi_vdma_0_0/hdl/lib_cdc_v1_0_rfs.vhd:106]
	Parameter INIT bound to: 1'b0 
INFO: [Synth 8-113] binding component instance 'REG_PLEVEL_IN_cdc_from' to cell 'FDR' [f:/Haoyang_Sun/experiments/labs/lab13/lab13.gen/sources_1/bd/design_1/ip/design_1_cg_fpga_0_0/src/cg_fpga_axi_vdma_0_0/hdl/lib_cdc_v1_0_rfs.vhd:491]
	Parameter INIT bound to: 1'b0 
INFO: [Synth 8-113] binding component instance 'CROSS_PLEVEL_IN2SCNDRY_IN_cdc_to' to cell 'FDR' [f:/Haoyang_Sun/experiments/labs/lab13/lab13.gen/sources_1/bd/design_1/ip/design_1_cg_fpga_0_0/src/cg_fpga_axi_vdma_0_0/hdl/lib_cdc_v1_0_rfs.vhd:514]
	Parameter INIT bound to: 1'b0 
INFO: [Synth 8-113] binding component instance 'CROSS_PLEVEL_IN2SCNDRY_s_level_out_d2' to cell 'FDR' [f:/Haoyang_Sun/experiments/labs/lab13/lab13.gen/sources_1/bd/design_1/ip/design_1_cg_fpga_0_0/src/cg_fpga_axi_vdma_0_0/hdl/lib_cdc_v1_0_rfs.vhd:545]
	Parameter INIT bound to: 1'b0 
INFO: [Synth 8-113] binding component instance 'CROSS_PLEVEL_IN2SCNDRY_s_level_out_d3' to cell 'FDR' [f:/Haoyang_Sun/experiments/labs/lab13/lab13.gen/sources_1/bd/design_1/ip/design_1_cg_fpga_0_0/src/cg_fpga_axi_vdma_0_0/hdl/lib_cdc_v1_0_rfs.vhd:554]
	Parameter INIT bound to: 1'b0 
INFO: [Synth 8-113] binding component instance 'CROSS_PLEVEL_IN2SCNDRY_s_level_out_d4' to cell 'FDR' [f:/Haoyang_Sun/experiments/labs/lab13/lab13.gen/sources_1/bd/design_1/ip/design_1_cg_fpga_0_0/src/cg_fpga_axi_vdma_0_0/hdl/lib_cdc_v1_0_rfs.vhd:564]
	Parameter INIT bound to: 1'b0 
INFO: [Synth 8-113] binding component instance 'CROSS_PLEVEL_IN2SCNDRY_s_level_out_d5' to cell 'FDR' [f:/Haoyang_Sun/experiments/labs/lab13/lab13.gen/sources_1/bd/design_1/ip/design_1_cg_fpga_0_0/src/cg_fpga_axi_vdma_0_0/hdl/lib_cdc_v1_0_rfs.vhd:574]
	Parameter INIT bound to: 1'b0 
INFO: [Synth 8-113] binding component instance 'CROSS_PLEVEL_IN2SCNDRY_s_level_out_d6' to cell 'FDR' [f:/Haoyang_Sun/experiments/labs/lab13/lab13.gen/sources_1/bd/design_1/ip/design_1_cg_fpga_0_0/src/cg_fpga_axi_vdma_0_0/hdl/lib_cdc_v1_0_rfs.vhd:584]
INFO: [Synth 8-256] done synthesizing module 'cdc_sync__parameterized1' (0#1) [f:/Haoyang_Sun/experiments/labs/lab13/lab13.gen/sources_1/bd/design_1/ip/design_1_cg_fpga_0_0/src/cg_fpga_axi_vdma_0_0/hdl/lib_cdc_v1_0_rfs.vhd:106]
INFO: [Synth 8-256] done synthesizing module 'axi_vdma_reset' (0#1) [f:/Haoyang_Sun/experiments/labs/lab13/lab13.gen/sources_1/bd/design_1/ip/design_1_cg_fpga_0_0/src/cg_fpga_axi_vdma_0_0/hdl/axi_vdma_v6_3_rfs.vhd:14733]
INFO: [Synth 8-256] done synthesizing module 'axi_vdma_rst_module' (0#1) [f:/Haoyang_Sun/experiments/labs/lab13/lab13.gen/sources_1/bd/design_1/ip/design_1_cg_fpga_0_0/src/cg_fpga_axi_vdma_0_0/hdl/axi_vdma_v6_3_rfs.vhd:16322]
INFO: [Synth 8-638] synthesizing module 'axi_vdma_reg_if' [f:/Haoyang_Sun/experiments/labs/lab13/lab13.gen/sources_1/bd/design_1/ip/design_1_cg_fpga_0_0/src/cg_fpga_axi_vdma_0_0/hdl/axi_vdma_v6_3_rfs.vhd:39742]
INFO: [Synth 8-638] synthesizing module 'axi_vdma_lite_if' [f:/Haoyang_Sun/experiments/labs/lab13/lab13.gen/sources_1/bd/design_1/ip/design_1_cg_fpga_0_0/src/cg_fpga_axi_vdma_0_0/hdl/axi_vdma_v6_3_rfs.vhd:16811]
INFO: [Synth 8-638] synthesizing module 'cdc_sync__parameterized2' [f:/Haoyang_Sun/experiments/labs/lab13/lab13.gen/sources_1/bd/design_1/ip/design_1_cg_fpga_0_0/src/cg_fpga_axi_vdma_0_0/hdl/lib_cdc_v1_0_rfs.vhd:106]
	Parameter INIT bound to: 1'b0 
INFO: [Synth 8-113] binding component instance 'REG_P_IN_cdc_from' to cell 'FDR' [f:/Haoyang_Sun/experiments/labs/lab13/lab13.gen/sources_1/bd/design_1/ip/design_1_cg_fpga_0_0/src/cg_fpga_axi_vdma_0_0/hdl/lib_cdc_v1_0_rfs.vhd:219]
	Parameter INIT bound to: 1'b0 
INFO: [Synth 8-113] binding component instance 'REG_P_IN2_cdc_to' to cell 'FDR' [f:/Haoyang_Sun/experiments/labs/lab13/lab13.gen/sources_1/bd/design_1/ip/design_1_cg_fpga_0_0/src/cg_fpga_axi_vdma_0_0/hdl/lib_cdc_v1_0_rfs.vhd:232]
	Parameter INIT bound to: 1'b0 
INFO: [Synth 8-113] binding component instance 'P_IN_CROSS2SCNDRY_s_out_d2' to cell 'FDR' [f:/Haoyang_Sun/experiments/labs/lab13/lab13.gen/sources_1/bd/design_1/ip/design_1_cg_fpga_0_0/src/cg_fpga_axi_vdma_0_0/hdl/lib_cdc_v1_0_rfs.vhd:269]
	Parameter INIT bound to: 1'b0 
INFO: [Synth 8-113] binding component instance 'P_IN_CROSS2SCNDRY_s_out_d3' to cell 'FDR' [f:/Haoyang_Sun/experiments/labs/lab13/lab13.gen/sources_1/bd/design_1/ip/design_1_cg_fpga_0_0/src/cg_fpga_axi_vdma_0_0/hdl/lib_cdc_v1_0_rfs.vhd:279]
	Parameter INIT bound to: 1'b0 
INFO: [Synth 8-113] binding component instance 'P_IN_CROSS2SCNDRY_s_out_d4' to cell 'FDR' [f:/Haoyang_Sun/experiments/labs/lab13/lab13.gen/sources_1/bd/design_1/ip/design_1_cg_fpga_0_0/src/cg_fpga_axi_vdma_0_0/hdl/lib_cdc_v1_0_rfs.vhd:289]
	Parameter INIT bound to: 1'b0 
INFO: [Synth 8-113] binding component instance 'P_IN_CROSS2SCNDRY_s_out_d5' to cell 'FDR' [f:/Haoyang_Sun/experiments/labs/lab13/lab13.gen/sources_1/bd/design_1/ip/design_1_cg_fpga_0_0/src/cg_fpga_axi_vdma_0_0/hdl/lib_cdc_v1_0_rfs.vhd:299]
	Parameter INIT bound to: 1'b0 
INFO: [Synth 8-113] binding component instance 'P_IN_CROSS2SCNDRY_s_out_d6' to cell 'FDR' [f:/Haoyang_Sun/experiments/labs/lab13/lab13.gen/sources_1/bd/design_1/ip/design_1_cg_fpga_0_0/src/cg_fpga_axi_vdma_0_0/hdl/lib_cdc_v1_0_rfs.vhd:309]
	Parameter INIT bound to: 1'b0 
INFO: [Synth 8-113] binding component instance 'P_IN_CROSS2SCNDRY_s_out_d7' to cell 'FDR' [f:/Haoyang_Sun/experiments/labs/lab13/lab13.gen/sources_1/bd/design_1/ip/design_1_cg_fpga_0_0/src/cg_fpga_axi_vdma_0_0/hdl/lib_cdc_v1_0_rfs.vhd:320]
	Parameter INIT bound to: 1'b0 
INFO: [Synth 8-113] binding component instance 'P_IN_CROSS2SCNDRY_scndry_out' to cell 'FDR' [f:/Haoyang_Sun/experiments/labs/lab13/lab13.gen/sources_1/bd/design_1/ip/design_1_cg_fpga_0_0/src/cg_fpga_axi_vdma_0_0/hdl/lib_cdc_v1_0_rfs.vhd:330]
	Parameter INIT bound to: 1'b0 
INFO: [Synth 8-113] binding component instance 's_rst_d1' to cell 'FDR' [f:/Haoyang_Sun/experiments/labs/lab13/lab13.gen/sources_1/bd/design_1/ip/design_1_cg_fpga_0_0/src/cg_fpga_axi_vdma_0_0/hdl/lib_cdc_v1_0_rfs.vhd:339]
	Parameter INIT bound to: 1'b0 
INFO: [Synth 8-113] binding component instance 's_rst_d2' to cell 'FDR' [f:/Haoyang_Sun/experiments/labs/lab13/lab13.gen/sources_1/bd/design_1/ip/design_1_cg_fpga_0_0/src/cg_fpga_axi_vdma_0_0/hdl/lib_cdc_v1_0_rfs.vhd:347]
	Parameter INIT bound to: 1'b0 
INFO: [Synth 8-113] binding component instance 's_rst_d3' to cell 'FDR' [f:/Haoyang_Sun/experiments/labs/lab13/lab13.gen/sources_1/bd/design_1/ip/design_1_cg_fpga_0_0/src/cg_fpga_axi_vdma_0_0/hdl/lib_cdc_v1_0_rfs.vhd:355]
	Parameter INIT bound to: 1'b0 
INFO: [Synth 8-113] binding component instance 's_rst_d4' to cell 'FDR' [f:/Haoyang_Sun/experiments/labs/lab13/lab13.gen/sources_1/bd/design_1/ip/design_1_cg_fpga_0_0/src/cg_fpga_axi_vdma_0_0/hdl/lib_cdc_v1_0_rfs.vhd:364]
	Parameter INIT bound to: 1'b0 
INFO: [Synth 8-113] binding component instance 's_rst_d5' to cell 'FDR' [f:/Haoyang_Sun/experiments/labs/lab13/lab13.gen/sources_1/bd/design_1/ip/design_1_cg_fpga_0_0/src/cg_fpga_axi_vdma_0_0/hdl/lib_cdc_v1_0_rfs.vhd:374]
	Parameter INIT bound to: 1'b0 
INFO: [Synth 8-113] binding component instance 's_rst_d6' to cell 'FDR' [f:/Haoyang_Sun/experiments/labs/lab13/lab13.gen/sources_1/bd/design_1/ip/design_1_cg_fpga_0_0/src/cg_fpga_axi_vdma_0_0/hdl/lib_cdc_v1_0_rfs.vhd:383]
	Parameter INIT bound to: 1'b0 
INFO: [Synth 8-113] binding component instance 's_rst_d7' to cell 'FDR' [f:/Haoyang_Sun/experiments/labs/lab13/lab13.gen/sources_1/bd/design_1/ip/design_1_cg_fpga_0_0/src/cg_fpga_axi_vdma_0_0/hdl/lib_cdc_v1_0_rfs.vhd:392]
INFO: [Synth 8-256] done synthesizing module 'cdc_sync__parameterized2' (0#1) [f:/Haoyang_Sun/experiments/labs/lab13/lab13.gen/sources_1/bd/design_1/ip/design_1_cg_fpga_0_0/src/cg_fpga_axi_vdma_0_0/hdl/lib_cdc_v1_0_rfs.vhd:106]
INFO: [Synth 8-256] done synthesizing module 'axi_vdma_lite_if' (0#1) [f:/Haoyang_Sun/experiments/labs/lab13/lab13.gen/sources_1/bd/design_1/ip/design_1_cg_fpga_0_0/src/cg_fpga_axi_vdma_0_0/hdl/axi_vdma_v6_3_rfs.vhd:16811]
INFO: [Synth 8-638] synthesizing module 'cdc_sync__parameterized3' [f:/Haoyang_Sun/experiments/labs/lab13/lab13.gen/sources_1/bd/design_1/ip/design_1_cg_fpga_0_0/src/cg_fpga_axi_vdma_0_0/hdl/lib_cdc_v1_0_rfs.vhd:106]
	Parameter INIT bound to: 1'b0 
INFO: [Synth 8-113] binding component instance 'REG_PLEVEL_IN_cdc_from' to cell 'FDR' [f:/Haoyang_Sun/experiments/labs/lab13/lab13.gen/sources_1/bd/design_1/ip/design_1_cg_fpga_0_0/src/cg_fpga_axi_vdma_0_0/hdl/lib_cdc_v1_0_rfs.vhd:491]
	Parameter INIT bound to: 1'b0 
INFO: [Synth 8-113] binding component instance 'CROSS_PLEVEL_IN2SCNDRY_IN_cdc_to' to cell 'FDR' [f:/Haoyang_Sun/experiments/labs/lab13/lab13.gen/sources_1/bd/design_1/ip/design_1_cg_fpga_0_0/src/cg_fpga_axi_vdma_0_0/hdl/lib_cdc_v1_0_rfs.vhd:514]
	Parameter INIT bound to: 1'b0 
INFO: [Synth 8-113] binding component instance 'CROSS_PLEVEL_IN2SCNDRY_s_level_out_d2' to cell 'FDR' [f:/Haoyang_Sun/experiments/labs/lab13/lab13.gen/sources_1/bd/design_1/ip/design_1_cg_fpga_0_0/src/cg_fpga_axi_vdma_0_0/hdl/lib_cdc_v1_0_rfs.vhd:545]
	Parameter INIT bound to: 1'b0 
INFO: [Synth 8-113] binding component instance 'CROSS_PLEVEL_IN2SCNDRY_s_level_out_d3' to cell 'FDR' [f:/Haoyang_Sun/experiments/labs/lab13/lab13.gen/sources_1/bd/design_1/ip/design_1_cg_fpga_0_0/src/cg_fpga_axi_vdma_0_0/hdl/lib_cdc_v1_0_rfs.vhd:554]
	Parameter INIT bound to: 1'b0 
INFO: [Synth 8-113] binding component instance 'CROSS_PLEVEL_IN2SCNDRY_s_level_out_d4' to cell 'FDR' [f:/Haoyang_Sun/experiments/labs/lab13/lab13.gen/sources_1/bd/design_1/ip/design_1_cg_fpga_0_0/src/cg_fpga_axi_vdma_0_0/hdl/lib_cdc_v1_0_rfs.vhd:564]
	Parameter INIT bound to: 1'b0 
INFO: [Synth 8-113] binding component instance 'CROSS_PLEVEL_IN2SCNDRY_s_level_out_d5' to cell 'FDR' [f:/Haoyang_Sun/experiments/labs/lab13/lab13.gen/sources_1/bd/design_1/ip/design_1_cg_fpga_0_0/src/cg_fpga_axi_vdma_0_0/hdl/lib_cdc_v1_0_rfs.vhd:574]
	Parameter INIT bound to: 1'b0 
INFO: [Synth 8-113] binding component instance 'CROSS_PLEVEL_IN2SCNDRY_s_level_out_d6' to cell 'FDR' [f:/Haoyang_Sun/experiments/labs/lab13/lab13.gen/sources_1/bd/design_1/ip/design_1_cg_fpga_0_0/src/cg_fpga_axi_vdma_0_0/hdl/lib_cdc_v1_0_rfs.vhd:584]
INFO: [Synth 8-256] done synthesizing module 'cdc_sync__parameterized3' (0#1) [f:/Haoyang_Sun/experiments/labs/lab13/lab13.gen/sources_1/bd/design_1/ip/design_1_cg_fpga_0_0/src/cg_fpga_axi_vdma_0_0/hdl/lib_cdc_v1_0_rfs.vhd:106]
INFO: [Synth 8-256] done synthesizing module 'axi_vdma_reg_if' (0#1) [f:/Haoyang_Sun/experiments/labs/lab13/lab13.gen/sources_1/bd/design_1/ip/design_1_cg_fpga_0_0/src/cg_fpga_axi_vdma_0_0/hdl/axi_vdma_v6_3_rfs.vhd:39742]
INFO: [Synth 8-638] synthesizing module 'axi_vdma_intrpt' [f:/Haoyang_Sun/experiments/labs/lab13/lab13.gen/sources_1/bd/design_1/ip/design_1_cg_fpga_0_0/src/cg_fpga_axi_vdma_0_0/hdl/axi_vdma_v6_3_rfs.vhd:40462]
INFO: [Synth 8-256] done synthesizing module 'axi_vdma_intrpt' (0#1) [f:/Haoyang_Sun/experiments/labs/lab13/lab13.gen/sources_1/bd/design_1/ip/design_1_cg_fpga_0_0/src/cg_fpga_axi_vdma_0_0/hdl/axi_vdma_v6_3_rfs.vhd:40462]
INFO: [Synth 8-638] synthesizing module 'axi_vdma_reg_module' [f:/Haoyang_Sun/experiments/labs/lab13/lab13.gen/sources_1/bd/design_1/ip/design_1_cg_fpga_0_0/src/cg_fpga_axi_vdma_0_0/hdl/axi_vdma_v6_3_rfs.vhd:38902]
INFO: [Synth 8-638] synthesizing module 'axi_vdma_register' [f:/Haoyang_Sun/experiments/labs/lab13/lab13.gen/sources_1/bd/design_1/ip/design_1_cg_fpga_0_0/src/cg_fpga_axi_vdma_0_0/hdl/axi_vdma_v6_3_rfs.vhd:18566]
INFO: [Synth 8-256] done synthesizing module 'axi_vdma_register' (0#1) [f:/Haoyang_Sun/experiments/labs/lab13/lab13.gen/sources_1/bd/design_1/ip/design_1_cg_fpga_0_0/src/cg_fpga_axi_vdma_0_0/hdl/axi_vdma_v6_3_rfs.vhd:18566]
INFO: [Synth 8-638] synthesizing module 'axi_vdma_regdirect' [f:/Haoyang_Sun/experiments/labs/lab13/lab13.gen/sources_1/bd/design_1/ip/design_1_cg_fpga_0_0/src/cg_fpga_axi_vdma_0_0/hdl/axi_vdma_v6_3_rfs.vhd:20376]
INFO: [Synth 8-256] done synthesizing module 'axi_vdma_regdirect' (0#1) [f:/Haoyang_Sun/experiments/labs/lab13/lab13.gen/sources_1/bd/design_1/ip/design_1_cg_fpga_0_0/src/cg_fpga_axi_vdma_0_0/hdl/axi_vdma_v6_3_rfs.vhd:20376]
INFO: [Synth 8-638] synthesizing module 'axi_vdma_reg_mux' [f:/Haoyang_Sun/experiments/labs/lab13/lab13.gen/sources_1/bd/design_1/ip/design_1_cg_fpga_0_0/src/cg_fpga_axi_vdma_0_0/hdl/axi_vdma_v6_3_rfs.vhd:29433]
INFO: [Synth 8-256] done synthesizing module 'axi_vdma_reg_mux' (0#1) [f:/Haoyang_Sun/experiments/labs/lab13/lab13.gen/sources_1/bd/design_1/ip/design_1_cg_fpga_0_0/src/cg_fpga_axi_vdma_0_0/hdl/axi_vdma_v6_3_rfs.vhd:29433]
INFO: [Synth 8-256] done synthesizing module 'axi_vdma_reg_module' (0#1) [f:/Haoyang_Sun/experiments/labs/lab13/lab13.gen/sources_1/bd/design_1/ip/design_1_cg_fpga_0_0/src/cg_fpga_axi_vdma_0_0/hdl/axi_vdma_v6_3_rfs.vhd:38902]
INFO: [Synth 8-638] synthesizing module 'axi_vdma_mngr' [f:/Haoyang_Sun/experiments/labs/lab13/lab13.gen/sources_1/bd/design_1/ip/design_1_cg_fpga_0_0/src/cg_fpga_axi_vdma_0_0/hdl/axi_vdma_v6_3_rfs.vhd:63909]
INFO: [Synth 8-638] synthesizing module 'axi_vdma_sm' [f:/Haoyang_Sun/experiments/labs/lab13/lab13.gen/sources_1/bd/design_1/ip/design_1_cg_fpga_0_0/src/cg_fpga_axi_vdma_0_0/hdl/axi_vdma_v6_3_rfs.vhd:61588]
INFO: [Synth 8-256] done synthesizing module 'axi_vdma_sm' (0#1) [f:/Haoyang_Sun/experiments/labs/lab13/lab13.gen/sources_1/bd/design_1/ip/design_1_cg_fpga_0_0/src/cg_fpga_axi_vdma_0_0/hdl/axi_vdma_v6_3_rfs.vhd:61588]
INFO: [Synth 8-638] synthesizing module 'axi_vdma_cmdsts_if' [f:/Haoyang_Sun/experiments/labs/lab13/lab13.gen/sources_1/bd/design_1/ip/design_1_cg_fpga_0_0/src/cg_fpga_axi_vdma_0_0/hdl/axi_vdma_v6_3_rfs.vhd:62798]
INFO: [Synth 8-256] done synthesizing module 'axi_vdma_cmdsts_if' (0#1) [f:/Haoyang_Sun/experiments/labs/lab13/lab13.gen/sources_1/bd/design_1/ip/design_1_cg_fpga_0_0/src/cg_fpga_axi_vdma_0_0/hdl/axi_vdma_v6_3_rfs.vhd:62798]
INFO: [Synth 8-638] synthesizing module 'axi_vdma_sts_mngr' [f:/Haoyang_Sun/experiments/labs/lab13/lab13.gen/sources_1/bd/design_1/ip/design_1_cg_fpga_0_0/src/cg_fpga_axi_vdma_0_0/hdl/axi_vdma_v6_3_rfs.vhd:63299]
INFO: [Synth 8-256] done synthesizing module 'axi_vdma_sts_mngr' (0#1) [f:/Haoyang_Sun/experiments/labs/lab13/lab13.gen/sources_1/bd/design_1/ip/design_1_cg_fpga_0_0/src/cg_fpga_axi_vdma_0_0/hdl/axi_vdma_v6_3_rfs.vhd:63299]
INFO: [Synth 8-638] synthesizing module 'axi_vdma_vidreg_module' [f:/Haoyang_Sun/experiments/labs/lab13/lab13.gen/sources_1/bd/design_1/ip/design_1_cg_fpga_0_0/src/cg_fpga_axi_vdma_0_0/hdl/axi_vdma_v6_3_rfs.vhd:55802]
INFO: [Synth 8-638] synthesizing module 'axi_vdma_vregister' [f:/Haoyang_Sun/experiments/labs/lab13/lab13.gen/sources_1/bd/design_1/ip/design_1_cg_fpga_0_0/src/cg_fpga_axi_vdma_0_0/hdl/axi_vdma_v6_3_rfs.vhd:53718]
INFO: [Synth 8-256] done synthesizing module 'axi_vdma_vregister' (0#1) [f:/Haoyang_Sun/experiments/labs/lab13/lab13.gen/sources_1/bd/design_1/ip/design_1_cg_fpga_0_0/src/cg_fpga_axi_vdma_0_0/hdl/axi_vdma_v6_3_rfs.vhd:53718]
INFO: [Synth 8-638] synthesizing module 'axi_vdma_vaddrreg_mux' [f:/Haoyang_Sun/experiments/labs/lab13/lab13.gen/sources_1/bd/design_1/ip/design_1_cg_fpga_0_0/src/cg_fpga_axi_vdma_0_0/hdl/axi_vdma_v6_3_rfs.vhd:55291]
INFO: [Synth 8-256] done synthesizing module 'axi_vdma_vaddrreg_mux' (0#1) [f:/Haoyang_Sun/experiments/labs/lab13/lab13.gen/sources_1/bd/design_1/ip/design_1_cg_fpga_0_0/src/cg_fpga_axi_vdma_0_0/hdl/axi_vdma_v6_3_rfs.vhd:55291]
INFO: [Synth 8-256] done synthesizing module 'axi_vdma_vidreg_module' (0#1) [f:/Haoyang_Sun/experiments/labs/lab13/lab13.gen/sources_1/bd/design_1/ip/design_1_cg_fpga_0_0/src/cg_fpga_axi_vdma_0_0/hdl/axi_vdma_v6_3_rfs.vhd:55802]
INFO: [Synth 8-638] synthesizing module 'axi_vdma_genlock_mngr' [f:/Haoyang_Sun/experiments/labs/lab13/lab13.gen/sources_1/bd/design_1/ip/design_1_cg_fpga_0_0/src/cg_fpga_axi_vdma_0_0/hdl/axi_vdma_v6_3_rfs.vhd:58321]
INFO: [Synth 8-638] synthesizing module 'axi_vdma_genlock_mux' [f:/Haoyang_Sun/experiments/labs/lab13/lab13.gen/sources_1/bd/design_1/ip/design_1_cg_fpga_0_0/src/cg_fpga_axi_vdma_0_0/hdl/axi_vdma_v6_3_rfs.vhd:57071]
INFO: [Synth 8-256] done synthesizing module 'axi_vdma_genlock_mux' (0#1) [f:/Haoyang_Sun/experiments/labs/lab13/lab13.gen/sources_1/bd/design_1/ip/design_1_cg_fpga_0_0/src/cg_fpga_axi_vdma_0_0/hdl/axi_vdma_v6_3_rfs.vhd:57071]
INFO: [Synth 8-638] synthesizing module 'axi_vdma_greycoder' [f:/Haoyang_Sun/experiments/labs/lab13/lab13.gen/sources_1/bd/design_1/ip/design_1_cg_fpga_0_0/src/cg_fpga_axi_vdma_0_0/hdl/axi_vdma_v6_3_rfs.vhd:58040]
INFO: [Synth 8-256] done synthesizing module 'axi_vdma_greycoder' (0#1) [f:/Haoyang_Sun/experiments/labs/lab13/lab13.gen/sources_1/bd/design_1/ip/design_1_cg_fpga_0_0/src/cg_fpga_axi_vdma_0_0/hdl/axi_vdma_v6_3_rfs.vhd:58040]
INFO: [Synth 8-638] synthesizing module 'axi_vdma_greycoder__parameterized0' [f:/Haoyang_Sun/experiments/labs/lab13/lab13.gen/sources_1/bd/design_1/ip/design_1_cg_fpga_0_0/src/cg_fpga_axi_vdma_0_0/hdl/axi_vdma_v6_3_rfs.vhd:58040]
INFO: [Synth 8-256] done synthesizing module 'axi_vdma_greycoder__parameterized0' (0#1) [f:/Haoyang_Sun/experiments/labs/lab13/lab13.gen/sources_1/bd/design_1/ip/design_1_cg_fpga_0_0/src/cg_fpga_axi_vdma_0_0/hdl/axi_vdma_v6_3_rfs.vhd:58040]
INFO: [Synth 8-256] done synthesizing module 'axi_vdma_genlock_mngr' (0#1) [f:/Haoyang_Sun/experiments/labs/lab13/lab13.gen/sources_1/bd/design_1/ip/design_1_cg_fpga_0_0/src/cg_fpga_axi_vdma_0_0/hdl/axi_vdma_v6_3_rfs.vhd:58321]
INFO: [Synth 8-256] done synthesizing module 'axi_vdma_mngr' (0#1) [f:/Haoyang_Sun/experiments/labs/lab13/lab13.gen/sources_1/bd/design_1/ip/design_1_cg_fpga_0_0/src/cg_fpga_axi_vdma_0_0/hdl/axi_vdma_v6_3_rfs.vhd:63909]
INFO: [Synth 8-638] synthesizing module 'axi_vdma_fsync_gen' [f:/Haoyang_Sun/experiments/labs/lab13/lab13.gen/sources_1/bd/design_1/ip/design_1_cg_fpga_0_0/src/cg_fpga_axi_vdma_0_0/hdl/axi_vdma_v6_3_rfs.vhd:52853]
INFO: [Synth 8-256] done synthesizing module 'axi_vdma_fsync_gen' (0#1) [f:/Haoyang_Sun/experiments/labs/lab13/lab13.gen/sources_1/bd/design_1/ip/design_1_cg_fpga_0_0/src/cg_fpga_axi_vdma_0_0/hdl/axi_vdma_v6_3_rfs.vhd:52853]
INFO: [Synth 8-638] synthesizing module 'axi_vdma_vid_cdc' [f:/Haoyang_Sun/experiments/labs/lab13/lab13.gen/sources_1/bd/design_1/ip/design_1_cg_fpga_0_0/src/cg_fpga_axi_vdma_0_0/hdl/axi_vdma_v6_3_rfs.vhd:13132]
INFO: [Synth 8-256] done synthesizing module 'axi_vdma_vid_cdc' (0#1) [f:/Haoyang_Sun/experiments/labs/lab13/lab13.gen/sources_1/bd/design_1/ip/design_1_cg_fpga_0_0/src/cg_fpga_axi_vdma_0_0/hdl/axi_vdma_v6_3_rfs.vhd:13132]
INFO: [Synth 8-638] synthesizing module 'axi_vdma_sof_gen' [f:/Haoyang_Sun/experiments/labs/lab13/lab13.gen/sources_1/bd/design_1/ip/design_1_cg_fpga_0_0/src/cg_fpga_axi_vdma_0_0/hdl/axi_vdma_v6_3_rfs.vhd:41066]
INFO: [Synth 8-256] done synthesizing module 'axi_vdma_sof_gen' (0#1) [f:/Haoyang_Sun/experiments/labs/lab13/lab13.gen/sources_1/bd/design_1/ip/design_1_cg_fpga_0_0/src/cg_fpga_axi_vdma_0_0/hdl/axi_vdma_v6_3_rfs.vhd:41066]
INFO: [Synth 8-638] synthesizing module 'axi_vdma_mm2s_linebuf' [f:/Haoyang_Sun/experiments/labs/lab13/lab13.gen/sources_1/bd/design_1/ip/design_1_cg_fpga_0_0/src/cg_fpga_axi_vdma_0_0/hdl/axi_vdma_v6_3_rfs.vhd:46182]
INFO: [Synth 8-638] synthesizing module 'axi_vdma_sfifo' [f:/Haoyang_Sun/experiments/labs/lab13/lab13.gen/sources_1/bd/design_1/ip/design_1_cg_fpga_0_0/src/cg_fpga_axi_vdma_0_0/hdl/axi_vdma_v6_3_rfs.vhd:41858]
	Parameter FIFO_MEMORY_TYPE bound to: auto - type: string 
	Parameter FIFO_WRITE_DEPTH bound to: 512 - type: integer 
	Parameter WRITE_DATA_WIDTH bound to: 34 - type: integer 
	Parameter READ_MODE bound to: fwft - type: string 
	Parameter FIFO_READ_LATENCY bound to: 0 - type: integer 
	Parameter FULL_RESET_VALUE bound to: 0 - type: integer 
	Parameter USE_ADV_FEATURES bound to: 1717 - type: string 
	Parameter READ_DATA_WIDTH bound to: 34 - type: integer 
	Parameter WR_DATA_COUNT_WIDTH bound to: 10 - type: integer 
	Parameter PROG_FULL_THRESH bound to: 10 - type: integer 
	Parameter RD_DATA_COUNT_WIDTH bound to: 10 - type: integer 
	Parameter PROG_EMPTY_THRESH bound to: 10 - type: integer 
	Parameter DOUT_RESET_VALUE bound to: 0 - type: string 
	Parameter ECC_MODE bound to: no_ecc - type: string 
	Parameter WAKEUP_TIME bound to: 0 - type: integer 
INFO: [Synth 8-3491] module 'xpm_fifo_sync' declared at 'E:/vivado/Vivado/2024.2/data/ip/xpm/xpm_fifo/hdl/xpm_fifo.sv:1975' bound to instance 'xpm_fifo_sync_inst' of component 'xpm_fifo_sync' [f:/Haoyang_Sun/experiments/labs/lab13/lab13.gen/sources_1/bd/design_1/ip/design_1_cg_fpga_0_0/src/cg_fpga_axi_vdma_0_0/hdl/axi_vdma_v6_3_rfs.vhd:42065]
INFO: [Synth 8-6157] synthesizing module 'xpm_fifo_sync' [E:/vivado/Vivado/2024.2/data/ip/xpm/xpm_fifo/hdl/xpm_fifo.sv:1975]
INFO: [Synth 8-6157] synthesizing module 'xpm_fifo_base' [E:/vivado/Vivado/2024.2/data/ip/xpm/xpm_fifo/hdl/xpm_fifo.sv:53]
INFO: [Synth 8-6157] synthesizing module 'xpm_memory_base' [E:/vivado/Vivado/2024.2/data/ip/xpm/xpm_memory/hdl/xpm_memory.sv:54]
INFO: [Synth 8-6059] Synth Info: [XPM_MEMORY 20-1] MEMORY_PRIMITIVE (0) instructs Vivado Synthesis to choose the memory primitive type. Depending on their values, other XPM_MEMORY parameters may preclude the choice of certain memory primitive types. Review XPM_MEMORY documentation and parameter values to understand any limitations, or set MEMORY_PRIMITIVE to a different value.   [E:/vivado/Vivado/2024.2/data/ip/xpm/xpm_memory/hdl/xpm_memory.sv:514]
INFO: [Synth 8-6155] done synthesizing module 'xpm_memory_base' (0#1) [E:/vivado/Vivado/2024.2/data/ip/xpm/xpm_memory/hdl/xpm_memory.sv:54]
INFO: [Synth 8-226] default block is never used [E:/vivado/Vivado/2024.2/data/ip/xpm/xpm_fifo/hdl/xpm_fifo.sv:1220]
INFO: [Synth 8-226] default block is never used [E:/vivado/Vivado/2024.2/data/ip/xpm/xpm_fifo/hdl/xpm_fifo.sv:1287]
INFO: [Synth 8-226] default block is never used [E:/vivado/Vivado/2024.2/data/ip/xpm/xpm_fifo/hdl/xpm_fifo.sv:1309]
INFO: [Synth 8-6157] synthesizing module 'xpm_fifo_reg_bit' [E:/vivado/Vivado/2024.2/data/ip/xpm/xpm_fifo/hdl/xpm_fifo.sv:1927]
INFO: [Synth 8-6155] done synthesizing module 'xpm_fifo_reg_bit' (0#1) [E:/vivado/Vivado/2024.2/data/ip/xpm/xpm_fifo/hdl/xpm_fifo.sv:1927]
INFO: [Synth 8-6157] synthesizing module 'xpm_counter_updn' [E:/vivado/Vivado/2024.2/data/ip/xpm/xpm_fifo/hdl/xpm_fifo.sv:1879]
INFO: [Synth 8-6155] done synthesizing module 'xpm_counter_updn' (0#1) [E:/vivado/Vivado/2024.2/data/ip/xpm/xpm_fifo/hdl/xpm_fifo.sv:1879]
INFO: [Synth 8-6157] synthesizing module 'xpm_fifo_rst' [E:/vivado/Vivado/2024.2/data/ip/xpm/xpm_fifo/hdl/xpm_fifo.sv:1639]
INFO: [Synth 8-6155] done synthesizing module 'xpm_fifo_rst' (0#1) [E:/vivado/Vivado/2024.2/data/ip/xpm/xpm_fifo/hdl/xpm_fifo.sv:1639]
INFO: [Synth 8-6157] synthesizing module 'xpm_counter_updn__parameterized0' [E:/vivado/Vivado/2024.2/data/ip/xpm/xpm_fifo/hdl/xpm_fifo.sv:1879]
INFO: [Synth 8-6155] done synthesizing module 'xpm_counter_updn__parameterized0' (0#1) [E:/vivado/Vivado/2024.2/data/ip/xpm/xpm_fifo/hdl/xpm_fifo.sv:1879]
INFO: [Synth 8-6157] synthesizing module 'xpm_counter_updn__parameterized1' [E:/vivado/Vivado/2024.2/data/ip/xpm/xpm_fifo/hdl/xpm_fifo.sv:1879]
INFO: [Synth 8-6155] done synthesizing module 'xpm_counter_updn__parameterized1' (0#1) [E:/vivado/Vivado/2024.2/data/ip/xpm/xpm_fifo/hdl/xpm_fifo.sv:1879]
INFO: [Synth 8-6157] synthesizing module 'xpm_counter_updn__parameterized2' [E:/vivado/Vivado/2024.2/data/ip/xpm/xpm_fifo/hdl/xpm_fifo.sv:1879]
INFO: [Synth 8-6155] done synthesizing module 'xpm_counter_updn__parameterized2' (0#1) [E:/vivado/Vivado/2024.2/data/ip/xpm/xpm_fifo/hdl/xpm_fifo.sv:1879]
INFO: [Synth 8-6155] done synthesizing module 'xpm_fifo_base' (0#1) [E:/vivado/Vivado/2024.2/data/ip/xpm/xpm_fifo/hdl/xpm_fifo.sv:53]
INFO: [Synth 8-6155] done synthesizing module 'xpm_fifo_sync' (0#1) [E:/vivado/Vivado/2024.2/data/ip/xpm/xpm_fifo/hdl/xpm_fifo.sv:1975]
INFO: [Synth 8-256] done synthesizing module 'axi_vdma_sfifo' (0#1) [f:/Haoyang_Sun/experiments/labs/lab13/lab13.gen/sources_1/bd/design_1/ip/design_1_cg_fpga_0_0/src/cg_fpga_axi_vdma_0_0/hdl/axi_vdma_v6_3_rfs.vhd:41858]
INFO: [Synth 8-638] synthesizing module 'axi_vdma_skid_buf' [f:/Haoyang_Sun/experiments/labs/lab13/lab13.gen/sources_1/bd/design_1/ip/design_1_cg_fpga_0_0/src/cg_fpga_axi_vdma_0_0/hdl/axi_vdma_v6_3_rfs.vhd:41307]
INFO: [Synth 8-256] done synthesizing module 'axi_vdma_skid_buf' (0#1) [f:/Haoyang_Sun/experiments/labs/lab13/lab13.gen/sources_1/bd/design_1/ip/design_1_cg_fpga_0_0/src/cg_fpga_axi_vdma_0_0/hdl/axi_vdma_v6_3_rfs.vhd:41307]
INFO: [Synth 8-256] done synthesizing module 'axi_vdma_mm2s_linebuf' (0#1) [f:/Haoyang_Sun/experiments/labs/lab13/lab13.gen/sources_1/bd/design_1/ip/design_1_cg_fpga_0_0/src/cg_fpga_axi_vdma_0_0/hdl/axi_vdma_v6_3_rfs.vhd:46182]
INFO: [Synth 8-638] synthesizing module 'axi_vdma_skid_buf__parameterized0' [f:/Haoyang_Sun/experiments/labs/lab13/lab13.gen/sources_1/bd/design_1/ip/design_1_cg_fpga_0_0/src/cg_fpga_axi_vdma_0_0/hdl/axi_vdma_v6_3_rfs.vhd:41307]
INFO: [Synth 8-256] done synthesizing module 'axi_vdma_skid_buf__parameterized0' (0#1) [f:/Haoyang_Sun/experiments/labs/lab13/lab13.gen/sources_1/bd/design_1/ip/design_1_cg_fpga_0_0/src/cg_fpga_axi_vdma_0_0/hdl/axi_vdma_v6_3_rfs.vhd:41307]
INFO: [Synth 8-638] synthesizing module 'axi_vdma_s2mm_axis_dwidth_converter' [f:/Haoyang_Sun/experiments/labs/lab13/lab13.gen/sources_1/bd/design_1/ip/design_1_cg_fpga_0_0/src/cg_fpga_axi_vdma_0_0/hdl/axi_vdma_v6_3_rfs.vhd:68753]
	Parameter C_S_AXIS_TDATA_WIDTH bound to: 24 - type: integer 
	Parameter C_M_AXIS_TDATA_WIDTH bound to: 32 - type: integer 
	Parameter C_AXIS_TID_WIDTH bound to: 1 - type: integer 
	Parameter C_AXIS_TDEST_WIDTH bound to: 1 - type: integer 
	Parameter C_S_AXIS_TUSER_WIDTH bound to: 3 - type: integer 
	Parameter C_M_AXIS_TUSER_WIDTH bound to: 4 - type: integer 
	Parameter C_FAMILY bound to: zynq - type: string 
INFO: [Synth 8-3491] module 'axi_vdma_v6_3_21_axis_dwidth_converter_v1_0_axis_dwidth_converter' declared at 'f:/Haoyang_Sun/experiments/labs/lab13/lab13.gen/sources_1/bd/design_1/ip/design_1_cg_fpga_0_0/src/cg_fpga_axi_vdma_0_0/hdl/axi_vdma_v6_3_rfs.v:1930' bound to instance 'S2MM_AXIS_DWIDTH_CONVERTER_I' of component 'axi_vdma_v6_3_21_axis_dwidth_converter_v1_0_axis_dwidth_converter' [f:/Haoyang_Sun/experiments/labs/lab13/lab13.gen/sources_1/bd/design_1/ip/design_1_cg_fpga_0_0/src/cg_fpga_axi_vdma_0_0/hdl/axi_vdma_v6_3_rfs.vhd:68884]
INFO: [Synth 8-6157] synthesizing module 'axi_vdma_v6_3_21_axis_dwidth_converter_v1_0_axis_dwidth_converter' [f:/Haoyang_Sun/experiments/labs/lab13/lab13.gen/sources_1/bd/design_1/ip/design_1_cg_fpga_0_0/src/cg_fpga_axi_vdma_0_0/hdl/axi_vdma_v6_3_rfs.v:1930]
INFO: [Synth 8-6157] synthesizing module 'axi_vdma_v6_3_21_axis_dwidth_converter_v1_0_axisc_upsizer' [f:/Haoyang_Sun/experiments/labs/lab13/lab13.gen/sources_1/bd/design_1/ip/design_1_cg_fpga_0_0/src/cg_fpga_axi_vdma_0_0/hdl/axi_vdma_v6_3_rfs.v:1185]
INFO: [Synth 8-6155] done synthesizing module 'axi_vdma_v6_3_21_axis_dwidth_converter_v1_0_axisc_upsizer' (0#1) [f:/Haoyang_Sun/experiments/labs/lab13/lab13.gen/sources_1/bd/design_1/ip/design_1_cg_fpga_0_0/src/cg_fpga_axi_vdma_0_0/hdl/axi_vdma_v6_3_rfs.v:1185]
INFO: [Synth 8-6157] synthesizing module 'axi_vdma_v6_3_21_axis_dwidth_converter_v1_0_axisc_downsizer' [f:/Haoyang_Sun/experiments/labs/lab13/lab13.gen/sources_1/bd/design_1/ip/design_1_cg_fpga_0_0/src/cg_fpga_axi_vdma_0_0/hdl/axi_vdma_v6_3_rfs.v:1551]
INFO: [Synth 8-6155] done synthesizing module 'axi_vdma_v6_3_21_axis_dwidth_converter_v1_0_axisc_downsizer' (0#1) [f:/Haoyang_Sun/experiments/labs/lab13/lab13.gen/sources_1/bd/design_1/ip/design_1_cg_fpga_0_0/src/cg_fpga_axi_vdma_0_0/hdl/axi_vdma_v6_3_rfs.v:1551]
INFO: [Synth 8-6157] synthesizing module 'axi_vdma_v6_3_21_axis_register_slice_v1_0_axis_register_slice' [f:/Haoyang_Sun/experiments/labs/lab13/lab13.gen/sources_1/bd/design_1/ip/design_1_cg_fpga_0_0/src/cg_fpga_axi_vdma_0_0/hdl/axi_vdma_v6_3_rfs.v:974]
INFO: [Synth 8-6157] synthesizing module 'axi_vdma_v6_3_21_axis_infrastructure_v1_0_util_axis2vector' [f:/Haoyang_Sun/experiments/labs/lab13/lab13.gen/sources_1/bd/design_1/ip/design_1_cg_fpga_0_0/src/cg_fpga_axi_vdma_0_0/hdl/axi_vdma_v6_3_rfs.v:61]
INFO: [Synth 8-6155] done synthesizing module 'axi_vdma_v6_3_21_axis_infrastructure_v1_0_util_axis2vector' (0#1) [f:/Haoyang_Sun/experiments/labs/lab13/lab13.gen/sources_1/bd/design_1/ip/design_1_cg_fpga_0_0/src/cg_fpga_axi_vdma_0_0/hdl/axi_vdma_v6_3_rfs.v:61]
INFO: [Synth 8-6157] synthesizing module 'axi_vdma_v6_3_21_axis_register_slice_v1_0_axisc_register_slice' [f:/Haoyang_Sun/experiments/labs/lab13/lab13.gen/sources_1/bd/design_1/ip/design_1_cg_fpga_0_0/src/cg_fpga_axi_vdma_0_0/hdl/axi_vdma_v6_3_rfs.v:387]
INFO: [Synth 8-6155] done synthesizing module 'axi_vdma_v6_3_21_axis_register_slice_v1_0_axisc_register_slice' (0#1) [f:/Haoyang_Sun/experiments/labs/lab13/lab13.gen/sources_1/bd/design_1/ip/design_1_cg_fpga_0_0/src/cg_fpga_axi_vdma_0_0/hdl/axi_vdma_v6_3_rfs.v:387]
INFO: [Synth 8-6157] synthesizing module 'axi_vdma_v6_3_21_axis_infrastructure_v1_0_util_vector2axis' [f:/Haoyang_Sun/experiments/labs/lab13/lab13.gen/sources_1/bd/design_1/ip/design_1_cg_fpga_0_0/src/cg_fpga_axi_vdma_0_0/hdl/axi_vdma_v6_3_rfs.v:225]
INFO: [Synth 8-6155] done synthesizing module 'axi_vdma_v6_3_21_axis_infrastructure_v1_0_util_vector2axis' (0#1) [f:/Haoyang_Sun/experiments/labs/lab13/lab13.gen/sources_1/bd/design_1/ip/design_1_cg_fpga_0_0/src/cg_fpga_axi_vdma_0_0/hdl/axi_vdma_v6_3_rfs.v:225]
INFO: [Synth 8-6155] done synthesizing module 'axi_vdma_v6_3_21_axis_register_slice_v1_0_axis_register_slice' (0#1) [f:/Haoyang_Sun/experiments/labs/lab13/lab13.gen/sources_1/bd/design_1/ip/design_1_cg_fpga_0_0/src/cg_fpga_axi_vdma_0_0/hdl/axi_vdma_v6_3_rfs.v:974]
INFO: [Synth 8-6157] synthesizing module 'axi_vdma_v6_3_21_axis_register_slice_v1_0_axis_register_slice__parameterized0' [f:/Haoyang_Sun/experiments/labs/lab13/lab13.gen/sources_1/bd/design_1/ip/design_1_cg_fpga_0_0/src/cg_fpga_axi_vdma_0_0/hdl/axi_vdma_v6_3_rfs.v:974]
INFO: [Synth 8-6157] synthesizing module 'axi_vdma_v6_3_21_axis_infrastructure_v1_0_util_axis2vector__parameterized0' [f:/Haoyang_Sun/experiments/labs/lab13/lab13.gen/sources_1/bd/design_1/ip/design_1_cg_fpga_0_0/src/cg_fpga_axi_vdma_0_0/hdl/axi_vdma_v6_3_rfs.v:61]
INFO: [Synth 8-6155] done synthesizing module 'axi_vdma_v6_3_21_axis_infrastructure_v1_0_util_axis2vector__parameterized0' (0#1) [f:/Haoyang_Sun/experiments/labs/lab13/lab13.gen/sources_1/bd/design_1/ip/design_1_cg_fpga_0_0/src/cg_fpga_axi_vdma_0_0/hdl/axi_vdma_v6_3_rfs.v:61]
INFO: [Synth 8-6157] synthesizing module 'axi_vdma_v6_3_21_axis_register_slice_v1_0_axisc_register_slice__parameterized0' [f:/Haoyang_Sun/experiments/labs/lab13/lab13.gen/sources_1/bd/design_1/ip/design_1_cg_fpga_0_0/src/cg_fpga_axi_vdma_0_0/hdl/axi_vdma_v6_3_rfs.v:387]
INFO: [Synth 8-6155] done synthesizing module 'axi_vdma_v6_3_21_axis_register_slice_v1_0_axisc_register_slice__parameterized0' (0#1) [f:/Haoyang_Sun/experiments/labs/lab13/lab13.gen/sources_1/bd/design_1/ip/design_1_cg_fpga_0_0/src/cg_fpga_axi_vdma_0_0/hdl/axi_vdma_v6_3_rfs.v:387]
INFO: [Synth 8-6157] synthesizing module 'axi_vdma_v6_3_21_axis_infrastructure_v1_0_util_vector2axis__parameterized0' [f:/Haoyang_Sun/experiments/labs/lab13/lab13.gen/sources_1/bd/design_1/ip/design_1_cg_fpga_0_0/src/cg_fpga_axi_vdma_0_0/hdl/axi_vdma_v6_3_rfs.v:225]
INFO: [Synth 8-6155] done synthesizing module 'axi_vdma_v6_3_21_axis_infrastructure_v1_0_util_vector2axis__parameterized0' (0#1) [f:/Haoyang_Sun/experiments/labs/lab13/lab13.gen/sources_1/bd/design_1/ip/design_1_cg_fpga_0_0/src/cg_fpga_axi_vdma_0_0/hdl/axi_vdma_v6_3_rfs.v:225]
INFO: [Synth 8-6155] done synthesizing module 'axi_vdma_v6_3_21_axis_register_slice_v1_0_axis_register_slice__parameterized0' (0#1) [f:/Haoyang_Sun/experiments/labs/lab13/lab13.gen/sources_1/bd/design_1/ip/design_1_cg_fpga_0_0/src/cg_fpga_axi_vdma_0_0/hdl/axi_vdma_v6_3_rfs.v:974]
INFO: [Synth 8-6155] done synthesizing module 'axi_vdma_v6_3_21_axis_dwidth_converter_v1_0_axis_dwidth_converter' (0#1) [f:/Haoyang_Sun/experiments/labs/lab13/lab13.gen/sources_1/bd/design_1/ip/design_1_cg_fpga_0_0/src/cg_fpga_axi_vdma_0_0/hdl/axi_vdma_v6_3_rfs.v:1930]
INFO: [Synth 8-256] done synthesizing module 'axi_vdma_s2mm_axis_dwidth_converter' (0#1) [f:/Haoyang_Sun/experiments/labs/lab13/lab13.gen/sources_1/bd/design_1/ip/design_1_cg_fpga_0_0/src/cg_fpga_axi_vdma_0_0/hdl/axi_vdma_v6_3_rfs.vhd:68753]
INFO: [Synth 8-638] synthesizing module 'axi_vdma_reg_module__parameterized0' [f:/Haoyang_Sun/experiments/labs/lab13/lab13.gen/sources_1/bd/design_1/ip/design_1_cg_fpga_0_0/src/cg_fpga_axi_vdma_0_0/hdl/axi_vdma_v6_3_rfs.vhd:38902]
INFO: [Synth 8-638] synthesizing module 'axi_vdma_register__parameterized0' [f:/Haoyang_Sun/experiments/labs/lab13/lab13.gen/sources_1/bd/design_1/ip/design_1_cg_fpga_0_0/src/cg_fpga_axi_vdma_0_0/hdl/axi_vdma_v6_3_rfs.vhd:18566]
INFO: [Synth 8-256] done synthesizing module 'axi_vdma_register__parameterized0' (0#1) [f:/Haoyang_Sun/experiments/labs/lab13/lab13.gen/sources_1/bd/design_1/ip/design_1_cg_fpga_0_0/src/cg_fpga_axi_vdma_0_0/hdl/axi_vdma_v6_3_rfs.vhd:18566]
INFO: [Synth 8-638] synthesizing module 'axi_vdma_regdirect__parameterized0' [f:/Haoyang_Sun/experiments/labs/lab13/lab13.gen/sources_1/bd/design_1/ip/design_1_cg_fpga_0_0/src/cg_fpga_axi_vdma_0_0/hdl/axi_vdma_v6_3_rfs.vhd:20376]
INFO: [Synth 8-256] done synthesizing module 'axi_vdma_regdirect__parameterized0' (0#1) [f:/Haoyang_Sun/experiments/labs/lab13/lab13.gen/sources_1/bd/design_1/ip/design_1_cg_fpga_0_0/src/cg_fpga_axi_vdma_0_0/hdl/axi_vdma_v6_3_rfs.vhd:20376]
INFO: [Synth 8-638] synthesizing module 'axi_vdma_reg_mux__parameterized0' [f:/Haoyang_Sun/experiments/labs/lab13/lab13.gen/sources_1/bd/design_1/ip/design_1_cg_fpga_0_0/src/cg_fpga_axi_vdma_0_0/hdl/axi_vdma_v6_3_rfs.vhd:29433]
INFO: [Synth 8-256] done synthesizing module 'axi_vdma_reg_mux__parameterized0' (0#1) [f:/Haoyang_Sun/experiments/labs/lab13/lab13.gen/sources_1/bd/design_1/ip/design_1_cg_fpga_0_0/src/cg_fpga_axi_vdma_0_0/hdl/axi_vdma_v6_3_rfs.vhd:29433]
INFO: [Synth 8-256] done synthesizing module 'axi_vdma_reg_module__parameterized0' (0#1) [f:/Haoyang_Sun/experiments/labs/lab13/lab13.gen/sources_1/bd/design_1/ip/design_1_cg_fpga_0_0/src/cg_fpga_axi_vdma_0_0/hdl/axi_vdma_v6_3_rfs.vhd:38902]
INFO: [Synth 8-638] synthesizing module 'axi_vdma_mngr__parameterized0' [f:/Haoyang_Sun/experiments/labs/lab13/lab13.gen/sources_1/bd/design_1/ip/design_1_cg_fpga_0_0/src/cg_fpga_axi_vdma_0_0/hdl/axi_vdma_v6_3_rfs.vhd:63909]
INFO: [Synth 8-638] synthesizing module 'axi_vdma_sm__parameterized0' [f:/Haoyang_Sun/experiments/labs/lab13/lab13.gen/sources_1/bd/design_1/ip/design_1_cg_fpga_0_0/src/cg_fpga_axi_vdma_0_0/hdl/axi_vdma_v6_3_rfs.vhd:61588]
INFO: [Synth 8-256] done synthesizing module 'axi_vdma_sm__parameterized0' (0#1) [f:/Haoyang_Sun/experiments/labs/lab13/lab13.gen/sources_1/bd/design_1/ip/design_1_cg_fpga_0_0/src/cg_fpga_axi_vdma_0_0/hdl/axi_vdma_v6_3_rfs.vhd:61588]
INFO: [Synth 8-638] synthesizing module 'axi_vdma_cmdsts_if__parameterized0' [f:/Haoyang_Sun/experiments/labs/lab13/lab13.gen/sources_1/bd/design_1/ip/design_1_cg_fpga_0_0/src/cg_fpga_axi_vdma_0_0/hdl/axi_vdma_v6_3_rfs.vhd:62798]
INFO: [Synth 8-256] done synthesizing module 'axi_vdma_cmdsts_if__parameterized0' (0#1) [f:/Haoyang_Sun/experiments/labs/lab13/lab13.gen/sources_1/bd/design_1/ip/design_1_cg_fpga_0_0/src/cg_fpga_axi_vdma_0_0/hdl/axi_vdma_v6_3_rfs.vhd:62798]
INFO: [Synth 8-638] synthesizing module 'axi_vdma_genlock_mngr__parameterized0' [f:/Haoyang_Sun/experiments/labs/lab13/lab13.gen/sources_1/bd/design_1/ip/design_1_cg_fpga_0_0/src/cg_fpga_axi_vdma_0_0/hdl/axi_vdma_v6_3_rfs.vhd:58321]
INFO: [Synth 8-256] done synthesizing module 'axi_vdma_genlock_mngr__parameterized0' (0#1) [f:/Haoyang_Sun/experiments/labs/lab13/lab13.gen/sources_1/bd/design_1/ip/design_1_cg_fpga_0_0/src/cg_fpga_axi_vdma_0_0/hdl/axi_vdma_v6_3_rfs.vhd:58321]
INFO: [Synth 8-256] done synthesizing module 'axi_vdma_mngr__parameterized0' (0#1) [f:/Haoyang_Sun/experiments/labs/lab13/lab13.gen/sources_1/bd/design_1/ip/design_1_cg_fpga_0_0/src/cg_fpga_axi_vdma_0_0/hdl/axi_vdma_v6_3_rfs.vhd:63909]
INFO: [Synth 8-638] synthesizing module 'axi_vdma_fsync_gen__parameterized0' [f:/Haoyang_Sun/experiments/labs/lab13/lab13.gen/sources_1/bd/design_1/ip/design_1_cg_fpga_0_0/src/cg_fpga_axi_vdma_0_0/hdl/axi_vdma_v6_3_rfs.vhd:52853]
INFO: [Synth 8-256] done synthesizing module 'axi_vdma_fsync_gen__parameterized0' (0#1) [f:/Haoyang_Sun/experiments/labs/lab13/lab13.gen/sources_1/bd/design_1/ip/design_1_cg_fpga_0_0/src/cg_fpga_axi_vdma_0_0/hdl/axi_vdma_v6_3_rfs.vhd:52853]
INFO: [Synth 8-638] synthesizing module 'axi_vdma_s2mm_linebuf' [f:/Haoyang_Sun/experiments/labs/lab13/lab13.gen/sources_1/bd/design_1/ip/design_1_cg_fpga_0_0/src/cg_fpga_axi_vdma_0_0/hdl/axi_vdma_v6_3_rfs.vhd:49047]
INFO: [Synth 8-638] synthesizing module 'axi_vdma_sfifo__parameterized0' [f:/Haoyang_Sun/experiments/labs/lab13/lab13.gen/sources_1/bd/design_1/ip/design_1_cg_fpga_0_0/src/cg_fpga_axi_vdma_0_0/hdl/axi_vdma_v6_3_rfs.vhd:41858]
	Parameter FIFO_MEMORY_TYPE bound to: auto - type: string 
	Parameter FIFO_WRITE_DEPTH bound to: 512 - type: integer 
	Parameter WRITE_DATA_WIDTH bound to: 37 - type: integer 
	Parameter READ_MODE bound to: fwft - type: string 
	Parameter FIFO_READ_LATENCY bound to: 0 - type: integer 
	Parameter FULL_RESET_VALUE bound to: 0 - type: integer 
	Parameter USE_ADV_FEATURES bound to: 1717 - type: string 
	Parameter READ_DATA_WIDTH bound to: 37 - type: integer 
	Parameter WR_DATA_COUNT_WIDTH bound to: 10 - type: integer 
	Parameter PROG_FULL_THRESH bound to: 10 - type: integer 
	Parameter RD_DATA_COUNT_WIDTH bound to: 10 - type: integer 
	Parameter PROG_EMPTY_THRESH bound to: 10 - type: integer 
	Parameter DOUT_RESET_VALUE bound to: 0 - type: string 
	Parameter ECC_MODE bound to: no_ecc - type: string 
	Parameter WAKEUP_TIME bound to: 0 - type: integer 
INFO: [Synth 8-3491] module 'xpm_fifo_sync' declared at 'E:/vivado/Vivado/2024.2/data/ip/xpm/xpm_fifo/hdl/xpm_fifo.sv:1975' bound to instance 'xpm_fifo_sync_inst' of component 'xpm_fifo_sync' [f:/Haoyang_Sun/experiments/labs/lab13/lab13.gen/sources_1/bd/design_1/ip/design_1_cg_fpga_0_0/src/cg_fpga_axi_vdma_0_0/hdl/axi_vdma_v6_3_rfs.vhd:42065]
INFO: [Synth 8-6157] synthesizing module 'xpm_fifo_sync__parameterized1' [E:/vivado/Vivado/2024.2/data/ip/xpm/xpm_fifo/hdl/xpm_fifo.sv:1975]
INFO: [Synth 8-6157] synthesizing module 'xpm_fifo_base__parameterized0' [E:/vivado/Vivado/2024.2/data/ip/xpm/xpm_fifo/hdl/xpm_fifo.sv:53]
INFO: [Synth 8-6157] synthesizing module 'xpm_memory_base__parameterized0' [E:/vivado/Vivado/2024.2/data/ip/xpm/xpm_memory/hdl/xpm_memory.sv:54]
INFO: [Synth 8-6059] Synth Info: [XPM_MEMORY 20-1] MEMORY_PRIMITIVE (0) instructs Vivado Synthesis to choose the memory primitive type. Depending on their values, other XPM_MEMORY parameters may preclude the choice of certain memory primitive types. Review XPM_MEMORY documentation and parameter values to understand any limitations, or set MEMORY_PRIMITIVE to a different value.   [E:/vivado/Vivado/2024.2/data/ip/xpm/xpm_memory/hdl/xpm_memory.sv:514]
INFO: [Synth 8-6155] done synthesizing module 'xpm_memory_base__parameterized0' (0#1) [E:/vivado/Vivado/2024.2/data/ip/xpm/xpm_memory/hdl/xpm_memory.sv:54]
INFO: [Synth 8-226] default block is never used [E:/vivado/Vivado/2024.2/data/ip/xpm/xpm_fifo/hdl/xpm_fifo.sv:1220]
INFO: [Synth 8-226] default block is never used [E:/vivado/Vivado/2024.2/data/ip/xpm/xpm_fifo/hdl/xpm_fifo.sv:1287]
INFO: [Synth 8-226] default block is never used [E:/vivado/Vivado/2024.2/data/ip/xpm/xpm_fifo/hdl/xpm_fifo.sv:1309]
INFO: [Synth 8-6155] done synthesizing module 'xpm_fifo_base__parameterized0' (0#1) [E:/vivado/Vivado/2024.2/data/ip/xpm/xpm_fifo/hdl/xpm_fifo.sv:53]
INFO: [Synth 8-6155] done synthesizing module 'xpm_fifo_sync__parameterized1' (0#1) [E:/vivado/Vivado/2024.2/data/ip/xpm/xpm_fifo/hdl/xpm_fifo.sv:1975]
INFO: [Synth 8-256] done synthesizing module 'axi_vdma_sfifo__parameterized0' (0#1) [f:/Haoyang_Sun/experiments/labs/lab13/lab13.gen/sources_1/bd/design_1/ip/design_1_cg_fpga_0_0/src/cg_fpga_axi_vdma_0_0/hdl/axi_vdma_v6_3_rfs.vhd:41858]
INFO: [Synth 8-256] done synthesizing module 'axi_vdma_s2mm_linebuf' (0#1) [f:/Haoyang_Sun/experiments/labs/lab13/lab13.gen/sources_1/bd/design_1/ip/design_1_cg_fpga_0_0/src/cg_fpga_axi_vdma_0_0/hdl/axi_vdma_v6_3_rfs.vhd:49047]
INFO: [Synth 8-638] synthesizing module 'axi_datamover' [f:/Haoyang_Sun/experiments/labs/lab13/lab13.gen/sources_1/bd/design_1/ip/design_1_cg_fpga_0_0/src/cg_fpga_axi_vdma_0_0/hdl/axi_datamover_v5_1_vh_rfs.vhd:55204]
INFO: [Synth 8-638] synthesizing module 'axi_datamover_mm2s_full_wrap' [f:/Haoyang_Sun/experiments/labs/lab13/lab13.gen/sources_1/bd/design_1/ip/design_1_cg_fpga_0_0/src/cg_fpga_axi_vdma_0_0/hdl/axi_datamover_v5_1_vh_rfs.vhd:53343]
INFO: [Synth 8-638] synthesizing module 'axi_datamover_reset' [f:/Haoyang_Sun/experiments/labs/lab13/lab13.gen/sources_1/bd/design_1/ip/design_1_cg_fpga_0_0/src/cg_fpga_axi_vdma_0_0/hdl/axi_datamover_v5_1_vh_rfs.vhd:147]
INFO: [Synth 8-256] done synthesizing module 'axi_datamover_reset' (0#1) [f:/Haoyang_Sun/experiments/labs/lab13/lab13.gen/sources_1/bd/design_1/ip/design_1_cg_fpga_0_0/src/cg_fpga_axi_vdma_0_0/hdl/axi_datamover_v5_1_vh_rfs.vhd:147]
INFO: [Synth 8-638] synthesizing module 'axi_datamover_cmd_status' [f:/Haoyang_Sun/experiments/labs/lab13/lab13.gen/sources_1/bd/design_1/ip/design_1_cg_fpga_0_0/src/cg_fpga_axi_vdma_0_0/hdl/axi_datamover_v5_1_vh_rfs.vhd:2668]
INFO: [Synth 8-638] synthesizing module 'axi_datamover_fifo' [f:/Haoyang_Sun/experiments/labs/lab13/lab13.gen/sources_1/bd/design_1/ip/design_1_cg_fpga_0_0/src/cg_fpga_axi_vdma_0_0/hdl/axi_datamover_v5_1_vh_rfs.vhd:1862]
INFO: [Synth 8-638] synthesizing module 'srl_fifo_f__parameterized0' [f:/Haoyang_Sun/experiments/labs/lab13/lab13.gen/sources_1/bd/design_1/ip/design_1_cg_fpga_0_0/src/cg_fpga_axi_vdma_0_0/hdl/lib_srl_fifo_v1_0_rfs.vhd:777]
INFO: [Synth 8-638] synthesizing module 'srl_fifo_rbu_f__parameterized0' [f:/Haoyang_Sun/experiments/labs/lab13/lab13.gen/sources_1/bd/design_1/ip/design_1_cg_fpga_0_0/src/cg_fpga_axi_vdma_0_0/hdl/lib_srl_fifo_v1_0_rfs.vhd:538]
INFO: [Synth 8-638] synthesizing module 'cntr_incr_decr_addn_f__parameterized0' [f:/Haoyang_Sun/experiments/labs/lab13/lab13.gen/sources_1/bd/design_1/ip/design_1_cg_fpga_0_0/src/cg_fpga_axi_vdma_0_0/hdl/lib_srl_fifo_v1_0_rfs.vhd:134]
INFO: [Synth 8-256] done synthesizing module 'cntr_incr_decr_addn_f__parameterized0' (0#1) [f:/Haoyang_Sun/experiments/labs/lab13/lab13.gen/sources_1/bd/design_1/ip/design_1_cg_fpga_0_0/src/cg_fpga_axi_vdma_0_0/hdl/lib_srl_fifo_v1_0_rfs.vhd:134]
INFO: [Synth 8-638] synthesizing module 'dynshreg_f__parameterized0' [f:/Haoyang_Sun/experiments/labs/lab13/lab13.gen/sources_1/bd/design_1/ip/design_1_cg_fpga_0_0/src/cg_fpga_axi_vdma_0_0/hdl/lib_srl_fifo_v1_0_rfs.vhd:329]
INFO: [Synth 8-256] done synthesizing module 'dynshreg_f__parameterized0' (0#1) [f:/Haoyang_Sun/experiments/labs/lab13/lab13.gen/sources_1/bd/design_1/ip/design_1_cg_fpga_0_0/src/cg_fpga_axi_vdma_0_0/hdl/lib_srl_fifo_v1_0_rfs.vhd:329]
INFO: [Synth 8-256] done synthesizing module 'srl_fifo_rbu_f__parameterized0' (0#1) [f:/Haoyang_Sun/experiments/labs/lab13/lab13.gen/sources_1/bd/design_1/ip/design_1_cg_fpga_0_0/src/cg_fpga_axi_vdma_0_0/hdl/lib_srl_fifo_v1_0_rfs.vhd:538]
INFO: [Synth 8-256] done synthesizing module 'srl_fifo_f__parameterized0' (0#1) [f:/Haoyang_Sun/experiments/labs/lab13/lab13.gen/sources_1/bd/design_1/ip/design_1_cg_fpga_0_0/src/cg_fpga_axi_vdma_0_0/hdl/lib_srl_fifo_v1_0_rfs.vhd:777]
INFO: [Synth 8-256] done synthesizing module 'axi_datamover_fifo' (0#1) [f:/Haoyang_Sun/experiments/labs/lab13/lab13.gen/sources_1/bd/design_1/ip/design_1_cg_fpga_0_0/src/cg_fpga_axi_vdma_0_0/hdl/axi_datamover_v5_1_vh_rfs.vhd:1862]
INFO: [Synth 8-638] synthesizing module 'axi_datamover_fifo__parameterized0' [f:/Haoyang_Sun/experiments/labs/lab13/lab13.gen/sources_1/bd/design_1/ip/design_1_cg_fpga_0_0/src/cg_fpga_axi_vdma_0_0/hdl/axi_datamover_v5_1_vh_rfs.vhd:1862]
INFO: [Synth 8-638] synthesizing module 'srl_fifo_f__parameterized1' [f:/Haoyang_Sun/experiments/labs/lab13/lab13.gen/sources_1/bd/design_1/ip/design_1_cg_fpga_0_0/src/cg_fpga_axi_vdma_0_0/hdl/lib_srl_fifo_v1_0_rfs.vhd:777]
INFO: [Synth 8-638] synthesizing module 'srl_fifo_rbu_f__parameterized1' [f:/Haoyang_Sun/experiments/labs/lab13/lab13.gen/sources_1/bd/design_1/ip/design_1_cg_fpga_0_0/src/cg_fpga_axi_vdma_0_0/hdl/lib_srl_fifo_v1_0_rfs.vhd:538]
INFO: [Synth 8-638] synthesizing module 'dynshreg_f__parameterized1' [f:/Haoyang_Sun/experiments/labs/lab13/lab13.gen/sources_1/bd/design_1/ip/design_1_cg_fpga_0_0/src/cg_fpga_axi_vdma_0_0/hdl/lib_srl_fifo_v1_0_rfs.vhd:329]
INFO: [Synth 8-256] done synthesizing module 'dynshreg_f__parameterized1' (0#1) [f:/Haoyang_Sun/experiments/labs/lab13/lab13.gen/sources_1/bd/design_1/ip/design_1_cg_fpga_0_0/src/cg_fpga_axi_vdma_0_0/hdl/lib_srl_fifo_v1_0_rfs.vhd:329]
INFO: [Synth 8-256] done synthesizing module 'srl_fifo_rbu_f__parameterized1' (0#1) [f:/Haoyang_Sun/experiments/labs/lab13/lab13.gen/sources_1/bd/design_1/ip/design_1_cg_fpga_0_0/src/cg_fpga_axi_vdma_0_0/hdl/lib_srl_fifo_v1_0_rfs.vhd:538]
INFO: [Synth 8-256] done synthesizing module 'srl_fifo_f__parameterized1' (0#1) [f:/Haoyang_Sun/experiments/labs/lab13/lab13.gen/sources_1/bd/design_1/ip/design_1_cg_fpga_0_0/src/cg_fpga_axi_vdma_0_0/hdl/lib_srl_fifo_v1_0_rfs.vhd:777]
INFO: [Synth 8-256] done synthesizing module 'axi_datamover_fifo__parameterized0' (0#1) [f:/Haoyang_Sun/experiments/labs/lab13/lab13.gen/sources_1/bd/design_1/ip/design_1_cg_fpga_0_0/src/cg_fpga_axi_vdma_0_0/hdl/axi_datamover_v5_1_vh_rfs.vhd:1862]
INFO: [Synth 8-256] done synthesizing module 'axi_datamover_cmd_status' (0#1) [f:/Haoyang_Sun/experiments/labs/lab13/lab13.gen/sources_1/bd/design_1/ip/design_1_cg_fpga_0_0/src/cg_fpga_axi_vdma_0_0/hdl/axi_datamover_v5_1_vh_rfs.vhd:2668]
INFO: [Synth 8-638] synthesizing module 'axi_datamover_rd_status_cntl' [f:/Haoyang_Sun/experiments/labs/lab13/lab13.gen/sources_1/bd/design_1/ip/design_1_cg_fpga_0_0/src/cg_fpga_axi_vdma_0_0/hdl/axi_datamover_v5_1_vh_rfs.vhd:13674]
INFO: [Synth 8-256] done synthesizing module 'axi_datamover_rd_status_cntl' (0#1) [f:/Haoyang_Sun/experiments/labs/lab13/lab13.gen/sources_1/bd/design_1/ip/design_1_cg_fpga_0_0/src/cg_fpga_axi_vdma_0_0/hdl/axi_datamover_v5_1_vh_rfs.vhd:13674]
INFO: [Synth 8-638] synthesizing module 'axi_datamover_pcc' [f:/Haoyang_Sun/experiments/labs/lab13/lab13.gen/sources_1/bd/design_1/ip/design_1_cg_fpga_0_0/src/cg_fpga_axi_vdma_0_0/hdl/axi_datamover_v5_1_vh_rfs.vhd:7368]
INFO: [Synth 8-638] synthesizing module 'axi_datamover_strb_gen2' [f:/Haoyang_Sun/experiments/labs/lab13/lab13.gen/sources_1/bd/design_1/ip/design_1_cg_fpga_0_0/src/cg_fpga_axi_vdma_0_0/hdl/axi_datamover_v5_1_vh_rfs.vhd:4300]
INFO: [Synth 8-256] done synthesizing module 'axi_datamover_strb_gen2' (0#1) [f:/Haoyang_Sun/experiments/labs/lab13/lab13.gen/sources_1/bd/design_1/ip/design_1_cg_fpga_0_0/src/cg_fpga_axi_vdma_0_0/hdl/axi_datamover_v5_1_vh_rfs.vhd:4300]
INFO: [Synth 8-638] synthesizing module 'axi_datamover_strb_gen2__parameterized0' [f:/Haoyang_Sun/experiments/labs/lab13/lab13.gen/sources_1/bd/design_1/ip/design_1_cg_fpga_0_0/src/cg_fpga_axi_vdma_0_0/hdl/axi_datamover_v5_1_vh_rfs.vhd:4300]
INFO: [Synth 8-256] done synthesizing module 'axi_datamover_strb_gen2__parameterized0' (0#1) [f:/Haoyang_Sun/experiments/labs/lab13/lab13.gen/sources_1/bd/design_1/ip/design_1_cg_fpga_0_0/src/cg_fpga_axi_vdma_0_0/hdl/axi_datamover_v5_1_vh_rfs.vhd:4300]
INFO: [Synth 8-226] default block is never used [f:/Haoyang_Sun/experiments/labs/lab13/lab13.gen/sources_1/bd/design_1/ip/design_1_cg_fpga_0_0/src/cg_fpga_axi_vdma_0_0/hdl/axi_datamover_v5_1_vh_rfs.vhd:9442]
INFO: [Synth 8-256] done synthesizing module 'axi_datamover_pcc' (0#1) [f:/Haoyang_Sun/experiments/labs/lab13/lab13.gen/sources_1/bd/design_1/ip/design_1_cg_fpga_0_0/src/cg_fpga_axi_vdma_0_0/hdl/axi_datamover_v5_1_vh_rfs.vhd:7368]
INFO: [Synth 8-638] synthesizing module 'axi_datamover_addr_cntl' [f:/Haoyang_Sun/experiments/labs/lab13/lab13.gen/sources_1/bd/design_1/ip/design_1_cg_fpga_0_0/src/cg_fpga_axi_vdma_0_0/hdl/axi_datamover_v5_1_vh_rfs.vhd:9946]
INFO: [Synth 8-638] synthesizing module 'axi_datamover_fifo__parameterized1' [f:/Haoyang_Sun/experiments/labs/lab13/lab13.gen/sources_1/bd/design_1/ip/design_1_cg_fpga_0_0/src/cg_fpga_axi_vdma_0_0/hdl/axi_datamover_v5_1_vh_rfs.vhd:1862]
INFO: [Synth 8-638] synthesizing module 'srl_fifo_f__parameterized2' [f:/Haoyang_Sun/experiments/labs/lab13/lab13.gen/sources_1/bd/design_1/ip/design_1_cg_fpga_0_0/src/cg_fpga_axi_vdma_0_0/hdl/lib_srl_fifo_v1_0_rfs.vhd:777]
INFO: [Synth 8-638] synthesizing module 'srl_fifo_rbu_f__parameterized2' [f:/Haoyang_Sun/experiments/labs/lab13/lab13.gen/sources_1/bd/design_1/ip/design_1_cg_fpga_0_0/src/cg_fpga_axi_vdma_0_0/hdl/lib_srl_fifo_v1_0_rfs.vhd:538]
INFO: [Synth 8-638] synthesizing module 'dynshreg_f__parameterized2' [f:/Haoyang_Sun/experiments/labs/lab13/lab13.gen/sources_1/bd/design_1/ip/design_1_cg_fpga_0_0/src/cg_fpga_axi_vdma_0_0/hdl/lib_srl_fifo_v1_0_rfs.vhd:329]
INFO: [Synth 8-256] done synthesizing module 'dynshreg_f__parameterized2' (0#1) [f:/Haoyang_Sun/experiments/labs/lab13/lab13.gen/sources_1/bd/design_1/ip/design_1_cg_fpga_0_0/src/cg_fpga_axi_vdma_0_0/hdl/lib_srl_fifo_v1_0_rfs.vhd:329]
INFO: [Synth 8-256] done synthesizing module 'srl_fifo_rbu_f__parameterized2' (0#1) [f:/Haoyang_Sun/experiments/labs/lab13/lab13.gen/sources_1/bd/design_1/ip/design_1_cg_fpga_0_0/src/cg_fpga_axi_vdma_0_0/hdl/lib_srl_fifo_v1_0_rfs.vhd:538]
INFO: [Synth 8-256] done synthesizing module 'srl_fifo_f__parameterized2' (0#1) [f:/Haoyang_Sun/experiments/labs/lab13/lab13.gen/sources_1/bd/design_1/ip/design_1_cg_fpga_0_0/src/cg_fpga_axi_vdma_0_0/hdl/lib_srl_fifo_v1_0_rfs.vhd:777]
INFO: [Synth 8-256] done synthesizing module 'axi_datamover_fifo__parameterized1' (0#1) [f:/Haoyang_Sun/experiments/labs/lab13/lab13.gen/sources_1/bd/design_1/ip/design_1_cg_fpga_0_0/src/cg_fpga_axi_vdma_0_0/hdl/axi_datamover_v5_1_vh_rfs.vhd:1862]
INFO: [Synth 8-256] done synthesizing module 'axi_datamover_addr_cntl' (0#1) [f:/Haoyang_Sun/experiments/labs/lab13/lab13.gen/sources_1/bd/design_1/ip/design_1_cg_fpga_0_0/src/cg_fpga_axi_vdma_0_0/hdl/axi_datamover_v5_1_vh_rfs.vhd:9946]
INFO: [Synth 8-638] synthesizing module 'axi_datamover_rddata_cntl' [f:/Haoyang_Sun/experiments/labs/lab13/lab13.gen/sources_1/bd/design_1/ip/design_1_cg_fpga_0_0/src/cg_fpga_axi_vdma_0_0/hdl/axi_datamover_v5_1_vh_rfs.vhd:12119]
INFO: [Synth 8-638] synthesizing module 'axi_datamover_rdmux' [f:/Haoyang_Sun/experiments/labs/lab13/lab13.gen/sources_1/bd/design_1/ip/design_1_cg_fpga_0_0/src/cg_fpga_axi_vdma_0_0/hdl/axi_datamover_v5_1_vh_rfs.vhd:10621]
INFO: [Synth 8-256] done synthesizing module 'axi_datamover_rdmux' (0#1) [f:/Haoyang_Sun/experiments/labs/lab13/lab13.gen/sources_1/bd/design_1/ip/design_1_cg_fpga_0_0/src/cg_fpga_axi_vdma_0_0/hdl/axi_datamover_v5_1_vh_rfs.vhd:10621]
INFO: [Synth 8-638] synthesizing module 'axi_datamover_fifo__parameterized2' [f:/Haoyang_Sun/experiments/labs/lab13/lab13.gen/sources_1/bd/design_1/ip/design_1_cg_fpga_0_0/src/cg_fpga_axi_vdma_0_0/hdl/axi_datamover_v5_1_vh_rfs.vhd:1862]
INFO: [Synth 8-638] synthesizing module 'srl_fifo_f__parameterized3' [f:/Haoyang_Sun/experiments/labs/lab13/lab13.gen/sources_1/bd/design_1/ip/design_1_cg_fpga_0_0/src/cg_fpga_axi_vdma_0_0/hdl/lib_srl_fifo_v1_0_rfs.vhd:777]
INFO: [Synth 8-638] synthesizing module 'srl_fifo_rbu_f__parameterized3' [f:/Haoyang_Sun/experiments/labs/lab13/lab13.gen/sources_1/bd/design_1/ip/design_1_cg_fpga_0_0/src/cg_fpga_axi_vdma_0_0/hdl/lib_srl_fifo_v1_0_rfs.vhd:538]
INFO: [Synth 8-638] synthesizing module 'dynshreg_f__parameterized3' [f:/Haoyang_Sun/experiments/labs/lab13/lab13.gen/sources_1/bd/design_1/ip/design_1_cg_fpga_0_0/src/cg_fpga_axi_vdma_0_0/hdl/lib_srl_fifo_v1_0_rfs.vhd:329]
INFO: [Synth 8-256] done synthesizing module 'dynshreg_f__parameterized3' (0#1) [f:/Haoyang_Sun/experiments/labs/lab13/lab13.gen/sources_1/bd/design_1/ip/design_1_cg_fpga_0_0/src/cg_fpga_axi_vdma_0_0/hdl/lib_srl_fifo_v1_0_rfs.vhd:329]
INFO: [Synth 8-256] done synthesizing module 'srl_fifo_rbu_f__parameterized3' (0#1) [f:/Haoyang_Sun/experiments/labs/lab13/lab13.gen/sources_1/bd/design_1/ip/design_1_cg_fpga_0_0/src/cg_fpga_axi_vdma_0_0/hdl/lib_srl_fifo_v1_0_rfs.vhd:538]
INFO: [Synth 8-256] done synthesizing module 'srl_fifo_f__parameterized3' (0#1) [f:/Haoyang_Sun/experiments/labs/lab13/lab13.gen/sources_1/bd/design_1/ip/design_1_cg_fpga_0_0/src/cg_fpga_axi_vdma_0_0/hdl/lib_srl_fifo_v1_0_rfs.vhd:777]
INFO: [Synth 8-256] done synthesizing module 'axi_datamover_fifo__parameterized2' (0#1) [f:/Haoyang_Sun/experiments/labs/lab13/lab13.gen/sources_1/bd/design_1/ip/design_1_cg_fpga_0_0/src/cg_fpga_axi_vdma_0_0/hdl/axi_datamover_v5_1_vh_rfs.vhd:1862]
INFO: [Synth 8-256] done synthesizing module 'axi_datamover_rddata_cntl' (0#1) [f:/Haoyang_Sun/experiments/labs/lab13/lab13.gen/sources_1/bd/design_1/ip/design_1_cg_fpga_0_0/src/cg_fpga_axi_vdma_0_0/hdl/axi_datamover_v5_1_vh_rfs.vhd:12119]
INFO: [Synth 8-638] synthesizing module 'axi_datamover_rd_sf' [f:/Haoyang_Sun/experiments/labs/lab13/lab13.gen/sources_1/bd/design_1/ip/design_1_cg_fpga_0_0/src/cg_fpga_axi_vdma_0_0/hdl/axi_datamover_v5_1_vh_rfs.vhd:20100]
INFO: [Synth 8-638] synthesizing module 'axi_datamover_sfifo_autord' [f:/Haoyang_Sun/experiments/labs/lab13/lab13.gen/sources_1/bd/design_1/ip/design_1_cg_fpga_0_0/src/cg_fpga_axi_vdma_0_0/hdl/axi_datamover_v5_1_vh_rfs.vhd:1278]
INFO: [Synth 8-638] synthesizing module 'sync_fifo_fg' [f:/Haoyang_Sun/experiments/labs/lab13/lab13.gen/sources_1/bd/design_1/ip/design_1_cg_fpga_0_0/src/cg_fpga_axi_vdma_0_0/hdl/lib_fifo_v1_0_rfs.vhd:2232]
	Parameter FIFO_MEMORY_TYPE bound to: block - type: string 
	Parameter FIFO_WRITE_DEPTH bound to: 128 - type: integer 
	Parameter WRITE_DATA_WIDTH bound to: 67 - type: integer 
	Parameter READ_MODE bound to: fwft - type: string 
	Parameter FIFO_READ_LATENCY bound to: 0 - type: integer 
	Parameter FULL_RESET_VALUE bound to: 1 - type: integer 
	Parameter USE_ADV_FEATURES bound to: 1F1F - type: string 
	Parameter READ_DATA_WIDTH bound to: 67 - type: integer 
	Parameter WR_DATA_COUNT_WIDTH bound to: 8 - type: integer 
	Parameter PROG_FULL_THRESH bound to: 10 - type: integer 
	Parameter RD_DATA_COUNT_WIDTH bound to: 4 - type: integer 
	Parameter PROG_EMPTY_THRESH bound to: 10 - type: integer 
	Parameter DOUT_RESET_VALUE bound to: 0 - type: string 
	Parameter ECC_MODE bound to: no_ecc - type: string 
	Parameter WAKEUP_TIME bound to: 0 - type: integer 
INFO: [Synth 8-3491] module 'xpm_fifo_sync' declared at 'E:/vivado/Vivado/2024.2/data/ip/xpm/xpm_fifo/hdl/xpm_fifo.sv:1975' bound to instance 'xpm_fifo_sync_inst' of component 'xpm_fifo_sync' [f:/Haoyang_Sun/experiments/labs/lab13/lab13.gen/sources_1/bd/design_1/ip/design_1_cg_fpga_0_0/src/cg_fpga_axi_vdma_0_0/hdl/lib_fifo_v1_0_rfs.vhd:2609]
INFO: [Synth 8-6157] synthesizing module 'xpm_fifo_sync__parameterized3' [E:/vivado/Vivado/2024.2/data/ip/xpm/xpm_fifo/hdl/xpm_fifo.sv:1975]
INFO: [Synth 8-6157] synthesizing module 'xpm_fifo_base__parameterized1' [E:/vivado/Vivado/2024.2/data/ip/xpm/xpm_fifo/hdl/xpm_fifo.sv:53]
INFO: [Synth 8-6157] synthesizing module 'xpm_counter_updn__parameterized3' [E:/vivado/Vivado/2024.2/data/ip/xpm/xpm_fifo/hdl/xpm_fifo.sv:1879]
INFO: [Synth 8-6155] done synthesizing module 'xpm_counter_updn__parameterized3' (0#1) [E:/vivado/Vivado/2024.2/data/ip/xpm/xpm_fifo/hdl/xpm_fifo.sv:1879]
INFO: [Synth 8-6157] synthesizing module 'xpm_counter_updn__parameterized4' [E:/vivado/Vivado/2024.2/data/ip/xpm/xpm_fifo/hdl/xpm_fifo.sv:1879]
INFO: [Synth 8-6155] done synthesizing module 'xpm_counter_updn__parameterized4' (0#1) [E:/vivado/Vivado/2024.2/data/ip/xpm/xpm_fifo/hdl/xpm_fifo.sv:1879]
INFO: [Synth 8-6157] synthesizing module 'xpm_memory_base__parameterized1' [E:/vivado/Vivado/2024.2/data/ip/xpm/xpm_memory/hdl/xpm_memory.sv:54]
INFO: [Synth 8-6155] done synthesizing module 'xpm_memory_base__parameterized1' (0#1) [E:/vivado/Vivado/2024.2/data/ip/xpm/xpm_memory/hdl/xpm_memory.sv:54]
INFO: [Synth 8-226] default block is never used [E:/vivado/Vivado/2024.2/data/ip/xpm/xpm_fifo/hdl/xpm_fifo.sv:1220]
INFO: [Synth 8-226] default block is never used [E:/vivado/Vivado/2024.2/data/ip/xpm/xpm_fifo/hdl/xpm_fifo.sv:1287]
INFO: [Synth 8-226] default block is never used [E:/vivado/Vivado/2024.2/data/ip/xpm/xpm_fifo/hdl/xpm_fifo.sv:1309]
INFO: [Synth 8-6157] synthesizing module 'xpm_counter_updn__parameterized5' [E:/vivado/Vivado/2024.2/data/ip/xpm/xpm_fifo/hdl/xpm_fifo.sv:1879]
INFO: [Synth 8-6155] done synthesizing module 'xpm_counter_updn__parameterized5' (0#1) [E:/vivado/Vivado/2024.2/data/ip/xpm/xpm_fifo/hdl/xpm_fifo.sv:1879]
INFO: [Synth 8-6157] synthesizing module 'xpm_counter_updn__parameterized6' [E:/vivado/Vivado/2024.2/data/ip/xpm/xpm_fifo/hdl/xpm_fifo.sv:1879]
INFO: [Synth 8-6155] done synthesizing module 'xpm_counter_updn__parameterized6' (0#1) [E:/vivado/Vivado/2024.2/data/ip/xpm/xpm_fifo/hdl/xpm_fifo.sv:1879]
INFO: [Synth 8-6155] done synthesizing module 'xpm_fifo_base__parameterized1' (0#1) [E:/vivado/Vivado/2024.2/data/ip/xpm/xpm_fifo/hdl/xpm_fifo.sv:53]
INFO: [Synth 8-6155] done synthesizing module 'xpm_fifo_sync__parameterized3' (0#1) [E:/vivado/Vivado/2024.2/data/ip/xpm/xpm_fifo/hdl/xpm_fifo.sv:1975]
INFO: [Synth 8-256] done synthesizing module 'sync_fifo_fg' (0#1) [f:/Haoyang_Sun/experiments/labs/lab13/lab13.gen/sources_1/bd/design_1/ip/design_1_cg_fpga_0_0/src/cg_fpga_axi_vdma_0_0/hdl/lib_fifo_v1_0_rfs.vhd:2232]
INFO: [Synth 8-256] done synthesizing module 'axi_datamover_sfifo_autord' (0#1) [f:/Haoyang_Sun/experiments/labs/lab13/lab13.gen/sources_1/bd/design_1/ip/design_1_cg_fpga_0_0/src/cg_fpga_axi_vdma_0_0/hdl/axi_datamover_v5_1_vh_rfs.vhd:1278]
INFO: [Synth 8-256] done synthesizing module 'axi_datamover_rd_sf' (0#1) [f:/Haoyang_Sun/experiments/labs/lab13/lab13.gen/sources_1/bd/design_1/ip/design_1_cg_fpga_0_0/src/cg_fpga_axi_vdma_0_0/hdl/axi_datamover_v5_1_vh_rfs.vhd:20100]
INFO: [Synth 8-256] done synthesizing module 'axi_datamover_mm2s_full_wrap' (0#1) [f:/Haoyang_Sun/experiments/labs/lab13/lab13.gen/sources_1/bd/design_1/ip/design_1_cg_fpga_0_0/src/cg_fpga_axi_vdma_0_0/hdl/axi_datamover_v5_1_vh_rfs.vhd:53343]
INFO: [Synth 8-638] synthesizing module 'axi_datamover_s2mm_full_wrap' [f:/Haoyang_Sun/experiments/labs/lab13/lab13.gen/sources_1/bd/design_1/ip/design_1_cg_fpga_0_0/src/cg_fpga_axi_vdma_0_0/hdl/axi_datamover_v5_1_vh_rfs.vhd:49786]
INFO: [Synth 8-638] synthesizing module 'axi_datamover_cmd_status__parameterized0' [f:/Haoyang_Sun/experiments/labs/lab13/lab13.gen/sources_1/bd/design_1/ip/design_1_cg_fpga_0_0/src/cg_fpga_axi_vdma_0_0/hdl/axi_datamover_v5_1_vh_rfs.vhd:2668]
INFO: [Synth 8-638] synthesizing module 'axi_datamover_fifo__parameterized3' [f:/Haoyang_Sun/experiments/labs/lab13/lab13.gen/sources_1/bd/design_1/ip/design_1_cg_fpga_0_0/src/cg_fpga_axi_vdma_0_0/hdl/axi_datamover_v5_1_vh_rfs.vhd:1862]
INFO: [Synth 8-638] synthesizing module 'srl_fifo_f__parameterized4' [f:/Haoyang_Sun/experiments/labs/lab13/lab13.gen/sources_1/bd/design_1/ip/design_1_cg_fpga_0_0/src/cg_fpga_axi_vdma_0_0/hdl/lib_srl_fifo_v1_0_rfs.vhd:777]
INFO: [Synth 8-638] synthesizing module 'srl_fifo_rbu_f__parameterized4' [f:/Haoyang_Sun/experiments/labs/lab13/lab13.gen/sources_1/bd/design_1/ip/design_1_cg_fpga_0_0/src/cg_fpga_axi_vdma_0_0/hdl/lib_srl_fifo_v1_0_rfs.vhd:538]
INFO: [Synth 8-638] synthesizing module 'dynshreg_f__parameterized4' [f:/Haoyang_Sun/experiments/labs/lab13/lab13.gen/sources_1/bd/design_1/ip/design_1_cg_fpga_0_0/src/cg_fpga_axi_vdma_0_0/hdl/lib_srl_fifo_v1_0_rfs.vhd:329]
INFO: [Synth 8-256] done synthesizing module 'dynshreg_f__parameterized4' (0#1) [f:/Haoyang_Sun/experiments/labs/lab13/lab13.gen/sources_1/bd/design_1/ip/design_1_cg_fpga_0_0/src/cg_fpga_axi_vdma_0_0/hdl/lib_srl_fifo_v1_0_rfs.vhd:329]
INFO: [Synth 8-256] done synthesizing module 'srl_fifo_rbu_f__parameterized4' (0#1) [f:/Haoyang_Sun/experiments/labs/lab13/lab13.gen/sources_1/bd/design_1/ip/design_1_cg_fpga_0_0/src/cg_fpga_axi_vdma_0_0/hdl/lib_srl_fifo_v1_0_rfs.vhd:538]
INFO: [Synth 8-256] done synthesizing module 'srl_fifo_f__parameterized4' (0#1) [f:/Haoyang_Sun/experiments/labs/lab13/lab13.gen/sources_1/bd/design_1/ip/design_1_cg_fpga_0_0/src/cg_fpga_axi_vdma_0_0/hdl/lib_srl_fifo_v1_0_rfs.vhd:777]
INFO: [Synth 8-256] done synthesizing module 'axi_datamover_fifo__parameterized3' (0#1) [f:/Haoyang_Sun/experiments/labs/lab13/lab13.gen/sources_1/bd/design_1/ip/design_1_cg_fpga_0_0/src/cg_fpga_axi_vdma_0_0/hdl/axi_datamover_v5_1_vh_rfs.vhd:1862]
INFO: [Synth 8-256] done synthesizing module 'axi_datamover_cmd_status__parameterized0' (0#1) [f:/Haoyang_Sun/experiments/labs/lab13/lab13.gen/sources_1/bd/design_1/ip/design_1_cg_fpga_0_0/src/cg_fpga_axi_vdma_0_0/hdl/axi_datamover_v5_1_vh_rfs.vhd:2668]
INFO: [Synth 8-638] synthesizing module 'axi_datamover_wr_status_cntl' [f:/Haoyang_Sun/experiments/labs/lab13/lab13.gen/sources_1/bd/design_1/ip/design_1_cg_fpga_0_0/src/cg_fpga_axi_vdma_0_0/hdl/axi_datamover_v5_1_vh_rfs.vhd:17614]
INFO: [Synth 8-638] synthesizing module 'axi_datamover_fifo__parameterized4' [f:/Haoyang_Sun/experiments/labs/lab13/lab13.gen/sources_1/bd/design_1/ip/design_1_cg_fpga_0_0/src/cg_fpga_axi_vdma_0_0/hdl/axi_datamover_v5_1_vh_rfs.vhd:1862]
INFO: [Synth 8-638] synthesizing module 'srl_fifo_f__parameterized5' [f:/Haoyang_Sun/experiments/labs/lab13/lab13.gen/sources_1/bd/design_1/ip/design_1_cg_fpga_0_0/src/cg_fpga_axi_vdma_0_0/hdl/lib_srl_fifo_v1_0_rfs.vhd:777]
INFO: [Synth 8-638] synthesizing module 'srl_fifo_rbu_f__parameterized5' [f:/Haoyang_Sun/experiments/labs/lab13/lab13.gen/sources_1/bd/design_1/ip/design_1_cg_fpga_0_0/src/cg_fpga_axi_vdma_0_0/hdl/lib_srl_fifo_v1_0_rfs.vhd:538]
INFO: [Synth 8-638] synthesizing module 'cntr_incr_decr_addn_f__parameterized1' [f:/Haoyang_Sun/experiments/labs/lab13/lab13.gen/sources_1/bd/design_1/ip/design_1_cg_fpga_0_0/src/cg_fpga_axi_vdma_0_0/hdl/lib_srl_fifo_v1_0_rfs.vhd:134]
INFO: [Synth 8-256] done synthesizing module 'cntr_incr_decr_addn_f__parameterized1' (0#1) [f:/Haoyang_Sun/experiments/labs/lab13/lab13.gen/sources_1/bd/design_1/ip/design_1_cg_fpga_0_0/src/cg_fpga_axi_vdma_0_0/hdl/lib_srl_fifo_v1_0_rfs.vhd:134]
INFO: [Synth 8-638] synthesizing module 'dynshreg_f__parameterized5' [f:/Haoyang_Sun/experiments/labs/lab13/lab13.gen/sources_1/bd/design_1/ip/design_1_cg_fpga_0_0/src/cg_fpga_axi_vdma_0_0/hdl/lib_srl_fifo_v1_0_rfs.vhd:329]
INFO: [Synth 8-256] done synthesizing module 'dynshreg_f__parameterized5' (0#1) [f:/Haoyang_Sun/experiments/labs/lab13/lab13.gen/sources_1/bd/design_1/ip/design_1_cg_fpga_0_0/src/cg_fpga_axi_vdma_0_0/hdl/lib_srl_fifo_v1_0_rfs.vhd:329]
INFO: [Synth 8-256] done synthesizing module 'srl_fifo_rbu_f__parameterized5' (0#1) [f:/Haoyang_Sun/experiments/labs/lab13/lab13.gen/sources_1/bd/design_1/ip/design_1_cg_fpga_0_0/src/cg_fpga_axi_vdma_0_0/hdl/lib_srl_fifo_v1_0_rfs.vhd:538]
INFO: [Synth 8-256] done synthesizing module 'srl_fifo_f__parameterized5' (0#1) [f:/Haoyang_Sun/experiments/labs/lab13/lab13.gen/sources_1/bd/design_1/ip/design_1_cg_fpga_0_0/src/cg_fpga_axi_vdma_0_0/hdl/lib_srl_fifo_v1_0_rfs.vhd:777]
INFO: [Synth 8-256] done synthesizing module 'axi_datamover_fifo__parameterized4' (0#1) [f:/Haoyang_Sun/experiments/labs/lab13/lab13.gen/sources_1/bd/design_1/ip/design_1_cg_fpga_0_0/src/cg_fpga_axi_vdma_0_0/hdl/axi_datamover_v5_1_vh_rfs.vhd:1862]
INFO: [Synth 8-638] synthesizing module 'axi_datamover_fifo__parameterized5' [f:/Haoyang_Sun/experiments/labs/lab13/lab13.gen/sources_1/bd/design_1/ip/design_1_cg_fpga_0_0/src/cg_fpga_axi_vdma_0_0/hdl/axi_datamover_v5_1_vh_rfs.vhd:1862]
INFO: [Synth 8-638] synthesizing module 'srl_fifo_f__parameterized6' [f:/Haoyang_Sun/experiments/labs/lab13/lab13.gen/sources_1/bd/design_1/ip/design_1_cg_fpga_0_0/src/cg_fpga_axi_vdma_0_0/hdl/lib_srl_fifo_v1_0_rfs.vhd:777]
INFO: [Synth 8-638] synthesizing module 'srl_fifo_rbu_f__parameterized6' [f:/Haoyang_Sun/experiments/labs/lab13/lab13.gen/sources_1/bd/design_1/ip/design_1_cg_fpga_0_0/src/cg_fpga_axi_vdma_0_0/hdl/lib_srl_fifo_v1_0_rfs.vhd:538]
INFO: [Synth 8-638] synthesizing module 'dynshreg_f__parameterized6' [f:/Haoyang_Sun/experiments/labs/lab13/lab13.gen/sources_1/bd/design_1/ip/design_1_cg_fpga_0_0/src/cg_fpga_axi_vdma_0_0/hdl/lib_srl_fifo_v1_0_rfs.vhd:329]
INFO: [Synth 8-256] done synthesizing module 'dynshreg_f__parameterized6' (0#1) [f:/Haoyang_Sun/experiments/labs/lab13/lab13.gen/sources_1/bd/design_1/ip/design_1_cg_fpga_0_0/src/cg_fpga_axi_vdma_0_0/hdl/lib_srl_fifo_v1_0_rfs.vhd:329]
INFO: [Synth 8-256] done synthesizing module 'srl_fifo_rbu_f__parameterized6' (0#1) [f:/Haoyang_Sun/experiments/labs/lab13/lab13.gen/sources_1/bd/design_1/ip/design_1_cg_fpga_0_0/src/cg_fpga_axi_vdma_0_0/hdl/lib_srl_fifo_v1_0_rfs.vhd:538]
INFO: [Synth 8-256] done synthesizing module 'srl_fifo_f__parameterized6' (0#1) [f:/Haoyang_Sun/experiments/labs/lab13/lab13.gen/sources_1/bd/design_1/ip/design_1_cg_fpga_0_0/src/cg_fpga_axi_vdma_0_0/hdl/lib_srl_fifo_v1_0_rfs.vhd:777]
INFO: [Synth 8-256] done synthesizing module 'axi_datamover_fifo__parameterized5' (0#1) [f:/Haoyang_Sun/experiments/labs/lab13/lab13.gen/sources_1/bd/design_1/ip/design_1_cg_fpga_0_0/src/cg_fpga_axi_vdma_0_0/hdl/axi_datamover_v5_1_vh_rfs.vhd:1862]
INFO: [Synth 8-256] done synthesizing module 'axi_datamover_wr_status_cntl' (0#1) [f:/Haoyang_Sun/experiments/labs/lab13/lab13.gen/sources_1/bd/design_1/ip/design_1_cg_fpga_0_0/src/cg_fpga_axi_vdma_0_0/hdl/axi_datamover_v5_1_vh_rfs.vhd:17614]
INFO: [Synth 8-638] synthesizing module 'axi_datamover_ibttcc' [f:/Haoyang_Sun/experiments/labs/lab13/lab13.gen/sources_1/bd/design_1/ip/design_1_cg_fpga_0_0/src/cg_fpga_axi_vdma_0_0/hdl/axi_datamover_v5_1_vh_rfs.vhd:25599]
INFO: [Synth 8-256] done synthesizing module 'axi_datamover_ibttcc' (0#1) [f:/Haoyang_Sun/experiments/labs/lab13/lab13.gen/sources_1/bd/design_1/ip/design_1_cg_fpga_0_0/src/cg_fpga_axi_vdma_0_0/hdl/axi_datamover_v5_1_vh_rfs.vhd:25599]
INFO: [Synth 8-638] synthesizing module 'axi_datamover_s2mm_realign' [f:/Haoyang_Sun/experiments/labs/lab13/lab13.gen/sources_1/bd/design_1/ip/design_1_cg_fpga_0_0/src/cg_fpga_axi_vdma_0_0/hdl/axi_datamover_v5_1_vh_rfs.vhd:46818]
INFO: [Synth 8-638] synthesizing module 'axi_datamover_fifo__parameterized6' [f:/Haoyang_Sun/experiments/labs/lab13/lab13.gen/sources_1/bd/design_1/ip/design_1_cg_fpga_0_0/src/cg_fpga_axi_vdma_0_0/hdl/axi_datamover_v5_1_vh_rfs.vhd:1862]
INFO: [Synth 8-638] synthesizing module 'srl_fifo_f__parameterized7' [f:/Haoyang_Sun/experiments/labs/lab13/lab13.gen/sources_1/bd/design_1/ip/design_1_cg_fpga_0_0/src/cg_fpga_axi_vdma_0_0/hdl/lib_srl_fifo_v1_0_rfs.vhd:777]
INFO: [Synth 8-638] synthesizing module 'srl_fifo_rbu_f__parameterized7' [f:/Haoyang_Sun/experiments/labs/lab13/lab13.gen/sources_1/bd/design_1/ip/design_1_cg_fpga_0_0/src/cg_fpga_axi_vdma_0_0/hdl/lib_srl_fifo_v1_0_rfs.vhd:538]
INFO: [Synth 8-638] synthesizing module 'dynshreg_f__parameterized7' [f:/Haoyang_Sun/experiments/labs/lab13/lab13.gen/sources_1/bd/design_1/ip/design_1_cg_fpga_0_0/src/cg_fpga_axi_vdma_0_0/hdl/lib_srl_fifo_v1_0_rfs.vhd:329]
INFO: [Synth 8-256] done synthesizing module 'dynshreg_f__parameterized7' (0#1) [f:/Haoyang_Sun/experiments/labs/lab13/lab13.gen/sources_1/bd/design_1/ip/design_1_cg_fpga_0_0/src/cg_fpga_axi_vdma_0_0/hdl/lib_srl_fifo_v1_0_rfs.vhd:329]
INFO: [Synth 8-256] done synthesizing module 'srl_fifo_rbu_f__parameterized7' (0#1) [f:/Haoyang_Sun/experiments/labs/lab13/lab13.gen/sources_1/bd/design_1/ip/design_1_cg_fpga_0_0/src/cg_fpga_axi_vdma_0_0/hdl/lib_srl_fifo_v1_0_rfs.vhd:538]
INFO: [Synth 8-256] done synthesizing module 'srl_fifo_f__parameterized7' (0#1) [f:/Haoyang_Sun/experiments/labs/lab13/lab13.gen/sources_1/bd/design_1/ip/design_1_cg_fpga_0_0/src/cg_fpga_axi_vdma_0_0/hdl/lib_srl_fifo_v1_0_rfs.vhd:777]
INFO: [Synth 8-256] done synthesizing module 'axi_datamover_fifo__parameterized6' (0#1) [f:/Haoyang_Sun/experiments/labs/lab13/lab13.gen/sources_1/bd/design_1/ip/design_1_cg_fpga_0_0/src/cg_fpga_axi_vdma_0_0/hdl/axi_datamover_v5_1_vh_rfs.vhd:1862]
INFO: [Synth 8-638] synthesizing module 'axi_datamover_s2mm_scatter' [f:/Haoyang_Sun/experiments/labs/lab13/lab13.gen/sources_1/bd/design_1/ip/design_1_cg_fpga_0_0/src/cg_fpga_axi_vdma_0_0/hdl/axi_datamover_v5_1_vh_rfs.vhd:44930]
INFO: [Synth 8-638] synthesizing module 'axi_datamover_mssai_skid_buf' [f:/Haoyang_Sun/experiments/labs/lab13/lab13.gen/sources_1/bd/design_1/ip/design_1_cg_fpga_0_0/src/cg_fpga_axi_vdma_0_0/hdl/axi_datamover_v5_1_vh_rfs.vhd:43987]
INFO: [Synth 8-638] synthesizing module 'axi_datamover_ms_strb_set' [f:/Haoyang_Sun/experiments/labs/lab13/lab13.gen/sources_1/bd/design_1/ip/design_1_cg_fpga_0_0/src/cg_fpga_axi_vdma_0_0/hdl/axi_datamover_v5_1_vh_rfs.vhd:42429]
INFO: [Synth 8-256] done synthesizing module 'axi_datamover_ms_strb_set' (0#1) [f:/Haoyang_Sun/experiments/labs/lab13/lab13.gen/sources_1/bd/design_1/ip/design_1_cg_fpga_0_0/src/cg_fpga_axi_vdma_0_0/hdl/axi_datamover_v5_1_vh_rfs.vhd:42429]
INFO: [Synth 8-256] done synthesizing module 'axi_datamover_mssai_skid_buf' (0#1) [f:/Haoyang_Sun/experiments/labs/lab13/lab13.gen/sources_1/bd/design_1/ip/design_1_cg_fpga_0_0/src/cg_fpga_axi_vdma_0_0/hdl/axi_datamover_v5_1_vh_rfs.vhd:43987]
INFO: [Synth 8-638] synthesizing module 'axi_datamover_strb_gen2__parameterized1' [f:/Haoyang_Sun/experiments/labs/lab13/lab13.gen/sources_1/bd/design_1/ip/design_1_cg_fpga_0_0/src/cg_fpga_axi_vdma_0_0/hdl/axi_datamover_v5_1_vh_rfs.vhd:4300]
INFO: [Synth 8-256] done synthesizing module 'axi_datamover_strb_gen2__parameterized1' (0#1) [f:/Haoyang_Sun/experiments/labs/lab13/lab13.gen/sources_1/bd/design_1/ip/design_1_cg_fpga_0_0/src/cg_fpga_axi_vdma_0_0/hdl/axi_datamover_v5_1_vh_rfs.vhd:4300]
INFO: [Synth 8-638] synthesizing module 'axi_datamover_slice' [f:/Haoyang_Sun/experiments/labs/lab13/lab13.gen/sources_1/bd/design_1/ip/design_1_cg_fpga_0_0/src/cg_fpga_axi_vdma_0_0/hdl/axi_datamover_v5_1_vh_rfs.vhd:44675]
INFO: [Synth 8-256] done synthesizing module 'axi_datamover_slice' (0#1) [f:/Haoyang_Sun/experiments/labs/lab13/lab13.gen/sources_1/bd/design_1/ip/design_1_cg_fpga_0_0/src/cg_fpga_axi_vdma_0_0/hdl/axi_datamover_v5_1_vh_rfs.vhd:44675]
INFO: [Synth 8-638] synthesizing module 'axi_datamover_fifo__parameterized7' [f:/Haoyang_Sun/experiments/labs/lab13/lab13.gen/sources_1/bd/design_1/ip/design_1_cg_fpga_0_0/src/cg_fpga_axi_vdma_0_0/hdl/axi_datamover_v5_1_vh_rfs.vhd:1862]
INFO: [Synth 8-638] synthesizing module 'srl_fifo_f__parameterized8' [f:/Haoyang_Sun/experiments/labs/lab13/lab13.gen/sources_1/bd/design_1/ip/design_1_cg_fpga_0_0/src/cg_fpga_axi_vdma_0_0/hdl/lib_srl_fifo_v1_0_rfs.vhd:777]
INFO: [Synth 8-638] synthesizing module 'srl_fifo_rbu_f__parameterized8' [f:/Haoyang_Sun/experiments/labs/lab13/lab13.gen/sources_1/bd/design_1/ip/design_1_cg_fpga_0_0/src/cg_fpga_axi_vdma_0_0/hdl/lib_srl_fifo_v1_0_rfs.vhd:538]
INFO: [Synth 8-638] synthesizing module 'dynshreg_f__parameterized8' [f:/Haoyang_Sun/experiments/labs/lab13/lab13.gen/sources_1/bd/design_1/ip/design_1_cg_fpga_0_0/src/cg_fpga_axi_vdma_0_0/hdl/lib_srl_fifo_v1_0_rfs.vhd:329]
INFO: [Synth 8-256] done synthesizing module 'dynshreg_f__parameterized8' (0#1) [f:/Haoyang_Sun/experiments/labs/lab13/lab13.gen/sources_1/bd/design_1/ip/design_1_cg_fpga_0_0/src/cg_fpga_axi_vdma_0_0/hdl/lib_srl_fifo_v1_0_rfs.vhd:329]
INFO: [Synth 8-256] done synthesizing module 'srl_fifo_rbu_f__parameterized8' (0#1) [f:/Haoyang_Sun/experiments/labs/lab13/lab13.gen/sources_1/bd/design_1/ip/design_1_cg_fpga_0_0/src/cg_fpga_axi_vdma_0_0/hdl/lib_srl_fifo_v1_0_rfs.vhd:538]
INFO: [Synth 8-256] done synthesizing module 'srl_fifo_f__parameterized8' (0#1) [f:/Haoyang_Sun/experiments/labs/lab13/lab13.gen/sources_1/bd/design_1/ip/design_1_cg_fpga_0_0/src/cg_fpga_axi_vdma_0_0/hdl/lib_srl_fifo_v1_0_rfs.vhd:777]
INFO: [Synth 8-256] done synthesizing module 'axi_datamover_fifo__parameterized7' (0#1) [f:/Haoyang_Sun/experiments/labs/lab13/lab13.gen/sources_1/bd/design_1/ip/design_1_cg_fpga_0_0/src/cg_fpga_axi_vdma_0_0/hdl/axi_datamover_v5_1_vh_rfs.vhd:1862]
INFO: [Synth 8-256] done synthesizing module 'axi_datamover_s2mm_scatter' (0#1) [f:/Haoyang_Sun/experiments/labs/lab13/lab13.gen/sources_1/bd/design_1/ip/design_1_cg_fpga_0_0/src/cg_fpga_axi_vdma_0_0/hdl/axi_datamover_v5_1_vh_rfs.vhd:44930]
INFO: [Synth 8-256] done synthesizing module 'axi_datamover_s2mm_realign' (0#1) [f:/Haoyang_Sun/experiments/labs/lab13/lab13.gen/sources_1/bd/design_1/ip/design_1_cg_fpga_0_0/src/cg_fpga_axi_vdma_0_0/hdl/axi_datamover_v5_1_vh_rfs.vhd:46818]
INFO: [Synth 8-638] synthesizing module 'axi_datamover_indet_btt' [f:/Haoyang_Sun/experiments/labs/lab13/lab13.gen/sources_1/bd/design_1/ip/design_1_cg_fpga_0_0/src/cg_fpga_axi_vdma_0_0/hdl/axi_datamover_v5_1_vh_rfs.vhd:28292]
INFO: [Synth 8-638] synthesizing module 'axi_datamover_stbs_set' [f:/Haoyang_Sun/experiments/labs/lab13/lab13.gen/sources_1/bd/design_1/ip/design_1_cg_fpga_0_0/src/cg_fpga_axi_vdma_0_0/hdl/axi_datamover_v5_1_vh_rfs.vhd:23290]
INFO: [Synth 8-256] done synthesizing module 'axi_datamover_stbs_set' (0#1) [f:/Haoyang_Sun/experiments/labs/lab13/lab13.gen/sources_1/bd/design_1/ip/design_1_cg_fpga_0_0/src/cg_fpga_axi_vdma_0_0/hdl/axi_datamover_v5_1_vh_rfs.vhd:23290]
INFO: [Synth 8-638] synthesizing module 'axi_datamover_sfifo_autord__parameterized0' [f:/Haoyang_Sun/experiments/labs/lab13/lab13.gen/sources_1/bd/design_1/ip/design_1_cg_fpga_0_0/src/cg_fpga_axi_vdma_0_0/hdl/axi_datamover_v5_1_vh_rfs.vhd:1278]
INFO: [Synth 8-638] synthesizing module 'sync_fifo_fg__parameterized0' [f:/Haoyang_Sun/experiments/labs/lab13/lab13.gen/sources_1/bd/design_1/ip/design_1_cg_fpga_0_0/src/cg_fpga_axi_vdma_0_0/hdl/lib_fifo_v1_0_rfs.vhd:2232]
	Parameter FIFO_MEMORY_TYPE bound to: auto - type: string 
	Parameter FIFO_WRITE_DEPTH bound to: 16 - type: integer 
	Parameter WRITE_DATA_WIDTH bound to: 9 - type: integer 
	Parameter READ_MODE bound to: fwft - type: string 
	Parameter FIFO_READ_LATENCY bound to: 0 - type: integer 
	Parameter FULL_RESET_VALUE bound to: 1 - type: integer 
	Parameter USE_ADV_FEATURES bound to: 1F1F - type: string 
	Parameter READ_DATA_WIDTH bound to: 9 - type: integer 
	Parameter WR_DATA_COUNT_WIDTH bound to: 5 - type: integer 
	Parameter PROG_FULL_THRESH bound to: 10 - type: integer 
	Parameter RD_DATA_COUNT_WIDTH bound to: 4 - type: integer 
	Parameter PROG_EMPTY_THRESH bound to: 10 - type: integer 
	Parameter DOUT_RESET_VALUE bound to: 0 - type: string 
	Parameter ECC_MODE bound to: no_ecc - type: string 
	Parameter WAKEUP_TIME bound to: 0 - type: integer 
INFO: [Synth 8-3491] module 'xpm_fifo_sync' declared at 'E:/vivado/Vivado/2024.2/data/ip/xpm/xpm_fifo/hdl/xpm_fifo.sv:1975' bound to instance 'xpm_fifo_sync_inst' of component 'xpm_fifo_sync' [f:/Haoyang_Sun/experiments/labs/lab13/lab13.gen/sources_1/bd/design_1/ip/design_1_cg_fpga_0_0/src/cg_fpga_axi_vdma_0_0/hdl/lib_fifo_v1_0_rfs.vhd:2609]
INFO: [Synth 8-6157] synthesizing module 'xpm_fifo_sync__parameterized5' [E:/vivado/Vivado/2024.2/data/ip/xpm/xpm_fifo/hdl/xpm_fifo.sv:1975]
INFO: [Synth 8-6157] synthesizing module 'xpm_fifo_base__parameterized2' [E:/vivado/Vivado/2024.2/data/ip/xpm/xpm_fifo/hdl/xpm_fifo.sv:53]
INFO: [Synth 8-6157] synthesizing module 'xpm_counter_updn__parameterized7' [E:/vivado/Vivado/2024.2/data/ip/xpm/xpm_fifo/hdl/xpm_fifo.sv:1879]
INFO: [Synth 8-6155] done synthesizing module 'xpm_counter_updn__parameterized7' (0#1) [E:/vivado/Vivado/2024.2/data/ip/xpm/xpm_fifo/hdl/xpm_fifo.sv:1879]
INFO: [Synth 8-6157] synthesizing module 'xpm_counter_updn__parameterized8' [E:/vivado/Vivado/2024.2/data/ip/xpm/xpm_fifo/hdl/xpm_fifo.sv:1879]
INFO: [Synth 8-6155] done synthesizing module 'xpm_counter_updn__parameterized8' (0#1) [E:/vivado/Vivado/2024.2/data/ip/xpm/xpm_fifo/hdl/xpm_fifo.sv:1879]
INFO: [Synth 8-6157] synthesizing module 'xpm_memory_base__parameterized2' [E:/vivado/Vivado/2024.2/data/ip/xpm/xpm_memory/hdl/xpm_memory.sv:54]
INFO: [Synth 8-6059] Synth Info: [XPM_MEMORY 20-1] MEMORY_PRIMITIVE (0) instructs Vivado Synthesis to choose the memory primitive type. Depending on their values, other XPM_MEMORY parameters may preclude the choice of certain memory primitive types. Review XPM_MEMORY documentation and parameter values to understand any limitations, or set MEMORY_PRIMITIVE to a different value.   [E:/vivado/Vivado/2024.2/data/ip/xpm/xpm_memory/hdl/xpm_memory.sv:514]
INFO: [Synth 8-6155] done synthesizing module 'xpm_memory_base__parameterized2' (0#1) [E:/vivado/Vivado/2024.2/data/ip/xpm/xpm_memory/hdl/xpm_memory.sv:54]
INFO: [Synth 8-226] default block is never used [E:/vivado/Vivado/2024.2/data/ip/xpm/xpm_fifo/hdl/xpm_fifo.sv:1220]
INFO: [Synth 8-226] default block is never used [E:/vivado/Vivado/2024.2/data/ip/xpm/xpm_fifo/hdl/xpm_fifo.sv:1287]
INFO: [Synth 8-226] default block is never used [E:/vivado/Vivado/2024.2/data/ip/xpm/xpm_fifo/hdl/xpm_fifo.sv:1309]
INFO: [Synth 8-6157] synthesizing module 'xpm_counter_updn__parameterized9' [E:/vivado/Vivado/2024.2/data/ip/xpm/xpm_fifo/hdl/xpm_fifo.sv:1879]
INFO: [Synth 8-6155] done synthesizing module 'xpm_counter_updn__parameterized9' (0#1) [E:/vivado/Vivado/2024.2/data/ip/xpm/xpm_fifo/hdl/xpm_fifo.sv:1879]
INFO: [Synth 8-6157] synthesizing module 'xpm_counter_updn__parameterized10' [E:/vivado/Vivado/2024.2/data/ip/xpm/xpm_fifo/hdl/xpm_fifo.sv:1879]
INFO: [Synth 8-6155] done synthesizing module 'xpm_counter_updn__parameterized10' (0#1) [E:/vivado/Vivado/2024.2/data/ip/xpm/xpm_fifo/hdl/xpm_fifo.sv:1879]
INFO: [Synth 8-6155] done synthesizing module 'xpm_fifo_base__parameterized2' (0#1) [E:/vivado/Vivado/2024.2/data/ip/xpm/xpm_fifo/hdl/xpm_fifo.sv:53]
INFO: [Synth 8-6155] done synthesizing module 'xpm_fifo_sync__parameterized5' (0#1) [E:/vivado/Vivado/2024.2/data/ip/xpm/xpm_fifo/hdl/xpm_fifo.sv:1975]
INFO: [Synth 8-256] done synthesizing module 'sync_fifo_fg__parameterized0' (0#1) [f:/Haoyang_Sun/experiments/labs/lab13/lab13.gen/sources_1/bd/design_1/ip/design_1_cg_fpga_0_0/src/cg_fpga_axi_vdma_0_0/hdl/lib_fifo_v1_0_rfs.vhd:2232]
INFO: [Synth 8-256] done synthesizing module 'axi_datamover_sfifo_autord__parameterized0' (0#1) [f:/Haoyang_Sun/experiments/labs/lab13/lab13.gen/sources_1/bd/design_1/ip/design_1_cg_fpga_0_0/src/cg_fpga_axi_vdma_0_0/hdl/axi_datamover_v5_1_vh_rfs.vhd:1278]
INFO: [Synth 8-638] synthesizing module 'axi_datamover_sfifo_autord__parameterized1' [f:/Haoyang_Sun/experiments/labs/lab13/lab13.gen/sources_1/bd/design_1/ip/design_1_cg_fpga_0_0/src/cg_fpga_axi_vdma_0_0/hdl/axi_datamover_v5_1_vh_rfs.vhd:1278]
INFO: [Synth 8-638] synthesizing module 'sync_fifo_fg__parameterized1' [f:/Haoyang_Sun/experiments/labs/lab13/lab13.gen/sources_1/bd/design_1/ip/design_1_cg_fpga_0_0/src/cg_fpga_axi_vdma_0_0/hdl/lib_fifo_v1_0_rfs.vhd:2232]
	Parameter FIFO_MEMORY_TYPE bound to: block - type: string 
	Parameter FIFO_WRITE_DEPTH bound to: 128 - type: integer 
	Parameter WRITE_DATA_WIDTH bound to: 74 - type: integer 
	Parameter READ_MODE bound to: fwft - type: string 
	Parameter FIFO_READ_LATENCY bound to: 0 - type: integer 
	Parameter FULL_RESET_VALUE bound to: 1 - type: integer 
	Parameter USE_ADV_FEATURES bound to: 1F1F - type: string 
	Parameter READ_DATA_WIDTH bound to: 74 - type: integer 
	Parameter WR_DATA_COUNT_WIDTH bound to: 8 - type: integer 
	Parameter PROG_FULL_THRESH bound to: 10 - type: integer 
	Parameter RD_DATA_COUNT_WIDTH bound to: 4 - type: integer 
	Parameter PROG_EMPTY_THRESH bound to: 10 - type: integer 
	Parameter DOUT_RESET_VALUE bound to: 0 - type: string 
	Parameter ECC_MODE bound to: no_ecc - type: string 
	Parameter WAKEUP_TIME bound to: 0 - type: integer 
INFO: [Synth 8-3491] module 'xpm_fifo_sync' declared at 'E:/vivado/Vivado/2024.2/data/ip/xpm/xpm_fifo/hdl/xpm_fifo.sv:1975' bound to instance 'xpm_fifo_sync_inst' of component 'xpm_fifo_sync' [f:/Haoyang_Sun/experiments/labs/lab13/lab13.gen/sources_1/bd/design_1/ip/design_1_cg_fpga_0_0/src/cg_fpga_axi_vdma_0_0/hdl/lib_fifo_v1_0_rfs.vhd:2609]
INFO: [Synth 8-6157] synthesizing module 'xpm_fifo_sync__parameterized7' [E:/vivado/Vivado/2024.2/data/ip/xpm/xpm_fifo/hdl/xpm_fifo.sv:1975]
INFO: [Synth 8-6157] synthesizing module 'xpm_fifo_base__parameterized3' [E:/vivado/Vivado/2024.2/data/ip/xpm/xpm_fifo/hdl/xpm_fifo.sv:53]
INFO: [Synth 8-6157] synthesizing module 'xpm_memory_base__parameterized3' [E:/vivado/Vivado/2024.2/data/ip/xpm/xpm_memory/hdl/xpm_memory.sv:54]
INFO: [Synth 8-6155] done synthesizing module 'xpm_memory_base__parameterized3' (0#1) [E:/vivado/Vivado/2024.2/data/ip/xpm/xpm_memory/hdl/xpm_memory.sv:54]
INFO: [Synth 8-226] default block is never used [E:/vivado/Vivado/2024.2/data/ip/xpm/xpm_fifo/hdl/xpm_fifo.sv:1220]
INFO: [Synth 8-226] default block is never used [E:/vivado/Vivado/2024.2/data/ip/xpm/xpm_fifo/hdl/xpm_fifo.sv:1287]
INFO: [Synth 8-226] default block is never used [E:/vivado/Vivado/2024.2/data/ip/xpm/xpm_fifo/hdl/xpm_fifo.sv:1309]
INFO: [Synth 8-6155] done synthesizing module 'xpm_fifo_base__parameterized3' (0#1) [E:/vivado/Vivado/2024.2/data/ip/xpm/xpm_fifo/hdl/xpm_fifo.sv:53]
INFO: [Synth 8-6155] done synthesizing module 'xpm_fifo_sync__parameterized7' (0#1) [E:/vivado/Vivado/2024.2/data/ip/xpm/xpm_fifo/hdl/xpm_fifo.sv:1975]
INFO: [Synth 8-256] done synthesizing module 'sync_fifo_fg__parameterized1' (0#1) [f:/Haoyang_Sun/experiments/labs/lab13/lab13.gen/sources_1/bd/design_1/ip/design_1_cg_fpga_0_0/src/cg_fpga_axi_vdma_0_0/hdl/lib_fifo_v1_0_rfs.vhd:2232]
INFO: [Synth 8-256] done synthesizing module 'axi_datamover_sfifo_autord__parameterized1' (0#1) [f:/Haoyang_Sun/experiments/labs/lab13/lab13.gen/sources_1/bd/design_1/ip/design_1_cg_fpga_0_0/src/cg_fpga_axi_vdma_0_0/hdl/axi_datamover_v5_1_vh_rfs.vhd:1278]
INFO: [Synth 8-638] synthesizing module 'axi_datamover_stbs_set__parameterized0' [f:/Haoyang_Sun/experiments/labs/lab13/lab13.gen/sources_1/bd/design_1/ip/design_1_cg_fpga_0_0/src/cg_fpga_axi_vdma_0_0/hdl/axi_datamover_v5_1_vh_rfs.vhd:23290]
INFO: [Synth 8-256] done synthesizing module 'axi_datamover_stbs_set__parameterized0' (0#1) [f:/Haoyang_Sun/experiments/labs/lab13/lab13.gen/sources_1/bd/design_1/ip/design_1_cg_fpga_0_0/src/cg_fpga_axi_vdma_0_0/hdl/axi_datamover_v5_1_vh_rfs.vhd:23290]
INFO: [Synth 8-638] synthesizing module 'axi_datamover_skid_buf' [f:/Haoyang_Sun/experiments/labs/lab13/lab13.gen/sources_1/bd/design_1/ip/design_1_cg_fpga_0_0/src/cg_fpga_axi_vdma_0_0/hdl/axi_datamover_v5_1_vh_rfs.vhd:19398]
INFO: [Synth 8-256] done synthesizing module 'axi_datamover_skid_buf' (0#1) [f:/Haoyang_Sun/experiments/labs/lab13/lab13.gen/sources_1/bd/design_1/ip/design_1_cg_fpga_0_0/src/cg_fpga_axi_vdma_0_0/hdl/axi_datamover_v5_1_vh_rfs.vhd:19398]
INFO: [Synth 8-256] done synthesizing module 'axi_datamover_indet_btt' (0#1) [f:/Haoyang_Sun/experiments/labs/lab13/lab13.gen/sources_1/bd/design_1/ip/design_1_cg_fpga_0_0/src/cg_fpga_axi_vdma_0_0/hdl/axi_datamover_v5_1_vh_rfs.vhd:28292]
INFO: [Synth 8-638] synthesizing module 'axi_datamover_addr_cntl__parameterized0' [f:/Haoyang_Sun/experiments/labs/lab13/lab13.gen/sources_1/bd/design_1/ip/design_1_cg_fpga_0_0/src/cg_fpga_axi_vdma_0_0/hdl/axi_datamover_v5_1_vh_rfs.vhd:9946]
INFO: [Synth 8-256] done synthesizing module 'axi_datamover_addr_cntl__parameterized0' (0#1) [f:/Haoyang_Sun/experiments/labs/lab13/lab13.gen/sources_1/bd/design_1/ip/design_1_cg_fpga_0_0/src/cg_fpga_axi_vdma_0_0/hdl/axi_datamover_v5_1_vh_rfs.vhd:9946]
INFO: [Synth 8-638] synthesizing module 'axi_datamover_wrdata_cntl' [f:/Haoyang_Sun/experiments/labs/lab13/lab13.gen/sources_1/bd/design_1/ip/design_1_cg_fpga_0_0/src/cg_fpga_axi_vdma_0_0/hdl/axi_datamover_v5_1_vh_rfs.vhd:15590]
INFO: [Synth 8-638] synthesizing module 'axi_datamover_fifo__parameterized8' [f:/Haoyang_Sun/experiments/labs/lab13/lab13.gen/sources_1/bd/design_1/ip/design_1_cg_fpga_0_0/src/cg_fpga_axi_vdma_0_0/hdl/axi_datamover_v5_1_vh_rfs.vhd:1862]
INFO: [Synth 8-638] synthesizing module 'srl_fifo_f__parameterized9' [f:/Haoyang_Sun/experiments/labs/lab13/lab13.gen/sources_1/bd/design_1/ip/design_1_cg_fpga_0_0/src/cg_fpga_axi_vdma_0_0/hdl/lib_srl_fifo_v1_0_rfs.vhd:777]
INFO: [Synth 8-638] synthesizing module 'srl_fifo_rbu_f__parameterized9' [f:/Haoyang_Sun/experiments/labs/lab13/lab13.gen/sources_1/bd/design_1/ip/design_1_cg_fpga_0_0/src/cg_fpga_axi_vdma_0_0/hdl/lib_srl_fifo_v1_0_rfs.vhd:538]
INFO: [Synth 8-638] synthesizing module 'dynshreg_f__parameterized9' [f:/Haoyang_Sun/experiments/labs/lab13/lab13.gen/sources_1/bd/design_1/ip/design_1_cg_fpga_0_0/src/cg_fpga_axi_vdma_0_0/hdl/lib_srl_fifo_v1_0_rfs.vhd:329]
INFO: [Synth 8-256] done synthesizing module 'dynshreg_f__parameterized9' (0#1) [f:/Haoyang_Sun/experiments/labs/lab13/lab13.gen/sources_1/bd/design_1/ip/design_1_cg_fpga_0_0/src/cg_fpga_axi_vdma_0_0/hdl/lib_srl_fifo_v1_0_rfs.vhd:329]
INFO: [Synth 8-256] done synthesizing module 'srl_fifo_rbu_f__parameterized9' (0#1) [f:/Haoyang_Sun/experiments/labs/lab13/lab13.gen/sources_1/bd/design_1/ip/design_1_cg_fpga_0_0/src/cg_fpga_axi_vdma_0_0/hdl/lib_srl_fifo_v1_0_rfs.vhd:538]
INFO: [Synth 8-256] done synthesizing module 'srl_fifo_f__parameterized9' (0#1) [f:/Haoyang_Sun/experiments/labs/lab13/lab13.gen/sources_1/bd/design_1/ip/design_1_cg_fpga_0_0/src/cg_fpga_axi_vdma_0_0/hdl/lib_srl_fifo_v1_0_rfs.vhd:777]
INFO: [Synth 8-256] done synthesizing module 'axi_datamover_fifo__parameterized8' (0#1) [f:/Haoyang_Sun/experiments/labs/lab13/lab13.gen/sources_1/bd/design_1/ip/design_1_cg_fpga_0_0/src/cg_fpga_axi_vdma_0_0/hdl/axi_datamover_v5_1_vh_rfs.vhd:1862]
INFO: [Synth 8-256] done synthesizing module 'axi_datamover_wrdata_cntl' (0#1) [f:/Haoyang_Sun/experiments/labs/lab13/lab13.gen/sources_1/bd/design_1/ip/design_1_cg_fpga_0_0/src/cg_fpga_axi_vdma_0_0/hdl/axi_datamover_v5_1_vh_rfs.vhd:15590]
INFO: [Synth 8-638] synthesizing module 'axi_datamover_skid2mm_buf' [f:/Haoyang_Sun/experiments/labs/lab13/lab13.gen/sources_1/bd/design_1/ip/design_1_cg_fpga_0_0/src/cg_fpga_axi_vdma_0_0/hdl/axi_datamover_v5_1_vh_rfs.vhd:18902]
INFO: [Synth 8-638] synthesizing module 'axi_datamover_wr_demux' [f:/Haoyang_Sun/experiments/labs/lab13/lab13.gen/sources_1/bd/design_1/ip/design_1_cg_fpga_0_0/src/cg_fpga_axi_vdma_0_0/hdl/axi_datamover_v5_1_vh_rfs.vhd:14039]
INFO: [Synth 8-256] done synthesizing module 'axi_datamover_wr_demux' (0#1) [f:/Haoyang_Sun/experiments/labs/lab13/lab13.gen/sources_1/bd/design_1/ip/design_1_cg_fpga_0_0/src/cg_fpga_axi_vdma_0_0/hdl/axi_datamover_v5_1_vh_rfs.vhd:14039]
INFO: [Synth 8-256] done synthesizing module 'axi_datamover_skid2mm_buf' (0#1) [f:/Haoyang_Sun/experiments/labs/lab13/lab13.gen/sources_1/bd/design_1/ip/design_1_cg_fpga_0_0/src/cg_fpga_axi_vdma_0_0/hdl/axi_datamover_v5_1_vh_rfs.vhd:18902]
INFO: [Synth 8-256] done synthesizing module 'axi_datamover_s2mm_full_wrap' (0#1) [f:/Haoyang_Sun/experiments/labs/lab13/lab13.gen/sources_1/bd/design_1/ip/design_1_cg_fpga_0_0/src/cg_fpga_axi_vdma_0_0/hdl/axi_datamover_v5_1_vh_rfs.vhd:49786]
INFO: [Synth 8-256] done synthesizing module 'axi_datamover' (0#1) [f:/Haoyang_Sun/experiments/labs/lab13/lab13.gen/sources_1/bd/design_1/ip/design_1_cg_fpga_0_0/src/cg_fpga_axi_vdma_0_0/hdl/axi_datamover_v5_1_vh_rfs.vhd:55204]
INFO: [Synth 8-256] done synthesizing module 'axi_vdma' (0#1) [f:/Haoyang_Sun/experiments/labs/lab13/lab13.gen/sources_1/bd/design_1/ip/design_1_cg_fpga_0_0/src/cg_fpga_axi_vdma_0_0/hdl/axi_vdma_v6_3_rfs.vhd:69564]
INFO: [Synth 8-256] done synthesizing module 'cg_fpga_axi_vdma_0_0' (0#1) [f:/Haoyang_Sun/experiments/labs/lab13/lab13.gen/sources_1/bd/design_1/ip/design_1_cg_fpga_0_0/src/cg_fpga_axi_vdma_0_0/synth/cg_fpga_axi_vdma_0_0.vhd:131]
WARNING: [Synth 8-7071] port 'mm2s_frame_ptr_out' of module 'cg_fpga_axi_vdma_0_0' is unconnected for instance 'cg_axi_vdma_0' [f:/Haoyang_Sun/experiments/labs/lab13/lab13.gen/sources_1/bd/design_1/ipshared/1d03/src/cg_fpga.v:528]
WARNING: [Synth 8-7071] port 's2mm_frame_ptr_out' of module 'cg_fpga_axi_vdma_0_0' is unconnected for instance 'cg_axi_vdma_0' [f:/Haoyang_Sun/experiments/labs/lab13/lab13.gen/sources_1/bd/design_1/ipshared/1d03/src/cg_fpga.v:528]
WARNING: [Synth 8-7071] port 'm_axis_mm2s_tdata' of module 'cg_fpga_axi_vdma_0_0' is unconnected for instance 'cg_axi_vdma_0' [f:/Haoyang_Sun/experiments/labs/lab13/lab13.gen/sources_1/bd/design_1/ipshared/1d03/src/cg_fpga.v:528]
WARNING: [Synth 8-7071] port 'm_axis_mm2s_tkeep' of module 'cg_fpga_axi_vdma_0_0' is unconnected for instance 'cg_axi_vdma_0' [f:/Haoyang_Sun/experiments/labs/lab13/lab13.gen/sources_1/bd/design_1/ipshared/1d03/src/cg_fpga.v:528]
WARNING: [Synth 8-7071] port 'm_axis_mm2s_tuser' of module 'cg_fpga_axi_vdma_0_0' is unconnected for instance 'cg_axi_vdma_0' [f:/Haoyang_Sun/experiments/labs/lab13/lab13.gen/sources_1/bd/design_1/ipshared/1d03/src/cg_fpga.v:528]
WARNING: [Synth 8-7071] port 'm_axis_mm2s_tvalid' of module 'cg_fpga_axi_vdma_0_0' is unconnected for instance 'cg_axi_vdma_0' [f:/Haoyang_Sun/experiments/labs/lab13/lab13.gen/sources_1/bd/design_1/ipshared/1d03/src/cg_fpga.v:528]
WARNING: [Synth 8-7071] port 'm_axis_mm2s_tlast' of module 'cg_fpga_axi_vdma_0_0' is unconnected for instance 'cg_axi_vdma_0' [f:/Haoyang_Sun/experiments/labs/lab13/lab13.gen/sources_1/bd/design_1/ipshared/1d03/src/cg_fpga.v:528]
WARNING: [Synth 8-7023] instance 'cg_axi_vdma_0' of module 'cg_fpga_axi_vdma_0_0' has 67 connections declared, but only 60 given [f:/Haoyang_Sun/experiments/labs/lab13/lab13.gen/sources_1/bd/design_1/ipshared/1d03/src/cg_fpga.v:528]
INFO: [Synth 8-638] synthesizing module 'cg_fpga_cg_fpga_axi_gpio_o1_1' [f:/Haoyang_Sun/experiments/labs/lab13/lab13.gen/sources_1/bd/design_1/ip/design_1_cg_fpga_0_0/src/cg_fpga_cg_fpga_axi_gpio_o1_1/synth/cg_fpga_cg_fpga_axi_gpio_o1_1.vhd:86]
	Parameter C_FAMILY bound to: zynq - type: string 
	Parameter C_S_AXI_ADDR_WIDTH bound to: 9 - type: integer 
	Parameter C_S_AXI_DATA_WIDTH bound to: 32 - type: integer 
	Parameter C_GPIO_WIDTH bound to: 32 - type: integer 
	Parameter C_GPIO2_WIDTH bound to: 32 - type: integer 
	Parameter C_ALL_INPUTS bound to: 1 - type: integer 
	Parameter C_ALL_INPUTS_2 bound to: 1 - type: integer 
	Parameter C_ALL_OUTPUTS bound to: 0 - type: integer 
	Parameter C_ALL_OUTPUTS_2 bound to: 0 - type: integer 
	Parameter C_INTERRUPT_PRESENT bound to: 1 - type: integer 
	Parameter C_DOUT_DEFAULT bound to: 32'b00000000000000000000000000000000 
	Parameter C_TRI_DEFAULT bound to: 32'b11111111111111111111111111111111 
	Parameter C_IS_DUAL bound to: 1 - type: integer 
	Parameter C_DOUT_DEFAULT_2 bound to: 32'b00000000000000000000000000000000 
	Parameter C_TRI_DEFAULT_2 bound to: 32'b11111111111111111111111111111111 
INFO: [Synth 8-3491] module 'axi_gpio' declared at 'f:/Haoyang_Sun/experiments/labs/lab13/lab13.gen/sources_1/bd/design_1/ip/design_1_cg_fpga_0_0/src/cg_fpga_cg_fpga_axi_gpio_i1_0/hdl/axi_gpio_v2_0_vh_rfs.vhd:1269' bound to instance 'U0' of component 'axi_gpio' [f:/Haoyang_Sun/experiments/labs/lab13/lab13.gen/sources_1/bd/design_1/ip/design_1_cg_fpga_0_0/src/cg_fpga_cg_fpga_axi_gpio_o1_1/synth/cg_fpga_cg_fpga_axi_gpio_o1_1.vhd:181]
INFO: [Synth 8-638] synthesizing module 'axi_gpio' [f:/Haoyang_Sun/experiments/labs/lab13/lab13.gen/sources_1/bd/design_1/ip/design_1_cg_fpga_0_0/src/cg_fpga_cg_fpga_axi_gpio_i1_0/hdl/axi_gpio_v2_0_vh_rfs.vhd:1355]
INFO: [Synth 8-638] synthesizing module 'axi_lite_ipif__parameterized1' [f:/Haoyang_Sun/experiments/labs/lab13/lab13.gen/sources_1/bd/design_1/ip/design_1_cg_fpga_0_0/src/cg_fpga_axi_intc_0_0/hdl/axi_lite_ipif_v3_0_vh_rfs.vhd:2948]
INFO: [Synth 8-638] synthesizing module 'slave_attachment__parameterized1' [f:/Haoyang_Sun/experiments/labs/lab13/lab13.gen/sources_1/bd/design_1/ip/design_1_cg_fpga_0_0/src/cg_fpga_axi_intc_0_0/hdl/axi_lite_ipif_v3_0_vh_rfs.vhd:2341]
INFO: [Synth 8-638] synthesizing module 'address_decoder__parameterized1' [f:/Haoyang_Sun/experiments/labs/lab13/lab13.gen/sources_1/bd/design_1/ip/design_1_cg_fpga_0_0/src/cg_fpga_axi_intc_0_0/hdl/axi_lite_ipif_v3_0_vh_rfs.vhd:1775]
INFO: [Synth 8-638] synthesizing module 'pselect_f__parameterized24' [f:/Haoyang_Sun/experiments/labs/lab13/lab13.gen/sources_1/bd/design_1/ip/design_1_cg_fpga_0_0/src/cg_fpga_axi_intc_0_0/hdl/axi_lite_ipif_v3_0_vh_rfs.vhd:1534]
INFO: [Synth 8-256] done synthesizing module 'pselect_f__parameterized24' (0#1) [f:/Haoyang_Sun/experiments/labs/lab13/lab13.gen/sources_1/bd/design_1/ip/design_1_cg_fpga_0_0/src/cg_fpga_axi_intc_0_0/hdl/axi_lite_ipif_v3_0_vh_rfs.vhd:1534]
INFO: [Synth 8-638] synthesizing module 'pselect_f__parameterized25' [f:/Haoyang_Sun/experiments/labs/lab13/lab13.gen/sources_1/bd/design_1/ip/design_1_cg_fpga_0_0/src/cg_fpga_axi_intc_0_0/hdl/axi_lite_ipif_v3_0_vh_rfs.vhd:1534]
INFO: [Synth 8-256] done synthesizing module 'pselect_f__parameterized25' (0#1) [f:/Haoyang_Sun/experiments/labs/lab13/lab13.gen/sources_1/bd/design_1/ip/design_1_cg_fpga_0_0/src/cg_fpga_axi_intc_0_0/hdl/axi_lite_ipif_v3_0_vh_rfs.vhd:1534]
INFO: [Synth 8-256] done synthesizing module 'address_decoder__parameterized1' (0#1) [f:/Haoyang_Sun/experiments/labs/lab13/lab13.gen/sources_1/bd/design_1/ip/design_1_cg_fpga_0_0/src/cg_fpga_axi_intc_0_0/hdl/axi_lite_ipif_v3_0_vh_rfs.vhd:1775]
INFO: [Synth 8-226] default block is never used [f:/Haoyang_Sun/experiments/labs/lab13/lab13.gen/sources_1/bd/design_1/ip/design_1_cg_fpga_0_0/src/cg_fpga_axi_intc_0_0/hdl/axi_lite_ipif_v3_0_vh_rfs.vhd:2550]
INFO: [Synth 8-256] done synthesizing module 'slave_attachment__parameterized1' (0#1) [f:/Haoyang_Sun/experiments/labs/lab13/lab13.gen/sources_1/bd/design_1/ip/design_1_cg_fpga_0_0/src/cg_fpga_axi_intc_0_0/hdl/axi_lite_ipif_v3_0_vh_rfs.vhd:2341]
INFO: [Synth 8-256] done synthesizing module 'axi_lite_ipif__parameterized1' (0#1) [f:/Haoyang_Sun/experiments/labs/lab13/lab13.gen/sources_1/bd/design_1/ip/design_1_cg_fpga_0_0/src/cg_fpga_axi_intc_0_0/hdl/axi_lite_ipif_v3_0_vh_rfs.vhd:2948]
INFO: [Synth 8-638] synthesizing module 'interrupt_control' [f:/Haoyang_Sun/experiments/labs/lab13/lab13.gen/sources_1/bd/design_1/ip/design_1_cg_fpga_0_0/src/cg_fpga_cg_fpga_axi_gpio_i1_0/hdl/interrupt_control_v3_1_vh_rfs.vhd:257]
INFO: [Synth 8-256] done synthesizing module 'interrupt_control' (0#1) [f:/Haoyang_Sun/experiments/labs/lab13/lab13.gen/sources_1/bd/design_1/ip/design_1_cg_fpga_0_0/src/cg_fpga_cg_fpga_axi_gpio_i1_0/hdl/interrupt_control_v3_1_vh_rfs.vhd:257]
INFO: [Synth 8-638] synthesizing module 'GPIO_Core' [f:/Haoyang_Sun/experiments/labs/lab13/lab13.gen/sources_1/bd/design_1/ip/design_1_cg_fpga_0_0/src/cg_fpga_cg_fpga_axi_gpio_i1_0/hdl/axi_gpio_v2_0_vh_rfs.vhd:181]
INFO: [Synth 8-226] default block is never used [f:/Haoyang_Sun/experiments/labs/lab13/lab13.gen/sources_1/bd/design_1/ip/design_1_cg_fpga_0_0/src/cg_fpga_cg_fpga_axi_gpio_i1_0/hdl/axi_gpio_v2_0_vh_rfs.vhd:837]
INFO: [Synth 8-638] synthesizing module 'cdc_sync__parameterized4' [f:/Haoyang_Sun/experiments/labs/lab13/lab13.gen/sources_1/bd/design_1/ip/design_1_cg_fpga_0_0/src/cg_fpga_axi_vdma_0_0/hdl/lib_cdc_v1_0_rfs.vhd:106]
	Parameter INIT bound to: 1'b0 
INFO: [Synth 8-113] binding component instance 'CROSS2_PLEVEL_IN2SCNDRY_IN_cdc_to' to cell 'FDR' [f:/Haoyang_Sun/experiments/labs/lab13/lab13.gen/sources_1/bd/design_1/ip/design_1_cg_fpga_0_0/src/cg_fpga_axi_vdma_0_0/hdl/lib_cdc_v1_0_rfs.vhd:736]
	Parameter INIT bound to: 1'b0 
INFO: [Synth 8-113] binding component instance 'CROSS2_PLEVEL_IN2SCNDRY_IN_cdc_to' to cell 'FDR' [f:/Haoyang_Sun/experiments/labs/lab13/lab13.gen/sources_1/bd/design_1/ip/design_1_cg_fpga_0_0/src/cg_fpga_axi_vdma_0_0/hdl/lib_cdc_v1_0_rfs.vhd:736]
	Parameter INIT bound to: 1'b0 
INFO: [Synth 8-113] binding component instance 'CROSS2_PLEVEL_IN2SCNDRY_IN_cdc_to' to cell 'FDR' [f:/Haoyang_Sun/experiments/labs/lab13/lab13.gen/sources_1/bd/design_1/ip/design_1_cg_fpga_0_0/src/cg_fpga_axi_vdma_0_0/hdl/lib_cdc_v1_0_rfs.vhd:736]
	Parameter INIT bound to: 1'b0 
INFO: [Synth 8-113] binding component instance 'CROSS2_PLEVEL_IN2SCNDRY_IN_cdc_to' to cell 'FDR' [f:/Haoyang_Sun/experiments/labs/lab13/lab13.gen/sources_1/bd/design_1/ip/design_1_cg_fpga_0_0/src/cg_fpga_axi_vdma_0_0/hdl/lib_cdc_v1_0_rfs.vhd:736]
	Parameter INIT bound to: 1'b0 
INFO: [Synth 8-113] binding component instance 'CROSS2_PLEVEL_IN2SCNDRY_IN_cdc_to' to cell 'FDR' [f:/Haoyang_Sun/experiments/labs/lab13/lab13.gen/sources_1/bd/design_1/ip/design_1_cg_fpga_0_0/src/cg_fpga_axi_vdma_0_0/hdl/lib_cdc_v1_0_rfs.vhd:736]
	Parameter INIT bound to: 1'b0 
INFO: [Synth 8-113] binding component instance 'CROSS2_PLEVEL_IN2SCNDRY_IN_cdc_to' to cell 'FDR' [f:/Haoyang_Sun/experiments/labs/lab13/lab13.gen/sources_1/bd/design_1/ip/design_1_cg_fpga_0_0/src/cg_fpga_axi_vdma_0_0/hdl/lib_cdc_v1_0_rfs.vhd:736]
	Parameter INIT bound to: 1'b0 
INFO: [Synth 8-113] binding component instance 'CROSS2_PLEVEL_IN2SCNDRY_IN_cdc_to' to cell 'FDR' [f:/Haoyang_Sun/experiments/labs/lab13/lab13.gen/sources_1/bd/design_1/ip/design_1_cg_fpga_0_0/src/cg_fpga_axi_vdma_0_0/hdl/lib_cdc_v1_0_rfs.vhd:736]
	Parameter INIT bound to: 1'b0 
INFO: [Synth 8-113] binding component instance 'CROSS2_PLEVEL_IN2SCNDRY_IN_cdc_to' to cell 'FDR' [f:/Haoyang_Sun/experiments/labs/lab13/lab13.gen/sources_1/bd/design_1/ip/design_1_cg_fpga_0_0/src/cg_fpga_axi_vdma_0_0/hdl/lib_cdc_v1_0_rfs.vhd:736]
	Parameter INIT bound to: 1'b0 
INFO: [Synth 8-113] binding component instance 'CROSS2_PLEVEL_IN2SCNDRY_IN_cdc_to' to cell 'FDR' [f:/Haoyang_Sun/experiments/labs/lab13/lab13.gen/sources_1/bd/design_1/ip/design_1_cg_fpga_0_0/src/cg_fpga_axi_vdma_0_0/hdl/lib_cdc_v1_0_rfs.vhd:736]
	Parameter INIT bound to: 1'b0 
INFO: [Synth 8-113] binding component instance 'CROSS2_PLEVEL_IN2SCNDRY_IN_cdc_to' to cell 'FDR' [f:/Haoyang_Sun/experiments/labs/lab13/lab13.gen/sources_1/bd/design_1/ip/design_1_cg_fpga_0_0/src/cg_fpga_axi_vdma_0_0/hdl/lib_cdc_v1_0_rfs.vhd:736]
	Parameter INIT bound to: 1'b0 
INFO: [Synth 8-113] binding component instance 'CROSS2_PLEVEL_IN2SCNDRY_IN_cdc_to' to cell 'FDR' [f:/Haoyang_Sun/experiments/labs/lab13/lab13.gen/sources_1/bd/design_1/ip/design_1_cg_fpga_0_0/src/cg_fpga_axi_vdma_0_0/hdl/lib_cdc_v1_0_rfs.vhd:736]
	Parameter INIT bound to: 1'b0 
INFO: [Synth 8-113] binding component instance 'CROSS2_PLEVEL_IN2SCNDRY_IN_cdc_to' to cell 'FDR' [f:/Haoyang_Sun/experiments/labs/lab13/lab13.gen/sources_1/bd/design_1/ip/design_1_cg_fpga_0_0/src/cg_fpga_axi_vdma_0_0/hdl/lib_cdc_v1_0_rfs.vhd:736]
	Parameter INIT bound to: 1'b0 
INFO: [Synth 8-113] binding component instance 'CROSS2_PLEVEL_IN2SCNDRY_IN_cdc_to' to cell 'FDR' [f:/Haoyang_Sun/experiments/labs/lab13/lab13.gen/sources_1/bd/design_1/ip/design_1_cg_fpga_0_0/src/cg_fpga_axi_vdma_0_0/hdl/lib_cdc_v1_0_rfs.vhd:736]
	Parameter INIT bound to: 1'b0 
INFO: [Synth 8-113] binding component instance 'CROSS2_PLEVEL_IN2SCNDRY_IN_cdc_to' to cell 'FDR' [f:/Haoyang_Sun/experiments/labs/lab13/lab13.gen/sources_1/bd/design_1/ip/design_1_cg_fpga_0_0/src/cg_fpga_axi_vdma_0_0/hdl/lib_cdc_v1_0_rfs.vhd:736]
	Parameter INIT bound to: 1'b0 
INFO: [Synth 8-113] binding component instance 'CROSS2_PLEVEL_IN2SCNDRY_IN_cdc_to' to cell 'FDR' [f:/Haoyang_Sun/experiments/labs/lab13/lab13.gen/sources_1/bd/design_1/ip/design_1_cg_fpga_0_0/src/cg_fpga_axi_vdma_0_0/hdl/lib_cdc_v1_0_rfs.vhd:736]
	Parameter INIT bound to: 1'b0 
INFO: [Synth 8-113] binding component instance 'CROSS2_PLEVEL_IN2SCNDRY_IN_cdc_to' to cell 'FDR' [f:/Haoyang_Sun/experiments/labs/lab13/lab13.gen/sources_1/bd/design_1/ip/design_1_cg_fpga_0_0/src/cg_fpga_axi_vdma_0_0/hdl/lib_cdc_v1_0_rfs.vhd:736]
	Parameter INIT bound to: 1'b0 
INFO: [Synth 8-113] binding component instance 'CROSS2_PLEVEL_IN2SCNDRY_IN_cdc_to' to cell 'FDR' [f:/Haoyang_Sun/experiments/labs/lab13/lab13.gen/sources_1/bd/design_1/ip/design_1_cg_fpga_0_0/src/cg_fpga_axi_vdma_0_0/hdl/lib_cdc_v1_0_rfs.vhd:736]
	Parameter INIT bound to: 1'b0 
INFO: [Synth 8-113] binding component instance 'CROSS2_PLEVEL_IN2SCNDRY_IN_cdc_to' to cell 'FDR' [f:/Haoyang_Sun/experiments/labs/lab13/lab13.gen/sources_1/bd/design_1/ip/design_1_cg_fpga_0_0/src/cg_fpga_axi_vdma_0_0/hdl/lib_cdc_v1_0_rfs.vhd:736]
	Parameter INIT bound to: 1'b0 
INFO: [Synth 8-113] binding component instance 'CROSS2_PLEVEL_IN2SCNDRY_IN_cdc_to' to cell 'FDR' [f:/Haoyang_Sun/experiments/labs/lab13/lab13.gen/sources_1/bd/design_1/ip/design_1_cg_fpga_0_0/src/cg_fpga_axi_vdma_0_0/hdl/lib_cdc_v1_0_rfs.vhd:736]
	Parameter INIT bound to: 1'b0 
INFO: [Synth 8-113] binding component instance 'CROSS2_PLEVEL_IN2SCNDRY_IN_cdc_to' to cell 'FDR' [f:/Haoyang_Sun/experiments/labs/lab13/lab13.gen/sources_1/bd/design_1/ip/design_1_cg_fpga_0_0/src/cg_fpga_axi_vdma_0_0/hdl/lib_cdc_v1_0_rfs.vhd:736]
	Parameter INIT bound to: 1'b0 
INFO: [Synth 8-113] binding component instance 'CROSS2_PLEVEL_IN2SCNDRY_IN_cdc_to' to cell 'FDR' [f:/Haoyang_Sun/experiments/labs/lab13/lab13.gen/sources_1/bd/design_1/ip/design_1_cg_fpga_0_0/src/cg_fpga_axi_vdma_0_0/hdl/lib_cdc_v1_0_rfs.vhd:736]
	Parameter INIT bound to: 1'b0 
INFO: [Synth 8-113] binding component instance 'CROSS2_PLEVEL_IN2SCNDRY_IN_cdc_to' to cell 'FDR' [f:/Haoyang_Sun/experiments/labs/lab13/lab13.gen/sources_1/bd/design_1/ip/design_1_cg_fpga_0_0/src/cg_fpga_axi_vdma_0_0/hdl/lib_cdc_v1_0_rfs.vhd:736]
	Parameter INIT bound to: 1'b0 
INFO: [Synth 8-113] binding component instance 'CROSS2_PLEVEL_IN2SCNDRY_IN_cdc_to' to cell 'FDR' [f:/Haoyang_Sun/experiments/labs/lab13/lab13.gen/sources_1/bd/design_1/ip/design_1_cg_fpga_0_0/src/cg_fpga_axi_vdma_0_0/hdl/lib_cdc_v1_0_rfs.vhd:736]
	Parameter INIT bound to: 1'b0 
INFO: [Synth 8-113] binding component instance 'CROSS2_PLEVEL_IN2SCNDRY_IN_cdc_to' to cell 'FDR' [f:/Haoyang_Sun/experiments/labs/lab13/lab13.gen/sources_1/bd/design_1/ip/design_1_cg_fpga_0_0/src/cg_fpga_axi_vdma_0_0/hdl/lib_cdc_v1_0_rfs.vhd:736]
	Parameter INIT bound to: 1'b0 
INFO: [Synth 8-113] binding component instance 'CROSS2_PLEVEL_IN2SCNDRY_IN_cdc_to' to cell 'FDR' [f:/Haoyang_Sun/experiments/labs/lab13/lab13.gen/sources_1/bd/design_1/ip/design_1_cg_fpga_0_0/src/cg_fpga_axi_vdma_0_0/hdl/lib_cdc_v1_0_rfs.vhd:736]
	Parameter INIT bound to: 1'b0 
INFO: [Synth 8-113] binding component instance 'CROSS2_PLEVEL_IN2SCNDRY_IN_cdc_to' to cell 'FDR' [f:/Haoyang_Sun/experiments/labs/lab13/lab13.gen/sources_1/bd/design_1/ip/design_1_cg_fpga_0_0/src/cg_fpga_axi_vdma_0_0/hdl/lib_cdc_v1_0_rfs.vhd:736]
	Parameter INIT bound to: 1'b0 
INFO: [Synth 8-113] binding component instance 'CROSS2_PLEVEL_IN2SCNDRY_IN_cdc_to' to cell 'FDR' [f:/Haoyang_Sun/experiments/labs/lab13/lab13.gen/sources_1/bd/design_1/ip/design_1_cg_fpga_0_0/src/cg_fpga_axi_vdma_0_0/hdl/lib_cdc_v1_0_rfs.vhd:736]
	Parameter INIT bound to: 1'b0 
INFO: [Synth 8-113] binding component instance 'CROSS2_PLEVEL_IN2SCNDRY_IN_cdc_to' to cell 'FDR' [f:/Haoyang_Sun/experiments/labs/lab13/lab13.gen/sources_1/bd/design_1/ip/design_1_cg_fpga_0_0/src/cg_fpga_axi_vdma_0_0/hdl/lib_cdc_v1_0_rfs.vhd:736]
	Parameter INIT bound to: 1'b0 
INFO: [Synth 8-113] binding component instance 'CROSS2_PLEVEL_IN2SCNDRY_IN_cdc_to' to cell 'FDR' [f:/Haoyang_Sun/experiments/labs/lab13/lab13.gen/sources_1/bd/design_1/ip/design_1_cg_fpga_0_0/src/cg_fpga_axi_vdma_0_0/hdl/lib_cdc_v1_0_rfs.vhd:736]
	Parameter INIT bound to: 1'b0 
INFO: [Synth 8-113] binding component instance 'CROSS2_PLEVEL_IN2SCNDRY_IN_cdc_to' to cell 'FDR' [f:/Haoyang_Sun/experiments/labs/lab13/lab13.gen/sources_1/bd/design_1/ip/design_1_cg_fpga_0_0/src/cg_fpga_axi_vdma_0_0/hdl/lib_cdc_v1_0_rfs.vhd:736]
	Parameter INIT bound to: 1'b0 
INFO: [Synth 8-113] binding component instance 'CROSS2_PLEVEL_IN2SCNDRY_IN_cdc_to' to cell 'FDR' [f:/Haoyang_Sun/experiments/labs/lab13/lab13.gen/sources_1/bd/design_1/ip/design_1_cg_fpga_0_0/src/cg_fpga_axi_vdma_0_0/hdl/lib_cdc_v1_0_rfs.vhd:736]
	Parameter INIT bound to: 1'b0 
INFO: [Synth 8-113] binding component instance 'CROSS2_PLEVEL_IN2SCNDRY_IN_cdc_to' to cell 'FDR' [f:/Haoyang_Sun/experiments/labs/lab13/lab13.gen/sources_1/bd/design_1/ip/design_1_cg_fpga_0_0/src/cg_fpga_axi_vdma_0_0/hdl/lib_cdc_v1_0_rfs.vhd:736]
	Parameter INIT bound to: 1'b0 
INFO: [Synth 8-113] binding component instance 'CROSS2_PLEVEL_IN2SCNDRY_s_level_out_bus_d2' to cell 'FDR' [f:/Haoyang_Sun/experiments/labs/lab13/lab13.gen/sources_1/bd/design_1/ip/design_1_cg_fpga_0_0/src/cg_fpga_axi_vdma_0_0/hdl/lib_cdc_v1_0_rfs.vhd:772]
	Parameter INIT bound to: 1'b0 
INFO: [Synth 8-113] binding component instance 'CROSS2_PLEVEL_IN2SCNDRY_s_level_out_bus_d2' to cell 'FDR' [f:/Haoyang_Sun/experiments/labs/lab13/lab13.gen/sources_1/bd/design_1/ip/design_1_cg_fpga_0_0/src/cg_fpga_axi_vdma_0_0/hdl/lib_cdc_v1_0_rfs.vhd:772]
	Parameter INIT bound to: 1'b0 
INFO: [Synth 8-113] binding component instance 'CROSS2_PLEVEL_IN2SCNDRY_s_level_out_bus_d2' to cell 'FDR' [f:/Haoyang_Sun/experiments/labs/lab13/lab13.gen/sources_1/bd/design_1/ip/design_1_cg_fpga_0_0/src/cg_fpga_axi_vdma_0_0/hdl/lib_cdc_v1_0_rfs.vhd:772]
	Parameter INIT bound to: 1'b0 
INFO: [Synth 8-113] binding component instance 'CROSS2_PLEVEL_IN2SCNDRY_s_level_out_bus_d2' to cell 'FDR' [f:/Haoyang_Sun/experiments/labs/lab13/lab13.gen/sources_1/bd/design_1/ip/design_1_cg_fpga_0_0/src/cg_fpga_axi_vdma_0_0/hdl/lib_cdc_v1_0_rfs.vhd:772]
	Parameter INIT bound to: 1'b0 
INFO: [Synth 8-113] binding component instance 'CROSS2_PLEVEL_IN2SCNDRY_s_level_out_bus_d2' to cell 'FDR' [f:/Haoyang_Sun/experiments/labs/lab13/lab13.gen/sources_1/bd/design_1/ip/design_1_cg_fpga_0_0/src/cg_fpga_axi_vdma_0_0/hdl/lib_cdc_v1_0_rfs.vhd:772]
	Parameter INIT bound to: 1'b0 
INFO: [Synth 8-113] binding component instance 'CROSS2_PLEVEL_IN2SCNDRY_s_level_out_bus_d2' to cell 'FDR' [f:/Haoyang_Sun/experiments/labs/lab13/lab13.gen/sources_1/bd/design_1/ip/design_1_cg_fpga_0_0/src/cg_fpga_axi_vdma_0_0/hdl/lib_cdc_v1_0_rfs.vhd:772]
	Parameter INIT bound to: 1'b0 
INFO: [Synth 8-113] binding component instance 'CROSS2_PLEVEL_IN2SCNDRY_s_level_out_bus_d2' to cell 'FDR' [f:/Haoyang_Sun/experiments/labs/lab13/lab13.gen/sources_1/bd/design_1/ip/design_1_cg_fpga_0_0/src/cg_fpga_axi_vdma_0_0/hdl/lib_cdc_v1_0_rfs.vhd:772]
	Parameter INIT bound to: 1'b0 
INFO: [Synth 8-113] binding component instance 'CROSS2_PLEVEL_IN2SCNDRY_s_level_out_bus_d2' to cell 'FDR' [f:/Haoyang_Sun/experiments/labs/lab13/lab13.gen/sources_1/bd/design_1/ip/design_1_cg_fpga_0_0/src/cg_fpga_axi_vdma_0_0/hdl/lib_cdc_v1_0_rfs.vhd:772]
	Parameter INIT bound to: 1'b0 
INFO: [Synth 8-113] binding component instance 'CROSS2_PLEVEL_IN2SCNDRY_s_level_out_bus_d2' to cell 'FDR' [f:/Haoyang_Sun/experiments/labs/lab13/lab13.gen/sources_1/bd/design_1/ip/design_1_cg_fpga_0_0/src/cg_fpga_axi_vdma_0_0/hdl/lib_cdc_v1_0_rfs.vhd:772]
	Parameter INIT bound to: 1'b0 
INFO: [Synth 8-113] binding component instance 'CROSS2_PLEVEL_IN2SCNDRY_s_level_out_bus_d2' to cell 'FDR' [f:/Haoyang_Sun/experiments/labs/lab13/lab13.gen/sources_1/bd/design_1/ip/design_1_cg_fpga_0_0/src/cg_fpga_axi_vdma_0_0/hdl/lib_cdc_v1_0_rfs.vhd:772]
	Parameter INIT bound to: 1'b0 
INFO: [Synth 8-113] binding component instance 'CROSS2_PLEVEL_IN2SCNDRY_s_level_out_bus_d2' to cell 'FDR' [f:/Haoyang_Sun/experiments/labs/lab13/lab13.gen/sources_1/bd/design_1/ip/design_1_cg_fpga_0_0/src/cg_fpga_axi_vdma_0_0/hdl/lib_cdc_v1_0_rfs.vhd:772]
	Parameter INIT bound to: 1'b0 
INFO: [Synth 8-113] binding component instance 'CROSS2_PLEVEL_IN2SCNDRY_s_level_out_bus_d2' to cell 'FDR' [f:/Haoyang_Sun/experiments/labs/lab13/lab13.gen/sources_1/bd/design_1/ip/design_1_cg_fpga_0_0/src/cg_fpga_axi_vdma_0_0/hdl/lib_cdc_v1_0_rfs.vhd:772]
	Parameter INIT bound to: 1'b0 
INFO: [Synth 8-113] binding component instance 'CROSS2_PLEVEL_IN2SCNDRY_s_level_out_bus_d2' to cell 'FDR' [f:/Haoyang_Sun/experiments/labs/lab13/lab13.gen/sources_1/bd/design_1/ip/design_1_cg_fpga_0_0/src/cg_fpga_axi_vdma_0_0/hdl/lib_cdc_v1_0_rfs.vhd:772]
	Parameter INIT bound to: 1'b0 
INFO: [Synth 8-113] binding component instance 'CROSS2_PLEVEL_IN2SCNDRY_s_level_out_bus_d2' to cell 'FDR' [f:/Haoyang_Sun/experiments/labs/lab13/lab13.gen/sources_1/bd/design_1/ip/design_1_cg_fpga_0_0/src/cg_fpga_axi_vdma_0_0/hdl/lib_cdc_v1_0_rfs.vhd:772]
	Parameter INIT bound to: 1'b0 
INFO: [Synth 8-113] binding component instance 'CROSS2_PLEVEL_IN2SCNDRY_s_level_out_bus_d2' to cell 'FDR' [f:/Haoyang_Sun/experiments/labs/lab13/lab13.gen/sources_1/bd/design_1/ip/design_1_cg_fpga_0_0/src/cg_fpga_axi_vdma_0_0/hdl/lib_cdc_v1_0_rfs.vhd:772]
	Parameter INIT bound to: 1'b0 
INFO: [Synth 8-113] binding component instance 'CROSS2_PLEVEL_IN2SCNDRY_s_level_out_bus_d2' to cell 'FDR' [f:/Haoyang_Sun/experiments/labs/lab13/lab13.gen/sources_1/bd/design_1/ip/design_1_cg_fpga_0_0/src/cg_fpga_axi_vdma_0_0/hdl/lib_cdc_v1_0_rfs.vhd:772]
INFO: [Common 17-14] Message 'Synth 8-113' appears 100 times and further instances of the messages will be disabled. Use the Tcl command set_msg_config to change the current settings.
	Parameter INIT bound to: 1'b0 
	Parameter INIT bound to: 1'b0 
	Parameter INIT bound to: 1'b0 
	Parameter INIT bound to: 1'b0 
	Parameter INIT bound to: 1'b0 
	Parameter INIT bound to: 1'b0 
	Parameter INIT bound to: 1'b0 
	Parameter INIT bound to: 1'b0 
	Parameter INIT bound to: 1'b0 
	Parameter INIT bound to: 1'b0 
	Parameter INIT bound to: 1'b0 
	Parameter INIT bound to: 1'b0 
	Parameter INIT bound to: 1'b0 
	Parameter INIT bound to: 1'b0 
	Parameter INIT bound to: 1'b0 
	Parameter INIT bound to: 1'b0 
	Parameter INIT bound to: 1'b0 
	Parameter INIT bound to: 1'b0 
	Parameter INIT bound to: 1'b0 
	Parameter INIT bound to: 1'b0 
	Parameter INIT bound to: 1'b0 
	Parameter INIT bound to: 1'b0 
	Parameter INIT bound to: 1'b0 
	Parameter INIT bound to: 1'b0 
	Parameter INIT bound to: 1'b0 
	Parameter INIT bound to: 1'b0 
	Parameter INIT bound to: 1'b0 
	Parameter INIT bound to: 1'b0 
	Parameter INIT bound to: 1'b0 
	Parameter INIT bound to: 1'b0 
	Parameter INIT bound to: 1'b0 
	Parameter INIT bound to: 1'b0 
	Parameter INIT bound to: 1'b0 
	Parameter INIT bound to: 1'b0 
	Parameter INIT bound to: 1'b0 
	Parameter INIT bound to: 1'b0 
	Parameter INIT bound to: 1'b0 
	Parameter INIT bound to: 1'b0 
	Parameter INIT bound to: 1'b0 
	Parameter INIT bound to: 1'b0 
	Parameter INIT bound to: 1'b0 
	Parameter INIT bound to: 1'b0 
	Parameter INIT bound to: 1'b0 
	Parameter INIT bound to: 1'b0 
	Parameter INIT bound to: 1'b0 
	Parameter INIT bound to: 1'b0 
	Parameter INIT bound to: 1'b0 
	Parameter INIT bound to: 1'b0 
	Parameter INIT bound to: 1'b0 
	Parameter INIT bound to: 1'b0 
	Parameter INIT bound to: 1'b0 
	Parameter INIT bound to: 1'b0 
	Parameter INIT bound to: 1'b0 
	Parameter INIT bound to: 1'b0 
	Parameter INIT bound to: 1'b0 
	Parameter INIT bound to: 1'b0 
	Parameter INIT bound to: 1'b0 
	Parameter INIT bound to: 1'b0 
	Parameter INIT bound to: 1'b0 
	Parameter INIT bound to: 1'b0 
	Parameter INIT bound to: 1'b0 
	Parameter INIT bound to: 1'b0 
	Parameter INIT bound to: 1'b0 
	Parameter INIT bound to: 1'b0 
	Parameter INIT bound to: 1'b0 
	Parameter INIT bound to: 1'b0 
	Parameter INIT bound to: 1'b0 
	Parameter INIT bound to: 1'b0 
	Parameter INIT bound to: 1'b0 
	Parameter INIT bound to: 1'b0 
	Parameter INIT bound to: 1'b0 
	Parameter INIT bound to: 1'b0 
	Parameter INIT bound to: 1'b0 
	Parameter INIT bound to: 1'b0 
	Parameter INIT bound to: 1'b0 
	Parameter INIT bound to: 1'b0 
	Parameter INIT bound to: 1'b0 
	Parameter INIT bound to: 1'b0 
	Parameter INIT bound to: 1'b0 
	Parameter INIT bound to: 1'b0 
	Parameter INIT bound to: 1'b0 
	Parameter INIT bound to: 1'b0 
	Parameter INIT bound to: 1'b0 
	Parameter INIT bound to: 1'b0 
	Parameter INIT bound to: 1'b0 
	Parameter INIT bound to: 1'b0 
	Parameter INIT bound to: 1'b0 
	Parameter INIT bound to: 1'b0 
	Parameter INIT bound to: 1'b0 
	Parameter INIT bound to: 1'b0 
	Parameter INIT bound to: 1'b0 
	Parameter INIT bound to: 1'b0 
	Parameter INIT bound to: 1'b0 
	Parameter INIT bound to: 1'b0 
	Parameter INIT bound to: 1'b0 
	Parameter INIT bound to: 1'b0 
	Parameter INIT bound to: 1'b0 
	Parameter INIT bound to: 1'b0 
	Parameter INIT bound to: 1'b0 
	Parameter INIT bound to: 1'b0 
	Parameter INIT bound to: 1'b0 
	Parameter INIT bound to: 1'b0 
	Parameter INIT bound to: 1'b0 
	Parameter INIT bound to: 1'b0 
	Parameter INIT bound to: 1'b0 
	Parameter INIT bound to: 1'b0 
	Parameter INIT bound to: 1'b0 
	Parameter INIT bound to: 1'b0 
	Parameter INIT bound to: 1'b0 
	Parameter INIT bound to: 1'b0 
	Parameter INIT bound to: 1'b0 
	Parameter INIT bound to: 1'b0 
	Parameter INIT bound to: 1'b0 
	Parameter INIT bound to: 1'b0 
	Parameter INIT bound to: 1'b0 
	Parameter INIT bound to: 1'b0 
	Parameter INIT bound to: 1'b0 
	Parameter INIT bound to: 1'b0 
	Parameter INIT bound to: 1'b0 
	Parameter INIT bound to: 1'b0 
	Parameter INIT bound to: 1'b0 
	Parameter INIT bound to: 1'b0 
	Parameter INIT bound to: 1'b0 
	Parameter INIT bound to: 1'b0 
	Parameter INIT bound to: 1'b0 
	Parameter INIT bound to: 1'b0 
	Parameter INIT bound to: 1'b0 
	Parameter INIT bound to: 1'b0 
	Parameter INIT bound to: 1'b0 
	Parameter INIT bound to: 1'b0 
	Parameter INIT bound to: 1'b0 
	Parameter INIT bound to: 1'b0 
	Parameter INIT bound to: 1'b0 
	Parameter INIT bound to: 1'b0 
	Parameter INIT bound to: 1'b0 
	Parameter INIT bound to: 1'b0 
	Parameter INIT bound to: 1'b0 
	Parameter INIT bound to: 1'b0 
	Parameter INIT bound to: 1'b0 
	Parameter INIT bound to: 1'b0 
	Parameter INIT bound to: 1'b0 
	Parameter INIT bound to: 1'b0 
	Parameter INIT bound to: 1'b0 
	Parameter INIT bound to: 1'b0 
INFO: [Synth 8-256] done synthesizing module 'cdc_sync__parameterized4' (0#1) [f:/Haoyang_Sun/experiments/labs/lab13/lab13.gen/sources_1/bd/design_1/ip/design_1_cg_fpga_0_0/src/cg_fpga_axi_vdma_0_0/hdl/lib_cdc_v1_0_rfs.vhd:106]
INFO: [Synth 8-256] done synthesizing module 'GPIO_Core' (0#1) [f:/Haoyang_Sun/experiments/labs/lab13/lab13.gen/sources_1/bd/design_1/ip/design_1_cg_fpga_0_0/src/cg_fpga_cg_fpga_axi_gpio_i1_0/hdl/axi_gpio_v2_0_vh_rfs.vhd:181]
INFO: [Synth 8-256] done synthesizing module 'axi_gpio' (0#1) [f:/Haoyang_Sun/experiments/labs/lab13/lab13.gen/sources_1/bd/design_1/ip/design_1_cg_fpga_0_0/src/cg_fpga_cg_fpga_axi_gpio_i1_0/hdl/axi_gpio_v2_0_vh_rfs.vhd:1355]
INFO: [Synth 8-256] done synthesizing module 'cg_fpga_cg_fpga_axi_gpio_o1_1' (0#1) [f:/Haoyang_Sun/experiments/labs/lab13/lab13.gen/sources_1/bd/design_1/ip/design_1_cg_fpga_0_0/src/cg_fpga_cg_fpga_axi_gpio_o1_1/synth/cg_fpga_cg_fpga_axi_gpio_o1_1.vhd:86]
INFO: [Synth 8-638] synthesizing module 'cg_fpga_cg_fpga_axi_gpio_i1_0' [f:/Haoyang_Sun/experiments/labs/lab13/lab13.gen/sources_1/bd/design_1/ip/design_1_cg_fpga_0_0/src/cg_fpga_cg_fpga_axi_gpio_i1_0/synth/cg_fpga_cg_fpga_axi_gpio_i1_0.vhd:86]
	Parameter C_FAMILY bound to: zynq - type: string 
	Parameter C_S_AXI_ADDR_WIDTH bound to: 9 - type: integer 
	Parameter C_S_AXI_DATA_WIDTH bound to: 32 - type: integer 
	Parameter C_GPIO_WIDTH bound to: 32 - type: integer 
	Parameter C_GPIO2_WIDTH bound to: 32 - type: integer 
	Parameter C_ALL_INPUTS bound to: 1 - type: integer 
	Parameter C_ALL_INPUTS_2 bound to: 1 - type: integer 
	Parameter C_ALL_OUTPUTS bound to: 0 - type: integer 
	Parameter C_ALL_OUTPUTS_2 bound to: 0 - type: integer 
	Parameter C_INTERRUPT_PRESENT bound to: 1 - type: integer 
	Parameter C_DOUT_DEFAULT bound to: 32'b00000000000000000000000000000000 
	Parameter C_TRI_DEFAULT bound to: 32'b11111111111111111111111111111111 
	Parameter C_IS_DUAL bound to: 1 - type: integer 
	Parameter C_DOUT_DEFAULT_2 bound to: 32'b00000000000000000000000000000000 
	Parameter C_TRI_DEFAULT_2 bound to: 32'b11111111111111111111111111111111 
INFO: [Synth 8-3491] module 'axi_gpio' declared at 'f:/Haoyang_Sun/experiments/labs/lab13/lab13.gen/sources_1/bd/design_1/ip/design_1_cg_fpga_0_0/src/cg_fpga_cg_fpga_axi_gpio_i1_0/hdl/axi_gpio_v2_0_vh_rfs.vhd:1269' bound to instance 'U0' of component 'axi_gpio' [f:/Haoyang_Sun/experiments/labs/lab13/lab13.gen/sources_1/bd/design_1/ip/design_1_cg_fpga_0_0/src/cg_fpga_cg_fpga_axi_gpio_i1_0/synth/cg_fpga_cg_fpga_axi_gpio_i1_0.vhd:181]
INFO: [Synth 8-256] done synthesizing module 'cg_fpga_cg_fpga_axi_gpio_i1_0' (0#1) [f:/Haoyang_Sun/experiments/labs/lab13/lab13.gen/sources_1/bd/design_1/ip/design_1_cg_fpga_0_0/src/cg_fpga_cg_fpga_axi_gpio_i1_0/synth/cg_fpga_cg_fpga_axi_gpio_i1_0.vhd:86]
INFO: [Synth 8-638] synthesizing module 'cg_fpga_axi_gpio_0_0' [f:/Haoyang_Sun/experiments/labs/lab13/lab13.gen/sources_1/bd/design_1/ip/design_1_cg_fpga_0_0/src/cg_fpga_axi_gpio_0_0/synth/cg_fpga_axi_gpio_0_0.vhd:85]
	Parameter C_FAMILY bound to: zynq - type: string 
	Parameter C_S_AXI_ADDR_WIDTH bound to: 9 - type: integer 
	Parameter C_S_AXI_DATA_WIDTH bound to: 32 - type: integer 
	Parameter C_GPIO_WIDTH bound to: 32 - type: integer 
	Parameter C_GPIO2_WIDTH bound to: 32 - type: integer 
	Parameter C_ALL_INPUTS bound to: 0 - type: integer 
	Parameter C_ALL_INPUTS_2 bound to: 0 - type: integer 
	Parameter C_ALL_OUTPUTS bound to: 1 - type: integer 
	Parameter C_ALL_OUTPUTS_2 bound to: 1 - type: integer 
	Parameter C_INTERRUPT_PRESENT bound to: 0 - type: integer 
	Parameter C_DOUT_DEFAULT bound to: 32'b00000000000000000000000000000000 
	Parameter C_TRI_DEFAULT bound to: 32'b11111111111111111111111111111111 
	Parameter C_IS_DUAL bound to: 1 - type: integer 
	Parameter C_DOUT_DEFAULT_2 bound to: 32'b00000000000000000000000000000000 
	Parameter C_TRI_DEFAULT_2 bound to: 32'b11111111111111111111111111111111 
INFO: [Synth 8-3491] module 'axi_gpio' declared at 'f:/Haoyang_Sun/experiments/labs/lab13/lab13.gen/sources_1/bd/design_1/ip/design_1_cg_fpga_0_0/src/cg_fpga_cg_fpga_axi_gpio_i1_0/hdl/axi_gpio_v2_0_vh_rfs.vhd:1269' bound to instance 'U0' of component 'axi_gpio' [f:/Haoyang_Sun/experiments/labs/lab13/lab13.gen/sources_1/bd/design_1/ip/design_1_cg_fpga_0_0/src/cg_fpga_axi_gpio_0_0/synth/cg_fpga_axi_gpio_0_0.vhd:177]
INFO: [Synth 8-638] synthesizing module 'axi_gpio__parameterized2' [f:/Haoyang_Sun/experiments/labs/lab13/lab13.gen/sources_1/bd/design_1/ip/design_1_cg_fpga_0_0/src/cg_fpga_cg_fpga_axi_gpio_i1_0/hdl/axi_gpio_v2_0_vh_rfs.vhd:1355]
INFO: [Synth 8-638] synthesizing module 'axi_lite_ipif__parameterized2' [f:/Haoyang_Sun/experiments/labs/lab13/lab13.gen/sources_1/bd/design_1/ip/design_1_cg_fpga_0_0/src/cg_fpga_axi_intc_0_0/hdl/axi_lite_ipif_v3_0_vh_rfs.vhd:2948]
INFO: [Synth 8-638] synthesizing module 'slave_attachment__parameterized2' [f:/Haoyang_Sun/experiments/labs/lab13/lab13.gen/sources_1/bd/design_1/ip/design_1_cg_fpga_0_0/src/cg_fpga_axi_intc_0_0/hdl/axi_lite_ipif_v3_0_vh_rfs.vhd:2341]
INFO: [Synth 8-638] synthesizing module 'address_decoder__parameterized2' [f:/Haoyang_Sun/experiments/labs/lab13/lab13.gen/sources_1/bd/design_1/ip/design_1_cg_fpga_0_0/src/cg_fpga_axi_intc_0_0/hdl/axi_lite_ipif_v3_0_vh_rfs.vhd:1775]
INFO: [Synth 8-256] done synthesizing module 'address_decoder__parameterized2' (0#1) [f:/Haoyang_Sun/experiments/labs/lab13/lab13.gen/sources_1/bd/design_1/ip/design_1_cg_fpga_0_0/src/cg_fpga_axi_intc_0_0/hdl/axi_lite_ipif_v3_0_vh_rfs.vhd:1775]
INFO: [Synth 8-226] default block is never used [f:/Haoyang_Sun/experiments/labs/lab13/lab13.gen/sources_1/bd/design_1/ip/design_1_cg_fpga_0_0/src/cg_fpga_axi_intc_0_0/hdl/axi_lite_ipif_v3_0_vh_rfs.vhd:2550]
INFO: [Synth 8-256] done synthesizing module 'slave_attachment__parameterized2' (0#1) [f:/Haoyang_Sun/experiments/labs/lab13/lab13.gen/sources_1/bd/design_1/ip/design_1_cg_fpga_0_0/src/cg_fpga_axi_intc_0_0/hdl/axi_lite_ipif_v3_0_vh_rfs.vhd:2341]
INFO: [Synth 8-256] done synthesizing module 'axi_lite_ipif__parameterized2' (0#1) [f:/Haoyang_Sun/experiments/labs/lab13/lab13.gen/sources_1/bd/design_1/ip/design_1_cg_fpga_0_0/src/cg_fpga_axi_intc_0_0/hdl/axi_lite_ipif_v3_0_vh_rfs.vhd:2948]
INFO: [Synth 8-638] synthesizing module 'GPIO_Core__parameterized0' [f:/Haoyang_Sun/experiments/labs/lab13/lab13.gen/sources_1/bd/design_1/ip/design_1_cg_fpga_0_0/src/cg_fpga_cg_fpga_axi_gpio_i1_0/hdl/axi_gpio_v2_0_vh_rfs.vhd:181]
INFO: [Synth 8-226] default block is never used [f:/Haoyang_Sun/experiments/labs/lab13/lab13.gen/sources_1/bd/design_1/ip/design_1_cg_fpga_0_0/src/cg_fpga_cg_fpga_axi_gpio_i1_0/hdl/axi_gpio_v2_0_vh_rfs.vhd:837]
INFO: [Synth 8-256] done synthesizing module 'GPIO_Core__parameterized0' (0#1) [f:/Haoyang_Sun/experiments/labs/lab13/lab13.gen/sources_1/bd/design_1/ip/design_1_cg_fpga_0_0/src/cg_fpga_cg_fpga_axi_gpio_i1_0/hdl/axi_gpio_v2_0_vh_rfs.vhd:181]
INFO: [Synth 8-256] done synthesizing module 'axi_gpio__parameterized2' (0#1) [f:/Haoyang_Sun/experiments/labs/lab13/lab13.gen/sources_1/bd/design_1/ip/design_1_cg_fpga_0_0/src/cg_fpga_cg_fpga_axi_gpio_i1_0/hdl/axi_gpio_v2_0_vh_rfs.vhd:1355]
INFO: [Synth 8-256] done synthesizing module 'cg_fpga_axi_gpio_0_0' (0#1) [f:/Haoyang_Sun/experiments/labs/lab13/lab13.gen/sources_1/bd/design_1/ip/design_1_cg_fpga_0_0/src/cg_fpga_axi_gpio_0_0/synth/cg_fpga_axi_gpio_0_0.vhd:85]
INFO: [Synth 8-638] synthesizing module 'cg_fpga_cg_fpga_axi_gpio_o1_0' [f:/Haoyang_Sun/experiments/labs/lab13/lab13.gen/sources_1/bd/design_1/ip/design_1_cg_fpga_0_0/src/cg_fpga_cg_fpga_axi_gpio_o1_0/synth/cg_fpga_cg_fpga_axi_gpio_o1_0.vhd:85]
	Parameter C_FAMILY bound to: zynq - type: string 
	Parameter C_S_AXI_ADDR_WIDTH bound to: 9 - type: integer 
	Parameter C_S_AXI_DATA_WIDTH bound to: 32 - type: integer 
	Parameter C_GPIO_WIDTH bound to: 32 - type: integer 
	Parameter C_GPIO2_WIDTH bound to: 32 - type: integer 
	Parameter C_ALL_INPUTS bound to: 0 - type: integer 
	Parameter C_ALL_INPUTS_2 bound to: 0 - type: integer 
	Parameter C_ALL_OUTPUTS bound to: 1 - type: integer 
	Parameter C_ALL_OUTPUTS_2 bound to: 1 - type: integer 
	Parameter C_INTERRUPT_PRESENT bound to: 0 - type: integer 
	Parameter C_DOUT_DEFAULT bound to: 32'b00000000000000000000000000000000 
	Parameter C_TRI_DEFAULT bound to: 32'b11111111111111111111111111111111 
	Parameter C_IS_DUAL bound to: 1 - type: integer 
	Parameter C_DOUT_DEFAULT_2 bound to: 32'b00000000000000000000000000000000 
	Parameter C_TRI_DEFAULT_2 bound to: 32'b11111111111111111111111111111111 
INFO: [Synth 8-3491] module 'axi_gpio' declared at 'f:/Haoyang_Sun/experiments/labs/lab13/lab13.gen/sources_1/bd/design_1/ip/design_1_cg_fpga_0_0/src/cg_fpga_cg_fpga_axi_gpio_i1_0/hdl/axi_gpio_v2_0_vh_rfs.vhd:1269' bound to instance 'U0' of component 'axi_gpio' [f:/Haoyang_Sun/experiments/labs/lab13/lab13.gen/sources_1/bd/design_1/ip/design_1_cg_fpga_0_0/src/cg_fpga_cg_fpga_axi_gpio_o1_0/synth/cg_fpga_cg_fpga_axi_gpio_o1_0.vhd:177]
INFO: [Synth 8-256] done synthesizing module 'cg_fpga_cg_fpga_axi_gpio_o1_0' (0#1) [f:/Haoyang_Sun/experiments/labs/lab13/lab13.gen/sources_1/bd/design_1/ip/design_1_cg_fpga_0_0/src/cg_fpga_cg_fpga_axi_gpio_o1_0/synth/cg_fpga_cg_fpga_axi_gpio_o1_0.vhd:85]
WARNING: [Synth 8-7071] port 'gpio2_io_o' of module 'cg_fpga_cg_fpga_axi_gpio_o1_0' is unconnected for instance 'cg_fpga_axi_gpio_o2' [f:/Haoyang_Sun/experiments/labs/lab13/lab13.gen/sources_1/bd/design_1/ipshared/1d03/src/cg_fpga.v:657]
WARNING: [Synth 8-7023] instance 'cg_fpga_axi_gpio_o2' of module 'cg_fpga_cg_fpga_axi_gpio_o1_0' has 21 connections declared, but only 20 given [f:/Haoyang_Sun/experiments/labs/lab13/lab13.gen/sources_1/bd/design_1/ipshared/1d03/src/cg_fpga.v:657]
INFO: [Synth 8-6157] synthesizing module 'cg_fpga_processing_system7_0_0' [f:/Haoyang_Sun/experiments/labs/lab13/lab13.gen/sources_1/bd/design_1/ip/design_1_cg_fpga_0_0/src/cg_fpga_processing_system7_0_0/synth/cg_fpga_processing_system7_0_0.v:53]
INFO: [Synth 8-6157] synthesizing module 'processing_system7_v5_5_processing_system7' [f:/Haoyang_Sun/experiments/labs/lab13/lab13.gen/sources_1/bd/design_1/ip/design_1_cg_fpga_0_0/src/cg_fpga_processing_system7_0_0/hdl/verilog/processing_system7_v5_5_processing_system7.v:152]
INFO: [Synth 8-6157] synthesizing module 'BUFG' [E:/vivado/Vivado/2024.2/scripts/rt/data/unisim_comp.v:2676]
INFO: [Common 17-14] Message 'Synth 8-6157' appears 100 times and further instances of the messages will be disabled. Use the Tcl command set_msg_config to change the current settings.
INFO: [Synth 8-6155] done synthesizing module 'BUFG' (0#1) [E:/vivado/Vivado/2024.2/scripts/rt/data/unisim_comp.v:2676]
INFO: [Synth 8-6155] done synthesizing module 'BIBUF' (0#1) [E:/vivado/Vivado/2024.2/scripts/rt/data/unisim_comp.v:2323]
INFO: [Synth 8-6155] done synthesizing module 'PS7' (0#1) [E:/vivado/Vivado/2024.2/scripts/rt/data/unisim_comp.v:123980]
INFO: [Synth 8-6155] done synthesizing module 'processing_system7_v5_5_processing_system7' (0#1) [f:/Haoyang_Sun/experiments/labs/lab13/lab13.gen/sources_1/bd/design_1/ip/design_1_cg_fpga_0_0/src/cg_fpga_processing_system7_0_0/hdl/verilog/processing_system7_v5_5_processing_system7.v:152]
WARNING: [Synth 8-7071] port 'M_AXI_GP0_ARESETN' of module 'processing_system7_v5_5_processing_system7' is unconnected for instance 'inst' [f:/Haoyang_Sun/experiments/labs/lab13/lab13.gen/sources_1/bd/design_1/ip/design_1_cg_fpga_0_0/src/cg_fpga_processing_system7_0_0/synth/cg_fpga_processing_system7_0_0.v:476]
WARNING: [Synth 8-7071] port 'M_AXI_GP1_ARESETN' of module 'processing_system7_v5_5_processing_system7' is unconnected for instance 'inst' [f:/Haoyang_Sun/experiments/labs/lab13/lab13.gen/sources_1/bd/design_1/ip/design_1_cg_fpga_0_0/src/cg_fpga_processing_system7_0_0/synth/cg_fpga_processing_system7_0_0.v:476]
WARNING: [Synth 8-7071] port 'S_AXI_GP0_ARESETN' of module 'processing_system7_v5_5_processing_system7' is unconnected for instance 'inst' [f:/Haoyang_Sun/experiments/labs/lab13/lab13.gen/sources_1/bd/design_1/ip/design_1_cg_fpga_0_0/src/cg_fpga_processing_system7_0_0/synth/cg_fpga_processing_system7_0_0.v:476]
WARNING: [Synth 8-7071] port 'S_AXI_GP1_ARESETN' of module 'processing_system7_v5_5_processing_system7' is unconnected for instance 'inst' [f:/Haoyang_Sun/experiments/labs/lab13/lab13.gen/sources_1/bd/design_1/ip/design_1_cg_fpga_0_0/src/cg_fpga_processing_system7_0_0/synth/cg_fpga_processing_system7_0_0.v:476]
WARNING: [Synth 8-7071] port 'S_AXI_ACP_ARESETN' of module 'processing_system7_v5_5_processing_system7' is unconnected for instance 'inst' [f:/Haoyang_Sun/experiments/labs/lab13/lab13.gen/sources_1/bd/design_1/ip/design_1_cg_fpga_0_0/src/cg_fpga_processing_system7_0_0/synth/cg_fpga_processing_system7_0_0.v:476]
WARNING: [Synth 8-7071] port 'S_AXI_HP0_ARESETN' of module 'processing_system7_v5_5_processing_system7' is unconnected for instance 'inst' [f:/Haoyang_Sun/experiments/labs/lab13/lab13.gen/sources_1/bd/design_1/ip/design_1_cg_fpga_0_0/src/cg_fpga_processing_system7_0_0/synth/cg_fpga_processing_system7_0_0.v:476]
WARNING: [Synth 8-7071] port 'S_AXI_HP1_ARESETN' of module 'processing_system7_v5_5_processing_system7' is unconnected for instance 'inst' [f:/Haoyang_Sun/experiments/labs/lab13/lab13.gen/sources_1/bd/design_1/ip/design_1_cg_fpga_0_0/src/cg_fpga_processing_system7_0_0/synth/cg_fpga_processing_system7_0_0.v:476]
WARNING: [Synth 8-7071] port 'S_AXI_HP2_ARESETN' of module 'processing_system7_v5_5_processing_system7' is unconnected for instance 'inst' [f:/Haoyang_Sun/experiments/labs/lab13/lab13.gen/sources_1/bd/design_1/ip/design_1_cg_fpga_0_0/src/cg_fpga_processing_system7_0_0/synth/cg_fpga_processing_system7_0_0.v:476]
WARNING: [Synth 8-7071] port 'S_AXI_HP3_ARESETN' of module 'processing_system7_v5_5_processing_system7' is unconnected for instance 'inst' [f:/Haoyang_Sun/experiments/labs/lab13/lab13.gen/sources_1/bd/design_1/ip/design_1_cg_fpga_0_0/src/cg_fpga_processing_system7_0_0/synth/cg_fpga_processing_system7_0_0.v:476]
WARNING: [Synth 8-7071] port 'DMA0_RSTN' of module 'processing_system7_v5_5_processing_system7' is unconnected for instance 'inst' [f:/Haoyang_Sun/experiments/labs/lab13/lab13.gen/sources_1/bd/design_1/ip/design_1_cg_fpga_0_0/src/cg_fpga_processing_system7_0_0/synth/cg_fpga_processing_system7_0_0.v:476]
WARNING: [Synth 8-7071] port 'DMA1_RSTN' of module 'processing_system7_v5_5_processing_system7' is unconnected for instance 'inst' [f:/Haoyang_Sun/experiments/labs/lab13/lab13.gen/sources_1/bd/design_1/ip/design_1_cg_fpga_0_0/src/cg_fpga_processing_system7_0_0/synth/cg_fpga_processing_system7_0_0.v:476]
WARNING: [Synth 8-7071] port 'DMA2_RSTN' of module 'processing_system7_v5_5_processing_system7' is unconnected for instance 'inst' [f:/Haoyang_Sun/experiments/labs/lab13/lab13.gen/sources_1/bd/design_1/ip/design_1_cg_fpga_0_0/src/cg_fpga_processing_system7_0_0/synth/cg_fpga_processing_system7_0_0.v:476]
WARNING: [Synth 8-7071] port 'DMA3_RSTN' of module 'processing_system7_v5_5_processing_system7' is unconnected for instance 'inst' [f:/Haoyang_Sun/experiments/labs/lab13/lab13.gen/sources_1/bd/design_1/ip/design_1_cg_fpga_0_0/src/cg_fpga_processing_system7_0_0/synth/cg_fpga_processing_system7_0_0.v:476]
WARNING: [Synth 8-7023] instance 'inst' of module 'processing_system7_v5_5_processing_system7' has 685 connections declared, but only 672 given [f:/Haoyang_Sun/experiments/labs/lab13/lab13.gen/sources_1/bd/design_1/ip/design_1_cg_fpga_0_0/src/cg_fpga_processing_system7_0_0/synth/cg_fpga_processing_system7_0_0.v:476]
INFO: [Synth 8-6155] done synthesizing module 'cg_fpga_processing_system7_0_0' (0#1) [f:/Haoyang_Sun/experiments/labs/lab13/lab13.gen/sources_1/bd/design_1/ip/design_1_cg_fpga_0_0/src/cg_fpga_processing_system7_0_0/synth/cg_fpga_processing_system7_0_0.v:53]
INFO: [Common 17-14] Message 'Synth 8-6155' appears 100 times and further instances of the messages will be disabled. Use the Tcl command set_msg_config to change the current settings.
WARNING: [Synth 8-7071] port 'USB0_PORT_INDCTL' of module 'cg_fpga_processing_system7_0_0' is unconnected for instance 'processing_system7_0' [f:/Haoyang_Sun/experiments/labs/lab13/lab13.gen/sources_1/bd/design_1/ipshared/1d03/src/cg_fpga.v:678]
WARNING: [Synth 8-7071] port 'USB0_VBUS_PWRSELECT' of module 'cg_fpga_processing_system7_0_0' is unconnected for instance 'processing_system7_0' [f:/Haoyang_Sun/experiments/labs/lab13/lab13.gen/sources_1/bd/design_1/ipshared/1d03/src/cg_fpga.v:678]
WARNING: [Synth 8-7071] port 'S_AXI_HP0_RCOUNT' of module 'cg_fpga_processing_system7_0_0' is unconnected for instance 'processing_system7_0' [f:/Haoyang_Sun/experiments/labs/lab13/lab13.gen/sources_1/bd/design_1/ipshared/1d03/src/cg_fpga.v:678]
WARNING: [Synth 8-7071] port 'S_AXI_HP0_WCOUNT' of module 'cg_fpga_processing_system7_0_0' is unconnected for instance 'processing_system7_0' [f:/Haoyang_Sun/experiments/labs/lab13/lab13.gen/sources_1/bd/design_1/ipshared/1d03/src/cg_fpga.v:678]
WARNING: [Synth 8-7071] port 'S_AXI_HP0_RACOUNT' of module 'cg_fpga_processing_system7_0_0' is unconnected for instance 'processing_system7_0' [f:/Haoyang_Sun/experiments/labs/lab13/lab13.gen/sources_1/bd/design_1/ipshared/1d03/src/cg_fpga.v:678]
WARNING: [Synth 8-7071] port 'S_AXI_HP0_WACOUNT' of module 'cg_fpga_processing_system7_0_0' is unconnected for instance 'processing_system7_0' [f:/Haoyang_Sun/experiments/labs/lab13/lab13.gen/sources_1/bd/design_1/ipshared/1d03/src/cg_fpga.v:678]
WARNING: [Synth 8-7023] instance 'processing_system7_0' of module 'cg_fpga_processing_system7_0_0' has 111 connections declared, but only 105 given [f:/Haoyang_Sun/experiments/labs/lab13/lab13.gen/sources_1/bd/design_1/ipshared/1d03/src/cg_fpga.v:678]
INFO: [Synth 8-226] default block is never used [f:/Haoyang_Sun/experiments/labs/lab13/lab13.gen/sources_1/bd/design_1/ip/design_1_cg_fpga_0_0/src/cg_fpga_auto_pc_1/hdl/axi_protocol_converter_v2_1_vl_rfs.v:3446]
INFO: [Synth 8-226] default block is never used [f:/Haoyang_Sun/experiments/labs/lab13/lab13.gen/sources_1/bd/design_1/ip/design_1_cg_fpga_0_0/src/cg_fpga_auto_pc_1/hdl/axi_protocol_converter_v2_1_vl_rfs.v:3608]
WARNING: [Synth 8-7071] port 'aclk2x' of module 'axi_register_slice_v2_1_33_axi_register_slice' is unconnected for instance 'SI_REG' [f:/Haoyang_Sun/experiments/labs/lab13/lab13.gen/sources_1/bd/design_1/ip/design_1_cg_fpga_0_0/src/cg_fpga_auto_pc_1/hdl/axi_protocol_converter_v2_1_vl_rfs.v:4871]
WARNING: [Synth 8-7023] instance 'SI_REG' of module 'axi_register_slice_v2_1_33_axi_register_slice' has 93 connections declared, but only 92 given [f:/Haoyang_Sun/experiments/labs/lab13/lab13.gen/sources_1/bd/design_1/ip/design_1_cg_fpga_0_0/src/cg_fpga_auto_pc_1/hdl/axi_protocol_converter_v2_1_vl_rfs.v:4871]
WARNING: [Synth 8-7071] port 'aclk2x' of module 'axi_register_slice_v2_1_33_axi_register_slice' is unconnected for instance 'MI_REG' [f:/Haoyang_Sun/experiments/labs/lab13/lab13.gen/sources_1/bd/design_1/ip/design_1_cg_fpga_0_0/src/cg_fpga_auto_pc_1/hdl/axi_protocol_converter_v2_1_vl_rfs.v:5126]
WARNING: [Synth 8-7023] instance 'MI_REG' of module 'axi_register_slice_v2_1_33_axi_register_slice' has 93 connections declared, but only 92 given [f:/Haoyang_Sun/experiments/labs/lab13/lab13.gen/sources_1/bd/design_1/ip/design_1_cg_fpga_0_0/src/cg_fpga_auto_pc_1/hdl/axi_protocol_converter_v2_1_vl_rfs.v:5126]
WARNING: [Synth 8-7071] port 'm_axi_awprot' of module 'cg_fpga_xbar_0' is unconnected for instance 'xbar' [f:/Haoyang_Sun/experiments/labs/lab13/lab13.gen/sources_1/bd/design_1/ipshared/1d03/src/cg_fpga.v:2752]
WARNING: [Synth 8-7071] port 'm_axi_arprot' of module 'cg_fpga_xbar_0' is unconnected for instance 'xbar' [f:/Haoyang_Sun/experiments/labs/lab13/lab13.gen/sources_1/bd/design_1/ipshared/1d03/src/cg_fpga.v:2752]
WARNING: [Synth 8-7023] instance 'xbar' of module 'cg_fpga_xbar_0' has 40 connections declared, but only 38 given [f:/Haoyang_Sun/experiments/labs/lab13/lab13.gen/sources_1/bd/design_1/ipshared/1d03/src/cg_fpga.v:2752]
INFO: [Synth 8-638] synthesizing module 'cg_fpga_rst_ps7_0_50M_0' [f:/Haoyang_Sun/experiments/labs/lab13/lab13.gen/sources_1/bd/design_1/ip/design_1_cg_fpga_0_0/src/cg_fpga_rst_ps7_0_50M_0/synth/cg_fpga_rst_ps7_0_50M_0.vhd:74]
	Parameter C_FAMILY bound to: zynq - type: string 
	Parameter C_EXT_RST_WIDTH bound to: 4 - type: integer 
	Parameter C_AUX_RST_WIDTH bound to: 4 - type: integer 
	Parameter C_EXT_RESET_HIGH bound to: 1'b0 
	Parameter C_AUX_RESET_HIGH bound to: 1'b0 
	Parameter C_NUM_BUS_RST bound to: 1 - type: integer 
	Parameter C_NUM_PERP_RST bound to: 1 - type: integer 
	Parameter C_NUM_INTERCONNECT_ARESETN bound to: 1 - type: integer 
	Parameter C_NUM_PERP_ARESETN bound to: 1 - type: integer 
INFO: [Synth 8-3491] module 'proc_sys_reset' declared at 'f:/Haoyang_Sun/experiments/labs/lab13/lab13.gen/sources_1/bd/design_1/ip/design_1_cg_fpga_0_0/src/cg_fpga_rst_ps7_0_50M_0/hdl/proc_sys_reset_v5_0_vh_rfs.vhd:1271' bound to instance 'U0' of component 'proc_sys_reset' [f:/Haoyang_Sun/experiments/labs/lab13/lab13.gen/sources_1/bd/design_1/ip/design_1_cg_fpga_0_0/src/cg_fpga_rst_ps7_0_50M_0/synth/cg_fpga_rst_ps7_0_50M_0.vhd:139]
INFO: [Synth 8-638] synthesizing module 'proc_sys_reset' [f:/Haoyang_Sun/experiments/labs/lab13/lab13.gen/sources_1/bd/design_1/ip/design_1_cg_fpga_0_0/src/cg_fpga_rst_ps7_0_50M_0/hdl/proc_sys_reset_v5_0_vh_rfs.vhd:1330]
	Parameter INIT bound to: 1'b1 
	Parameter INIT bound to: 1'b1 
	Parameter INIT bound to: 1'b0 
	Parameter INIT bound to: 1'b1 
	Parameter INIT bound to: 1'b0 
INFO: [Synth 8-638] synthesizing module 'lpf' [f:/Haoyang_Sun/experiments/labs/lab13/lab13.gen/sources_1/bd/design_1/ip/design_1_cg_fpga_0_0/src/cg_fpga_rst_ps7_0_50M_0/hdl/proc_sys_reset_v5_0_vh_rfs.vhd:821]
INFO: [Synth 8-3491] module 'SRL16' declared at 'E:/vivado/Vivado/2024.2/scripts/rt/data/unisim_comp.v:149029' bound to instance 'POR_SRL_I' of component 'SRL16' [f:/Haoyang_Sun/experiments/labs/lab13/lab13.gen/sources_1/bd/design_1/ip/design_1_cg_fpga_0_0/src/cg_fpga_rst_ps7_0_50M_0/hdl/proc_sys_reset_v5_0_vh_rfs.vhd:873]
INFO: [Synth 8-638] synthesizing module 'cdc_sync__parameterized5' [f:/Haoyang_Sun/experiments/labs/lab13/lab13.gen/sources_1/bd/design_1/ip/design_1_cg_fpga_0_0/src/cg_fpga_axi_vdma_0_0/hdl/lib_cdc_v1_0_rfs.vhd:106]
	Parameter INIT bound to: 1'b0 
	Parameter INIT bound to: 1'b0 
	Parameter INIT bound to: 1'b0 
	Parameter INIT bound to: 1'b0 
	Parameter INIT bound to: 1'b0 
	Parameter INIT bound to: 1'b0 
INFO: [Synth 8-256] done synthesizing module 'cdc_sync__parameterized5' (0#1) [f:/Haoyang_Sun/experiments/labs/lab13/lab13.gen/sources_1/bd/design_1/ip/design_1_cg_fpga_0_0/src/cg_fpga_axi_vdma_0_0/hdl/lib_cdc_v1_0_rfs.vhd:106]
INFO: [Synth 8-256] done synthesizing module 'lpf' (0#1) [f:/Haoyang_Sun/experiments/labs/lab13/lab13.gen/sources_1/bd/design_1/ip/design_1_cg_fpga_0_0/src/cg_fpga_rst_ps7_0_50M_0/hdl/proc_sys_reset_v5_0_vh_rfs.vhd:821]
INFO: [Synth 8-638] synthesizing module 'sequence_psr' [f:/Haoyang_Sun/experiments/labs/lab13/lab13.gen/sources_1/bd/design_1/ip/design_1_cg_fpga_0_0/src/cg_fpga_rst_ps7_0_50M_0/hdl/proc_sys_reset_v5_0_vh_rfs.vhd:304]
INFO: [Synth 8-638] synthesizing module 'upcnt_n' [f:/Haoyang_Sun/experiments/labs/lab13/lab13.gen/sources_1/bd/design_1/ip/design_1_cg_fpga_0_0/src/cg_fpga_rst_ps7_0_50M_0/hdl/proc_sys_reset_v5_0_vh_rfs.vhd:126]
INFO: [Synth 8-256] done synthesizing module 'upcnt_n' (0#1) [f:/Haoyang_Sun/experiments/labs/lab13/lab13.gen/sources_1/bd/design_1/ip/design_1_cg_fpga_0_0/src/cg_fpga_rst_ps7_0_50M_0/hdl/proc_sys_reset_v5_0_vh_rfs.vhd:126]
INFO: [Synth 8-256] done synthesizing module 'sequence_psr' (0#1) [f:/Haoyang_Sun/experiments/labs/lab13/lab13.gen/sources_1/bd/design_1/ip/design_1_cg_fpga_0_0/src/cg_fpga_rst_ps7_0_50M_0/hdl/proc_sys_reset_v5_0_vh_rfs.vhd:304]
INFO: [Synth 8-256] done synthesizing module 'proc_sys_reset' (0#1) [f:/Haoyang_Sun/experiments/labs/lab13/lab13.gen/sources_1/bd/design_1/ip/design_1_cg_fpga_0_0/src/cg_fpga_rst_ps7_0_50M_0/hdl/proc_sys_reset_v5_0_vh_rfs.vhd:1330]
INFO: [Synth 8-256] done synthesizing module 'cg_fpga_rst_ps7_0_50M_0' (0#1) [f:/Haoyang_Sun/experiments/labs/lab13/lab13.gen/sources_1/bd/design_1/ip/design_1_cg_fpga_0_0/src/cg_fpga_rst_ps7_0_50M_0/synth/cg_fpga_rst_ps7_0_50M_0.vhd:74]
WARNING: [Synth 8-7071] port 'mb_reset' of module 'cg_fpga_rst_ps7_0_50M_0' is unconnected for instance 'rst_ps7_0_100M' [f:/Haoyang_Sun/experiments/labs/lab13/lab13.gen/sources_1/bd/design_1/ipshared/1d03/src/cg_fpga.v:959]
WARNING: [Synth 8-7071] port 'bus_struct_reset' of module 'cg_fpga_rst_ps7_0_50M_0' is unconnected for instance 'rst_ps7_0_100M' [f:/Haoyang_Sun/experiments/labs/lab13/lab13.gen/sources_1/bd/design_1/ipshared/1d03/src/cg_fpga.v:959]
WARNING: [Synth 8-7071] port 'peripheral_reset' of module 'cg_fpga_rst_ps7_0_50M_0' is unconnected for instance 'rst_ps7_0_100M' [f:/Haoyang_Sun/experiments/labs/lab13/lab13.gen/sources_1/bd/design_1/ipshared/1d03/src/cg_fpga.v:959]
WARNING: [Synth 8-7071] port 'interconnect_aresetn' of module 'cg_fpga_rst_ps7_0_50M_0' is unconnected for instance 'rst_ps7_0_100M' [f:/Haoyang_Sun/experiments/labs/lab13/lab13.gen/sources_1/bd/design_1/ipshared/1d03/src/cg_fpga.v:959]
WARNING: [Synth 8-7023] instance 'rst_ps7_0_100M' of module 'cg_fpga_rst_ps7_0_50M_0' has 10 connections declared, but only 6 given [f:/Haoyang_Sun/experiments/labs/lab13/lab13.gen/sources_1/bd/design_1/ipshared/1d03/src/cg_fpga.v:959]
INFO: [Synth 8-6059] Synth Info: [XPM_MEMORY 20-1] MEMORY_PRIMITIVE (0) instructs Vivado Synthesis to choose the memory primitive type. Depending on their values, other XPM_MEMORY parameters may preclude the choice of certain memory primitive types. Review XPM_MEMORY documentation and parameter values to understand any limitations, or set MEMORY_PRIMITIVE to a different value.   [E:/vivado/Vivado/2024.2/data/ip/xpm/xpm_memory/hdl/xpm_memory.sv:514]
INFO: [Synth 8-226] default block is never used [E:/vivado/Vivado/2024.2/data/ip/xpm/xpm_fifo/hdl/xpm_fifo.sv:1220]
INFO: [Synth 8-226] default block is never used [E:/vivado/Vivado/2024.2/data/ip/xpm/xpm_fifo/hdl/xpm_fifo.sv:1287]
INFO: [Synth 8-226] default block is never used [E:/vivado/Vivado/2024.2/data/ip/xpm/xpm_fifo/hdl/xpm_fifo.sv:1309]
WARNING: [Synth 8-7071] port 'almost_full' of module 'xpm_fifo_async' is unconnected for instance 'XPM_FIFO_ASYNC_INST' [f:/Haoyang_Sun/experiments/labs/lab13/lab13.gen/sources_1/bd/design_1/ip/design_1_cg_fpga_0_0/src/cg_fpga_v_vid_in_axi4s_0_0/hdl/v_vid_in_axi4s_v5_0_vl_rfs.v:107]
WARNING: [Synth 8-7071] port 'wr_ack' of module 'xpm_fifo_async' is unconnected for instance 'XPM_FIFO_ASYNC_INST' [f:/Haoyang_Sun/experiments/labs/lab13/lab13.gen/sources_1/bd/design_1/ip/design_1_cg_fpga_0_0/src/cg_fpga_v_vid_in_axi4s_0_0/hdl/v_vid_in_axi4s_v5_0_vl_rfs.v:107]
WARNING: [Synth 8-7071] port 'almost_empty' of module 'xpm_fifo_async' is unconnected for instance 'XPM_FIFO_ASYNC_INST' [f:/Haoyang_Sun/experiments/labs/lab13/lab13.gen/sources_1/bd/design_1/ip/design_1_cg_fpga_0_0/src/cg_fpga_v_vid_in_axi4s_0_0/hdl/v_vid_in_axi4s_v5_0_vl_rfs.v:107]
WARNING: [Synth 8-7071] port 'data_valid' of module 'xpm_fifo_async' is unconnected for instance 'XPM_FIFO_ASYNC_INST' [f:/Haoyang_Sun/experiments/labs/lab13/lab13.gen/sources_1/bd/design_1/ip/design_1_cg_fpga_0_0/src/cg_fpga_v_vid_in_axi4s_0_0/hdl/v_vid_in_axi4s_v5_0_vl_rfs.v:107]
WARNING: [Synth 8-7023] instance 'XPM_FIFO_ASYNC_INST' of module 'xpm_fifo_async' has 26 connections declared, but only 22 given [f:/Haoyang_Sun/experiments/labs/lab13/lab13.gen/sources_1/bd/design_1/ip/design_1_cg_fpga_0_0/src/cg_fpga_v_vid_in_axi4s_0_0/hdl/v_vid_in_axi4s_v5_0_vl_rfs.v:107]
WARNING: [Synth 8-7071] port 'fid' of module 'cg_fpga_v_vid_in_axi4s_0_0' is unconnected for instance 'v_vid_in_axi4s_0' [f:/Haoyang_Sun/experiments/labs/lab13/lab13.gen/sources_1/bd/design_1/ipshared/1d03/src/cg_fpga.v:966]
WARNING: [Synth 8-7071] port 'vtd_active_video' of module 'cg_fpga_v_vid_in_axi4s_0_0' is unconnected for instance 'v_vid_in_axi4s_0' [f:/Haoyang_Sun/experiments/labs/lab13/lab13.gen/sources_1/bd/design_1/ipshared/1d03/src/cg_fpga.v:966]
WARNING: [Synth 8-7071] port 'vtd_vblank' of module 'cg_fpga_v_vid_in_axi4s_0_0' is unconnected for instance 'v_vid_in_axi4s_0' [f:/Haoyang_Sun/experiments/labs/lab13/lab13.gen/sources_1/bd/design_1/ipshared/1d03/src/cg_fpga.v:966]
WARNING: [Synth 8-7071] port 'vtd_hblank' of module 'cg_fpga_v_vid_in_axi4s_0_0' is unconnected for instance 'v_vid_in_axi4s_0' [f:/Haoyang_Sun/experiments/labs/lab13/lab13.gen/sources_1/bd/design_1/ipshared/1d03/src/cg_fpga.v:966]
WARNING: [Synth 8-7071] port 'vtd_vsync' of module 'cg_fpga_v_vid_in_axi4s_0_0' is unconnected for instance 'v_vid_in_axi4s_0' [f:/Haoyang_Sun/experiments/labs/lab13/lab13.gen/sources_1/bd/design_1/ipshared/1d03/src/cg_fpga.v:966]
WARNING: [Synth 8-7071] port 'vtd_hsync' of module 'cg_fpga_v_vid_in_axi4s_0_0' is unconnected for instance 'v_vid_in_axi4s_0' [f:/Haoyang_Sun/experiments/labs/lab13/lab13.gen/sources_1/bd/design_1/ipshared/1d03/src/cg_fpga.v:966]
WARNING: [Synth 8-7071] port 'vtd_field_id' of module 'cg_fpga_v_vid_in_axi4s_0_0' is unconnected for instance 'v_vid_in_axi4s_0' [f:/Haoyang_Sun/experiments/labs/lab13/lab13.gen/sources_1/bd/design_1/ipshared/1d03/src/cg_fpga.v:966]
WARNING: [Synth 8-7071] port 'overflow' of module 'cg_fpga_v_vid_in_axi4s_0_0' is unconnected for instance 'v_vid_in_axi4s_0' [f:/Haoyang_Sun/experiments/labs/lab13/lab13.gen/sources_1/bd/design_1/ipshared/1d03/src/cg_fpga.v:966]
WARNING: [Synth 8-7071] port 'underflow' of module 'cg_fpga_v_vid_in_axi4s_0_0' is unconnected for instance 'v_vid_in_axi4s_0' [f:/Haoyang_Sun/experiments/labs/lab13/lab13.gen/sources_1/bd/design_1/ipshared/1d03/src/cg_fpga.v:966]
WARNING: [Synth 8-7023] instance 'v_vid_in_axi4s_0' of module 'cg_fpga_v_vid_in_axi4s_0_0' has 28 connections declared, but only 19 given [f:/Haoyang_Sun/experiments/labs/lab13/lab13.gen/sources_1/bd/design_1/ipshared/1d03/src/cg_fpga.v:966]
WARNING: [Synth 8-6014] Unused sequential element S_AXI_AUSER_Q_reg was removed.  [f:/Haoyang_Sun/experiments/labs/lab13/lab13.gen/sources_1/bd/design_1/ip/design_1_cg_fpga_0_0/src/cg_fpga_auto_pc_1/hdl/axi_protocol_converter_v2_1_vl_rfs.v:280]
WARNING: [Synth 8-6014] Unused sequential element NO_B_CHANNEL.cmd_b_depth_reg was removed.  [f:/Haoyang_Sun/experiments/labs/lab13/lab13.gen/sources_1/bd/design_1/ip/design_1_cg_fpga_0_0/src/cg_fpga_auto_pc_1/hdl/axi_protocol_converter_v2_1_vl_rfs.v:852]
WARNING: [Synth 8-6014] Unused sequential element S_AXI_AUSER_Q_reg was removed.  [f:/Haoyang_Sun/experiments/labs/lab13/lab13.gen/sources_1/bd/design_1/ip/design_1_cg_fpga_0_0/src/cg_fpga_auto_pc_1/hdl/axi_protocol_converter_v2_1_vl_rfs.v:280]
WARNING: [Synth 8-6014] Unused sequential element cmd_b_push_block_reg was removed.  [f:/Haoyang_Sun/experiments/labs/lab13/lab13.gen/sources_1/bd/design_1/ip/design_1_cg_fpga_0_0/src/cg_fpga_auto_pc_1/hdl/axi_protocol_converter_v2_1_vl_rfs.v:636]
WARNING: [Synth 8-6014] Unused sequential element areset_d1_reg was removed.  [f:/Haoyang_Sun/experiments/labs/lab13/lab13.gen/sources_1/bd/design_1/ip/design_1_cg_fpga_0_0/src/cg_fpga_auto_pc_1/hdl/axi_data_fifo_v2_1_vl_rfs.v:747]
WARNING: [Synth 8-6014] Unused sequential element S_READY_i_reg was removed.  [f:/Haoyang_Sun/experiments/labs/lab13/lab13.gen/sources_1/bd/design_1/ip/design_1_cg_fpga_0_0/src/cg_fpga_auto_pc_1/hdl/axi_data_fifo_v2_1_vl_rfs.v:786]
WARNING: [Synth 8-6014] Unused sequential element gen_single_thread.gen_debug_r_single_thread.debug_r_beat_cnt_i_reg was removed.  [f:/Haoyang_Sun/experiments/labs/lab13/lab13.gen/sources_1/bd/design_1/ip/design_1_cg_fpga_0_0/src/cg_fpga_xbar_0/hdl/axi_crossbar_v2_1_vl_rfs.v:4184]
WARNING: [Synth 8-6014] Unused sequential element gen_single_thread.active_id_reg was removed.  [f:/Haoyang_Sun/experiments/labs/lab13/lab13.gen/sources_1/bd/design_1/ip/design_1_cg_fpga_0_0/src/cg_fpga_xbar_0/hdl/axi_crossbar_v2_1_vl_rfs.v:4142]
WARNING: [Synth 8-6014] Unused sequential element gen_single_thread.gen_debug_r_single_thread.debug_r_beat_cnt_i_reg was removed.  [f:/Haoyang_Sun/experiments/labs/lab13/lab13.gen/sources_1/bd/design_1/ip/design_1_cg_fpga_0_0/src/cg_fpga_xbar_0/hdl/axi_crossbar_v2_1_vl_rfs.v:4184]
WARNING: [Synth 8-6014] Unused sequential element gen_single_thread.active_id_reg was removed.  [f:/Haoyang_Sun/experiments/labs/lab13/lab13.gen/sources_1/bd/design_1/ip/design_1_cg_fpga_0_0/src/cg_fpga_xbar_0/hdl/axi_crossbar_v2_1_vl_rfs.v:4142]
WARNING: [Synth 8-6014] Unused sequential element areset_d1_reg was removed.  [f:/Haoyang_Sun/experiments/labs/lab13/lab13.gen/sources_1/bd/design_1/ip/design_1_cg_fpga_0_0/src/cg_fpga_auto_pc_1/hdl/axi_data_fifo_v2_1_vl_rfs.v:747]
WARNING: [Synth 8-6014] Unused sequential element S_READY_i_reg was removed.  [f:/Haoyang_Sun/experiments/labs/lab13/lab13.gen/sources_1/bd/design_1/ip/design_1_cg_fpga_0_0/src/cg_fpga_auto_pc_1/hdl/axi_data_fifo_v2_1_vl_rfs.v:786]
WARNING: [Synth 8-6014] Unused sequential element s_ready_i_reg was removed.  [f:/Haoyang_Sun/experiments/labs/lab13/lab13.gen/sources_1/bd/design_1/ip/design_1_cg_fpga_0_0/src/cg_fpga_auto_pc_1/hdl/axi_data_fifo_v2_1_vl_rfs.v:1034]
WARNING: [Synth 8-6014] Unused sequential element s_ready_i_reg was removed.  [f:/Haoyang_Sun/experiments/labs/lab13/lab13.gen/sources_1/bd/design_1/ip/design_1_cg_fpga_0_0/src/cg_fpga_auto_pc_1/hdl/axi_data_fifo_v2_1_vl_rfs.v:1034]
WARNING: [Synth 8-6014] Unused sequential element gen_master_slots[0].gen_mi_write.gen_debug_w.debug_w_beat_cnt_i_reg was removed.  [f:/Haoyang_Sun/experiments/labs/lab13/lab13.gen/sources_1/bd/design_1/ip/design_1_cg_fpga_0_0/src/cg_fpga_xbar_0/hdl/axi_crossbar_v2_1_vl_rfs.v:2991]
WARNING: [Synth 8-6014] Unused sequential element gen_master_slots[1].gen_mi_write.gen_debug_w.debug_w_beat_cnt_i_reg was removed.  [f:/Haoyang_Sun/experiments/labs/lab13/lab13.gen/sources_1/bd/design_1/ip/design_1_cg_fpga_0_0/src/cg_fpga_xbar_0/hdl/axi_crossbar_v2_1_vl_rfs.v:2991]
WARNING: [Synth 8-6014] Unused sequential element ack_or_reg was removed.  [f:/Haoyang_Sun/experiments/labs/lab13/lab13.gen/sources_1/bd/design_1/ip/design_1_cg_fpga_0_0/src/cg_fpga_axi_intc_0_0/hdl/axi_intc_v4_1_vh_rfs.vhd:2674]
WARNING: [Synth 8-6014] Unused sequential element is_read_reg was removed.  [f:/Haoyang_Sun/experiments/labs/lab13/lab13.gen/sources_1/bd/design_1/ip/design_1_cg_fpga_0_0/src/cg_fpga_axi_intc_0_0/hdl/axi_lite_ipif_v3_0_vh_rfs.vhd:2447]
WARNING: [Synth 8-6014] Unused sequential element is_write_reg was removed.  [f:/Haoyang_Sun/experiments/labs/lab13/lab13.gen/sources_1/bd/design_1/ip/design_1_cg_fpga_0_0/src/cg_fpga_axi_intc_0_0/hdl/axi_lite_ipif_v3_0_vh_rfs.vhd:2448]
INFO: [Synth 8-3936] Found unconnected internal register 'DYNAMIC_GENLOCK_FOR_SLAVE.grey_frmstr_adjusted_reg' and it is trimmed from '6' to '2' bits. [f:/Haoyang_Sun/experiments/labs/lab13/lab13.gen/sources_1/bd/design_1/ip/design_1_cg_fpga_0_0/src/cg_fpga_axi_vdma_0_0/hdl/axi_vdma_v6_3_rfs.vhd:60274]
WARNING: [Synth 8-6014] Unused sequential element DYNAMIC_SLAVE_MODE_FRAME_CNT.frame_sync_d1_reg was removed.  [f:/Haoyang_Sun/experiments/labs/lab13/lab13.gen/sources_1/bd/design_1/ip/design_1_cg_fpga_0_0/src/cg_fpga_axi_vdma_0_0/hdl/axi_vdma_v6_3_rfs.vhd:64358]
WARNING: [Synth 8-6014] Unused sequential element DYNAMIC_SLAVE_MODE_FRAME_CNT.frame_sync_d2_reg was removed.  [f:/Haoyang_Sun/experiments/labs/lab13/lab13.gen/sources_1/bd/design_1/ip/design_1_cg_fpga_0_0/src/cg_fpga_axi_vdma_0_0/hdl/axi_vdma_v6_3_rfs.vhd:64359]
WARNING: [Synth 8-6014] Unused sequential element DYNAMIC_SLAVE_MODE_FRAME_CNT.genlock_pair_frame_reg was removed.  [f:/Haoyang_Sun/experiments/labs/lab13/lab13.gen/sources_1/bd/design_1/ip/design_1_cg_fpga_0_0/src/cg_fpga_axi_vdma_0_0/hdl/axi_vdma_v6_3_rfs.vhd:64439]
WARNING: [Synth 8-6014] Unused sequential element gen_rd_b.gen_doutb_pipe.enb_pipe_reg[0] was removed.  [E:/vivado/Vivado/2024.2/data/ip/xpm/xpm_memory/hdl/xpm_memory.sv:3077]
WARNING: [Synth 8-6014] Unused sequential element gdvld.data_valid_std_reg was removed.  [E:/vivado/Vivado/2024.2/data/ip/xpm/xpm_fifo/hdl/xpm_fifo.sv:550]
WARNING: [Synth 8-6014] Unused sequential element gen_fwft.empty_fwft_fb_reg was removed.  [E:/vivado/Vivado/2024.2/data/ip/xpm/xpm_fifo/hdl/xpm_fifo.sv:1404]
WARNING: [Synth 8-6014] Unused sequential element GEN_LINEBUF_NO_SOF.m_skid_reset_reg was removed.  [f:/Haoyang_Sun/experiments/labs/lab13/lab13.gen/sources_1/bd/design_1/ip/design_1_cg_fpga_0_0/src/cg_fpga_axi_vdma_0_0/hdl/axi_vdma_v6_3_rfs.vhd:47234]
WARNING: [Synth 8-6014] Unused sequential element GEN_LINEBUF_NO_SOF.s_axis_fifo_ainit_nosync_reg_reg was removed.  [f:/Haoyang_Sun/experiments/labs/lab13/lab13.gen/sources_1/bd/design_1/ip/design_1_cg_fpga_0_0/src/cg_fpga_axi_vdma_0_0/hdl/axi_vdma_v6_3_rfs.vhd:47274]
INFO: [Synth 8-3936] Found unconnected internal register 'DYNAMIC_GENLOCK_FOR_MASTER.grey_frmstr_adjusted_reg' and it is trimmed from '6' to '2' bits. [f:/Haoyang_Sun/experiments/labs/lab13/lab13.gen/sources_1/bd/design_1/ip/design_1_cg_fpga_0_0/src/cg_fpga_axi_vdma_0_0/hdl/axi_vdma_v6_3_rfs.vhd:59569]
WARNING: [Synth 8-6014] Unused sequential element GEN_FRMSTORE_EXTFSYNC.all_idle_d1_reg was removed.  [f:/Haoyang_Sun/experiments/labs/lab13/lab13.gen/sources_1/bd/design_1/ip/design_1_cg_fpga_0_0/src/cg_fpga_axi_vdma_0_0/hdl/axi_vdma_v6_3_rfs.vhd:64095]
WARNING: [Synth 8-6014] Unused sequential element GEN_FRMSTORE_EXTFSYNC.late_idle_reg was removed.  [f:/Haoyang_Sun/experiments/labs/lab13/lab13.gen/sources_1/bd/design_1/ip/design_1_cg_fpga_0_0/src/cg_fpga_axi_vdma_0_0/hdl/axi_vdma_v6_3_rfs.vhd:64111]
WARNING: [Synth 8-6014] Unused sequential element gen_rd_b.gen_doutb_pipe.enb_pipe_reg[0] was removed.  [E:/vivado/Vivado/2024.2/data/ip/xpm/xpm_memory/hdl/xpm_memory.sv:3077]
WARNING: [Synth 8-6014] Unused sequential element gdvld.data_valid_std_reg was removed.  [E:/vivado/Vivado/2024.2/data/ip/xpm/xpm_fifo/hdl/xpm_fifo.sv:550]
WARNING: [Synth 8-6014] Unused sequential element gen_fwft.empty_fwft_fb_reg was removed.  [E:/vivado/Vivado/2024.2/data/ip/xpm/xpm_fifo/hdl/xpm_fifo.sv:1404]
WARNING: [Synth 8-6014] Unused sequential element s_axis_fifo_ainit_nosync_reg_reg was removed.  [f:/Haoyang_Sun/experiments/labs/lab13/lab13.gen/sources_1/bd/design_1/ip/design_1_cg_fpga_0_0/src/cg_fpga_axi_vdma_0_0/hdl/axi_vdma_v6_3_rfs.vhd:49184]
WARNING: [Synth 8-6014] Unused sequential element sig_input_reg_full_reg was removed.  [f:/Haoyang_Sun/experiments/labs/lab13/lab13.gen/sources_1/bd/design_1/ip/design_1_cg_fpga_0_0/src/cg_fpga_axi_vdma_0_0/hdl/axi_datamover_v5_1_vh_rfs.vhd:8000]
WARNING: [Synth 8-6014] Unused sequential element sig_xfer_reg_full_reg was removed.  [f:/Haoyang_Sun/experiments/labs/lab13/lab13.gen/sources_1/bd/design_1/ip/design_1_cg_fpga_0_0/src/cg_fpga_axi_vdma_0_0/hdl/axi_datamover_v5_1_vh_rfs.vhd:8311]
WARNING: [Synth 8-6014] Unused sequential element sig_next_tag_reg_reg was removed.  [f:/Haoyang_Sun/experiments/labs/lab13/lab13.gen/sources_1/bd/design_1/ip/design_1_cg_fpga_0_0/src/cg_fpga_axi_vdma_0_0/hdl/axi_datamover_v5_1_vh_rfs.vhd:10356]
WARNING: [Synth 8-6014] Unused sequential element sig_next_cmd_cmplt_reg_reg was removed.  [f:/Haoyang_Sun/experiments/labs/lab13/lab13.gen/sources_1/bd/design_1/ip/design_1_cg_fpga_0_0/src/cg_fpga_axi_vdma_0_0/hdl/axi_datamover_v5_1_vh_rfs.vhd:10363]
WARNING: [Synth 8-6014] Unused sequential element sig_next_strt_strb_reg_reg was removed.  [f:/Haoyang_Sun/experiments/labs/lab13/lab13.gen/sources_1/bd/design_1/ip/design_1_cg_fpga_0_0/src/cg_fpga_axi_vdma_0_0/hdl/axi_datamover_v5_1_vh_rfs.vhd:12752]
WARNING: [Synth 8-6014] Unused sequential element sig_next_last_strb_reg_reg was removed.  [f:/Haoyang_Sun/experiments/labs/lab13/lab13.gen/sources_1/bd/design_1/ip/design_1_cg_fpga_0_0/src/cg_fpga_axi_vdma_0_0/hdl/axi_datamover_v5_1_vh_rfs.vhd:12753]
WARNING: [Synth 8-6014] Unused sequential element sig_next_dre_src_align_reg_reg was removed.  [f:/Haoyang_Sun/experiments/labs/lab13/lab13.gen/sources_1/bd/design_1/ip/design_1_cg_fpga_0_0/src/cg_fpga_axi_vdma_0_0/hdl/axi_datamover_v5_1_vh_rfs.vhd:12820]
WARNING: [Synth 8-6014] Unused sequential element sig_next_dre_dest_align_reg_reg was removed.  [f:/Haoyang_Sun/experiments/labs/lab13/lab13.gen/sources_1/bd/design_1/ip/design_1_cg_fpga_0_0/src/cg_fpga_axi_vdma_0_0/hdl/axi_datamover_v5_1_vh_rfs.vhd:12821]
WARNING: [Synth 8-6014] Unused sequential element sig_first_dbeat_reg was removed.  [f:/Haoyang_Sun/experiments/labs/lab13/lab13.gen/sources_1/bd/design_1/ip/design_1_cg_fpga_0_0/src/cg_fpga_axi_vdma_0_0/hdl/axi_datamover_v5_1_vh_rfs.vhd:12991]
WARNING: [Synth 8-6014] Unused sequential element sig_coelsc_reg_empty_reg was removed.  [f:/Haoyang_Sun/experiments/labs/lab13/lab13.gen/sources_1/bd/design_1/ip/design_1_cg_fpga_0_0/src/cg_fpga_axi_vdma_0_0/hdl/axi_datamover_v5_1_vh_rfs.vhd:13159]
WARNING: [Synth 8-6014] Unused sequential element gen_rd_b.gen_doutb_pipe.enb_pipe_reg[0] was removed.  [E:/vivado/Vivado/2024.2/data/ip/xpm/xpm_memory/hdl/xpm_memory.sv:3077]
WARNING: [Synth 8-6014] Unused sequential element gdvld.data_valid_std_reg was removed.  [E:/vivado/Vivado/2024.2/data/ip/xpm/xpm_fifo/hdl/xpm_fifo.sv:550]
WARNING: [Synth 8-6014] Unused sequential element gen_pntr_flags_cc.gae_cc_std.ram_aempty_i_reg was removed.  [E:/vivado/Vivado/2024.2/data/ip/xpm/xpm_fifo/hdl/xpm_fifo.sv:982]
WARNING: [Synth 8-6014] Unused sequential element gen_fwft.empty_fwft_fb_reg was removed.  [E:/vivado/Vivado/2024.2/data/ip/xpm/xpm_fifo/hdl/xpm_fifo.sv:1404]
WARNING: [Synth 8-6014] Unused sequential element hold_ff_q_reg was removed.  [f:/Haoyang_Sun/experiments/labs/lab13/lab13.gen/sources_1/bd/design_1/ip/design_1_cg_fpga_0_0/src/cg_fpga_axi_vdma_0_0/hdl/axi_datamover_v5_1_vh_rfs.vhd:1496]
WARNING: [Synth 8-6014] Unused sequential element sig_input_reg_full_reg was removed.  [f:/Haoyang_Sun/experiments/labs/lab13/lab13.gen/sources_1/bd/design_1/ip/design_1_cg_fpga_0_0/src/cg_fpga_axi_vdma_0_0/hdl/axi_datamover_v5_1_vh_rfs.vhd:26242]
WARNING: [Synth 8-6014] Unused sequential element sig_psm_ld_calc2_reg was removed.  [f:/Haoyang_Sun/experiments/labs/lab13/lab13.gen/sources_1/bd/design_1/ip/design_1_cg_fpga_0_0/src/cg_fpga_axi_vdma_0_0/hdl/axi_datamover_v5_1_vh_rfs.vhd:26446]
WARNING: [Synth 8-6014] Unused sequential element sig_child_cmd_reg_empty_reg was removed.  [f:/Haoyang_Sun/experiments/labs/lab13/lab13.gen/sources_1/bd/design_1/ip/design_1_cg_fpga_0_0/src/cg_fpga_axi_vdma_0_0/hdl/axi_datamover_v5_1_vh_rfs.vhd:26902]
WARNING: [Synth 8-6014] Unused sequential element sig_first_child_xfer_reg was removed.  [f:/Haoyang_Sun/experiments/labs/lab13/lab13.gen/sources_1/bd/design_1/ip/design_1_cg_fpga_0_0/src/cg_fpga_axi_vdma_0_0/hdl/axi_datamover_v5_1_vh_rfs.vhd:27447]
WARNING: [Synth 8-6014] Unused sequential element sig_xfer_is_seq_reg was removed.  [f:/Haoyang_Sun/experiments/labs/lab13/lab13.gen/sources_1/bd/design_1/ip/design_1_cg_fpga_0_0/src/cg_fpga_axi_vdma_0_0/hdl/axi_datamover_v5_1_vh_rfs.vhd:27946]
WARNING: [Synth 8-6014] Unused sequential element sig_xfer_reg_empty_reg was removed.  [f:/Haoyang_Sun/experiments/labs/lab13/lab13.gen/sources_1/bd/design_1/ip/design_1_cg_fpga_0_0/src/cg_fpga_axi_vdma_0_0/hdl/axi_datamover_v5_1_vh_rfs.vhd:28039]
WARNING: [Synth 8-6014] Unused sequential element sig_xfer_reg_full_reg was removed.  [f:/Haoyang_Sun/experiments/labs/lab13/lab13.gen/sources_1/bd/design_1/ip/design_1_cg_fpga_0_0/src/cg_fpga_axi_vdma_0_0/hdl/axi_datamover_v5_1_vh_rfs.vhd:28040]
WARNING: [Synth 8-6014] Unused sequential element sig_sm_ld_scatter_cmd_reg was removed.  [f:/Haoyang_Sun/experiments/labs/lab13/lab13.gen/sources_1/bd/design_1/ip/design_1_cg_fpga_0_0/src/cg_fpga_axi_vdma_0_0/hdl/axi_datamover_v5_1_vh_rfs.vhd:47317]
WARNING: [Synth 8-6014] Unused sequential element gen_rd_b.gen_doutb_pipe.enb_pipe_reg[0] was removed.  [E:/vivado/Vivado/2024.2/data/ip/xpm/xpm_memory/hdl/xpm_memory.sv:3077]
WARNING: [Synth 8-6014] Unused sequential element gdvld.data_valid_std_reg was removed.  [E:/vivado/Vivado/2024.2/data/ip/xpm/xpm_fifo/hdl/xpm_fifo.sv:550]
WARNING: [Synth 8-6014] Unused sequential element gen_pntr_flags_cc.gae_cc_std.ram_aempty_i_reg was removed.  [E:/vivado/Vivado/2024.2/data/ip/xpm/xpm_fifo/hdl/xpm_fifo.sv:982]
WARNING: [Synth 8-6014] Unused sequential element gen_fwft.empty_fwft_fb_reg was removed.  [E:/vivado/Vivado/2024.2/data/ip/xpm/xpm_fifo/hdl/xpm_fifo.sv:1404]
WARNING: [Synth 8-6014] Unused sequential element hold_ff_q_reg was removed.  [f:/Haoyang_Sun/experiments/labs/lab13/lab13.gen/sources_1/bd/design_1/ip/design_1_cg_fpga_0_0/src/cg_fpga_axi_vdma_0_0/hdl/axi_datamover_v5_1_vh_rfs.vhd:1496]
WARNING: [Synth 8-6014] Unused sequential element gen_rd_b.gen_doutb_pipe.enb_pipe_reg[0] was removed.  [E:/vivado/Vivado/2024.2/data/ip/xpm/xpm_memory/hdl/xpm_memory.sv:3077]
WARNING: [Synth 8-6014] Unused sequential element gdvld.data_valid_std_reg was removed.  [E:/vivado/Vivado/2024.2/data/ip/xpm/xpm_fifo/hdl/xpm_fifo.sv:550]
WARNING: [Synth 8-6014] Unused sequential element gen_pntr_flags_cc.gae_cc_std.ram_aempty_i_reg was removed.  [E:/vivado/Vivado/2024.2/data/ip/xpm/xpm_fifo/hdl/xpm_fifo.sv:982]
WARNING: [Synth 8-6014] Unused sequential element gen_fwft.empty_fwft_fb_reg was removed.  [E:/vivado/Vivado/2024.2/data/ip/xpm/xpm_fifo/hdl/xpm_fifo.sv:1404]
WARNING: [Synth 8-6014] Unused sequential element hold_ff_q_reg was removed.  [f:/Haoyang_Sun/experiments/labs/lab13/lab13.gen/sources_1/bd/design_1/ip/design_1_cg_fpga_0_0/src/cg_fpga_axi_vdma_0_0/hdl/axi_datamover_v5_1_vh_rfs.vhd:1496]
WARNING: [Synth 8-6014] Unused sequential element INCLUDE_PACKING.lsig_packer_empty_reg was removed.  [f:/Haoyang_Sun/experiments/labs/lab13/lab13.gen/sources_1/bd/design_1/ip/design_1_cg_fpga_0_0/src/cg_fpga_axi_vdma_0_0/hdl/axi_datamover_v5_1_vh_rfs.vhd:29179]
WARNING: [Synth 8-6014] Unused sequential element sig_next_tag_reg_reg was removed.  [f:/Haoyang_Sun/experiments/labs/lab13/lab13.gen/sources_1/bd/design_1/ip/design_1_cg_fpga_0_0/src/cg_fpga_axi_vdma_0_0/hdl/axi_datamover_v5_1_vh_rfs.vhd:10356]
WARNING: [Synth 8-6014] Unused sequential element sig_next_cmd_cmplt_reg_reg was removed.  [f:/Haoyang_Sun/experiments/labs/lab13/lab13.gen/sources_1/bd/design_1/ip/design_1_cg_fpga_0_0/src/cg_fpga_axi_vdma_0_0/hdl/axi_datamover_v5_1_vh_rfs.vhd:10363]
WARNING: [Synth 8-6014] Unused sequential element sig_next_last_strb_reg_reg was removed.  [f:/Haoyang_Sun/experiments/labs/lab13/lab13.gen/sources_1/bd/design_1/ip/design_1_cg_fpga_0_0/src/cg_fpga_axi_vdma_0_0/hdl/axi_datamover_v5_1_vh_rfs.vhd:16881]
WARNING: [Synth 8-6014] Unused sequential element sig_next_eof_reg_reg was removed.  [f:/Haoyang_Sun/experiments/labs/lab13/lab13.gen/sources_1/bd/design_1/ip/design_1_cg_fpga_0_0/src/cg_fpga_axi_vdma_0_0/hdl/axi_datamover_v5_1_vh_rfs.vhd:16886]
WARNING: [Synth 8-6014] Unused sequential element GEN_SPRT_FOR_S2MM.GEN_FLUSH_SOF_TREADY.d_tready_after_fsize_less_err_flag_00_01_reg was removed.  [f:/Haoyang_Sun/experiments/labs/lab13/lab13.gen/sources_1/bd/design_1/ip/design_1_cg_fpga_0_0/src/cg_fpga_axi_vdma_0_0/hdl/axi_vdma_v6_3_rfs.vhd:72497]
WARNING: [Synth 8-6014] Unused sequential element GEN_SPRT_FOR_S2MM.GEN_FLUSH_SOF_TREADY.after_vcount_flag_sel_00_01_reg was removed.  [f:/Haoyang_Sun/experiments/labs/lab13/lab13.gen/sources_1/bd/design_1/ip/design_1_cg_fpga_0_0/src/cg_fpga_axi_vdma_0_0/hdl/axi_vdma_v6_3_rfs.vhd:72515]
WARNING: [Synth 8-6014] Unused sequential element GEN_SPRT_FOR_S2MM.GEN_FLUSH_SOF_TREADY.d_tready_before_fsync_sel_00_01_reg was removed.  [f:/Haoyang_Sun/experiments/labs/lab13/lab13.gen/sources_1/bd/design_1/ip/design_1_cg_fpga_0_0/src/cg_fpga_axi_vdma_0_0/hdl/axi_vdma_v6_3_rfs.vhd:72527]
WARNING: [Synth 8-6014] Unused sequential element GEN_SPRT_FOR_S2MM.GEN_FLUSH_SOF_TREADY.d_tready_before_fsync_clrd_sel_00_01_reg was removed.  [f:/Haoyang_Sun/experiments/labs/lab13/lab13.gen/sources_1/bd/design_1/ip/design_1_cg_fpga_0_0/src/cg_fpga_axi_vdma_0_0/hdl/axi_vdma_v6_3_rfs.vhd:72556]
WARNING: [Synth 8-6014] Unused sequential element GEN_SPRT_FOR_S2MM.GEN_FLUSH_SOF_TREADY.s2mm_fsize_less_err_flag_00_01_reg was removed.  [f:/Haoyang_Sun/experiments/labs/lab13/lab13.gen/sources_1/bd/design_1/ip/design_1_cg_fpga_0_0/src/cg_fpga_axi_vdma_0_0/hdl/axi_vdma_v6_3_rfs.vhd:72585]
WARNING: [Synth 8-6014] Unused sequential element Dual.ALLIN0_ND_G0.READ_REG_GEN[0].GPIO_DBus_i_reg was removed.  [f:/Haoyang_Sun/experiments/labs/lab13/lab13.gen/sources_1/bd/design_1/ip/design_1_cg_fpga_0_0/src/cg_fpga_cg_fpga_axi_gpio_i1_0/hdl/axi_gpio_v2_0_vh_rfs.vhd:660]
WARNING: [Synth 8-6014] Unused sequential element Dual.ALLIN0_ND_G0.READ_REG_GEN[1].GPIO_DBus_i_reg was removed.  [f:/Haoyang_Sun/experiments/labs/lab13/lab13.gen/sources_1/bd/design_1/ip/design_1_cg_fpga_0_0/src/cg_fpga_cg_fpga_axi_gpio_i1_0/hdl/axi_gpio_v2_0_vh_rfs.vhd:660]
WARNING: [Synth 8-6014] Unused sequential element Dual.ALLIN0_ND_G0.READ_REG_GEN[2].GPIO_DBus_i_reg was removed.  [f:/Haoyang_Sun/experiments/labs/lab13/lab13.gen/sources_1/bd/design_1/ip/design_1_cg_fpga_0_0/src/cg_fpga_cg_fpga_axi_gpio_i1_0/hdl/axi_gpio_v2_0_vh_rfs.vhd:660]
WARNING: [Synth 8-6014] Unused sequential element Dual.ALLIN0_ND_G0.READ_REG_GEN[3].GPIO_DBus_i_reg was removed.  [f:/Haoyang_Sun/experiments/labs/lab13/lab13.gen/sources_1/bd/design_1/ip/design_1_cg_fpga_0_0/src/cg_fpga_cg_fpga_axi_gpio_i1_0/hdl/axi_gpio_v2_0_vh_rfs.vhd:660]
WARNING: [Synth 8-6014] Unused sequential element Dual.ALLIN0_ND_G0.READ_REG_GEN[4].GPIO_DBus_i_reg was removed.  [f:/Haoyang_Sun/experiments/labs/lab13/lab13.gen/sources_1/bd/design_1/ip/design_1_cg_fpga_0_0/src/cg_fpga_cg_fpga_axi_gpio_i1_0/hdl/axi_gpio_v2_0_vh_rfs.vhd:660]
WARNING: [Synth 8-6014] Unused sequential element Dual.ALLIN0_ND_G0.READ_REG_GEN[5].GPIO_DBus_i_reg was removed.  [f:/Haoyang_Sun/experiments/labs/lab13/lab13.gen/sources_1/bd/design_1/ip/design_1_cg_fpga_0_0/src/cg_fpga_cg_fpga_axi_gpio_i1_0/hdl/axi_gpio_v2_0_vh_rfs.vhd:660]
WARNING: [Synth 8-6014] Unused sequential element Dual.ALLIN0_ND_G0.READ_REG_GEN[6].GPIO_DBus_i_reg was removed.  [f:/Haoyang_Sun/experiments/labs/lab13/lab13.gen/sources_1/bd/design_1/ip/design_1_cg_fpga_0_0/src/cg_fpga_cg_fpga_axi_gpio_i1_0/hdl/axi_gpio_v2_0_vh_rfs.vhd:660]
WARNING: [Synth 8-6014] Unused sequential element Dual.ALLIN0_ND_G0.READ_REG_GEN[7].GPIO_DBus_i_reg was removed.  [f:/Haoyang_Sun/experiments/labs/lab13/lab13.gen/sources_1/bd/design_1/ip/design_1_cg_fpga_0_0/src/cg_fpga_cg_fpga_axi_gpio_i1_0/hdl/axi_gpio_v2_0_vh_rfs.vhd:660]
WARNING: [Synth 8-6014] Unused sequential element Dual.ALLIN0_ND_G0.READ_REG_GEN[8].GPIO_DBus_i_reg was removed.  [f:/Haoyang_Sun/experiments/labs/lab13/lab13.gen/sources_1/bd/design_1/ip/design_1_cg_fpga_0_0/src/cg_fpga_cg_fpga_axi_gpio_i1_0/hdl/axi_gpio_v2_0_vh_rfs.vhd:660]
WARNING: [Synth 8-6014] Unused sequential element Dual.ALLIN0_ND_G0.READ_REG_GEN[9].GPIO_DBus_i_reg was removed.  [f:/Haoyang_Sun/experiments/labs/lab13/lab13.gen/sources_1/bd/design_1/ip/design_1_cg_fpga_0_0/src/cg_fpga_cg_fpga_axi_gpio_i1_0/hdl/axi_gpio_v2_0_vh_rfs.vhd:660]
WARNING: [Synth 8-6014] Unused sequential element Dual.ALLIN0_ND_G0.READ_REG_GEN[10].GPIO_DBus_i_reg was removed.  [f:/Haoyang_Sun/experiments/labs/lab13/lab13.gen/sources_1/bd/design_1/ip/design_1_cg_fpga_0_0/src/cg_fpga_cg_fpga_axi_gpio_i1_0/hdl/axi_gpio_v2_0_vh_rfs.vhd:660]
WARNING: [Synth 8-6014] Unused sequential element Dual.ALLIN0_ND_G0.READ_REG_GEN[11].GPIO_DBus_i_reg was removed.  [f:/Haoyang_Sun/experiments/labs/lab13/lab13.gen/sources_1/bd/design_1/ip/design_1_cg_fpga_0_0/src/cg_fpga_cg_fpga_axi_gpio_i1_0/hdl/axi_gpio_v2_0_vh_rfs.vhd:660]
WARNING: [Synth 8-6014] Unused sequential element Dual.ALLIN0_ND_G0.READ_REG_GEN[12].GPIO_DBus_i_reg was removed.  [f:/Haoyang_Sun/experiments/labs/lab13/lab13.gen/sources_1/bd/design_1/ip/design_1_cg_fpga_0_0/src/cg_fpga_cg_fpga_axi_gpio_i1_0/hdl/axi_gpio_v2_0_vh_rfs.vhd:660]
WARNING: [Synth 8-6014] Unused sequential element Dual.ALLIN0_ND_G0.READ_REG_GEN[13].GPIO_DBus_i_reg was removed.  [f:/Haoyang_Sun/experiments/labs/lab13/lab13.gen/sources_1/bd/design_1/ip/design_1_cg_fpga_0_0/src/cg_fpga_cg_fpga_axi_gpio_i1_0/hdl/axi_gpio_v2_0_vh_rfs.vhd:660]
WARNING: [Synth 8-6014] Unused sequential element Dual.ALLIN0_ND_G0.READ_REG_GEN[14].GPIO_DBus_i_reg was removed.  [f:/Haoyang_Sun/experiments/labs/lab13/lab13.gen/sources_1/bd/design_1/ip/design_1_cg_fpga_0_0/src/cg_fpga_cg_fpga_axi_gpio_i1_0/hdl/axi_gpio_v2_0_vh_rfs.vhd:660]
WARNING: [Synth 8-6014] Unused sequential element Dual.ALLIN0_ND_G0.READ_REG_GEN[15].GPIO_DBus_i_reg was removed.  [f:/Haoyang_Sun/experiments/labs/lab13/lab13.gen/sources_1/bd/design_1/ip/design_1_cg_fpga_0_0/src/cg_fpga_cg_fpga_axi_gpio_i1_0/hdl/axi_gpio_v2_0_vh_rfs.vhd:660]
WARNING: [Synth 8-6014] Unused sequential element Dual.ALLIN0_ND_G0.READ_REG_GEN[16].GPIO_DBus_i_reg was removed.  [f:/Haoyang_Sun/experiments/labs/lab13/lab13.gen/sources_1/bd/design_1/ip/design_1_cg_fpga_0_0/src/cg_fpga_cg_fpga_axi_gpio_i1_0/hdl/axi_gpio_v2_0_vh_rfs.vhd:660]
WARNING: [Synth 8-6014] Unused sequential element Dual.ALLIN0_ND_G0.READ_REG_GEN[17].GPIO_DBus_i_reg was removed.  [f:/Haoyang_Sun/experiments/labs/lab13/lab13.gen/sources_1/bd/design_1/ip/design_1_cg_fpga_0_0/src/cg_fpga_cg_fpga_axi_gpio_i1_0/hdl/axi_gpio_v2_0_vh_rfs.vhd:660]
WARNING: [Synth 8-6014] Unused sequential element Dual.ALLIN0_ND_G0.READ_REG_GEN[18].GPIO_DBus_i_reg was removed.  [f:/Haoyang_Sun/experiments/labs/lab13/lab13.gen/sources_1/bd/design_1/ip/design_1_cg_fpga_0_0/src/cg_fpga_cg_fpga_axi_gpio_i1_0/hdl/axi_gpio_v2_0_vh_rfs.vhd:660]
WARNING: [Synth 8-6014] Unused sequential element Dual.ALLIN0_ND_G0.READ_REG_GEN[19].GPIO_DBus_i_reg was removed.  [f:/Haoyang_Sun/experiments/labs/lab13/lab13.gen/sources_1/bd/design_1/ip/design_1_cg_fpga_0_0/src/cg_fpga_cg_fpga_axi_gpio_i1_0/hdl/axi_gpio_v2_0_vh_rfs.vhd:660]
WARNING: [Synth 8-6014] Unused sequential element Dual.ALLIN0_ND_G0.READ_REG_GEN[20].GPIO_DBus_i_reg was removed.  [f:/Haoyang_Sun/experiments/labs/lab13/lab13.gen/sources_1/bd/design_1/ip/design_1_cg_fpga_0_0/src/cg_fpga_cg_fpga_axi_gpio_i1_0/hdl/axi_gpio_v2_0_vh_rfs.vhd:660]
WARNING: [Synth 8-6014] Unused sequential element Dual.ALLIN0_ND_G0.READ_REG_GEN[21].GPIO_DBus_i_reg was removed.  [f:/Haoyang_Sun/experiments/labs/lab13/lab13.gen/sources_1/bd/design_1/ip/design_1_cg_fpga_0_0/src/cg_fpga_cg_fpga_axi_gpio_i1_0/hdl/axi_gpio_v2_0_vh_rfs.vhd:660]
WARNING: [Synth 8-6014] Unused sequential element Dual.ALLIN0_ND_G0.READ_REG_GEN[22].GPIO_DBus_i_reg was removed.  [f:/Haoyang_Sun/experiments/labs/lab13/lab13.gen/sources_1/bd/design_1/ip/design_1_cg_fpga_0_0/src/cg_fpga_cg_fpga_axi_gpio_i1_0/hdl/axi_gpio_v2_0_vh_rfs.vhd:660]
WARNING: [Synth 8-6014] Unused sequential element Dual.ALLIN0_ND_G0.READ_REG_GEN[23].GPIO_DBus_i_reg was removed.  [f:/Haoyang_Sun/experiments/labs/lab13/lab13.gen/sources_1/bd/design_1/ip/design_1_cg_fpga_0_0/src/cg_fpga_cg_fpga_axi_gpio_i1_0/hdl/axi_gpio_v2_0_vh_rfs.vhd:660]
INFO: [Common 17-14] Message 'Synth 8-6014' appears 100 times and further instances of the messages will be disabled. Use the Tcl command set_msg_config to change the current settings.
WARNING: [Synth 8-3848] Net fifo_overflow_from_remap in module/entity v_vid_in_axi4s_v5_0_5 does not have driver. [f:/Haoyang_Sun/experiments/labs/lab13/lab13.gen/sources_1/bd/design_1/ip/design_1_cg_fpga_0_0/src/cg_fpga_v_vid_in_axi4s_0_0/hdl/v_vid_in_axi4s_v5_0_vl_rfs.v:2014]
WARNING: [Synth 8-7129] Port Din[31] in module xlslice_v1_0_4_xlslice__parameterized1 is either unconnected or has no load
WARNING: [Synth 8-7129] Port Din[30] in module xlslice_v1_0_4_xlslice__parameterized1 is either unconnected or has no load
WARNING: [Synth 8-7129] Port Din[29] in module xlslice_v1_0_4_xlslice__parameterized1 is either unconnected or has no load
WARNING: [Synth 8-7129] Port Din[28] in module xlslice_v1_0_4_xlslice__parameterized1 is either unconnected or has no load
WARNING: [Synth 8-7129] Port Din[27] in module xlslice_v1_0_4_xlslice__parameterized1 is either unconnected or has no load
WARNING: [Synth 8-7129] Port Din[26] in module xlslice_v1_0_4_xlslice__parameterized1 is either unconnected or has no load
WARNING: [Synth 8-7129] Port Din[25] in module xlslice_v1_0_4_xlslice__parameterized1 is either unconnected or has no load
WARNING: [Synth 8-7129] Port Din[24] in module xlslice_v1_0_4_xlslice__parameterized1 is either unconnected or has no load
WARNING: [Synth 8-7129] Port Din[23] in module xlslice_v1_0_4_xlslice__parameterized1 is either unconnected or has no load
WARNING: [Synth 8-7129] Port Din[22] in module xlslice_v1_0_4_xlslice__parameterized1 is either unconnected or has no load
WARNING: [Synth 8-7129] Port Din[21] in module xlslice_v1_0_4_xlslice__parameterized1 is either unconnected or has no load
WARNING: [Synth 8-7129] Port Din[20] in module xlslice_v1_0_4_xlslice__parameterized1 is either unconnected or has no load
WARNING: [Synth 8-7129] Port Din[19] in module xlslice_v1_0_4_xlslice__parameterized1 is either unconnected or has no load
WARNING: [Synth 8-7129] Port Din[18] in module xlslice_v1_0_4_xlslice__parameterized1 is either unconnected or has no load
WARNING: [Synth 8-7129] Port Din[17] in module xlslice_v1_0_4_xlslice__parameterized1 is either unconnected or has no load
WARNING: [Synth 8-7129] Port Din[16] in module xlslice_v1_0_4_xlslice__parameterized1 is either unconnected or has no load
WARNING: [Synth 8-7129] Port Din[15] in module xlslice_v1_0_4_xlslice__parameterized1 is either unconnected or has no load
WARNING: [Synth 8-7129] Port Din[14] in module xlslice_v1_0_4_xlslice__parameterized1 is either unconnected or has no load
WARNING: [Synth 8-7129] Port Din[13] in module xlslice_v1_0_4_xlslice__parameterized1 is either unconnected or has no load
WARNING: [Synth 8-7129] Port Din[11] in module xlslice_v1_0_4_xlslice__parameterized1 is either unconnected or has no load
WARNING: [Synth 8-7129] Port Din[10] in module xlslice_v1_0_4_xlslice__parameterized1 is either unconnected or has no load
WARNING: [Synth 8-7129] Port Din[9] in module xlslice_v1_0_4_xlslice__parameterized1 is either unconnected or has no load
WARNING: [Synth 8-7129] Port Din[8] in module xlslice_v1_0_4_xlslice__parameterized1 is either unconnected or has no load
WARNING: [Synth 8-7129] Port Din[7] in module xlslice_v1_0_4_xlslice__parameterized1 is either unconnected or has no load
WARNING: [Synth 8-7129] Port Din[6] in module xlslice_v1_0_4_xlslice__parameterized1 is either unconnected or has no load
WARNING: [Synth 8-7129] Port Din[5] in module xlslice_v1_0_4_xlslice__parameterized1 is either unconnected or has no load
WARNING: [Synth 8-7129] Port Din[4] in module xlslice_v1_0_4_xlslice__parameterized1 is either unconnected or has no load
WARNING: [Synth 8-7129] Port Din[3] in module xlslice_v1_0_4_xlslice__parameterized1 is either unconnected or has no load
WARNING: [Synth 8-7129] Port Din[2] in module xlslice_v1_0_4_xlslice__parameterized1 is either unconnected or has no load
WARNING: [Synth 8-7129] Port Din[1] in module xlslice_v1_0_4_xlslice__parameterized1 is either unconnected or has no load
WARNING: [Synth 8-7129] Port Din[0] in module xlslice_v1_0_4_xlslice__parameterized1 is either unconnected or has no load
WARNING: [Synth 8-7129] Port Din[31] in module xlslice_v1_0_4_xlslice__parameterized0 is either unconnected or has no load
WARNING: [Synth 8-7129] Port Din[30] in module xlslice_v1_0_4_xlslice__parameterized0 is either unconnected or has no load
WARNING: [Synth 8-7129] Port Din[29] in module xlslice_v1_0_4_xlslice__parameterized0 is either unconnected or has no load
WARNING: [Synth 8-7129] Port Din[28] in module xlslice_v1_0_4_xlslice__parameterized0 is either unconnected or has no load
WARNING: [Synth 8-7129] Port Din[27] in module xlslice_v1_0_4_xlslice__parameterized0 is either unconnected or has no load
WARNING: [Synth 8-7129] Port Din[26] in module xlslice_v1_0_4_xlslice__parameterized0 is either unconnected or has no load
WARNING: [Synth 8-7129] Port Din[25] in module xlslice_v1_0_4_xlslice__parameterized0 is either unconnected or has no load
WARNING: [Synth 8-7129] Port Din[24] in module xlslice_v1_0_4_xlslice__parameterized0 is either unconnected or has no load
WARNING: [Synth 8-7129] Port Din[23] in module xlslice_v1_0_4_xlslice__parameterized0 is either unconnected or has no load
WARNING: [Synth 8-7129] Port Din[22] in module xlslice_v1_0_4_xlslice__parameterized0 is either unconnected or has no load
WARNING: [Synth 8-7129] Port Din[21] in module xlslice_v1_0_4_xlslice__parameterized0 is either unconnected or has no load
WARNING: [Synth 8-7129] Port Din[20] in module xlslice_v1_0_4_xlslice__parameterized0 is either unconnected or has no load
WARNING: [Synth 8-7129] Port Din[19] in module xlslice_v1_0_4_xlslice__parameterized0 is either unconnected or has no load
WARNING: [Synth 8-7129] Port Din[18] in module xlslice_v1_0_4_xlslice__parameterized0 is either unconnected or has no load
WARNING: [Synth 8-7129] Port Din[17] in module xlslice_v1_0_4_xlslice__parameterized0 is either unconnected or has no load
WARNING: [Synth 8-7129] Port Din[16] in module xlslice_v1_0_4_xlslice__parameterized0 is either unconnected or has no load
WARNING: [Synth 8-7129] Port Din[15] in module xlslice_v1_0_4_xlslice__parameterized0 is either unconnected or has no load
WARNING: [Synth 8-7129] Port Din[14] in module xlslice_v1_0_4_xlslice__parameterized0 is either unconnected or has no load
WARNING: [Synth 8-7129] Port Din[13] in module xlslice_v1_0_4_xlslice__parameterized0 is either unconnected or has no load
WARNING: [Synth 8-7129] Port Din[12] in module xlslice_v1_0_4_xlslice__parameterized0 is either unconnected or has no load
WARNING: [Synth 8-7129] Port Din[11] in module xlslice_v1_0_4_xlslice__parameterized0 is either unconnected or has no load
WARNING: [Synth 8-7129] Port Din[10] in module xlslice_v1_0_4_xlslice__parameterized0 is either unconnected or has no load
WARNING: [Synth 8-7129] Port Din[8] in module xlslice_v1_0_4_xlslice__parameterized0 is either unconnected or has no load
WARNING: [Synth 8-7129] Port Din[7] in module xlslice_v1_0_4_xlslice__parameterized0 is either unconnected or has no load
WARNING: [Synth 8-7129] Port Din[6] in module xlslice_v1_0_4_xlslice__parameterized0 is either unconnected or has no load
WARNING: [Synth 8-7129] Port Din[5] in module xlslice_v1_0_4_xlslice__parameterized0 is either unconnected or has no load
WARNING: [Synth 8-7129] Port Din[4] in module xlslice_v1_0_4_xlslice__parameterized0 is either unconnected or has no load
WARNING: [Synth 8-7129] Port Din[3] in module xlslice_v1_0_4_xlslice__parameterized0 is either unconnected or has no load
WARNING: [Synth 8-7129] Port Din[2] in module xlslice_v1_0_4_xlslice__parameterized0 is either unconnected or has no load
WARNING: [Synth 8-7129] Port Din[1] in module xlslice_v1_0_4_xlslice__parameterized0 is either unconnected or has no load
WARNING: [Synth 8-7129] Port Din[0] in module xlslice_v1_0_4_xlslice__parameterized0 is either unconnected or has no load
WARNING: [Synth 8-7129] Port Din[31] in module xlslice_v1_0_4_xlslice is either unconnected or has no load
WARNING: [Synth 8-7129] Port Din[30] in module xlslice_v1_0_4_xlslice is either unconnected or has no load
WARNING: [Synth 8-7129] Port Din[29] in module xlslice_v1_0_4_xlslice is either unconnected or has no load
WARNING: [Synth 8-7129] Port Din[28] in module xlslice_v1_0_4_xlslice is either unconnected or has no load
WARNING: [Synth 8-7129] Port Din[27] in module xlslice_v1_0_4_xlslice is either unconnected or has no load
WARNING: [Synth 8-7129] Port Din[26] in module xlslice_v1_0_4_xlslice is either unconnected or has no load
WARNING: [Synth 8-7129] Port Din[25] in module xlslice_v1_0_4_xlslice is either unconnected or has no load
WARNING: [Synth 8-7129] Port Din[24] in module xlslice_v1_0_4_xlslice is either unconnected or has no load
WARNING: [Synth 8-7129] Port Din[23] in module xlslice_v1_0_4_xlslice is either unconnected or has no load
WARNING: [Synth 8-7129] Port Din[22] in module xlslice_v1_0_4_xlslice is either unconnected or has no load
WARNING: [Synth 8-7129] Port Din[21] in module xlslice_v1_0_4_xlslice is either unconnected or has no load
WARNING: [Synth 8-7129] Port Din[20] in module xlslice_v1_0_4_xlslice is either unconnected or has no load
WARNING: [Synth 8-7129] Port Din[19] in module xlslice_v1_0_4_xlslice is either unconnected or has no load
WARNING: [Synth 8-7129] Port Din[18] in module xlslice_v1_0_4_xlslice is either unconnected or has no load
WARNING: [Synth 8-7129] Port Din[17] in module xlslice_v1_0_4_xlslice is either unconnected or has no load
WARNING: [Synth 8-7129] Port Din[16] in module xlslice_v1_0_4_xlslice is either unconnected or has no load
WARNING: [Synth 8-7129] Port Din[15] in module xlslice_v1_0_4_xlslice is either unconnected or has no load
WARNING: [Synth 8-7129] Port Din[14] in module xlslice_v1_0_4_xlslice is either unconnected or has no load
WARNING: [Synth 8-7129] Port Din[13] in module xlslice_v1_0_4_xlslice is either unconnected or has no load
WARNING: [Synth 8-7129] Port Din[12] in module xlslice_v1_0_4_xlslice is either unconnected or has no load
WARNING: [Synth 8-7129] Port Din[11] in module xlslice_v1_0_4_xlslice is either unconnected or has no load
WARNING: [Synth 8-7129] Port Din[10] in module xlslice_v1_0_4_xlslice is either unconnected or has no load
WARNING: [Synth 8-7129] Port Din[9] in module xlslice_v1_0_4_xlslice is either unconnected or has no load
WARNING: [Synth 8-7129] Port Din[8] in module xlslice_v1_0_4_xlslice is either unconnected or has no load
WARNING: [Synth 8-7129] Port In3[0] in module xlconcat_v2_1_6_xlconcat__parameterized2 is either unconnected or has no load
WARNING: [Synth 8-7129] Port In4[0] in module xlconcat_v2_1_6_xlconcat__parameterized2 is either unconnected or has no load
WARNING: [Synth 8-7129] Port In5[0] in module xlconcat_v2_1_6_xlconcat__parameterized2 is either unconnected or has no load
WARNING: [Synth 8-7129] Port In6[0] in module xlconcat_v2_1_6_xlconcat__parameterized2 is either unconnected or has no load
WARNING: [Synth 8-7129] Port In7[0] in module xlconcat_v2_1_6_xlconcat__parameterized2 is either unconnected or has no load
WARNING: [Synth 8-7129] Port In8[0] in module xlconcat_v2_1_6_xlconcat__parameterized2 is either unconnected or has no load
WARNING: [Synth 8-7129] Port In9[0] in module xlconcat_v2_1_6_xlconcat__parameterized2 is either unconnected or has no load
WARNING: [Synth 8-7129] Port In10[0] in module xlconcat_v2_1_6_xlconcat__parameterized2 is either unconnected or has no load
WARNING: [Synth 8-7129] Port In11[0] in module xlconcat_v2_1_6_xlconcat__parameterized2 is either unconnected or has no load
WARNING: [Synth 8-7129] Port In12[0] in module xlconcat_v2_1_6_xlconcat__parameterized2 is either unconnected or has no load
WARNING: [Synth 8-7129] Port In13[0] in module xlconcat_v2_1_6_xlconcat__parameterized2 is either unconnected or has no load
WARNING: [Synth 8-7129] Port In14[0] in module xlconcat_v2_1_6_xlconcat__parameterized2 is either unconnected or has no load
WARNING: [Synth 8-7129] Port In15[0] in module xlconcat_v2_1_6_xlconcat__parameterized2 is either unconnected or has no load
WARNING: [Synth 8-7129] Port In16[0] in module xlconcat_v2_1_6_xlconcat__parameterized2 is either unconnected or has no load
INFO: [Common 17-14] Message 'Synth 8-7129' appears 100 times and further instances of the messages will be disabled. Use the Tcl command set_msg_config to change the current settings.
---------------------------------------------------------------------------------
Finished RTL Elaboration : Time (s): cpu = 00:00:18 ; elapsed = 00:00:22 . Memory (MB): peak = 1591.430 ; gain = 956.789
---------------------------------------------------------------------------------
---------------------------------------------------------------------------------
Start Handling Custom Attributes
---------------------------------------------------------------------------------
---------------------------------------------------------------------------------
Finished Handling Custom Attributes : Time (s): cpu = 00:00:19 ; elapsed = 00:00:22 . Memory (MB): peak = 1591.430 ; gain = 956.789
---------------------------------------------------------------------------------
---------------------------------------------------------------------------------
Finished RTL Optimization Phase 1 : Time (s): cpu = 00:00:19 ; elapsed = 00:00:22 . Memory (MB): peak = 1591.430 ; gain = 956.789
---------------------------------------------------------------------------------
