
*** Running vivado
    with args -log design_1_wrapper.vds -m64 -product Vivado -mode batch -messageDb vivado.pb -notrace -source design_1_wrapper.tcl



****** Vivado v2025.1 (64-bit)
  **** SW Build 6140274 on Thu May 22 00:12:29 MDT 2025
  **** IP Build 6138677 on Thu May 22 03:10:11 MDT 2025
  **** SharedData Build 6139179 on Tue May 20 17:58:58 MDT 2025
  **** Start of session at: Sat Nov  8 22:17:34 2025
    ** Copyright 1986-2022 Xilinx, Inc. All Rights Reserved.
    ** Copyright 2022-2025 Advanced Micro Devices, Inc. All Rights Reserved.

source design_1_wrapper.tcl -notrace
INFO: [IP_Flow 19-234] Refreshing IP repositories
WARNING: [IP_Flow 19-2248] Failed to load user IP repository 'f:/Haoyang_Sun/experiments/labs/ip_repo'; Can't find the specified path.
If this directory should no longer be in your list of user repositories, go to the IP Settings dialog and remove it.
INFO: [IP_Flow 19-1700] Loaded user IP repository 'f:/Haoyang_Sun/experiments/cg_fpga_slim_1_4'.
INFO: [IP_Flow 19-1700] Loaded user IP repository 'f:/Haoyang_Sun/experiments/ip_repo'.
WARNING: [IP_Flow 19-2248] Failed to load user IP repository 'f:/Haoyang_Sun/experiments/labs/cg_fpga_slim_1_4'; Can't find the specified path.
If this directory should no longer be in your list of user repositories, go to the IP Settings dialog and remove it.
INFO: [IP_Flow 19-2313] Loaded Vivado IP repository 'E:/vivado/2025.1/Vivado/data/ip'.
INFO: [Project 1-5698] Found the below utility IPs instantiated in block design F:/Haoyang_Sun/experiments/labs/lab8_ex/lab8_ex.srcs/sources_1/bd/design_1/design_1.bd which have equivalent inline hdl with improved performance and reduced diskspace.
It is recommended to migrate these utility IPs to inline hdl  using the command upgrade_project -migrate_to_inline_hdl.  The utility IPs may be deprecated in future releases.
More information on inline hdl is available in UG994.
Utility IP Component Instances:
 design_1_xlconstant_1_0
design_1_xlconstant_1_1
design_1_xlconstant_1_2
design_1_xlconstant_1_3
design_1_xlconstant_0_8
design_1_xlconstant_1_4
Command: read_checkpoint -auto_incremental -incremental F:/Haoyang_Sun/experiments/labs/lab8_ex/lab8_ex.srcs/utils_1/imports/synth_1/design_1_wrapper.dcp
INFO: [Vivado 12-5825] Read reference checkpoint from F:/Haoyang_Sun/experiments/labs/lab8_ex/lab8_ex.srcs/utils_1/imports/synth_1/design_1_wrapper.dcp for incremental synthesis
INFO: [Vivado 12-7989] Please ensure there are no constraint changes
Command: synth_design -top design_1_wrapper -part xc7z020clg400-1
Starting synth_design
Attempting to get a license for feature 'Synthesis' and/or device 'xc7z020'
INFO: [Common 17-349] Got license for feature 'Synthesis' and/or device 'xc7z020'
WARNING: [Vivado_Tcl 4-1809] The reference checkpoint is from an old version of Vivado; A full resynthesis flow will be run
INFO: [Device 21-403] Loading part xc7z020clg400-1
INFO: [Designutils 20-5440] No compile time benefit to using incremental synthesis; A full resynthesis will be run
INFO: [Designutils 20-4379] Flow is switching to default flow due to incremental criteria not met. If you would like to alter this behaviour and have the flow terminate instead, please set the following parameter config_implementation {autoIncr.Synth.RejectBehavior Terminate}
INFO: [Synth 8-7079] Multithreading enabled for synth_design using a maximum of 2 processes.
INFO: [Synth 8-7078] Launching helper process for spawning children vivado processes
INFO: [Synth 8-7075] Helper process launched with PID 18704
---------------------------------------------------------------------------------
Starting RTL Elaboration : Time (s): cpu = 00:00:08 ; elapsed = 00:00:09 . Memory (MB): peak = 1306.512 ; gain = 493.641
---------------------------------------------------------------------------------
INFO: [Synth 8-6157] synthesizing module 'design_1_wrapper' [F:/Haoyang_Sun/experiments/labs/lab8_ex/lab8_ex.gen/sources_1/bd/design_1/hdl/design_1_wrapper.v:13]
INFO: [Synth 8-6157] synthesizing module 'design_1' [f:/Haoyang_Sun/experiments/labs/lab8_ex/lab8_ex.gen/sources_1/bd/design_1/synth/design_1.v:1037]
INFO: [Synth 8-6157] synthesizing module 'AHBH_imp_1H7TJF8' [f:/Haoyang_Sun/experiments/labs/lab8_ex/lab8_ex.gen/sources_1/bd/design_1/synth/design_1.v:13]
INFO: [Synth 8-6157] synthesizing module 'design_1_FA_0_11' [F:/Haoyang_Sun/experiments/labs/lab8_ex/synth_1/.Xil/Vivado-9372-SKULL/realtime/design_1_FA_0_11_stub.v:6]
INFO: [Synth 8-6155] done synthesizing module 'design_1_FA_0_11' (0#1) [F:/Haoyang_Sun/experiments/labs/lab8_ex/synth_1/.Xil/Vivado-9372-SKULL/realtime/design_1_FA_0_11_stub.v:6]
INFO: [Synth 8-6157] synthesizing module 'design_1_FA_1_11' [F:/Haoyang_Sun/experiments/labs/lab8_ex/synth_1/.Xil/Vivado-9372-SKULL/realtime/design_1_FA_1_11_stub.v:6]
INFO: [Synth 8-6155] done synthesizing module 'design_1_FA_1_11' (0#1) [F:/Haoyang_Sun/experiments/labs/lab8_ex/synth_1/.Xil/Vivado-9372-SKULL/realtime/design_1_FA_1_11_stub.v:6]
INFO: [Synth 8-6157] synthesizing module 'design_1_FA_10_6' [F:/Haoyang_Sun/experiments/labs/lab8_ex/synth_1/.Xil/Vivado-9372-SKULL/realtime/design_1_FA_10_6_stub.v:6]
INFO: [Synth 8-6155] done synthesizing module 'design_1_FA_10_6' (0#1) [F:/Haoyang_Sun/experiments/labs/lab8_ex/synth_1/.Xil/Vivado-9372-SKULL/realtime/design_1_FA_10_6_stub.v:6]
INFO: [Synth 8-6157] synthesizing module 'design_1_FA_11_6' [F:/Haoyang_Sun/experiments/labs/lab8_ex/synth_1/.Xil/Vivado-9372-SKULL/realtime/design_1_FA_11_6_stub.v:6]
INFO: [Synth 8-6155] done synthesizing module 'design_1_FA_11_6' (0#1) [F:/Haoyang_Sun/experiments/labs/lab8_ex/synth_1/.Xil/Vivado-9372-SKULL/realtime/design_1_FA_11_6_stub.v:6]
INFO: [Synth 8-6157] synthesizing module 'design_1_FA_12_6' [F:/Haoyang_Sun/experiments/labs/lab8_ex/synth_1/.Xil/Vivado-9372-SKULL/realtime/design_1_FA_12_6_stub.v:6]
INFO: [Synth 8-6155] done synthesizing module 'design_1_FA_12_6' (0#1) [F:/Haoyang_Sun/experiments/labs/lab8_ex/synth_1/.Xil/Vivado-9372-SKULL/realtime/design_1_FA_12_6_stub.v:6]
INFO: [Synth 8-6157] synthesizing module 'design_1_FA_13_6' [F:/Haoyang_Sun/experiments/labs/lab8_ex/synth_1/.Xil/Vivado-9372-SKULL/realtime/design_1_FA_13_6_stub.v:6]
INFO: [Synth 8-6155] done synthesizing module 'design_1_FA_13_6' (0#1) [F:/Haoyang_Sun/experiments/labs/lab8_ex/synth_1/.Xil/Vivado-9372-SKULL/realtime/design_1_FA_13_6_stub.v:6]
INFO: [Synth 8-6157] synthesizing module 'design_1_FA_14_6' [F:/Haoyang_Sun/experiments/labs/lab8_ex/synth_1/.Xil/Vivado-9372-SKULL/realtime/design_1_FA_14_6_stub.v:6]
INFO: [Synth 8-6155] done synthesizing module 'design_1_FA_14_6' (0#1) [F:/Haoyang_Sun/experiments/labs/lab8_ex/synth_1/.Xil/Vivado-9372-SKULL/realtime/design_1_FA_14_6_stub.v:6]
INFO: [Synth 8-6157] synthesizing module 'design_1_FA_15_6' [F:/Haoyang_Sun/experiments/labs/lab8_ex/synth_1/.Xil/Vivado-9372-SKULL/realtime/design_1_FA_15_6_stub.v:6]
INFO: [Synth 8-6155] done synthesizing module 'design_1_FA_15_6' (0#1) [F:/Haoyang_Sun/experiments/labs/lab8_ex/synth_1/.Xil/Vivado-9372-SKULL/realtime/design_1_FA_15_6_stub.v:6]
INFO: [Synth 8-6157] synthesizing module 'design_1_FA_2_11' [F:/Haoyang_Sun/experiments/labs/lab8_ex/synth_1/.Xil/Vivado-9372-SKULL/realtime/design_1_FA_2_11_stub.v:6]
INFO: [Synth 8-6155] done synthesizing module 'design_1_FA_2_11' (0#1) [F:/Haoyang_Sun/experiments/labs/lab8_ex/synth_1/.Xil/Vivado-9372-SKULL/realtime/design_1_FA_2_11_stub.v:6]
INFO: [Synth 8-6157] synthesizing module 'design_1_FA_3_11' [F:/Haoyang_Sun/experiments/labs/lab8_ex/synth_1/.Xil/Vivado-9372-SKULL/realtime/design_1_FA_3_11_stub.v:6]
INFO: [Synth 8-6155] done synthesizing module 'design_1_FA_3_11' (0#1) [F:/Haoyang_Sun/experiments/labs/lab8_ex/synth_1/.Xil/Vivado-9372-SKULL/realtime/design_1_FA_3_11_stub.v:6]
INFO: [Synth 8-6157] synthesizing module 'design_1_FA_4_6' [F:/Haoyang_Sun/experiments/labs/lab8_ex/synth_1/.Xil/Vivado-9372-SKULL/realtime/design_1_FA_4_6_stub.v:6]
INFO: [Synth 8-6155] done synthesizing module 'design_1_FA_4_6' (0#1) [F:/Haoyang_Sun/experiments/labs/lab8_ex/synth_1/.Xil/Vivado-9372-SKULL/realtime/design_1_FA_4_6_stub.v:6]
INFO: [Synth 8-6157] synthesizing module 'design_1_FA_5_6' [F:/Haoyang_Sun/experiments/labs/lab8_ex/synth_1/.Xil/Vivado-9372-SKULL/realtime/design_1_FA_5_6_stub.v:6]
INFO: [Synth 8-6155] done synthesizing module 'design_1_FA_5_6' (0#1) [F:/Haoyang_Sun/experiments/labs/lab8_ex/synth_1/.Xil/Vivado-9372-SKULL/realtime/design_1_FA_5_6_stub.v:6]
INFO: [Synth 8-6157] synthesizing module 'design_1_FA_6_6' [F:/Haoyang_Sun/experiments/labs/lab8_ex/synth_1/.Xil/Vivado-9372-SKULL/realtime/design_1_FA_6_6_stub.v:6]
INFO: [Synth 8-6155] done synthesizing module 'design_1_FA_6_6' (0#1) [F:/Haoyang_Sun/experiments/labs/lab8_ex/synth_1/.Xil/Vivado-9372-SKULL/realtime/design_1_FA_6_6_stub.v:6]
INFO: [Synth 8-6157] synthesizing module 'design_1_FA_7_6' [F:/Haoyang_Sun/experiments/labs/lab8_ex/synth_1/.Xil/Vivado-9372-SKULL/realtime/design_1_FA_7_6_stub.v:6]
INFO: [Synth 8-6155] done synthesizing module 'design_1_FA_7_6' (0#1) [F:/Haoyang_Sun/experiments/labs/lab8_ex/synth_1/.Xil/Vivado-9372-SKULL/realtime/design_1_FA_7_6_stub.v:6]
INFO: [Synth 8-6157] synthesizing module 'design_1_FA_8_6' [F:/Haoyang_Sun/experiments/labs/lab8_ex/synth_1/.Xil/Vivado-9372-SKULL/realtime/design_1_FA_8_6_stub.v:6]
INFO: [Synth 8-6155] done synthesizing module 'design_1_FA_8_6' (0#1) [F:/Haoyang_Sun/experiments/labs/lab8_ex/synth_1/.Xil/Vivado-9372-SKULL/realtime/design_1_FA_8_6_stub.v:6]
INFO: [Synth 8-6157] synthesizing module 'design_1_FA_9_6' [F:/Haoyang_Sun/experiments/labs/lab8_ex/synth_1/.Xil/Vivado-9372-SKULL/realtime/design_1_FA_9_6_stub.v:6]
INFO: [Synth 8-6155] done synthesizing module 'design_1_FA_9_6' (0#1) [F:/Haoyang_Sun/experiments/labs/lab8_ex/synth_1/.Xil/Vivado-9372-SKULL/realtime/design_1_FA_9_6_stub.v:6]
INFO: [Synth 8-6157] synthesizing module 'design_1_and2_0_7' [F:/Haoyang_Sun/experiments/labs/lab8_ex/synth_1/.Xil/Vivado-9372-SKULL/realtime/design_1_and2_0_7_stub.v:6]
INFO: [Synth 8-6155] done synthesizing module 'design_1_and2_0_7' (0#1) [F:/Haoyang_Sun/experiments/labs/lab8_ex/synth_1/.Xil/Vivado-9372-SKULL/realtime/design_1_and2_0_7_stub.v:6]
INFO: [Synth 8-6157] synthesizing module 'design_1_and2_1_7' [F:/Haoyang_Sun/experiments/labs/lab8_ex/synth_1/.Xil/Vivado-9372-SKULL/realtime/design_1_and2_1_7_stub.v:6]
INFO: [Synth 8-6155] done synthesizing module 'design_1_and2_1_7' (0#1) [F:/Haoyang_Sun/experiments/labs/lab8_ex/synth_1/.Xil/Vivado-9372-SKULL/realtime/design_1_and2_1_7_stub.v:6]
INFO: [Synth 8-6157] synthesizing module 'design_1_and2_10_7' [F:/Haoyang_Sun/experiments/labs/lab8_ex/synth_1/.Xil/Vivado-9372-SKULL/realtime/design_1_and2_10_7_stub.v:6]
INFO: [Synth 8-6155] done synthesizing module 'design_1_and2_10_7' (0#1) [F:/Haoyang_Sun/experiments/labs/lab8_ex/synth_1/.Xil/Vivado-9372-SKULL/realtime/design_1_and2_10_7_stub.v:6]
INFO: [Synth 8-6157] synthesizing module 'design_1_and2_11_7' [F:/Haoyang_Sun/experiments/labs/lab8_ex/synth_1/.Xil/Vivado-9372-SKULL/realtime/design_1_and2_11_7_stub.v:6]
INFO: [Synth 8-6155] done synthesizing module 'design_1_and2_11_7' (0#1) [F:/Haoyang_Sun/experiments/labs/lab8_ex/synth_1/.Xil/Vivado-9372-SKULL/realtime/design_1_and2_11_7_stub.v:6]
INFO: [Synth 8-6157] synthesizing module 'design_1_and2_12_7' [F:/Haoyang_Sun/experiments/labs/lab8_ex/synth_1/.Xil/Vivado-9372-SKULL/realtime/design_1_and2_12_7_stub.v:6]
INFO: [Synth 8-6155] done synthesizing module 'design_1_and2_12_7' (0#1) [F:/Haoyang_Sun/experiments/labs/lab8_ex/synth_1/.Xil/Vivado-9372-SKULL/realtime/design_1_and2_12_7_stub.v:6]
INFO: [Synth 8-6157] synthesizing module 'design_1_and2_13_7' [F:/Haoyang_Sun/experiments/labs/lab8_ex/synth_1/.Xil/Vivado-9372-SKULL/realtime/design_1_and2_13_7_stub.v:6]
INFO: [Synth 8-6155] done synthesizing module 'design_1_and2_13_7' (0#1) [F:/Haoyang_Sun/experiments/labs/lab8_ex/synth_1/.Xil/Vivado-9372-SKULL/realtime/design_1_and2_13_7_stub.v:6]
INFO: [Synth 8-6157] synthesizing module 'design_1_and2_14_7' [F:/Haoyang_Sun/experiments/labs/lab8_ex/synth_1/.Xil/Vivado-9372-SKULL/realtime/design_1_and2_14_7_stub.v:6]
INFO: [Synth 8-6155] done synthesizing module 'design_1_and2_14_7' (0#1) [F:/Haoyang_Sun/experiments/labs/lab8_ex/synth_1/.Xil/Vivado-9372-SKULL/realtime/design_1_and2_14_7_stub.v:6]
INFO: [Synth 8-6157] synthesizing module 'design_1_and2_15_7' [F:/Haoyang_Sun/experiments/labs/lab8_ex/synth_1/.Xil/Vivado-9372-SKULL/realtime/design_1_and2_15_7_stub.v:6]
INFO: [Synth 8-6155] done synthesizing module 'design_1_and2_15_7' (0#1) [F:/Haoyang_Sun/experiments/labs/lab8_ex/synth_1/.Xil/Vivado-9372-SKULL/realtime/design_1_and2_15_7_stub.v:6]
INFO: [Synth 8-6157] synthesizing module 'design_1_and2_2_7' [F:/Haoyang_Sun/experiments/labs/lab8_ex/synth_1/.Xil/Vivado-9372-SKULL/realtime/design_1_and2_2_7_stub.v:6]
INFO: [Synth 8-6155] done synthesizing module 'design_1_and2_2_7' (0#1) [F:/Haoyang_Sun/experiments/labs/lab8_ex/synth_1/.Xil/Vivado-9372-SKULL/realtime/design_1_and2_2_7_stub.v:6]
INFO: [Synth 8-6157] synthesizing module 'design_1_and2_3_7' [F:/Haoyang_Sun/experiments/labs/lab8_ex/synth_1/.Xil/Vivado-9372-SKULL/realtime/design_1_and2_3_7_stub.v:6]
INFO: [Synth 8-6155] done synthesizing module 'design_1_and2_3_7' (0#1) [F:/Haoyang_Sun/experiments/labs/lab8_ex/synth_1/.Xil/Vivado-9372-SKULL/realtime/design_1_and2_3_7_stub.v:6]
INFO: [Synth 8-6157] synthesizing module 'design_1_and2_4_7' [F:/Haoyang_Sun/experiments/labs/lab8_ex/synth_1/.Xil/Vivado-9372-SKULL/realtime/design_1_and2_4_7_stub.v:6]
INFO: [Synth 8-6155] done synthesizing module 'design_1_and2_4_7' (0#1) [F:/Haoyang_Sun/experiments/labs/lab8_ex/synth_1/.Xil/Vivado-9372-SKULL/realtime/design_1_and2_4_7_stub.v:6]
INFO: [Synth 8-6157] synthesizing module 'design_1_and2_5_7' [F:/Haoyang_Sun/experiments/labs/lab8_ex/synth_1/.Xil/Vivado-9372-SKULL/realtime/design_1_and2_5_7_stub.v:6]
INFO: [Synth 8-6155] done synthesizing module 'design_1_and2_5_7' (0#1) [F:/Haoyang_Sun/experiments/labs/lab8_ex/synth_1/.Xil/Vivado-9372-SKULL/realtime/design_1_and2_5_7_stub.v:6]
INFO: [Synth 8-6157] synthesizing module 'design_1_and2_6_7' [F:/Haoyang_Sun/experiments/labs/lab8_ex/synth_1/.Xil/Vivado-9372-SKULL/realtime/design_1_and2_6_7_stub.v:6]
INFO: [Synth 8-6155] done synthesizing module 'design_1_and2_6_7' (0#1) [F:/Haoyang_Sun/experiments/labs/lab8_ex/synth_1/.Xil/Vivado-9372-SKULL/realtime/design_1_and2_6_7_stub.v:6]
INFO: [Synth 8-6157] synthesizing module 'design_1_and2_7_7' [F:/Haoyang_Sun/experiments/labs/lab8_ex/synth_1/.Xil/Vivado-9372-SKULL/realtime/design_1_and2_7_7_stub.v:6]
INFO: [Synth 8-6155] done synthesizing module 'design_1_and2_7_7' (0#1) [F:/Haoyang_Sun/experiments/labs/lab8_ex/synth_1/.Xil/Vivado-9372-SKULL/realtime/design_1_and2_7_7_stub.v:6]
INFO: [Synth 8-6157] synthesizing module 'design_1_and2_8_7' [F:/Haoyang_Sun/experiments/labs/lab8_ex/synth_1/.Xil/Vivado-9372-SKULL/realtime/design_1_and2_8_7_stub.v:6]
INFO: [Synth 8-6155] done synthesizing module 'design_1_and2_8_7' (0#1) [F:/Haoyang_Sun/experiments/labs/lab8_ex/synth_1/.Xil/Vivado-9372-SKULL/realtime/design_1_and2_8_7_stub.v:6]
INFO: [Synth 8-6157] synthesizing module 'design_1_and2_9_7' [F:/Haoyang_Sun/experiments/labs/lab8_ex/synth_1/.Xil/Vivado-9372-SKULL/realtime/design_1_and2_9_7_stub.v:6]
INFO: [Synth 8-6155] done synthesizing module 'design_1_and2_9_7' (0#1) [F:/Haoyang_Sun/experiments/labs/lab8_ex/synth_1/.Xil/Vivado-9372-SKULL/realtime/design_1_and2_9_7_stub.v:6]
INFO: [Synth 8-6157] synthesizing module 'design_1_xlconstant_1_3' [f:/Haoyang_Sun/experiments/labs/lab8_ex/lab8_ex.gen/sources_1/bd/design_1/ip/design_1_xlconstant_1_3/synth/design_1_xlconstant_1_3.v:53]
INFO: [Synth 8-6157] synthesizing module 'xlconstant_v1_1_10_xlconstant' [f:/Haoyang_Sun/experiments/labs/lab8_ex/lab8_ex.gen/sources_1/bd/design_1/ipshared/a165/hdl/xlconstant_v1_1_vl_rfs.v:68]
INFO: [Synth 8-6155] done synthesizing module 'xlconstant_v1_1_10_xlconstant' (0#1) [f:/Haoyang_Sun/experiments/labs/lab8_ex/lab8_ex.gen/sources_1/bd/design_1/ipshared/a165/hdl/xlconstant_v1_1_vl_rfs.v:68]
INFO: [Synth 8-6155] done synthesizing module 'design_1_xlconstant_1_3' (0#1) [f:/Haoyang_Sun/experiments/labs/lab8_ex/lab8_ex.gen/sources_1/bd/design_1/ip/design_1_xlconstant_1_3/synth/design_1_xlconstant_1_3.v:53]
INFO: [Synth 8-6155] done synthesizing module 'AHBH_imp_1H7TJF8' (0#1) [f:/Haoyang_Sun/experiments/labs/lab8_ex/lab8_ex.gen/sources_1/bd/design_1/synth/design_1.v:13]
INFO: [Synth 8-6157] synthesizing module 'AHBL_imp_1QQPGUW' [f:/Haoyang_Sun/experiments/labs/lab8_ex/lab8_ex.gen/sources_1/bd/design_1/synth/design_1.v:269]
INFO: [Synth 8-6157] synthesizing module 'design_1_FA_0_10' [F:/Haoyang_Sun/experiments/labs/lab8_ex/synth_1/.Xil/Vivado-9372-SKULL/realtime/design_1_FA_0_10_stub.v:6]
INFO: [Synth 8-6155] done synthesizing module 'design_1_FA_0_10' (0#1) [F:/Haoyang_Sun/experiments/labs/lab8_ex/synth_1/.Xil/Vivado-9372-SKULL/realtime/design_1_FA_0_10_stub.v:6]
INFO: [Synth 8-6157] synthesizing module 'design_1_FA_1_10' [F:/Haoyang_Sun/experiments/labs/lab8_ex/synth_1/.Xil/Vivado-9372-SKULL/realtime/design_1_FA_1_10_stub.v:6]
INFO: [Synth 8-6155] done synthesizing module 'design_1_FA_1_10' (0#1) [F:/Haoyang_Sun/experiments/labs/lab8_ex/synth_1/.Xil/Vivado-9372-SKULL/realtime/design_1_FA_1_10_stub.v:6]
INFO: [Synth 8-6157] synthesizing module 'design_1_FA_10_5' [F:/Haoyang_Sun/experiments/labs/lab8_ex/synth_1/.Xil/Vivado-9372-SKULL/realtime/design_1_FA_10_5_stub.v:6]
INFO: [Synth 8-6155] done synthesizing module 'design_1_FA_10_5' (0#1) [F:/Haoyang_Sun/experiments/labs/lab8_ex/synth_1/.Xil/Vivado-9372-SKULL/realtime/design_1_FA_10_5_stub.v:6]
INFO: [Synth 8-6157] synthesizing module 'design_1_FA_11_5' [F:/Haoyang_Sun/experiments/labs/lab8_ex/synth_1/.Xil/Vivado-9372-SKULL/realtime/design_1_FA_11_5_stub.v:6]
INFO: [Synth 8-6155] done synthesizing module 'design_1_FA_11_5' (0#1) [F:/Haoyang_Sun/experiments/labs/lab8_ex/synth_1/.Xil/Vivado-9372-SKULL/realtime/design_1_FA_11_5_stub.v:6]
INFO: [Synth 8-6157] synthesizing module 'design_1_FA_12_5' [F:/Haoyang_Sun/experiments/labs/lab8_ex/synth_1/.Xil/Vivado-9372-SKULL/realtime/design_1_FA_12_5_stub.v:6]
INFO: [Synth 8-6155] done synthesizing module 'design_1_FA_12_5' (0#1) [F:/Haoyang_Sun/experiments/labs/lab8_ex/synth_1/.Xil/Vivado-9372-SKULL/realtime/design_1_FA_12_5_stub.v:6]
INFO: [Synth 8-6157] synthesizing module 'design_1_FA_13_5' [F:/Haoyang_Sun/experiments/labs/lab8_ex/synth_1/.Xil/Vivado-9372-SKULL/realtime/design_1_FA_13_5_stub.v:6]
INFO: [Synth 8-6155] done synthesizing module 'design_1_FA_13_5' (0#1) [F:/Haoyang_Sun/experiments/labs/lab8_ex/synth_1/.Xil/Vivado-9372-SKULL/realtime/design_1_FA_13_5_stub.v:6]
INFO: [Synth 8-6157] synthesizing module 'design_1_FA_14_5' [F:/Haoyang_Sun/experiments/labs/lab8_ex/synth_1/.Xil/Vivado-9372-SKULL/realtime/design_1_FA_14_5_stub.v:6]
INFO: [Synth 8-6155] done synthesizing module 'design_1_FA_14_5' (0#1) [F:/Haoyang_Sun/experiments/labs/lab8_ex/synth_1/.Xil/Vivado-9372-SKULL/realtime/design_1_FA_14_5_stub.v:6]
INFO: [Synth 8-6157] synthesizing module 'design_1_FA_15_5' [F:/Haoyang_Sun/experiments/labs/lab8_ex/synth_1/.Xil/Vivado-9372-SKULL/realtime/design_1_FA_15_5_stub.v:6]
INFO: [Synth 8-6155] done synthesizing module 'design_1_FA_15_5' (0#1) [F:/Haoyang_Sun/experiments/labs/lab8_ex/synth_1/.Xil/Vivado-9372-SKULL/realtime/design_1_FA_15_5_stub.v:6]
INFO: [Synth 8-6157] synthesizing module 'design_1_FA_2_10' [F:/Haoyang_Sun/experiments/labs/lab8_ex/synth_1/.Xil/Vivado-9372-SKULL/realtime/design_1_FA_2_10_stub.v:6]
INFO: [Synth 8-6155] done synthesizing module 'design_1_FA_2_10' (0#1) [F:/Haoyang_Sun/experiments/labs/lab8_ex/synth_1/.Xil/Vivado-9372-SKULL/realtime/design_1_FA_2_10_stub.v:6]
INFO: [Synth 8-6157] synthesizing module 'design_1_FA_3_10' [F:/Haoyang_Sun/experiments/labs/lab8_ex/synth_1/.Xil/Vivado-9372-SKULL/realtime/design_1_FA_3_10_stub.v:6]
INFO: [Synth 8-6155] done synthesizing module 'design_1_FA_3_10' (0#1) [F:/Haoyang_Sun/experiments/labs/lab8_ex/synth_1/.Xil/Vivado-9372-SKULL/realtime/design_1_FA_3_10_stub.v:6]
INFO: [Synth 8-6157] synthesizing module 'design_1_FA_4_5' [F:/Haoyang_Sun/experiments/labs/lab8_ex/synth_1/.Xil/Vivado-9372-SKULL/realtime/design_1_FA_4_5_stub.v:6]
INFO: [Synth 8-6155] done synthesizing module 'design_1_FA_4_5' (0#1) [F:/Haoyang_Sun/experiments/labs/lab8_ex/synth_1/.Xil/Vivado-9372-SKULL/realtime/design_1_FA_4_5_stub.v:6]
INFO: [Synth 8-6157] synthesizing module 'design_1_FA_5_5' [F:/Haoyang_Sun/experiments/labs/lab8_ex/synth_1/.Xil/Vivado-9372-SKULL/realtime/design_1_FA_5_5_stub.v:6]
INFO: [Synth 8-6155] done synthesizing module 'design_1_FA_5_5' (0#1) [F:/Haoyang_Sun/experiments/labs/lab8_ex/synth_1/.Xil/Vivado-9372-SKULL/realtime/design_1_FA_5_5_stub.v:6]
INFO: [Synth 8-6157] synthesizing module 'design_1_FA_6_5' [F:/Haoyang_Sun/experiments/labs/lab8_ex/synth_1/.Xil/Vivado-9372-SKULL/realtime/design_1_FA_6_5_stub.v:6]
INFO: [Synth 8-6155] done synthesizing module 'design_1_FA_6_5' (0#1) [F:/Haoyang_Sun/experiments/labs/lab8_ex/synth_1/.Xil/Vivado-9372-SKULL/realtime/design_1_FA_6_5_stub.v:6]
INFO: [Synth 8-6157] synthesizing module 'design_1_FA_7_5' [F:/Haoyang_Sun/experiments/labs/lab8_ex/synth_1/.Xil/Vivado-9372-SKULL/realtime/design_1_FA_7_5_stub.v:6]
INFO: [Synth 8-6155] done synthesizing module 'design_1_FA_7_5' (0#1) [F:/Haoyang_Sun/experiments/labs/lab8_ex/synth_1/.Xil/Vivado-9372-SKULL/realtime/design_1_FA_7_5_stub.v:6]
INFO: [Synth 8-6157] synthesizing module 'design_1_FA_8_5' [F:/Haoyang_Sun/experiments/labs/lab8_ex/synth_1/.Xil/Vivado-9372-SKULL/realtime/design_1_FA_8_5_stub.v:6]
INFO: [Synth 8-6155] done synthesizing module 'design_1_FA_8_5' (0#1) [F:/Haoyang_Sun/experiments/labs/lab8_ex/synth_1/.Xil/Vivado-9372-SKULL/realtime/design_1_FA_8_5_stub.v:6]
INFO: [Synth 8-6157] synthesizing module 'design_1_FA_9_5' [F:/Haoyang_Sun/experiments/labs/lab8_ex/synth_1/.Xil/Vivado-9372-SKULL/realtime/design_1_FA_9_5_stub.v:6]
INFO: [Synth 8-6155] done synthesizing module 'design_1_FA_9_5' (0#1) [F:/Haoyang_Sun/experiments/labs/lab8_ex/synth_1/.Xil/Vivado-9372-SKULL/realtime/design_1_FA_9_5_stub.v:6]
INFO: [Synth 8-6157] synthesizing module 'design_1_and2_0_6' [F:/Haoyang_Sun/experiments/labs/lab8_ex/synth_1/.Xil/Vivado-9372-SKULL/realtime/design_1_and2_0_6_stub.v:6]
INFO: [Synth 8-6155] done synthesizing module 'design_1_and2_0_6' (0#1) [F:/Haoyang_Sun/experiments/labs/lab8_ex/synth_1/.Xil/Vivado-9372-SKULL/realtime/design_1_and2_0_6_stub.v:6]
INFO: [Synth 8-6157] synthesizing module 'design_1_and2_1_6' [F:/Haoyang_Sun/experiments/labs/lab8_ex/synth_1/.Xil/Vivado-9372-SKULL/realtime/design_1_and2_1_6_stub.v:6]
INFO: [Synth 8-6155] done synthesizing module 'design_1_and2_1_6' (0#1) [F:/Haoyang_Sun/experiments/labs/lab8_ex/synth_1/.Xil/Vivado-9372-SKULL/realtime/design_1_and2_1_6_stub.v:6]
INFO: [Synth 8-6157] synthesizing module 'design_1_and2_10_6' [F:/Haoyang_Sun/experiments/labs/lab8_ex/synth_1/.Xil/Vivado-9372-SKULL/realtime/design_1_and2_10_6_stub.v:6]
INFO: [Synth 8-6155] done synthesizing module 'design_1_and2_10_6' (0#1) [F:/Haoyang_Sun/experiments/labs/lab8_ex/synth_1/.Xil/Vivado-9372-SKULL/realtime/design_1_and2_10_6_stub.v:6]
INFO: [Synth 8-6157] synthesizing module 'design_1_and2_11_6' [F:/Haoyang_Sun/experiments/labs/lab8_ex/synth_1/.Xil/Vivado-9372-SKULL/realtime/design_1_and2_11_6_stub.v:6]
INFO: [Synth 8-6155] done synthesizing module 'design_1_and2_11_6' (0#1) [F:/Haoyang_Sun/experiments/labs/lab8_ex/synth_1/.Xil/Vivado-9372-SKULL/realtime/design_1_and2_11_6_stub.v:6]
INFO: [Synth 8-6157] synthesizing module 'design_1_and2_12_6' [F:/Haoyang_Sun/experiments/labs/lab8_ex/synth_1/.Xil/Vivado-9372-SKULL/realtime/design_1_and2_12_6_stub.v:6]
INFO: [Synth 8-6155] done synthesizing module 'design_1_and2_12_6' (0#1) [F:/Haoyang_Sun/experiments/labs/lab8_ex/synth_1/.Xil/Vivado-9372-SKULL/realtime/design_1_and2_12_6_stub.v:6]
INFO: [Synth 8-6157] synthesizing module 'design_1_and2_13_6' [F:/Haoyang_Sun/experiments/labs/lab8_ex/synth_1/.Xil/Vivado-9372-SKULL/realtime/design_1_and2_13_6_stub.v:6]
INFO: [Synth 8-6155] done synthesizing module 'design_1_and2_13_6' (0#1) [F:/Haoyang_Sun/experiments/labs/lab8_ex/synth_1/.Xil/Vivado-9372-SKULL/realtime/design_1_and2_13_6_stub.v:6]
INFO: [Synth 8-6157] synthesizing module 'design_1_and2_14_6' [F:/Haoyang_Sun/experiments/labs/lab8_ex/synth_1/.Xil/Vivado-9372-SKULL/realtime/design_1_and2_14_6_stub.v:6]
INFO: [Synth 8-6155] done synthesizing module 'design_1_and2_14_6' (0#1) [F:/Haoyang_Sun/experiments/labs/lab8_ex/synth_1/.Xil/Vivado-9372-SKULL/realtime/design_1_and2_14_6_stub.v:6]
INFO: [Synth 8-6157] synthesizing module 'design_1_and2_15_6' [F:/Haoyang_Sun/experiments/labs/lab8_ex/synth_1/.Xil/Vivado-9372-SKULL/realtime/design_1_and2_15_6_stub.v:6]
INFO: [Synth 8-6155] done synthesizing module 'design_1_and2_15_6' (0#1) [F:/Haoyang_Sun/experiments/labs/lab8_ex/synth_1/.Xil/Vivado-9372-SKULL/realtime/design_1_and2_15_6_stub.v:6]
INFO: [Synth 8-6157] synthesizing module 'design_1_and2_2_6' [F:/Haoyang_Sun/experiments/labs/lab8_ex/synth_1/.Xil/Vivado-9372-SKULL/realtime/design_1_and2_2_6_stub.v:6]
INFO: [Synth 8-6155] done synthesizing module 'design_1_and2_2_6' (0#1) [F:/Haoyang_Sun/experiments/labs/lab8_ex/synth_1/.Xil/Vivado-9372-SKULL/realtime/design_1_and2_2_6_stub.v:6]
INFO: [Synth 8-6157] synthesizing module 'design_1_and2_3_6' [F:/Haoyang_Sun/experiments/labs/lab8_ex/synth_1/.Xil/Vivado-9372-SKULL/realtime/design_1_and2_3_6_stub.v:6]
INFO: [Synth 8-6155] done synthesizing module 'design_1_and2_3_6' (0#1) [F:/Haoyang_Sun/experiments/labs/lab8_ex/synth_1/.Xil/Vivado-9372-SKULL/realtime/design_1_and2_3_6_stub.v:6]
INFO: [Synth 8-6157] synthesizing module 'design_1_and2_4_6' [F:/Haoyang_Sun/experiments/labs/lab8_ex/synth_1/.Xil/Vivado-9372-SKULL/realtime/design_1_and2_4_6_stub.v:6]
INFO: [Synth 8-6155] done synthesizing module 'design_1_and2_4_6' (0#1) [F:/Haoyang_Sun/experiments/labs/lab8_ex/synth_1/.Xil/Vivado-9372-SKULL/realtime/design_1_and2_4_6_stub.v:6]
INFO: [Synth 8-6157] synthesizing module 'design_1_and2_5_6' [F:/Haoyang_Sun/experiments/labs/lab8_ex/synth_1/.Xil/Vivado-9372-SKULL/realtime/design_1_and2_5_6_stub.v:6]
INFO: [Synth 8-6155] done synthesizing module 'design_1_and2_5_6' (0#1) [F:/Haoyang_Sun/experiments/labs/lab8_ex/synth_1/.Xil/Vivado-9372-SKULL/realtime/design_1_and2_5_6_stub.v:6]
INFO: [Synth 8-6157] synthesizing module 'design_1_and2_6_6' [F:/Haoyang_Sun/experiments/labs/lab8_ex/synth_1/.Xil/Vivado-9372-SKULL/realtime/design_1_and2_6_6_stub.v:6]
INFO: [Synth 8-6155] done synthesizing module 'design_1_and2_6_6' (0#1) [F:/Haoyang_Sun/experiments/labs/lab8_ex/synth_1/.Xil/Vivado-9372-SKULL/realtime/design_1_and2_6_6_stub.v:6]
INFO: [Synth 8-6157] synthesizing module 'design_1_and2_7_6' [F:/Haoyang_Sun/experiments/labs/lab8_ex/synth_1/.Xil/Vivado-9372-SKULL/realtime/design_1_and2_7_6_stub.v:6]
INFO: [Synth 8-6155] done synthesizing module 'design_1_and2_7_6' (0#1) [F:/Haoyang_Sun/experiments/labs/lab8_ex/synth_1/.Xil/Vivado-9372-SKULL/realtime/design_1_and2_7_6_stub.v:6]
INFO: [Synth 8-6157] synthesizing module 'design_1_and2_8_6' [F:/Haoyang_Sun/experiments/labs/lab8_ex/synth_1/.Xil/Vivado-9372-SKULL/realtime/design_1_and2_8_6_stub.v:6]
INFO: [Synth 8-6155] done synthesizing module 'design_1_and2_8_6' (0#1) [F:/Haoyang_Sun/experiments/labs/lab8_ex/synth_1/.Xil/Vivado-9372-SKULL/realtime/design_1_and2_8_6_stub.v:6]
INFO: [Synth 8-6157] synthesizing module 'design_1_and2_9_6' [F:/Haoyang_Sun/experiments/labs/lab8_ex/synth_1/.Xil/Vivado-9372-SKULL/realtime/design_1_and2_9_6_stub.v:6]
INFO: [Synth 8-6155] done synthesizing module 'design_1_and2_9_6' (0#1) [F:/Haoyang_Sun/experiments/labs/lab8_ex/synth_1/.Xil/Vivado-9372-SKULL/realtime/design_1_and2_9_6_stub.v:6]
INFO: [Synth 8-6157] synthesizing module 'design_1_xlconstant_1_2' [f:/Haoyang_Sun/experiments/labs/lab8_ex/lab8_ex.gen/sources_1/bd/design_1/ip/design_1_xlconstant_1_2/synth/design_1_xlconstant_1_2.v:53]
INFO: [Synth 8-6155] done synthesizing module 'design_1_xlconstant_1_2' (0#1) [f:/Haoyang_Sun/experiments/labs/lab8_ex/lab8_ex.gen/sources_1/bd/design_1/ip/design_1_xlconstant_1_2/synth/design_1_xlconstant_1_2.v:53]
INFO: [Synth 8-6155] done synthesizing module 'AHBL_imp_1QQPGUW' (0#1) [f:/Haoyang_Sun/experiments/labs/lab8_ex/lab8_ex.gen/sources_1/bd/design_1/synth/design_1.v:269]
INFO: [Synth 8-6157] synthesizing module 'ALBH_imp_46NI1I' [f:/Haoyang_Sun/experiments/labs/lab8_ex/lab8_ex.gen/sources_1/bd/design_1/synth/design_1.v:525]
INFO: [Synth 8-6157] synthesizing module 'design_1_FA_0_9' [F:/Haoyang_Sun/experiments/labs/lab8_ex/synth_1/.Xil/Vivado-9372-SKULL/realtime/design_1_FA_0_9_stub.v:6]
INFO: [Synth 8-6155] done synthesizing module 'design_1_FA_0_9' (0#1) [F:/Haoyang_Sun/experiments/labs/lab8_ex/synth_1/.Xil/Vivado-9372-SKULL/realtime/design_1_FA_0_9_stub.v:6]
INFO: [Synth 8-6157] synthesizing module 'design_1_FA_1_9' [F:/Haoyang_Sun/experiments/labs/lab8_ex/synth_1/.Xil/Vivado-9372-SKULL/realtime/design_1_FA_1_9_stub.v:6]
INFO: [Synth 8-6155] done synthesizing module 'design_1_FA_1_9' (0#1) [F:/Haoyang_Sun/experiments/labs/lab8_ex/synth_1/.Xil/Vivado-9372-SKULL/realtime/design_1_FA_1_9_stub.v:6]
INFO: [Synth 8-6157] synthesizing module 'design_1_FA_10_4' [F:/Haoyang_Sun/experiments/labs/lab8_ex/synth_1/.Xil/Vivado-9372-SKULL/realtime/design_1_FA_10_4_stub.v:6]
INFO: [Synth 8-6155] done synthesizing module 'design_1_FA_10_4' (0#1) [F:/Haoyang_Sun/experiments/labs/lab8_ex/synth_1/.Xil/Vivado-9372-SKULL/realtime/design_1_FA_10_4_stub.v:6]
INFO: [Synth 8-6157] synthesizing module 'design_1_FA_11_4' [F:/Haoyang_Sun/experiments/labs/lab8_ex/synth_1/.Xil/Vivado-9372-SKULL/realtime/design_1_FA_11_4_stub.v:6]
INFO: [Synth 8-6155] done synthesizing module 'design_1_FA_11_4' (0#1) [F:/Haoyang_Sun/experiments/labs/lab8_ex/synth_1/.Xil/Vivado-9372-SKULL/realtime/design_1_FA_11_4_stub.v:6]
INFO: [Synth 8-6157] synthesizing module 'design_1_FA_12_4' [F:/Haoyang_Sun/experiments/labs/lab8_ex/synth_1/.Xil/Vivado-9372-SKULL/realtime/design_1_FA_12_4_stub.v:6]
INFO: [Synth 8-6155] done synthesizing module 'design_1_FA_12_4' (0#1) [F:/Haoyang_Sun/experiments/labs/lab8_ex/synth_1/.Xil/Vivado-9372-SKULL/realtime/design_1_FA_12_4_stub.v:6]
INFO: [Synth 8-6157] synthesizing module 'design_1_FA_13_4' [F:/Haoyang_Sun/experiments/labs/lab8_ex/synth_1/.Xil/Vivado-9372-SKULL/realtime/design_1_FA_13_4_stub.v:6]
INFO: [Synth 8-6155] done synthesizing module 'design_1_FA_13_4' (0#1) [F:/Haoyang_Sun/experiments/labs/lab8_ex/synth_1/.Xil/Vivado-9372-SKULL/realtime/design_1_FA_13_4_stub.v:6]
INFO: [Synth 8-6157] synthesizing module 'design_1_FA_14_4' [F:/Haoyang_Sun/experiments/labs/lab8_ex/synth_1/.Xil/Vivado-9372-SKULL/realtime/design_1_FA_14_4_stub.v:6]
INFO: [Synth 8-6155] done synthesizing module 'design_1_FA_14_4' (0#1) [F:/Haoyang_Sun/experiments/labs/lab8_ex/synth_1/.Xil/Vivado-9372-SKULL/realtime/design_1_FA_14_4_stub.v:6]
INFO: [Synth 8-6157] synthesizing module 'design_1_FA_15_4' [F:/Haoyang_Sun/experiments/labs/lab8_ex/synth_1/.Xil/Vivado-9372-SKULL/realtime/design_1_FA_15_4_stub.v:6]
INFO: [Synth 8-6155] done synthesizing module 'design_1_FA_15_4' (0#1) [F:/Haoyang_Sun/experiments/labs/lab8_ex/synth_1/.Xil/Vivado-9372-SKULL/realtime/design_1_FA_15_4_stub.v:6]
INFO: [Synth 8-6157] synthesizing module 'design_1_FA_2_9' [F:/Haoyang_Sun/experiments/labs/lab8_ex/synth_1/.Xil/Vivado-9372-SKULL/realtime/design_1_FA_2_9_stub.v:6]
INFO: [Synth 8-6155] done synthesizing module 'design_1_FA_2_9' (0#1) [F:/Haoyang_Sun/experiments/labs/lab8_ex/synth_1/.Xil/Vivado-9372-SKULL/realtime/design_1_FA_2_9_stub.v:6]
INFO: [Synth 8-6157] synthesizing module 'design_1_FA_3_9' [F:/Haoyang_Sun/experiments/labs/lab8_ex/synth_1/.Xil/Vivado-9372-SKULL/realtime/design_1_FA_3_9_stub.v:6]
INFO: [Synth 8-6155] done synthesizing module 'design_1_FA_3_9' (0#1) [F:/Haoyang_Sun/experiments/labs/lab8_ex/synth_1/.Xil/Vivado-9372-SKULL/realtime/design_1_FA_3_9_stub.v:6]
INFO: [Synth 8-6157] synthesizing module 'design_1_FA_4_4' [F:/Haoyang_Sun/experiments/labs/lab8_ex/synth_1/.Xil/Vivado-9372-SKULL/realtime/design_1_FA_4_4_stub.v:6]
INFO: [Synth 8-6155] done synthesizing module 'design_1_FA_4_4' (0#1) [F:/Haoyang_Sun/experiments/labs/lab8_ex/synth_1/.Xil/Vivado-9372-SKULL/realtime/design_1_FA_4_4_stub.v:6]
INFO: [Synth 8-6157] synthesizing module 'design_1_FA_5_4' [F:/Haoyang_Sun/experiments/labs/lab8_ex/synth_1/.Xil/Vivado-9372-SKULL/realtime/design_1_FA_5_4_stub.v:6]
INFO: [Synth 8-6155] done synthesizing module 'design_1_FA_5_4' (0#1) [F:/Haoyang_Sun/experiments/labs/lab8_ex/synth_1/.Xil/Vivado-9372-SKULL/realtime/design_1_FA_5_4_stub.v:6]
INFO: [Synth 8-6157] synthesizing module 'design_1_FA_6_4' [F:/Haoyang_Sun/experiments/labs/lab8_ex/synth_1/.Xil/Vivado-9372-SKULL/realtime/design_1_FA_6_4_stub.v:6]
INFO: [Synth 8-6155] done synthesizing module 'design_1_FA_6_4' (0#1) [F:/Haoyang_Sun/experiments/labs/lab8_ex/synth_1/.Xil/Vivado-9372-SKULL/realtime/design_1_FA_6_4_stub.v:6]
INFO: [Synth 8-6157] synthesizing module 'design_1_FA_7_4' [F:/Haoyang_Sun/experiments/labs/lab8_ex/synth_1/.Xil/Vivado-9372-SKULL/realtime/design_1_FA_7_4_stub.v:6]
INFO: [Synth 8-6155] done synthesizing module 'design_1_FA_7_4' (0#1) [F:/Haoyang_Sun/experiments/labs/lab8_ex/synth_1/.Xil/Vivado-9372-SKULL/realtime/design_1_FA_7_4_stub.v:6]
INFO: [Synth 8-6157] synthesizing module 'design_1_FA_8_4' [F:/Haoyang_Sun/experiments/labs/lab8_ex/synth_1/.Xil/Vivado-9372-SKULL/realtime/design_1_FA_8_4_stub.v:6]
INFO: [Synth 8-6155] done synthesizing module 'design_1_FA_8_4' (0#1) [F:/Haoyang_Sun/experiments/labs/lab8_ex/synth_1/.Xil/Vivado-9372-SKULL/realtime/design_1_FA_8_4_stub.v:6]
INFO: [Synth 8-6157] synthesizing module 'design_1_FA_9_4' [F:/Haoyang_Sun/experiments/labs/lab8_ex/synth_1/.Xil/Vivado-9372-SKULL/realtime/design_1_FA_9_4_stub.v:6]
INFO: [Synth 8-6155] done synthesizing module 'design_1_FA_9_4' (0#1) [F:/Haoyang_Sun/experiments/labs/lab8_ex/synth_1/.Xil/Vivado-9372-SKULL/realtime/design_1_FA_9_4_stub.v:6]
INFO: [Synth 8-6157] synthesizing module 'design_1_and2_0_5' [F:/Haoyang_Sun/experiments/labs/lab8_ex/synth_1/.Xil/Vivado-9372-SKULL/realtime/design_1_and2_0_5_stub.v:6]
INFO: [Synth 8-6155] done synthesizing module 'design_1_and2_0_5' (0#1) [F:/Haoyang_Sun/experiments/labs/lab8_ex/synth_1/.Xil/Vivado-9372-SKULL/realtime/design_1_and2_0_5_stub.v:6]
INFO: [Synth 8-6157] synthesizing module 'design_1_and2_1_5' [F:/Haoyang_Sun/experiments/labs/lab8_ex/synth_1/.Xil/Vivado-9372-SKULL/realtime/design_1_and2_1_5_stub.v:6]
INFO: [Synth 8-6155] done synthesizing module 'design_1_and2_1_5' (0#1) [F:/Haoyang_Sun/experiments/labs/lab8_ex/synth_1/.Xil/Vivado-9372-SKULL/realtime/design_1_and2_1_5_stub.v:6]
INFO: [Synth 8-6157] synthesizing module 'design_1_and2_10_5' [F:/Haoyang_Sun/experiments/labs/lab8_ex/synth_1/.Xil/Vivado-9372-SKULL/realtime/design_1_and2_10_5_stub.v:6]
INFO: [Synth 8-6155] done synthesizing module 'design_1_and2_10_5' (0#1) [F:/Haoyang_Sun/experiments/labs/lab8_ex/synth_1/.Xil/Vivado-9372-SKULL/realtime/design_1_and2_10_5_stub.v:6]
INFO: [Synth 8-6157] synthesizing module 'design_1_and2_11_5' [F:/Haoyang_Sun/experiments/labs/lab8_ex/synth_1/.Xil/Vivado-9372-SKULL/realtime/design_1_and2_11_5_stub.v:6]
INFO: [Synth 8-6155] done synthesizing module 'design_1_and2_11_5' (0#1) [F:/Haoyang_Sun/experiments/labs/lab8_ex/synth_1/.Xil/Vivado-9372-SKULL/realtime/design_1_and2_11_5_stub.v:6]
INFO: [Synth 8-6157] synthesizing module 'design_1_and2_12_5' [F:/Haoyang_Sun/experiments/labs/lab8_ex/synth_1/.Xil/Vivado-9372-SKULL/realtime/design_1_and2_12_5_stub.v:6]
INFO: [Synth 8-6155] done synthesizing module 'design_1_and2_12_5' (0#1) [F:/Haoyang_Sun/experiments/labs/lab8_ex/synth_1/.Xil/Vivado-9372-SKULL/realtime/design_1_and2_12_5_stub.v:6]
INFO: [Synth 8-6157] synthesizing module 'design_1_and2_13_5' [F:/Haoyang_Sun/experiments/labs/lab8_ex/synth_1/.Xil/Vivado-9372-SKULL/realtime/design_1_and2_13_5_stub.v:6]
INFO: [Synth 8-6155] done synthesizing module 'design_1_and2_13_5' (0#1) [F:/Haoyang_Sun/experiments/labs/lab8_ex/synth_1/.Xil/Vivado-9372-SKULL/realtime/design_1_and2_13_5_stub.v:6]
INFO: [Synth 8-6157] synthesizing module 'design_1_and2_14_5' [F:/Haoyang_Sun/experiments/labs/lab8_ex/synth_1/.Xil/Vivado-9372-SKULL/realtime/design_1_and2_14_5_stub.v:6]
INFO: [Synth 8-6155] done synthesizing module 'design_1_and2_14_5' (0#1) [F:/Haoyang_Sun/experiments/labs/lab8_ex/synth_1/.Xil/Vivado-9372-SKULL/realtime/design_1_and2_14_5_stub.v:6]
INFO: [Synth 8-6157] synthesizing module 'design_1_and2_15_5' [F:/Haoyang_Sun/experiments/labs/lab8_ex/synth_1/.Xil/Vivado-9372-SKULL/realtime/design_1_and2_15_5_stub.v:6]
INFO: [Synth 8-6155] done synthesizing module 'design_1_and2_15_5' (0#1) [F:/Haoyang_Sun/experiments/labs/lab8_ex/synth_1/.Xil/Vivado-9372-SKULL/realtime/design_1_and2_15_5_stub.v:6]
INFO: [Synth 8-6157] synthesizing module 'design_1_and2_2_5' [F:/Haoyang_Sun/experiments/labs/lab8_ex/synth_1/.Xil/Vivado-9372-SKULL/realtime/design_1_and2_2_5_stub.v:6]
INFO: [Synth 8-6155] done synthesizing module 'design_1_and2_2_5' (0#1) [F:/Haoyang_Sun/experiments/labs/lab8_ex/synth_1/.Xil/Vivado-9372-SKULL/realtime/design_1_and2_2_5_stub.v:6]
INFO: [Synth 8-6157] synthesizing module 'design_1_and2_3_5' [F:/Haoyang_Sun/experiments/labs/lab8_ex/synth_1/.Xil/Vivado-9372-SKULL/realtime/design_1_and2_3_5_stub.v:6]
INFO: [Synth 8-6155] done synthesizing module 'design_1_and2_3_5' (0#1) [F:/Haoyang_Sun/experiments/labs/lab8_ex/synth_1/.Xil/Vivado-9372-SKULL/realtime/design_1_and2_3_5_stub.v:6]
INFO: [Synth 8-6157] synthesizing module 'design_1_and2_4_5' [F:/Haoyang_Sun/experiments/labs/lab8_ex/synth_1/.Xil/Vivado-9372-SKULL/realtime/design_1_and2_4_5_stub.v:6]
INFO: [Synth 8-6155] done synthesizing module 'design_1_and2_4_5' (0#1) [F:/Haoyang_Sun/experiments/labs/lab8_ex/synth_1/.Xil/Vivado-9372-SKULL/realtime/design_1_and2_4_5_stub.v:6]
INFO: [Synth 8-6157] synthesizing module 'design_1_and2_5_5' [F:/Haoyang_Sun/experiments/labs/lab8_ex/synth_1/.Xil/Vivado-9372-SKULL/realtime/design_1_and2_5_5_stub.v:6]
INFO: [Common 17-14] Message 'Synth 8-6157' appears 100 times and further instances of the messages will be disabled. Use the Tcl command set_msg_config to change the current settings.
INFO: [Synth 8-6155] done synthesizing module 'design_1_and2_5_5' (0#1) [F:/Haoyang_Sun/experiments/labs/lab8_ex/synth_1/.Xil/Vivado-9372-SKULL/realtime/design_1_and2_5_5_stub.v:6]
INFO: [Synth 8-6155] done synthesizing module 'design_1_and2_6_5' (0#1) [F:/Haoyang_Sun/experiments/labs/lab8_ex/synth_1/.Xil/Vivado-9372-SKULL/realtime/design_1_and2_6_5_stub.v:6]
INFO: [Synth 8-6155] done synthesizing module 'design_1_and2_7_5' (0#1) [F:/Haoyang_Sun/experiments/labs/lab8_ex/synth_1/.Xil/Vivado-9372-SKULL/realtime/design_1_and2_7_5_stub.v:6]
INFO: [Synth 8-6155] done synthesizing module 'design_1_and2_8_5' (0#1) [F:/Haoyang_Sun/experiments/labs/lab8_ex/synth_1/.Xil/Vivado-9372-SKULL/realtime/design_1_and2_8_5_stub.v:6]
INFO: [Common 17-14] Message 'Synth 8-6155' appears 100 times and further instances of the messages will be disabled. Use the Tcl command set_msg_config to change the current settings.
WARNING: [Synth 8-7071] port 'Cout' of module 'design_1_FA_7_7' is unconnected for instance 'FA0_15' [f:/Haoyang_Sun/experiments/labs/lab8_ex/lab8_ex.gen/sources_1/bd/design_1/synth/design_1.v:1360]
WARNING: [Synth 8-7023] instance 'FA0_15' of module 'design_1_FA_7_7' has 5 connections declared, but only 4 given [f:/Haoyang_Sun/experiments/labs/lab8_ex/lab8_ex.gen/sources_1/bd/design_1/synth/design_1.v:1360]
WARNING: [Synth 8-7071] port 'Cout' of module 'design_1_FA1_0_14' is unconnected for instance 'FA1_15' [f:/Haoyang_Sun/experiments/labs/lab8_ex/lab8_ex.gen/sources_1/bd/design_1/synth/design_1.v:1455]
WARNING: [Synth 8-7023] instance 'FA1_15' of module 'design_1_FA1_0_14' has 5 connections declared, but only 4 given [f:/Haoyang_Sun/experiments/labs/lab8_ex/lab8_ex.gen/sources_1/bd/design_1/synth/design_1.v:1455]
WARNING: [Synth 8-7071] port 'btn' of module 'design_1_cg_fpga_0_0' is unconnected for instance 'cg_fpga_0' [f:/Haoyang_Sun/experiments/labs/lab8_ex/lab8_ex.gen/sources_1/bd/design_1/synth/design_1.v:1641]
WARNING: [Synth 8-7071] port 'btn_clk' of module 'design_1_cg_fpga_0_0' is unconnected for instance 'cg_fpga_0' [f:/Haoyang_Sun/experiments/labs/lab8_ex/lab8_ex.gen/sources_1/bd/design_1/synth/design_1.v:1641]
WARNING: [Synth 8-7071] port 'btn_rst' of module 'design_1_cg_fpga_0_0' is unconnected for instance 'cg_fpga_0' [f:/Haoyang_Sun/experiments/labs/lab8_ex/lab8_ex.gen/sources_1/bd/design_1/synth/design_1.v:1641]
WARNING: [Synth 8-7071] port 'clk_100M' of module 'design_1_cg_fpga_0_0' is unconnected for instance 'cg_fpga_0' [f:/Haoyang_Sun/experiments/labs/lab8_ex/lab8_ex.gen/sources_1/bd/design_1/synth/design_1.v:1641]
WARNING: [Synth 8-7071] port 'gpio_sw_1' of module 'design_1_cg_fpga_0_0' is unconnected for instance 'cg_fpga_0' [f:/Haoyang_Sun/experiments/labs/lab8_ex/lab8_ex.gen/sources_1/bd/design_1/synth/design_1.v:1641]
WARNING: [Synth 8-7071] port 'tx_0' of module 'design_1_cg_fpga_0_0' is unconnected for instance 'cg_fpga_0' [f:/Haoyang_Sun/experiments/labs/lab8_ex/lab8_ex.gen/sources_1/bd/design_1/synth/design_1.v:1641]
WARNING: [Synth 8-7023] instance 'cg_fpga_0' of module 'design_1_cg_fpga_0_0' has 42 connections declared, but only 36 given [f:/Haoyang_Sun/experiments/labs/lab8_ex/lab8_ex.gen/sources_1/bd/design_1/synth/design_1.v:1641]
---------------------------------------------------------------------------------
Finished RTL Elaboration : Time (s): cpu = 00:00:11 ; elapsed = 00:00:12 . Memory (MB): peak = 1424.750 ; gain = 611.879
---------------------------------------------------------------------------------
---------------------------------------------------------------------------------
Start Handling Custom Attributes
---------------------------------------------------------------------------------
---------------------------------------------------------------------------------
Finished Handling Custom Attributes : Time (s): cpu = 00:00:11 ; elapsed = 00:00:12 . Memory (MB): peak = 1424.750 ; gain = 611.879
---------------------------------------------------------------------------------
---------------------------------------------------------------------------------
Finished RTL Optimization Phase 1 : Time (s): cpu = 00:00:11 ; elapsed = 00:00:12 . Memory (MB): peak = 1424.750 ; gain = 611.879
---------------------------------------------------------------------------------
Netlist sorting complete. Time (s): cpu = 00:00:00 ; elapsed = 00:00:00.009 . Memory (MB): peak = 1424.750 ; gain = 0.000
INFO: [Project 1-570] Preparing netlist for logic optimization

Processing XDC Constraints
Initializing timing engine
Parsing XDC File [f:/Haoyang_Sun/experiments/labs/lab8_ex/lab8_ex.gen/sources_1/bd/design_1/ip/design_1_cg_fpga_0_0/design_1_cg_fpga_0_0/design_1_cg_fpga_0_0_in_context.xdc] for cell 'design_1_i/cg_fpga_0'
Finished Parsing XDC File [f:/Haoyang_Sun/experiments/labs/lab8_ex/lab8_ex.gen/sources_1/bd/design_1/ip/design_1_cg_fpga_0_0/design_1_cg_fpga_0_0/design_1_cg_fpga_0_0_in_context.xdc] for cell 'design_1_i/cg_fpga_0'
Parsing XDC File [f:/Haoyang_Sun/experiments/labs/lab8_ex/lab8_ex.gen/sources_1/bd/design_1/ip/design_1_adpt_in_0_0/design_1_adpt_in_0_0/design_1_adpt_in_0_0_in_context.xdc] for cell 'design_1_i/adpt_in_0'
Finished Parsing XDC File [f:/Haoyang_Sun/experiments/labs/lab8_ex/lab8_ex.gen/sources_1/bd/design_1/ip/design_1_adpt_in_0_0/design_1_adpt_in_0_0/design_1_adpt_in_0_0_in_context.xdc] for cell 'design_1_i/adpt_in_0'
Parsing XDC File [f:/Haoyang_Sun/experiments/labs/lab8_ex/lab8_ex.gen/sources_1/bd/design_1/ip/design_1_FA_3_4/design_1_FA_3_4/design_1_FA_3_4_in_context.xdc] for cell 'design_1_i/ALBL/FA_15'
Finished Parsing XDC File [f:/Haoyang_Sun/experiments/labs/lab8_ex/lab8_ex.gen/sources_1/bd/design_1/ip/design_1_FA_3_4/design_1_FA_3_4/design_1_FA_3_4_in_context.xdc] for cell 'design_1_i/ALBL/FA_15'
Parsing XDC File [f:/Haoyang_Sun/experiments/labs/lab8_ex/lab8_ex.gen/sources_1/bd/design_1/ip/design_1_FA_2_4/design_1_FA_2_4/design_1_FA_2_4_in_context.xdc] for cell 'design_1_i/ALBL/FA_14'
Finished Parsing XDC File [f:/Haoyang_Sun/experiments/labs/lab8_ex/lab8_ex.gen/sources_1/bd/design_1/ip/design_1_FA_2_4/design_1_FA_2_4/design_1_FA_2_4_in_context.xdc] for cell 'design_1_i/ALBL/FA_14'
Parsing XDC File [f:/Haoyang_Sun/experiments/labs/lab8_ex/lab8_ex.gen/sources_1/bd/design_1/ip/design_1_FA_1_4/design_1_FA_1_4/design_1_FA_1_4_in_context.xdc] for cell 'design_1_i/ALBL/FA_13'
Finished Parsing XDC File [f:/Haoyang_Sun/experiments/labs/lab8_ex/lab8_ex.gen/sources_1/bd/design_1/ip/design_1_FA_1_4/design_1_FA_1_4/design_1_FA_1_4_in_context.xdc] for cell 'design_1_i/ALBL/FA_13'
Parsing XDC File [f:/Haoyang_Sun/experiments/labs/lab8_ex/lab8_ex.gen/sources_1/bd/design_1/ip/design_1_FA_0_4/design_1_FA_0_4/design_1_FA_0_4_in_context.xdc] for cell 'design_1_i/ALBL/FA_12'
Finished Parsing XDC File [f:/Haoyang_Sun/experiments/labs/lab8_ex/lab8_ex.gen/sources_1/bd/design_1/ip/design_1_FA_0_4/design_1_FA_0_4/design_1_FA_0_4_in_context.xdc] for cell 'design_1_i/ALBL/FA_12'
Parsing XDC File [f:/Haoyang_Sun/experiments/labs/lab8_ex/lab8_ex.gen/sources_1/bd/design_1/ip/design_1_FA_3_3/design_1_FA_3_3/design_1_FA_3_3_in_context.xdc] for cell 'design_1_i/ALBL/FA_11'
Finished Parsing XDC File [f:/Haoyang_Sun/experiments/labs/lab8_ex/lab8_ex.gen/sources_1/bd/design_1/ip/design_1_FA_3_3/design_1_FA_3_3/design_1_FA_3_3_in_context.xdc] for cell 'design_1_i/ALBL/FA_11'
Parsing XDC File [f:/Haoyang_Sun/experiments/labs/lab8_ex/lab8_ex.gen/sources_1/bd/design_1/ip/design_1_FA_2_3/design_1_FA_2_3/design_1_FA_2_3_in_context.xdc] for cell 'design_1_i/ALBL/FA_10'
Finished Parsing XDC File [f:/Haoyang_Sun/experiments/labs/lab8_ex/lab8_ex.gen/sources_1/bd/design_1/ip/design_1_FA_2_3/design_1_FA_2_3/design_1_FA_2_3_in_context.xdc] for cell 'design_1_i/ALBL/FA_10'
Parsing XDC File [f:/Haoyang_Sun/experiments/labs/lab8_ex/lab8_ex.gen/sources_1/bd/design_1/ip/design_1_FA_1_3/design_1_FA_1_3/design_1_FA_1_3_in_context.xdc] for cell 'design_1_i/ALBL/FA_9'
Finished Parsing XDC File [f:/Haoyang_Sun/experiments/labs/lab8_ex/lab8_ex.gen/sources_1/bd/design_1/ip/design_1_FA_1_3/design_1_FA_1_3/design_1_FA_1_3_in_context.xdc] for cell 'design_1_i/ALBL/FA_9'
Parsing XDC File [f:/Haoyang_Sun/experiments/labs/lab8_ex/lab8_ex.gen/sources_1/bd/design_1/ip/design_1_FA_0_3/design_1_FA_0_3/design_1_FA_0_3_in_context.xdc] for cell 'design_1_i/ALBL/FA_8'
Finished Parsing XDC File [f:/Haoyang_Sun/experiments/labs/lab8_ex/lab8_ex.gen/sources_1/bd/design_1/ip/design_1_FA_0_3/design_1_FA_0_3/design_1_FA_0_3_in_context.xdc] for cell 'design_1_i/ALBL/FA_8'
Parsing XDC File [f:/Haoyang_Sun/experiments/labs/lab8_ex/lab8_ex.gen/sources_1/bd/design_1/ip/design_1_FA_3_2/design_1_FA_3_2/design_1_FA_3_2_in_context.xdc] for cell 'design_1_i/ALBL/FA_7'
Finished Parsing XDC File [f:/Haoyang_Sun/experiments/labs/lab8_ex/lab8_ex.gen/sources_1/bd/design_1/ip/design_1_FA_3_2/design_1_FA_3_2/design_1_FA_3_2_in_context.xdc] for cell 'design_1_i/ALBL/FA_7'
Parsing XDC File [f:/Haoyang_Sun/experiments/labs/lab8_ex/lab8_ex.gen/sources_1/bd/design_1/ip/design_1_FA_2_2/design_1_FA_2_2/design_1_FA_2_2_in_context.xdc] for cell 'design_1_i/ALBL/FA_6'
Finished Parsing XDC File [f:/Haoyang_Sun/experiments/labs/lab8_ex/lab8_ex.gen/sources_1/bd/design_1/ip/design_1_FA_2_2/design_1_FA_2_2/design_1_FA_2_2_in_context.xdc] for cell 'design_1_i/ALBL/FA_6'
Parsing XDC File [f:/Haoyang_Sun/experiments/labs/lab8_ex/lab8_ex.gen/sources_1/bd/design_1/ip/design_1_FA_1_2/design_1_FA_1_2/design_1_FA_1_2_in_context.xdc] for cell 'design_1_i/ALBL/FA_5'
Finished Parsing XDC File [f:/Haoyang_Sun/experiments/labs/lab8_ex/lab8_ex.gen/sources_1/bd/design_1/ip/design_1_FA_1_2/design_1_FA_1_2/design_1_FA_1_2_in_context.xdc] for cell 'design_1_i/ALBL/FA_5'
Parsing XDC File [f:/Haoyang_Sun/experiments/labs/lab8_ex/lab8_ex.gen/sources_1/bd/design_1/ip/design_1_FA_0_2/design_1_FA_0_2/design_1_FA_0_2_in_context.xdc] for cell 'design_1_i/ALBL/FA_4'
Finished Parsing XDC File [f:/Haoyang_Sun/experiments/labs/lab8_ex/lab8_ex.gen/sources_1/bd/design_1/ip/design_1_FA_0_2/design_1_FA_0_2/design_1_FA_0_2_in_context.xdc] for cell 'design_1_i/ALBL/FA_4'
Parsing XDC File [f:/Haoyang_Sun/experiments/labs/lab8_ex/lab8_ex.gen/sources_1/bd/design_1/ip/design_1_FA_3_0/design_1_FA_3_0/design_1_FA_3_0_in_context.xdc] for cell 'design_1_i/ALBL/FA_3'
Finished Parsing XDC File [f:/Haoyang_Sun/experiments/labs/lab8_ex/lab8_ex.gen/sources_1/bd/design_1/ip/design_1_FA_3_0/design_1_FA_3_0/design_1_FA_3_0_in_context.xdc] for cell 'design_1_i/ALBL/FA_3'
Parsing XDC File [f:/Haoyang_Sun/experiments/labs/lab8_ex/lab8_ex.gen/sources_1/bd/design_1/ip/design_1_FA_2_0/design_1_FA_2_0/design_1_FA_2_0_in_context.xdc] for cell 'design_1_i/ALBL/FA_2'
Finished Parsing XDC File [f:/Haoyang_Sun/experiments/labs/lab8_ex/lab8_ex.gen/sources_1/bd/design_1/ip/design_1_FA_2_0/design_1_FA_2_0/design_1_FA_2_0_in_context.xdc] for cell 'design_1_i/ALBL/FA_2'
Parsing XDC File [f:/Haoyang_Sun/experiments/labs/lab8_ex/lab8_ex.gen/sources_1/bd/design_1/ip/design_1_FA_1_0/design_1_FA_1_0/design_1_FA_1_0_in_context.xdc] for cell 'design_1_i/ALBL/FA_1'
Finished Parsing XDC File [f:/Haoyang_Sun/experiments/labs/lab8_ex/lab8_ex.gen/sources_1/bd/design_1/ip/design_1_FA_1_0/design_1_FA_1_0/design_1_FA_1_0_in_context.xdc] for cell 'design_1_i/ALBL/FA_1'
Parsing XDC File [f:/Haoyang_Sun/experiments/labs/lab8_ex/lab8_ex.gen/sources_1/bd/design_1/ip/design_1_FA_0_0/design_1_FA_0_0/design_1_FA_0_0_in_context.xdc] for cell 'design_1_i/ALBL/FA_0'
Finished Parsing XDC File [f:/Haoyang_Sun/experiments/labs/lab8_ex/lab8_ex.gen/sources_1/bd/design_1/ip/design_1_FA_0_0/design_1_FA_0_0/design_1_FA_0_0_in_context.xdc] for cell 'design_1_i/ALBL/FA_0'
Parsing XDC File [f:/Haoyang_Sun/experiments/labs/lab8_ex/lab8_ex.gen/sources_1/bd/design_1/ip/design_1_and2_15_0/design_1_and2_15_0/design_1_and2_15_0_in_context.xdc] for cell 'design_1_i/ALBL/and2_15'
Finished Parsing XDC File [f:/Haoyang_Sun/experiments/labs/lab8_ex/lab8_ex.gen/sources_1/bd/design_1/ip/design_1_and2_15_0/design_1_and2_15_0/design_1_and2_15_0_in_context.xdc] for cell 'design_1_i/ALBL/and2_15'
Parsing XDC File [f:/Haoyang_Sun/experiments/labs/lab8_ex/lab8_ex.gen/sources_1/bd/design_1/ip/design_1_and2_14_0/design_1_and2_14_0/design_1_and2_14_0_in_context.xdc] for cell 'design_1_i/ALBL/and2_14'
Finished Parsing XDC File [f:/Haoyang_Sun/experiments/labs/lab8_ex/lab8_ex.gen/sources_1/bd/design_1/ip/design_1_and2_14_0/design_1_and2_14_0/design_1_and2_14_0_in_context.xdc] for cell 'design_1_i/ALBL/and2_14'
Parsing XDC File [f:/Haoyang_Sun/experiments/labs/lab8_ex/lab8_ex.gen/sources_1/bd/design_1/ip/design_1_and2_13_0/design_1_and2_13_0/design_1_and2_13_0_in_context.xdc] for cell 'design_1_i/ALBL/and2_13'
Finished Parsing XDC File [f:/Haoyang_Sun/experiments/labs/lab8_ex/lab8_ex.gen/sources_1/bd/design_1/ip/design_1_and2_13_0/design_1_and2_13_0/design_1_and2_13_0_in_context.xdc] for cell 'design_1_i/ALBL/and2_13'
Parsing XDC File [f:/Haoyang_Sun/experiments/labs/lab8_ex/lab8_ex.gen/sources_1/bd/design_1/ip/design_1_and2_12_0/design_1_and2_12_0/design_1_and2_12_0_in_context.xdc] for cell 'design_1_i/ALBL/and2_12'
Finished Parsing XDC File [f:/Haoyang_Sun/experiments/labs/lab8_ex/lab8_ex.gen/sources_1/bd/design_1/ip/design_1_and2_12_0/design_1_and2_12_0/design_1_and2_12_0_in_context.xdc] for cell 'design_1_i/ALBL/and2_12'
Parsing XDC File [f:/Haoyang_Sun/experiments/labs/lab8_ex/lab8_ex.gen/sources_1/bd/design_1/ip/design_1_and2_11_0/design_1_and2_11_0/design_1_and2_11_0_in_context.xdc] for cell 'design_1_i/ALBL/and2_11'
Finished Parsing XDC File [f:/Haoyang_Sun/experiments/labs/lab8_ex/lab8_ex.gen/sources_1/bd/design_1/ip/design_1_and2_11_0/design_1_and2_11_0/design_1_and2_11_0_in_context.xdc] for cell 'design_1_i/ALBL/and2_11'
Parsing XDC File [f:/Haoyang_Sun/experiments/labs/lab8_ex/lab8_ex.gen/sources_1/bd/design_1/ip/design_1_and2_10_0/design_1_and2_10_0/design_1_and2_10_0_in_context.xdc] for cell 'design_1_i/ALBL/and2_10'
Finished Parsing XDC File [f:/Haoyang_Sun/experiments/labs/lab8_ex/lab8_ex.gen/sources_1/bd/design_1/ip/design_1_and2_10_0/design_1_and2_10_0/design_1_and2_10_0_in_context.xdc] for cell 'design_1_i/ALBL/and2_10'
Parsing XDC File [f:/Haoyang_Sun/experiments/labs/lab8_ex/lab8_ex.gen/sources_1/bd/design_1/ip/design_1_and2_9_0/design_1_and2_9_0/design_1_and2_9_0_in_context.xdc] for cell 'design_1_i/ALBL/and2_9'
Finished Parsing XDC File [f:/Haoyang_Sun/experiments/labs/lab8_ex/lab8_ex.gen/sources_1/bd/design_1/ip/design_1_and2_9_0/design_1_and2_9_0/design_1_and2_9_0_in_context.xdc] for cell 'design_1_i/ALBL/and2_9'
Parsing XDC File [f:/Haoyang_Sun/experiments/labs/lab8_ex/lab8_ex.gen/sources_1/bd/design_1/ip/design_1_and2_8_0/design_1_and2_8_0/design_1_and2_8_0_in_context.xdc] for cell 'design_1_i/ALBL/and2_8'
Finished Parsing XDC File [f:/Haoyang_Sun/experiments/labs/lab8_ex/lab8_ex.gen/sources_1/bd/design_1/ip/design_1_and2_8_0/design_1_and2_8_0/design_1_and2_8_0_in_context.xdc] for cell 'design_1_i/ALBL/and2_8'
Parsing XDC File [f:/Haoyang_Sun/experiments/labs/lab8_ex/lab8_ex.gen/sources_1/bd/design_1/ip/design_1_and2_7_0/design_1_and2_7_0/design_1_and2_7_0_in_context.xdc] for cell 'design_1_i/ALBL/and2_7'
Finished Parsing XDC File [f:/Haoyang_Sun/experiments/labs/lab8_ex/lab8_ex.gen/sources_1/bd/design_1/ip/design_1_and2_7_0/design_1_and2_7_0/design_1_and2_7_0_in_context.xdc] for cell 'design_1_i/ALBL/and2_7'
Parsing XDC File [f:/Haoyang_Sun/experiments/labs/lab8_ex/lab8_ex.gen/sources_1/bd/design_1/ip/design_1_and2_6_0/design_1_and2_6_0/design_1_and2_6_0_in_context.xdc] for cell 'design_1_i/ALBL/and2_6'
Finished Parsing XDC File [f:/Haoyang_Sun/experiments/labs/lab8_ex/lab8_ex.gen/sources_1/bd/design_1/ip/design_1_and2_6_0/design_1_and2_6_0/design_1_and2_6_0_in_context.xdc] for cell 'design_1_i/ALBL/and2_6'
Parsing XDC File [f:/Haoyang_Sun/experiments/labs/lab8_ex/lab8_ex.gen/sources_1/bd/design_1/ip/design_1_and2_5_0/design_1_and2_5_0/design_1_and2_5_0_in_context.xdc] for cell 'design_1_i/ALBL/and2_5'
Finished Parsing XDC File [f:/Haoyang_Sun/experiments/labs/lab8_ex/lab8_ex.gen/sources_1/bd/design_1/ip/design_1_and2_5_0/design_1_and2_5_0/design_1_and2_5_0_in_context.xdc] for cell 'design_1_i/ALBL/and2_5'
Parsing XDC File [f:/Haoyang_Sun/experiments/labs/lab8_ex/lab8_ex.gen/sources_1/bd/design_1/ip/design_1_and2_4_0/design_1_and2_4_0/design_1_and2_4_0_in_context.xdc] for cell 'design_1_i/ALBL/and2_4'
Finished Parsing XDC File [f:/Haoyang_Sun/experiments/labs/lab8_ex/lab8_ex.gen/sources_1/bd/design_1/ip/design_1_and2_4_0/design_1_and2_4_0/design_1_and2_4_0_in_context.xdc] for cell 'design_1_i/ALBL/and2_4'
Parsing XDC File [f:/Haoyang_Sun/experiments/labs/lab8_ex/lab8_ex.gen/sources_1/bd/design_1/ip/design_1_and2_3_0/design_1_and2_3_0/design_1_and2_3_0_in_context.xdc] for cell 'design_1_i/ALBL/and2_3'
Finished Parsing XDC File [f:/Haoyang_Sun/experiments/labs/lab8_ex/lab8_ex.gen/sources_1/bd/design_1/ip/design_1_and2_3_0/design_1_and2_3_0/design_1_and2_3_0_in_context.xdc] for cell 'design_1_i/ALBL/and2_3'
Parsing XDC File [f:/Haoyang_Sun/experiments/labs/lab8_ex/lab8_ex.gen/sources_1/bd/design_1/ip/design_1_and2_2_0/design_1_and2_2_0/design_1_and2_2_0_in_context.xdc] for cell 'design_1_i/ALBL/and2_2'
Finished Parsing XDC File [f:/Haoyang_Sun/experiments/labs/lab8_ex/lab8_ex.gen/sources_1/bd/design_1/ip/design_1_and2_2_0/design_1_and2_2_0/design_1_and2_2_0_in_context.xdc] for cell 'design_1_i/ALBL/and2_2'
Parsing XDC File [f:/Haoyang_Sun/experiments/labs/lab8_ex/lab8_ex.gen/sources_1/bd/design_1/ip/design_1_and2_1_0/design_1_and2_1_0/design_1_and2_1_0_in_context.xdc] for cell 'design_1_i/ALBL/and2_1'
Finished Parsing XDC File [f:/Haoyang_Sun/experiments/labs/lab8_ex/lab8_ex.gen/sources_1/bd/design_1/ip/design_1_and2_1_0/design_1_and2_1_0/design_1_and2_1_0_in_context.xdc] for cell 'design_1_i/ALBL/and2_1'
Parsing XDC File [f:/Haoyang_Sun/experiments/labs/lab8_ex/lab8_ex.gen/sources_1/bd/design_1/ip/design_1_and2_0_0/design_1_and2_0_0/design_1_and2_0_0_in_context.xdc] for cell 'design_1_i/ALBL/and2_0'
Finished Parsing XDC File [f:/Haoyang_Sun/experiments/labs/lab8_ex/lab8_ex.gen/sources_1/bd/design_1/ip/design_1_and2_0_0/design_1_and2_0_0/design_1_and2_0_0_in_context.xdc] for cell 'design_1_i/ALBL/and2_0'
Parsing XDC File [f:/Haoyang_Sun/experiments/labs/lab8_ex/lab8_ex.gen/sources_1/bd/design_1/ip/design_1_FA_15_4/design_1_FA_15_4/design_1_FA_15_4_in_context.xdc] for cell 'design_1_i/ALBH/FA_15'
Finished Parsing XDC File [f:/Haoyang_Sun/experiments/labs/lab8_ex/lab8_ex.gen/sources_1/bd/design_1/ip/design_1_FA_15_4/design_1_FA_15_4/design_1_FA_15_4_in_context.xdc] for cell 'design_1_i/ALBH/FA_15'
Parsing XDC File [f:/Haoyang_Sun/experiments/labs/lab8_ex/lab8_ex.gen/sources_1/bd/design_1/ip/design_1_FA_14_4/design_1_FA_14_4/design_1_FA_14_4_in_context.xdc] for cell 'design_1_i/ALBH/FA_14'
Finished Parsing XDC File [f:/Haoyang_Sun/experiments/labs/lab8_ex/lab8_ex.gen/sources_1/bd/design_1/ip/design_1_FA_14_4/design_1_FA_14_4/design_1_FA_14_4_in_context.xdc] for cell 'design_1_i/ALBH/FA_14'
Parsing XDC File [f:/Haoyang_Sun/experiments/labs/lab8_ex/lab8_ex.gen/sources_1/bd/design_1/ip/design_1_FA_13_4/design_1_FA_13_4/design_1_FA_13_4_in_context.xdc] for cell 'design_1_i/ALBH/FA_13'
Finished Parsing XDC File [f:/Haoyang_Sun/experiments/labs/lab8_ex/lab8_ex.gen/sources_1/bd/design_1/ip/design_1_FA_13_4/design_1_FA_13_4/design_1_FA_13_4_in_context.xdc] for cell 'design_1_i/ALBH/FA_13'
Parsing XDC File [f:/Haoyang_Sun/experiments/labs/lab8_ex/lab8_ex.gen/sources_1/bd/design_1/ip/design_1_FA_12_4/design_1_FA_12_4/design_1_FA_12_4_in_context.xdc] for cell 'design_1_i/ALBH/FA_12'
Finished Parsing XDC File [f:/Haoyang_Sun/experiments/labs/lab8_ex/lab8_ex.gen/sources_1/bd/design_1/ip/design_1_FA_12_4/design_1_FA_12_4/design_1_FA_12_4_in_context.xdc] for cell 'design_1_i/ALBH/FA_12'
Parsing XDC File [f:/Haoyang_Sun/experiments/labs/lab8_ex/lab8_ex.gen/sources_1/bd/design_1/ip/design_1_FA_11_4/design_1_FA_11_4/design_1_FA_11_4_in_context.xdc] for cell 'design_1_i/ALBH/FA_11'
Finished Parsing XDC File [f:/Haoyang_Sun/experiments/labs/lab8_ex/lab8_ex.gen/sources_1/bd/design_1/ip/design_1_FA_11_4/design_1_FA_11_4/design_1_FA_11_4_in_context.xdc] for cell 'design_1_i/ALBH/FA_11'
Parsing XDC File [f:/Haoyang_Sun/experiments/labs/lab8_ex/lab8_ex.gen/sources_1/bd/design_1/ip/design_1_FA_10_4/design_1_FA_10_4/design_1_FA_10_4_in_context.xdc] for cell 'design_1_i/ALBH/FA_10'
Finished Parsing XDC File [f:/Haoyang_Sun/experiments/labs/lab8_ex/lab8_ex.gen/sources_1/bd/design_1/ip/design_1_FA_10_4/design_1_FA_10_4/design_1_FA_10_4_in_context.xdc] for cell 'design_1_i/ALBH/FA_10'
Parsing XDC File [f:/Haoyang_Sun/experiments/labs/lab8_ex/lab8_ex.gen/sources_1/bd/design_1/ip/design_1_FA_9_4/design_1_FA_9_4/design_1_FA_9_4_in_context.xdc] for cell 'design_1_i/ALBH/FA_9'
Finished Parsing XDC File [f:/Haoyang_Sun/experiments/labs/lab8_ex/lab8_ex.gen/sources_1/bd/design_1/ip/design_1_FA_9_4/design_1_FA_9_4/design_1_FA_9_4_in_context.xdc] for cell 'design_1_i/ALBH/FA_9'
Parsing XDC File [f:/Haoyang_Sun/experiments/labs/lab8_ex/lab8_ex.gen/sources_1/bd/design_1/ip/design_1_FA_8_4/design_1_FA_8_4/design_1_FA_8_4_in_context.xdc] for cell 'design_1_i/ALBH/FA_8'
Finished Parsing XDC File [f:/Haoyang_Sun/experiments/labs/lab8_ex/lab8_ex.gen/sources_1/bd/design_1/ip/design_1_FA_8_4/design_1_FA_8_4/design_1_FA_8_4_in_context.xdc] for cell 'design_1_i/ALBH/FA_8'
Parsing XDC File [f:/Haoyang_Sun/experiments/labs/lab8_ex/lab8_ex.gen/sources_1/bd/design_1/ip/design_1_FA_7_4/design_1_FA_7_4/design_1_FA_7_4_in_context.xdc] for cell 'design_1_i/ALBH/FA_7'
Finished Parsing XDC File [f:/Haoyang_Sun/experiments/labs/lab8_ex/lab8_ex.gen/sources_1/bd/design_1/ip/design_1_FA_7_4/design_1_FA_7_4/design_1_FA_7_4_in_context.xdc] for cell 'design_1_i/ALBH/FA_7'
Parsing XDC File [f:/Haoyang_Sun/experiments/labs/lab8_ex/lab8_ex.gen/sources_1/bd/design_1/ip/design_1_FA_6_4/design_1_FA_6_4/design_1_FA_6_4_in_context.xdc] for cell 'design_1_i/ALBH/FA_6'
Finished Parsing XDC File [f:/Haoyang_Sun/experiments/labs/lab8_ex/lab8_ex.gen/sources_1/bd/design_1/ip/design_1_FA_6_4/design_1_FA_6_4/design_1_FA_6_4_in_context.xdc] for cell 'design_1_i/ALBH/FA_6'
Parsing XDC File [f:/Haoyang_Sun/experiments/labs/lab8_ex/lab8_ex.gen/sources_1/bd/design_1/ip/design_1_FA_5_4/design_1_FA_5_4/design_1_FA_5_4_in_context.xdc] for cell 'design_1_i/ALBH/FA_5'
Finished Parsing XDC File [f:/Haoyang_Sun/experiments/labs/lab8_ex/lab8_ex.gen/sources_1/bd/design_1/ip/design_1_FA_5_4/design_1_FA_5_4/design_1_FA_5_4_in_context.xdc] for cell 'design_1_i/ALBH/FA_5'
Parsing XDC File [f:/Haoyang_Sun/experiments/labs/lab8_ex/lab8_ex.gen/sources_1/bd/design_1/ip/design_1_FA_4_4/design_1_FA_4_4/design_1_FA_4_4_in_context.xdc] for cell 'design_1_i/ALBH/FA_4'
Finished Parsing XDC File [f:/Haoyang_Sun/experiments/labs/lab8_ex/lab8_ex.gen/sources_1/bd/design_1/ip/design_1_FA_4_4/design_1_FA_4_4/design_1_FA_4_4_in_context.xdc] for cell 'design_1_i/ALBH/FA_4'
Parsing XDC File [f:/Haoyang_Sun/experiments/labs/lab8_ex/lab8_ex.gen/sources_1/bd/design_1/ip/design_1_FA_3_9/design_1_FA_3_9/design_1_FA_3_9_in_context.xdc] for cell 'design_1_i/ALBH/FA_3'
Finished Parsing XDC File [f:/Haoyang_Sun/experiments/labs/lab8_ex/lab8_ex.gen/sources_1/bd/design_1/ip/design_1_FA_3_9/design_1_FA_3_9/design_1_FA_3_9_in_context.xdc] for cell 'design_1_i/ALBH/FA_3'
Parsing XDC File [f:/Haoyang_Sun/experiments/labs/lab8_ex/lab8_ex.gen/sources_1/bd/design_1/ip/design_1_FA_2_9/design_1_FA_2_9/design_1_FA_2_9_in_context.xdc] for cell 'design_1_i/ALBH/FA_2'
Finished Parsing XDC File [f:/Haoyang_Sun/experiments/labs/lab8_ex/lab8_ex.gen/sources_1/bd/design_1/ip/design_1_FA_2_9/design_1_FA_2_9/design_1_FA_2_9_in_context.xdc] for cell 'design_1_i/ALBH/FA_2'
Parsing XDC File [f:/Haoyang_Sun/experiments/labs/lab8_ex/lab8_ex.gen/sources_1/bd/design_1/ip/design_1_FA_1_9/design_1_FA_1_9/design_1_FA_1_9_in_context.xdc] for cell 'design_1_i/ALBH/FA_1'
Finished Parsing XDC File [f:/Haoyang_Sun/experiments/labs/lab8_ex/lab8_ex.gen/sources_1/bd/design_1/ip/design_1_FA_1_9/design_1_FA_1_9/design_1_FA_1_9_in_context.xdc] for cell 'design_1_i/ALBH/FA_1'
Parsing XDC File [f:/Haoyang_Sun/experiments/labs/lab8_ex/lab8_ex.gen/sources_1/bd/design_1/ip/design_1_FA_0_9/design_1_FA_0_9/design_1_FA_0_9_in_context.xdc] for cell 'design_1_i/ALBH/FA_0'
Finished Parsing XDC File [f:/Haoyang_Sun/experiments/labs/lab8_ex/lab8_ex.gen/sources_1/bd/design_1/ip/design_1_FA_0_9/design_1_FA_0_9/design_1_FA_0_9_in_context.xdc] for cell 'design_1_i/ALBH/FA_0'
Parsing XDC File [f:/Haoyang_Sun/experiments/labs/lab8_ex/lab8_ex.gen/sources_1/bd/design_1/ip/design_1_and2_15_5/design_1_and2_15_5/design_1_and2_15_5_in_context.xdc] for cell 'design_1_i/ALBH/and2_15'
Finished Parsing XDC File [f:/Haoyang_Sun/experiments/labs/lab8_ex/lab8_ex.gen/sources_1/bd/design_1/ip/design_1_and2_15_5/design_1_and2_15_5/design_1_and2_15_5_in_context.xdc] for cell 'design_1_i/ALBH/and2_15'
Parsing XDC File [f:/Haoyang_Sun/experiments/labs/lab8_ex/lab8_ex.gen/sources_1/bd/design_1/ip/design_1_and2_14_5/design_1_and2_14_5/design_1_and2_14_5_in_context.xdc] for cell 'design_1_i/ALBH/and2_14'
Finished Parsing XDC File [f:/Haoyang_Sun/experiments/labs/lab8_ex/lab8_ex.gen/sources_1/bd/design_1/ip/design_1_and2_14_5/design_1_and2_14_5/design_1_and2_14_5_in_context.xdc] for cell 'design_1_i/ALBH/and2_14'
Parsing XDC File [f:/Haoyang_Sun/experiments/labs/lab8_ex/lab8_ex.gen/sources_1/bd/design_1/ip/design_1_and2_13_5/design_1_and2_13_5/design_1_and2_13_5_in_context.xdc] for cell 'design_1_i/ALBH/and2_13'
Finished Parsing XDC File [f:/Haoyang_Sun/experiments/labs/lab8_ex/lab8_ex.gen/sources_1/bd/design_1/ip/design_1_and2_13_5/design_1_and2_13_5/design_1_and2_13_5_in_context.xdc] for cell 'design_1_i/ALBH/and2_13'
Parsing XDC File [f:/Haoyang_Sun/experiments/labs/lab8_ex/lab8_ex.gen/sources_1/bd/design_1/ip/design_1_and2_12_5/design_1_and2_12_5/design_1_and2_12_5_in_context.xdc] for cell 'design_1_i/ALBH/and2_12'
Finished Parsing XDC File [f:/Haoyang_Sun/experiments/labs/lab8_ex/lab8_ex.gen/sources_1/bd/design_1/ip/design_1_and2_12_5/design_1_and2_12_5/design_1_and2_12_5_in_context.xdc] for cell 'design_1_i/ALBH/and2_12'
Parsing XDC File [f:/Haoyang_Sun/experiments/labs/lab8_ex/lab8_ex.gen/sources_1/bd/design_1/ip/design_1_and2_11_5/design_1_and2_11_5/design_1_and2_11_5_in_context.xdc] for cell 'design_1_i/ALBH/and2_11'
Finished Parsing XDC File [f:/Haoyang_Sun/experiments/labs/lab8_ex/lab8_ex.gen/sources_1/bd/design_1/ip/design_1_and2_11_5/design_1_and2_11_5/design_1_and2_11_5_in_context.xdc] for cell 'design_1_i/ALBH/and2_11'
Parsing XDC File [f:/Haoyang_Sun/experiments/labs/lab8_ex/lab8_ex.gen/sources_1/bd/design_1/ip/design_1_and2_10_5/design_1_and2_10_5/design_1_and2_10_5_in_context.xdc] for cell 'design_1_i/ALBH/and2_10'
Finished Parsing XDC File [f:/Haoyang_Sun/experiments/labs/lab8_ex/lab8_ex.gen/sources_1/bd/design_1/ip/design_1_and2_10_5/design_1_and2_10_5/design_1_and2_10_5_in_context.xdc] for cell 'design_1_i/ALBH/and2_10'
Parsing XDC File [f:/Haoyang_Sun/experiments/labs/lab8_ex/lab8_ex.gen/sources_1/bd/design_1/ip/design_1_and2_9_5/design_1_and2_9_5/design_1_and2_9_5_in_context.xdc] for cell 'design_1_i/ALBH/and2_9'
Finished Parsing XDC File [f:/Haoyang_Sun/experiments/labs/lab8_ex/lab8_ex.gen/sources_1/bd/design_1/ip/design_1_and2_9_5/design_1_and2_9_5/design_1_and2_9_5_in_context.xdc] for cell 'design_1_i/ALBH/and2_9'
Parsing XDC File [f:/Haoyang_Sun/experiments/labs/lab8_ex/lab8_ex.gen/sources_1/bd/design_1/ip/design_1_and2_8_5/design_1_and2_8_5/design_1_and2_8_5_in_context.xdc] for cell 'design_1_i/ALBH/and2_8'
Finished Parsing XDC File [f:/Haoyang_Sun/experiments/labs/lab8_ex/lab8_ex.gen/sources_1/bd/design_1/ip/design_1_and2_8_5/design_1_and2_8_5/design_1_and2_8_5_in_context.xdc] for cell 'design_1_i/ALBH/and2_8'
Parsing XDC File [f:/Haoyang_Sun/experiments/labs/lab8_ex/lab8_ex.gen/sources_1/bd/design_1/ip/design_1_and2_7_5/design_1_and2_7_5/design_1_and2_7_5_in_context.xdc] for cell 'design_1_i/ALBH/and2_7'
Finished Parsing XDC File [f:/Haoyang_Sun/experiments/labs/lab8_ex/lab8_ex.gen/sources_1/bd/design_1/ip/design_1_and2_7_5/design_1_and2_7_5/design_1_and2_7_5_in_context.xdc] for cell 'design_1_i/ALBH/and2_7'
Parsing XDC File [f:/Haoyang_Sun/experiments/labs/lab8_ex/lab8_ex.gen/sources_1/bd/design_1/ip/design_1_and2_6_5/design_1_and2_6_5/design_1_and2_6_5_in_context.xdc] for cell 'design_1_i/ALBH/and2_6'
Finished Parsing XDC File [f:/Haoyang_Sun/experiments/labs/lab8_ex/lab8_ex.gen/sources_1/bd/design_1/ip/design_1_and2_6_5/design_1_and2_6_5/design_1_and2_6_5_in_context.xdc] for cell 'design_1_i/ALBH/and2_6'
Parsing XDC File [f:/Haoyang_Sun/experiments/labs/lab8_ex/lab8_ex.gen/sources_1/bd/design_1/ip/design_1_and2_5_5/design_1_and2_5_5/design_1_and2_5_5_in_context.xdc] for cell 'design_1_i/ALBH/and2_5'
Finished Parsing XDC File [f:/Haoyang_Sun/experiments/labs/lab8_ex/lab8_ex.gen/sources_1/bd/design_1/ip/design_1_and2_5_5/design_1_and2_5_5/design_1_and2_5_5_in_context.xdc] for cell 'design_1_i/ALBH/and2_5'
Parsing XDC File [f:/Haoyang_Sun/experiments/labs/lab8_ex/lab8_ex.gen/sources_1/bd/design_1/ip/design_1_and2_4_5/design_1_and2_4_5/design_1_and2_4_5_in_context.xdc] for cell 'design_1_i/ALBH/and2_4'
Finished Parsing XDC File [f:/Haoyang_Sun/experiments/labs/lab8_ex/lab8_ex.gen/sources_1/bd/design_1/ip/design_1_and2_4_5/design_1_and2_4_5/design_1_and2_4_5_in_context.xdc] for cell 'design_1_i/ALBH/and2_4'
Parsing XDC File [f:/Haoyang_Sun/experiments/labs/lab8_ex/lab8_ex.gen/sources_1/bd/design_1/ip/design_1_and2_3_5/design_1_and2_3_5/design_1_and2_3_5_in_context.xdc] for cell 'design_1_i/ALBH/and2_3'
Finished Parsing XDC File [f:/Haoyang_Sun/experiments/labs/lab8_ex/lab8_ex.gen/sources_1/bd/design_1/ip/design_1_and2_3_5/design_1_and2_3_5/design_1_and2_3_5_in_context.xdc] for cell 'design_1_i/ALBH/and2_3'
Parsing XDC File [f:/Haoyang_Sun/experiments/labs/lab8_ex/lab8_ex.gen/sources_1/bd/design_1/ip/design_1_and2_2_5/design_1_and2_2_5/design_1_and2_2_5_in_context.xdc] for cell 'design_1_i/ALBH/and2_2'
Finished Parsing XDC File [f:/Haoyang_Sun/experiments/labs/lab8_ex/lab8_ex.gen/sources_1/bd/design_1/ip/design_1_and2_2_5/design_1_and2_2_5/design_1_and2_2_5_in_context.xdc] for cell 'design_1_i/ALBH/and2_2'
Parsing XDC File [f:/Haoyang_Sun/experiments/labs/lab8_ex/lab8_ex.gen/sources_1/bd/design_1/ip/design_1_and2_1_5/design_1_and2_1_5/design_1_and2_1_5_in_context.xdc] for cell 'design_1_i/ALBH/and2_1'
Finished Parsing XDC File [f:/Haoyang_Sun/experiments/labs/lab8_ex/lab8_ex.gen/sources_1/bd/design_1/ip/design_1_and2_1_5/design_1_and2_1_5/design_1_and2_1_5_in_context.xdc] for cell 'design_1_i/ALBH/and2_1'
Parsing XDC File [f:/Haoyang_Sun/experiments/labs/lab8_ex/lab8_ex.gen/sources_1/bd/design_1/ip/design_1_and2_0_5/design_1_and2_0_5/design_1_and2_0_5_in_context.xdc] for cell 'design_1_i/ALBH/and2_0'
Finished Parsing XDC File [f:/Haoyang_Sun/experiments/labs/lab8_ex/lab8_ex.gen/sources_1/bd/design_1/ip/design_1_and2_0_5/design_1_and2_0_5/design_1_and2_0_5_in_context.xdc] for cell 'design_1_i/ALBH/and2_0'
Parsing XDC File [f:/Haoyang_Sun/experiments/labs/lab8_ex/lab8_ex.gen/sources_1/bd/design_1/ip/design_1_FA_15_5/design_1_FA_15_5/design_1_FA_15_5_in_context.xdc] for cell 'design_1_i/AHBL/FA_15'
Finished Parsing XDC File [f:/Haoyang_Sun/experiments/labs/lab8_ex/lab8_ex.gen/sources_1/bd/design_1/ip/design_1_FA_15_5/design_1_FA_15_5/design_1_FA_15_5_in_context.xdc] for cell 'design_1_i/AHBL/FA_15'
Parsing XDC File [f:/Haoyang_Sun/experiments/labs/lab8_ex/lab8_ex.gen/sources_1/bd/design_1/ip/design_1_FA_14_5/design_1_FA_14_5/design_1_FA_14_5_in_context.xdc] for cell 'design_1_i/AHBL/FA_14'
Finished Parsing XDC File [f:/Haoyang_Sun/experiments/labs/lab8_ex/lab8_ex.gen/sources_1/bd/design_1/ip/design_1_FA_14_5/design_1_FA_14_5/design_1_FA_14_5_in_context.xdc] for cell 'design_1_i/AHBL/FA_14'
Parsing XDC File [f:/Haoyang_Sun/experiments/labs/lab8_ex/lab8_ex.gen/sources_1/bd/design_1/ip/design_1_FA_13_5/design_1_FA_13_5/design_1_FA_13_5_in_context.xdc] for cell 'design_1_i/AHBL/FA_13'
Finished Parsing XDC File [f:/Haoyang_Sun/experiments/labs/lab8_ex/lab8_ex.gen/sources_1/bd/design_1/ip/design_1_FA_13_5/design_1_FA_13_5/design_1_FA_13_5_in_context.xdc] for cell 'design_1_i/AHBL/FA_13'
Parsing XDC File [f:/Haoyang_Sun/experiments/labs/lab8_ex/lab8_ex.gen/sources_1/bd/design_1/ip/design_1_FA_12_5/design_1_FA_12_5/design_1_FA_12_5_in_context.xdc] for cell 'design_1_i/AHBL/FA_12'
Finished Parsing XDC File [f:/Haoyang_Sun/experiments/labs/lab8_ex/lab8_ex.gen/sources_1/bd/design_1/ip/design_1_FA_12_5/design_1_FA_12_5/design_1_FA_12_5_in_context.xdc] for cell 'design_1_i/AHBL/FA_12'
Parsing XDC File [f:/Haoyang_Sun/experiments/labs/lab8_ex/lab8_ex.gen/sources_1/bd/design_1/ip/design_1_FA_11_5/design_1_FA_11_5/design_1_FA_11_5_in_context.xdc] for cell 'design_1_i/AHBL/FA_11'
Finished Parsing XDC File [f:/Haoyang_Sun/experiments/labs/lab8_ex/lab8_ex.gen/sources_1/bd/design_1/ip/design_1_FA_11_5/design_1_FA_11_5/design_1_FA_11_5_in_context.xdc] for cell 'design_1_i/AHBL/FA_11'
Parsing XDC File [f:/Haoyang_Sun/experiments/labs/lab8_ex/lab8_ex.gen/sources_1/bd/design_1/ip/design_1_FA_10_5/design_1_FA_10_5/design_1_FA_10_5_in_context.xdc] for cell 'design_1_i/AHBL/FA_10'
Finished Parsing XDC File [f:/Haoyang_Sun/experiments/labs/lab8_ex/lab8_ex.gen/sources_1/bd/design_1/ip/design_1_FA_10_5/design_1_FA_10_5/design_1_FA_10_5_in_context.xdc] for cell 'design_1_i/AHBL/FA_10'
Parsing XDC File [f:/Haoyang_Sun/experiments/labs/lab8_ex/lab8_ex.gen/sources_1/bd/design_1/ip/design_1_FA_9_5/design_1_FA_9_5/design_1_FA_9_5_in_context.xdc] for cell 'design_1_i/AHBL/FA_9'
Finished Parsing XDC File [f:/Haoyang_Sun/experiments/labs/lab8_ex/lab8_ex.gen/sources_1/bd/design_1/ip/design_1_FA_9_5/design_1_FA_9_5/design_1_FA_9_5_in_context.xdc] for cell 'design_1_i/AHBL/FA_9'
Parsing XDC File [f:/Haoyang_Sun/experiments/labs/lab8_ex/lab8_ex.gen/sources_1/bd/design_1/ip/design_1_FA_8_5/design_1_FA_8_5/design_1_FA_8_5_in_context.xdc] for cell 'design_1_i/AHBL/FA_8'
Finished Parsing XDC File [f:/Haoyang_Sun/experiments/labs/lab8_ex/lab8_ex.gen/sources_1/bd/design_1/ip/design_1_FA_8_5/design_1_FA_8_5/design_1_FA_8_5_in_context.xdc] for cell 'design_1_i/AHBL/FA_8'
Parsing XDC File [f:/Haoyang_Sun/experiments/labs/lab8_ex/lab8_ex.gen/sources_1/bd/design_1/ip/design_1_FA_7_5/design_1_FA_7_5/design_1_FA_7_5_in_context.xdc] for cell 'design_1_i/AHBL/FA_7'
Finished Parsing XDC File [f:/Haoyang_Sun/experiments/labs/lab8_ex/lab8_ex.gen/sources_1/bd/design_1/ip/design_1_FA_7_5/design_1_FA_7_5/design_1_FA_7_5_in_context.xdc] for cell 'design_1_i/AHBL/FA_7'
Parsing XDC File [f:/Haoyang_Sun/experiments/labs/lab8_ex/lab8_ex.gen/sources_1/bd/design_1/ip/design_1_FA_6_5/design_1_FA_6_5/design_1_FA_6_5_in_context.xdc] for cell 'design_1_i/AHBL/FA_6'
Finished Parsing XDC File [f:/Haoyang_Sun/experiments/labs/lab8_ex/lab8_ex.gen/sources_1/bd/design_1/ip/design_1_FA_6_5/design_1_FA_6_5/design_1_FA_6_5_in_context.xdc] for cell 'design_1_i/AHBL/FA_6'
Parsing XDC File [f:/Haoyang_Sun/experiments/labs/lab8_ex/lab8_ex.gen/sources_1/bd/design_1/ip/design_1_FA_5_5/design_1_FA_5_5/design_1_FA_5_5_in_context.xdc] for cell 'design_1_i/AHBL/FA_5'
Finished Parsing XDC File [f:/Haoyang_Sun/experiments/labs/lab8_ex/lab8_ex.gen/sources_1/bd/design_1/ip/design_1_FA_5_5/design_1_FA_5_5/design_1_FA_5_5_in_context.xdc] for cell 'design_1_i/AHBL/FA_5'
Parsing XDC File [f:/Haoyang_Sun/experiments/labs/lab8_ex/lab8_ex.gen/sources_1/bd/design_1/ip/design_1_FA_4_5/design_1_FA_4_5/design_1_FA_4_5_in_context.xdc] for cell 'design_1_i/AHBL/FA_4'
Finished Parsing XDC File [f:/Haoyang_Sun/experiments/labs/lab8_ex/lab8_ex.gen/sources_1/bd/design_1/ip/design_1_FA_4_5/design_1_FA_4_5/design_1_FA_4_5_in_context.xdc] for cell 'design_1_i/AHBL/FA_4'
Parsing XDC File [f:/Haoyang_Sun/experiments/labs/lab8_ex/lab8_ex.gen/sources_1/bd/design_1/ip/design_1_FA_3_10/design_1_FA_3_10/design_1_FA_3_10_in_context.xdc] for cell 'design_1_i/AHBL/FA_3'
Finished Parsing XDC File [f:/Haoyang_Sun/experiments/labs/lab8_ex/lab8_ex.gen/sources_1/bd/design_1/ip/design_1_FA_3_10/design_1_FA_3_10/design_1_FA_3_10_in_context.xdc] for cell 'design_1_i/AHBL/FA_3'
Parsing XDC File [f:/Haoyang_Sun/experiments/labs/lab8_ex/lab8_ex.gen/sources_1/bd/design_1/ip/design_1_FA_2_10/design_1_FA_2_10/design_1_FA_2_10_in_context.xdc] for cell 'design_1_i/AHBL/FA_2'
Finished Parsing XDC File [f:/Haoyang_Sun/experiments/labs/lab8_ex/lab8_ex.gen/sources_1/bd/design_1/ip/design_1_FA_2_10/design_1_FA_2_10/design_1_FA_2_10_in_context.xdc] for cell 'design_1_i/AHBL/FA_2'
Parsing XDC File [f:/Haoyang_Sun/experiments/labs/lab8_ex/lab8_ex.gen/sources_1/bd/design_1/ip/design_1_FA_1_10/design_1_FA_1_10/design_1_FA_1_10_in_context.xdc] for cell 'design_1_i/AHBL/FA_1'
Finished Parsing XDC File [f:/Haoyang_Sun/experiments/labs/lab8_ex/lab8_ex.gen/sources_1/bd/design_1/ip/design_1_FA_1_10/design_1_FA_1_10/design_1_FA_1_10_in_context.xdc] for cell 'design_1_i/AHBL/FA_1'
Parsing XDC File [f:/Haoyang_Sun/experiments/labs/lab8_ex/lab8_ex.gen/sources_1/bd/design_1/ip/design_1_FA_0_10/design_1_FA_0_10/design_1_FA_0_10_in_context.xdc] for cell 'design_1_i/AHBL/FA_0'
Finished Parsing XDC File [f:/Haoyang_Sun/experiments/labs/lab8_ex/lab8_ex.gen/sources_1/bd/design_1/ip/design_1_FA_0_10/design_1_FA_0_10/design_1_FA_0_10_in_context.xdc] for cell 'design_1_i/AHBL/FA_0'
Parsing XDC File [f:/Haoyang_Sun/experiments/labs/lab8_ex/lab8_ex.gen/sources_1/bd/design_1/ip/design_1_and2_15_6/design_1_and2_15_6/design_1_and2_15_6_in_context.xdc] for cell 'design_1_i/AHBL/and2_15'
Finished Parsing XDC File [f:/Haoyang_Sun/experiments/labs/lab8_ex/lab8_ex.gen/sources_1/bd/design_1/ip/design_1_and2_15_6/design_1_and2_15_6/design_1_and2_15_6_in_context.xdc] for cell 'design_1_i/AHBL/and2_15'
Parsing XDC File [f:/Haoyang_Sun/experiments/labs/lab8_ex/lab8_ex.gen/sources_1/bd/design_1/ip/design_1_and2_14_6/design_1_and2_14_6/design_1_and2_14_6_in_context.xdc] for cell 'design_1_i/AHBL/and2_14'
Finished Parsing XDC File [f:/Haoyang_Sun/experiments/labs/lab8_ex/lab8_ex.gen/sources_1/bd/design_1/ip/design_1_and2_14_6/design_1_and2_14_6/design_1_and2_14_6_in_context.xdc] for cell 'design_1_i/AHBL/and2_14'
Parsing XDC File [f:/Haoyang_Sun/experiments/labs/lab8_ex/lab8_ex.gen/sources_1/bd/design_1/ip/design_1_and2_13_6/design_1_and2_13_6/design_1_and2_13_6_in_context.xdc] for cell 'design_1_i/AHBL/and2_13'
Finished Parsing XDC File [f:/Haoyang_Sun/experiments/labs/lab8_ex/lab8_ex.gen/sources_1/bd/design_1/ip/design_1_and2_13_6/design_1_and2_13_6/design_1_and2_13_6_in_context.xdc] for cell 'design_1_i/AHBL/and2_13'
Parsing XDC File [f:/Haoyang_Sun/experiments/labs/lab8_ex/lab8_ex.gen/sources_1/bd/design_1/ip/design_1_and2_12_6/design_1_and2_12_6/design_1_and2_12_6_in_context.xdc] for cell 'design_1_i/AHBL/and2_12'
Finished Parsing XDC File [f:/Haoyang_Sun/experiments/labs/lab8_ex/lab8_ex.gen/sources_1/bd/design_1/ip/design_1_and2_12_6/design_1_and2_12_6/design_1_and2_12_6_in_context.xdc] for cell 'design_1_i/AHBL/and2_12'
Parsing XDC File [f:/Haoyang_Sun/experiments/labs/lab8_ex/lab8_ex.gen/sources_1/bd/design_1/ip/design_1_and2_11_6/design_1_and2_11_6/design_1_and2_11_6_in_context.xdc] for cell 'design_1_i/AHBL/and2_11'
Finished Parsing XDC File [f:/Haoyang_Sun/experiments/labs/lab8_ex/lab8_ex.gen/sources_1/bd/design_1/ip/design_1_and2_11_6/design_1_and2_11_6/design_1_and2_11_6_in_context.xdc] for cell 'design_1_i/AHBL/and2_11'
Parsing XDC File [f:/Haoyang_Sun/experiments/labs/lab8_ex/lab8_ex.gen/sources_1/bd/design_1/ip/design_1_and2_10_6/design_1_and2_10_6/design_1_and2_10_6_in_context.xdc] for cell 'design_1_i/AHBL/and2_10'
Finished Parsing XDC File [f:/Haoyang_Sun/experiments/labs/lab8_ex/lab8_ex.gen/sources_1/bd/design_1/ip/design_1_and2_10_6/design_1_and2_10_6/design_1_and2_10_6_in_context.xdc] for cell 'design_1_i/AHBL/and2_10'
Parsing XDC File [f:/Haoyang_Sun/experiments/labs/lab8_ex/lab8_ex.gen/sources_1/bd/design_1/ip/design_1_and2_9_6/design_1_and2_9_6/design_1_and2_9_6_in_context.xdc] for cell 'design_1_i/AHBL/and2_9'
Finished Parsing XDC File [f:/Haoyang_Sun/experiments/labs/lab8_ex/lab8_ex.gen/sources_1/bd/design_1/ip/design_1_and2_9_6/design_1_and2_9_6/design_1_and2_9_6_in_context.xdc] for cell 'design_1_i/AHBL/and2_9'
Parsing XDC File [f:/Haoyang_Sun/experiments/labs/lab8_ex/lab8_ex.gen/sources_1/bd/design_1/ip/design_1_and2_8_6/design_1_and2_8_6/design_1_and2_8_6_in_context.xdc] for cell 'design_1_i/AHBL/and2_8'
Finished Parsing XDC File [f:/Haoyang_Sun/experiments/labs/lab8_ex/lab8_ex.gen/sources_1/bd/design_1/ip/design_1_and2_8_6/design_1_and2_8_6/design_1_and2_8_6_in_context.xdc] for cell 'design_1_i/AHBL/and2_8'
Parsing XDC File [f:/Haoyang_Sun/experiments/labs/lab8_ex/lab8_ex.gen/sources_1/bd/design_1/ip/design_1_and2_7_6/design_1_and2_7_6/design_1_and2_7_6_in_context.xdc] for cell 'design_1_i/AHBL/and2_7'
Finished Parsing XDC File [f:/Haoyang_Sun/experiments/labs/lab8_ex/lab8_ex.gen/sources_1/bd/design_1/ip/design_1_and2_7_6/design_1_and2_7_6/design_1_and2_7_6_in_context.xdc] for cell 'design_1_i/AHBL/and2_7'
Parsing XDC File [f:/Haoyang_Sun/experiments/labs/lab8_ex/lab8_ex.gen/sources_1/bd/design_1/ip/design_1_and2_6_6/design_1_and2_6_6/design_1_and2_6_6_in_context.xdc] for cell 'design_1_i/AHBL/and2_6'
Finished Parsing XDC File [f:/Haoyang_Sun/experiments/labs/lab8_ex/lab8_ex.gen/sources_1/bd/design_1/ip/design_1_and2_6_6/design_1_and2_6_6/design_1_and2_6_6_in_context.xdc] for cell 'design_1_i/AHBL/and2_6'
Parsing XDC File [f:/Haoyang_Sun/experiments/labs/lab8_ex/lab8_ex.gen/sources_1/bd/design_1/ip/design_1_and2_5_6/design_1_and2_5_6/design_1_and2_5_6_in_context.xdc] for cell 'design_1_i/AHBL/and2_5'
Finished Parsing XDC File [f:/Haoyang_Sun/experiments/labs/lab8_ex/lab8_ex.gen/sources_1/bd/design_1/ip/design_1_and2_5_6/design_1_and2_5_6/design_1_and2_5_6_in_context.xdc] for cell 'design_1_i/AHBL/and2_5'
Parsing XDC File [f:/Haoyang_Sun/experiments/labs/lab8_ex/lab8_ex.gen/sources_1/bd/design_1/ip/design_1_and2_4_6/design_1_and2_4_6/design_1_and2_4_6_in_context.xdc] for cell 'design_1_i/AHBL/and2_4'
Finished Parsing XDC File [f:/Haoyang_Sun/experiments/labs/lab8_ex/lab8_ex.gen/sources_1/bd/design_1/ip/design_1_and2_4_6/design_1_and2_4_6/design_1_and2_4_6_in_context.xdc] for cell 'design_1_i/AHBL/and2_4'
Parsing XDC File [f:/Haoyang_Sun/experiments/labs/lab8_ex/lab8_ex.gen/sources_1/bd/design_1/ip/design_1_and2_3_6/design_1_and2_3_6/design_1_and2_3_6_in_context.xdc] for cell 'design_1_i/AHBL/and2_3'
Finished Parsing XDC File [f:/Haoyang_Sun/experiments/labs/lab8_ex/lab8_ex.gen/sources_1/bd/design_1/ip/design_1_and2_3_6/design_1_and2_3_6/design_1_and2_3_6_in_context.xdc] for cell 'design_1_i/AHBL/and2_3'
Parsing XDC File [f:/Haoyang_Sun/experiments/labs/lab8_ex/lab8_ex.gen/sources_1/bd/design_1/ip/design_1_and2_2_6/design_1_and2_2_6/design_1_and2_2_6_in_context.xdc] for cell 'design_1_i/AHBL/and2_2'
Finished Parsing XDC File [f:/Haoyang_Sun/experiments/labs/lab8_ex/lab8_ex.gen/sources_1/bd/design_1/ip/design_1_and2_2_6/design_1_and2_2_6/design_1_and2_2_6_in_context.xdc] for cell 'design_1_i/AHBL/and2_2'
Parsing XDC File [f:/Haoyang_Sun/experiments/labs/lab8_ex/lab8_ex.gen/sources_1/bd/design_1/ip/design_1_and2_1_6/design_1_and2_1_6/design_1_and2_1_6_in_context.xdc] for cell 'design_1_i/AHBL/and2_1'
Finished Parsing XDC File [f:/Haoyang_Sun/experiments/labs/lab8_ex/lab8_ex.gen/sources_1/bd/design_1/ip/design_1_and2_1_6/design_1_and2_1_6/design_1_and2_1_6_in_context.xdc] for cell 'design_1_i/AHBL/and2_1'
Parsing XDC File [f:/Haoyang_Sun/experiments/labs/lab8_ex/lab8_ex.gen/sources_1/bd/design_1/ip/design_1_and2_0_6/design_1_and2_0_6/design_1_and2_0_6_in_context.xdc] for cell 'design_1_i/AHBL/and2_0'
Finished Parsing XDC File [f:/Haoyang_Sun/experiments/labs/lab8_ex/lab8_ex.gen/sources_1/bd/design_1/ip/design_1_and2_0_6/design_1_and2_0_6/design_1_and2_0_6_in_context.xdc] for cell 'design_1_i/AHBL/and2_0'
Parsing XDC File [f:/Haoyang_Sun/experiments/labs/lab8_ex/lab8_ex.gen/sources_1/bd/design_1/ip/design_1_FA_15_6/design_1_FA_15_6/design_1_FA_15_6_in_context.xdc] for cell 'design_1_i/AHBH/FA_15'
Finished Parsing XDC File [f:/Haoyang_Sun/experiments/labs/lab8_ex/lab8_ex.gen/sources_1/bd/design_1/ip/design_1_FA_15_6/design_1_FA_15_6/design_1_FA_15_6_in_context.xdc] for cell 'design_1_i/AHBH/FA_15'
Parsing XDC File [f:/Haoyang_Sun/experiments/labs/lab8_ex/lab8_ex.gen/sources_1/bd/design_1/ip/design_1_FA_14_6/design_1_FA_14_6/design_1_FA_14_6_in_context.xdc] for cell 'design_1_i/AHBH/FA_14'
Finished Parsing XDC File [f:/Haoyang_Sun/experiments/labs/lab8_ex/lab8_ex.gen/sources_1/bd/design_1/ip/design_1_FA_14_6/design_1_FA_14_6/design_1_FA_14_6_in_context.xdc] for cell 'design_1_i/AHBH/FA_14'
Parsing XDC File [f:/Haoyang_Sun/experiments/labs/lab8_ex/lab8_ex.gen/sources_1/bd/design_1/ip/design_1_FA_13_6/design_1_FA_13_6/design_1_FA_13_6_in_context.xdc] for cell 'design_1_i/AHBH/FA_13'
Finished Parsing XDC File [f:/Haoyang_Sun/experiments/labs/lab8_ex/lab8_ex.gen/sources_1/bd/design_1/ip/design_1_FA_13_6/design_1_FA_13_6/design_1_FA_13_6_in_context.xdc] for cell 'design_1_i/AHBH/FA_13'
Parsing XDC File [f:/Haoyang_Sun/experiments/labs/lab8_ex/lab8_ex.gen/sources_1/bd/design_1/ip/design_1_FA_12_6/design_1_FA_12_6/design_1_FA_12_6_in_context.xdc] for cell 'design_1_i/AHBH/FA_12'
Finished Parsing XDC File [f:/Haoyang_Sun/experiments/labs/lab8_ex/lab8_ex.gen/sources_1/bd/design_1/ip/design_1_FA_12_6/design_1_FA_12_6/design_1_FA_12_6_in_context.xdc] for cell 'design_1_i/AHBH/FA_12'
Parsing XDC File [f:/Haoyang_Sun/experiments/labs/lab8_ex/lab8_ex.gen/sources_1/bd/design_1/ip/design_1_FA_11_6/design_1_FA_11_6/design_1_FA_11_6_in_context.xdc] for cell 'design_1_i/AHBH/FA_11'
Finished Parsing XDC File [f:/Haoyang_Sun/experiments/labs/lab8_ex/lab8_ex.gen/sources_1/bd/design_1/ip/design_1_FA_11_6/design_1_FA_11_6/design_1_FA_11_6_in_context.xdc] for cell 'design_1_i/AHBH/FA_11'
Parsing XDC File [f:/Haoyang_Sun/experiments/labs/lab8_ex/lab8_ex.gen/sources_1/bd/design_1/ip/design_1_FA_10_6/design_1_FA_10_6/design_1_FA_10_6_in_context.xdc] for cell 'design_1_i/AHBH/FA_10'
Finished Parsing XDC File [f:/Haoyang_Sun/experiments/labs/lab8_ex/lab8_ex.gen/sources_1/bd/design_1/ip/design_1_FA_10_6/design_1_FA_10_6/design_1_FA_10_6_in_context.xdc] for cell 'design_1_i/AHBH/FA_10'
Parsing XDC File [f:/Haoyang_Sun/experiments/labs/lab8_ex/lab8_ex.gen/sources_1/bd/design_1/ip/design_1_FA_9_6/design_1_FA_9_6/design_1_FA_9_6_in_context.xdc] for cell 'design_1_i/AHBH/FA_9'
Finished Parsing XDC File [f:/Haoyang_Sun/experiments/labs/lab8_ex/lab8_ex.gen/sources_1/bd/design_1/ip/design_1_FA_9_6/design_1_FA_9_6/design_1_FA_9_6_in_context.xdc] for cell 'design_1_i/AHBH/FA_9'
Parsing XDC File [f:/Haoyang_Sun/experiments/labs/lab8_ex/lab8_ex.gen/sources_1/bd/design_1/ip/design_1_FA_8_6/design_1_FA_8_6/design_1_FA_8_6_in_context.xdc] for cell 'design_1_i/AHBH/FA_8'
Finished Parsing XDC File [f:/Haoyang_Sun/experiments/labs/lab8_ex/lab8_ex.gen/sources_1/bd/design_1/ip/design_1_FA_8_6/design_1_FA_8_6/design_1_FA_8_6_in_context.xdc] for cell 'design_1_i/AHBH/FA_8'
Parsing XDC File [f:/Haoyang_Sun/experiments/labs/lab8_ex/lab8_ex.gen/sources_1/bd/design_1/ip/design_1_FA_7_6/design_1_FA_7_6/design_1_FA_7_6_in_context.xdc] for cell 'design_1_i/AHBH/FA_7'
Finished Parsing XDC File [f:/Haoyang_Sun/experiments/labs/lab8_ex/lab8_ex.gen/sources_1/bd/design_1/ip/design_1_FA_7_6/design_1_FA_7_6/design_1_FA_7_6_in_context.xdc] for cell 'design_1_i/AHBH/FA_7'
Parsing XDC File [f:/Haoyang_Sun/experiments/labs/lab8_ex/lab8_ex.gen/sources_1/bd/design_1/ip/design_1_FA_6_6/design_1_FA_6_6/design_1_FA_6_6_in_context.xdc] for cell 'design_1_i/AHBH/FA_6'
Finished Parsing XDC File [f:/Haoyang_Sun/experiments/labs/lab8_ex/lab8_ex.gen/sources_1/bd/design_1/ip/design_1_FA_6_6/design_1_FA_6_6/design_1_FA_6_6_in_context.xdc] for cell 'design_1_i/AHBH/FA_6'
Parsing XDC File [f:/Haoyang_Sun/experiments/labs/lab8_ex/lab8_ex.gen/sources_1/bd/design_1/ip/design_1_FA_5_6/design_1_FA_5_6/design_1_FA_5_6_in_context.xdc] for cell 'design_1_i/AHBH/FA_5'
Finished Parsing XDC File [f:/Haoyang_Sun/experiments/labs/lab8_ex/lab8_ex.gen/sources_1/bd/design_1/ip/design_1_FA_5_6/design_1_FA_5_6/design_1_FA_5_6_in_context.xdc] for cell 'design_1_i/AHBH/FA_5'
Parsing XDC File [f:/Haoyang_Sun/experiments/labs/lab8_ex/lab8_ex.gen/sources_1/bd/design_1/ip/design_1_FA_4_6/design_1_FA_4_6/design_1_FA_4_6_in_context.xdc] for cell 'design_1_i/AHBH/FA_4'
Finished Parsing XDC File [f:/Haoyang_Sun/experiments/labs/lab8_ex/lab8_ex.gen/sources_1/bd/design_1/ip/design_1_FA_4_6/design_1_FA_4_6/design_1_FA_4_6_in_context.xdc] for cell 'design_1_i/AHBH/FA_4'
Parsing XDC File [f:/Haoyang_Sun/experiments/labs/lab8_ex/lab8_ex.gen/sources_1/bd/design_1/ip/design_1_FA_3_11/design_1_FA_3_11/design_1_FA_3_11_in_context.xdc] for cell 'design_1_i/AHBH/FA_3'
Finished Parsing XDC File [f:/Haoyang_Sun/experiments/labs/lab8_ex/lab8_ex.gen/sources_1/bd/design_1/ip/design_1_FA_3_11/design_1_FA_3_11/design_1_FA_3_11_in_context.xdc] for cell 'design_1_i/AHBH/FA_3'
Parsing XDC File [f:/Haoyang_Sun/experiments/labs/lab8_ex/lab8_ex.gen/sources_1/bd/design_1/ip/design_1_FA_2_11/design_1_FA_2_11/design_1_FA_2_11_in_context.xdc] for cell 'design_1_i/AHBH/FA_2'
Finished Parsing XDC File [f:/Haoyang_Sun/experiments/labs/lab8_ex/lab8_ex.gen/sources_1/bd/design_1/ip/design_1_FA_2_11/design_1_FA_2_11/design_1_FA_2_11_in_context.xdc] for cell 'design_1_i/AHBH/FA_2'
Parsing XDC File [f:/Haoyang_Sun/experiments/labs/lab8_ex/lab8_ex.gen/sources_1/bd/design_1/ip/design_1_FA_1_11/design_1_FA_1_11/design_1_FA_1_11_in_context.xdc] for cell 'design_1_i/AHBH/FA_1'
Finished Parsing XDC File [f:/Haoyang_Sun/experiments/labs/lab8_ex/lab8_ex.gen/sources_1/bd/design_1/ip/design_1_FA_1_11/design_1_FA_1_11/design_1_FA_1_11_in_context.xdc] for cell 'design_1_i/AHBH/FA_1'
Parsing XDC File [f:/Haoyang_Sun/experiments/labs/lab8_ex/lab8_ex.gen/sources_1/bd/design_1/ip/design_1_FA_0_11/design_1_FA_0_11/design_1_FA_0_11_in_context.xdc] for cell 'design_1_i/AHBH/FA_0'
Finished Parsing XDC File [f:/Haoyang_Sun/experiments/labs/lab8_ex/lab8_ex.gen/sources_1/bd/design_1/ip/design_1_FA_0_11/design_1_FA_0_11/design_1_FA_0_11_in_context.xdc] for cell 'design_1_i/AHBH/FA_0'
Parsing XDC File [f:/Haoyang_Sun/experiments/labs/lab8_ex/lab8_ex.gen/sources_1/bd/design_1/ip/design_1_and2_15_7/design_1_and2_15_7/design_1_and2_15_7_in_context.xdc] for cell 'design_1_i/AHBH/and2_15'
Finished Parsing XDC File [f:/Haoyang_Sun/experiments/labs/lab8_ex/lab8_ex.gen/sources_1/bd/design_1/ip/design_1_and2_15_7/design_1_and2_15_7/design_1_and2_15_7_in_context.xdc] for cell 'design_1_i/AHBH/and2_15'
Parsing XDC File [f:/Haoyang_Sun/experiments/labs/lab8_ex/lab8_ex.gen/sources_1/bd/design_1/ip/design_1_and2_14_7/design_1_and2_14_7/design_1_and2_14_7_in_context.xdc] for cell 'design_1_i/AHBH/and2_14'
Finished Parsing XDC File [f:/Haoyang_Sun/experiments/labs/lab8_ex/lab8_ex.gen/sources_1/bd/design_1/ip/design_1_and2_14_7/design_1_and2_14_7/design_1_and2_14_7_in_context.xdc] for cell 'design_1_i/AHBH/and2_14'
Parsing XDC File [f:/Haoyang_Sun/experiments/labs/lab8_ex/lab8_ex.gen/sources_1/bd/design_1/ip/design_1_and2_13_7/design_1_and2_13_7/design_1_and2_13_7_in_context.xdc] for cell 'design_1_i/AHBH/and2_13'
Finished Parsing XDC File [f:/Haoyang_Sun/experiments/labs/lab8_ex/lab8_ex.gen/sources_1/bd/design_1/ip/design_1_and2_13_7/design_1_and2_13_7/design_1_and2_13_7_in_context.xdc] for cell 'design_1_i/AHBH/and2_13'
Parsing XDC File [f:/Haoyang_Sun/experiments/labs/lab8_ex/lab8_ex.gen/sources_1/bd/design_1/ip/design_1_and2_12_7/design_1_and2_12_7/design_1_and2_12_7_in_context.xdc] for cell 'design_1_i/AHBH/and2_12'
Finished Parsing XDC File [f:/Haoyang_Sun/experiments/labs/lab8_ex/lab8_ex.gen/sources_1/bd/design_1/ip/design_1_and2_12_7/design_1_and2_12_7/design_1_and2_12_7_in_context.xdc] for cell 'design_1_i/AHBH/and2_12'
Parsing XDC File [f:/Haoyang_Sun/experiments/labs/lab8_ex/lab8_ex.gen/sources_1/bd/design_1/ip/design_1_and2_11_7/design_1_and2_11_7/design_1_and2_11_7_in_context.xdc] for cell 'design_1_i/AHBH/and2_11'
Finished Parsing XDC File [f:/Haoyang_Sun/experiments/labs/lab8_ex/lab8_ex.gen/sources_1/bd/design_1/ip/design_1_and2_11_7/design_1_and2_11_7/design_1_and2_11_7_in_context.xdc] for cell 'design_1_i/AHBH/and2_11'
Parsing XDC File [f:/Haoyang_Sun/experiments/labs/lab8_ex/lab8_ex.gen/sources_1/bd/design_1/ip/design_1_and2_10_7/design_1_and2_10_7/design_1_and2_10_7_in_context.xdc] for cell 'design_1_i/AHBH/and2_10'
Finished Parsing XDC File [f:/Haoyang_Sun/experiments/labs/lab8_ex/lab8_ex.gen/sources_1/bd/design_1/ip/design_1_and2_10_7/design_1_and2_10_7/design_1_and2_10_7_in_context.xdc] for cell 'design_1_i/AHBH/and2_10'
Parsing XDC File [f:/Haoyang_Sun/experiments/labs/lab8_ex/lab8_ex.gen/sources_1/bd/design_1/ip/design_1_and2_9_7/design_1_and2_9_7/design_1_and2_9_7_in_context.xdc] for cell 'design_1_i/AHBH/and2_9'
Finished Parsing XDC File [f:/Haoyang_Sun/experiments/labs/lab8_ex/lab8_ex.gen/sources_1/bd/design_1/ip/design_1_and2_9_7/design_1_and2_9_7/design_1_and2_9_7_in_context.xdc] for cell 'design_1_i/AHBH/and2_9'
Parsing XDC File [f:/Haoyang_Sun/experiments/labs/lab8_ex/lab8_ex.gen/sources_1/bd/design_1/ip/design_1_and2_8_7/design_1_and2_8_7/design_1_and2_8_7_in_context.xdc] for cell 'design_1_i/AHBH/and2_8'
Finished Parsing XDC File [f:/Haoyang_Sun/experiments/labs/lab8_ex/lab8_ex.gen/sources_1/bd/design_1/ip/design_1_and2_8_7/design_1_and2_8_7/design_1_and2_8_7_in_context.xdc] for cell 'design_1_i/AHBH/and2_8'
Parsing XDC File [f:/Haoyang_Sun/experiments/labs/lab8_ex/lab8_ex.gen/sources_1/bd/design_1/ip/design_1_and2_7_7/design_1_and2_7_7/design_1_and2_7_7_in_context.xdc] for cell 'design_1_i/AHBH/and2_7'
Finished Parsing XDC File [f:/Haoyang_Sun/experiments/labs/lab8_ex/lab8_ex.gen/sources_1/bd/design_1/ip/design_1_and2_7_7/design_1_and2_7_7/design_1_and2_7_7_in_context.xdc] for cell 'design_1_i/AHBH/and2_7'
Parsing XDC File [f:/Haoyang_Sun/experiments/labs/lab8_ex/lab8_ex.gen/sources_1/bd/design_1/ip/design_1_and2_6_7/design_1_and2_6_7/design_1_and2_6_7_in_context.xdc] for cell 'design_1_i/AHBH/and2_6'
Finished Parsing XDC File [f:/Haoyang_Sun/experiments/labs/lab8_ex/lab8_ex.gen/sources_1/bd/design_1/ip/design_1_and2_6_7/design_1_and2_6_7/design_1_and2_6_7_in_context.xdc] for cell 'design_1_i/AHBH/and2_6'
Parsing XDC File [f:/Haoyang_Sun/experiments/labs/lab8_ex/lab8_ex.gen/sources_1/bd/design_1/ip/design_1_and2_5_7/design_1_and2_5_7/design_1_and2_5_7_in_context.xdc] for cell 'design_1_i/AHBH/and2_5'
Finished Parsing XDC File [f:/Haoyang_Sun/experiments/labs/lab8_ex/lab8_ex.gen/sources_1/bd/design_1/ip/design_1_and2_5_7/design_1_and2_5_7/design_1_and2_5_7_in_context.xdc] for cell 'design_1_i/AHBH/and2_5'
Parsing XDC File [f:/Haoyang_Sun/experiments/labs/lab8_ex/lab8_ex.gen/sources_1/bd/design_1/ip/design_1_and2_4_7/design_1_and2_4_7/design_1_and2_4_7_in_context.xdc] for cell 'design_1_i/AHBH/and2_4'
Finished Parsing XDC File [f:/Haoyang_Sun/experiments/labs/lab8_ex/lab8_ex.gen/sources_1/bd/design_1/ip/design_1_and2_4_7/design_1_and2_4_7/design_1_and2_4_7_in_context.xdc] for cell 'design_1_i/AHBH/and2_4'
Parsing XDC File [f:/Haoyang_Sun/experiments/labs/lab8_ex/lab8_ex.gen/sources_1/bd/design_1/ip/design_1_and2_3_7/design_1_and2_3_7/design_1_and2_3_7_in_context.xdc] for cell 'design_1_i/AHBH/and2_3'
Finished Parsing XDC File [f:/Haoyang_Sun/experiments/labs/lab8_ex/lab8_ex.gen/sources_1/bd/design_1/ip/design_1_and2_3_7/design_1_and2_3_7/design_1_and2_3_7_in_context.xdc] for cell 'design_1_i/AHBH/and2_3'
Parsing XDC File [f:/Haoyang_Sun/experiments/labs/lab8_ex/lab8_ex.gen/sources_1/bd/design_1/ip/design_1_and2_2_7/design_1_and2_2_7/design_1_and2_2_7_in_context.xdc] for cell 'design_1_i/AHBH/and2_2'
Finished Parsing XDC File [f:/Haoyang_Sun/experiments/labs/lab8_ex/lab8_ex.gen/sources_1/bd/design_1/ip/design_1_and2_2_7/design_1_and2_2_7/design_1_and2_2_7_in_context.xdc] for cell 'design_1_i/AHBH/and2_2'
Parsing XDC File [f:/Haoyang_Sun/experiments/labs/lab8_ex/lab8_ex.gen/sources_1/bd/design_1/ip/design_1_and2_1_7/design_1_and2_1_7/design_1_and2_1_7_in_context.xdc] for cell 'design_1_i/AHBH/and2_1'
Finished Parsing XDC File [f:/Haoyang_Sun/experiments/labs/lab8_ex/lab8_ex.gen/sources_1/bd/design_1/ip/design_1_and2_1_7/design_1_and2_1_7/design_1_and2_1_7_in_context.xdc] for cell 'design_1_i/AHBH/and2_1'
Parsing XDC File [f:/Haoyang_Sun/experiments/labs/lab8_ex/lab8_ex.gen/sources_1/bd/design_1/ip/design_1_and2_0_7/design_1_and2_0_7/design_1_and2_0_7_in_context.xdc] for cell 'design_1_i/AHBH/and2_0'
Finished Parsing XDC File [f:/Haoyang_Sun/experiments/labs/lab8_ex/lab8_ex.gen/sources_1/bd/design_1/ip/design_1_and2_0_7/design_1_and2_0_7/design_1_and2_0_7_in_context.xdc] for cell 'design_1_i/AHBH/and2_0'
Parsing XDC File [f:/Haoyang_Sun/experiments/labs/lab8_ex/lab8_ex.gen/sources_1/bd/design_1/ip/design_1_adpt_out1_0_0/design_1_adpt_out1_0_0/design_1_adpt_out1_0_0_in_context.xdc] for cell 'design_1_i/adpt_out1_0'
Finished Parsing XDC File [f:/Haoyang_Sun/experiments/labs/lab8_ex/lab8_ex.gen/sources_1/bd/design_1/ip/design_1_adpt_out1_0_0/design_1_adpt_out1_0_0/design_1_adpt_out1_0_0_in_context.xdc] for cell 'design_1_i/adpt_out1_0'
Parsing XDC File [f:/Haoyang_Sun/experiments/labs/lab8_ex/lab8_ex.gen/sources_1/bd/design_1/ip/design_1_FA_3_14/design_1_FA_3_14/design_1_FA_3_14_in_context.xdc] for cell 'design_1_i/FA0_11'
Finished Parsing XDC File [f:/Haoyang_Sun/experiments/labs/lab8_ex/lab8_ex.gen/sources_1/bd/design_1/ip/design_1_FA_3_14/design_1_FA_3_14/design_1_FA_3_14_in_context.xdc] for cell 'design_1_i/FA0_11'
Parsing XDC File [f:/Haoyang_Sun/experiments/labs/lab8_ex/lab8_ex.gen/sources_1/bd/design_1/ip/design_1_FA_4_7/design_1_FA_4_7/design_1_FA_4_7_in_context.xdc] for cell 'design_1_i/FA0_12'
Finished Parsing XDC File [f:/Haoyang_Sun/experiments/labs/lab8_ex/lab8_ex.gen/sources_1/bd/design_1/ip/design_1_FA_4_7/design_1_FA_4_7/design_1_FA_4_7_in_context.xdc] for cell 'design_1_i/FA0_12'
Parsing XDC File [f:/Haoyang_Sun/experiments/labs/lab8_ex/lab8_ex.gen/sources_1/bd/design_1/ip/design_1_FA_0_12/design_1_FA_0_12/design_1_FA_0_12_in_context.xdc] for cell 'design_1_i/FA0_0'
Finished Parsing XDC File [f:/Haoyang_Sun/experiments/labs/lab8_ex/lab8_ex.gen/sources_1/bd/design_1/ip/design_1_FA_0_12/design_1_FA_0_12/design_1_FA_0_12_in_context.xdc] for cell 'design_1_i/FA0_0'
Parsing XDC File [f:/Haoyang_Sun/experiments/labs/lab8_ex/lab8_ex.gen/sources_1/bd/design_1/ip/design_1_FA_0_13/design_1_FA_0_13/design_1_FA_0_13_in_context.xdc] for cell 'design_1_i/FA0_1'
Finished Parsing XDC File [f:/Haoyang_Sun/experiments/labs/lab8_ex/lab8_ex.gen/sources_1/bd/design_1/ip/design_1_FA_0_13/design_1_FA_0_13/design_1_FA_0_13_in_context.xdc] for cell 'design_1_i/FA0_1'
Parsing XDC File [f:/Haoyang_Sun/experiments/labs/lab8_ex/lab8_ex.gen/sources_1/bd/design_1/ip/design_1_FA_5_7/design_1_FA_5_7/design_1_FA_5_7_in_context.xdc] for cell 'design_1_i/FA0_13'
Finished Parsing XDC File [f:/Haoyang_Sun/experiments/labs/lab8_ex/lab8_ex.gen/sources_1/bd/design_1/ip/design_1_FA_5_7/design_1_FA_5_7/design_1_FA_5_7_in_context.xdc] for cell 'design_1_i/FA0_13'
Parsing XDC File [f:/Haoyang_Sun/experiments/labs/lab8_ex/lab8_ex.gen/sources_1/bd/design_1/ip/design_1_FA_6_7/design_1_FA_6_7/design_1_FA_6_7_in_context.xdc] for cell 'design_1_i/FA0_14'
Finished Parsing XDC File [f:/Haoyang_Sun/experiments/labs/lab8_ex/lab8_ex.gen/sources_1/bd/design_1/ip/design_1_FA_6_7/design_1_FA_6_7/design_1_FA_6_7_in_context.xdc] for cell 'design_1_i/FA0_14'
Parsing XDC File [f:/Haoyang_Sun/experiments/labs/lab8_ex/lab8_ex.gen/sources_1/bd/design_1/ip/design_1_FA_0_14/design_1_FA_0_14/design_1_FA_0_14_in_context.xdc] for cell 'design_1_i/FA0_2'
Finished Parsing XDC File [f:/Haoyang_Sun/experiments/labs/lab8_ex/lab8_ex.gen/sources_1/bd/design_1/ip/design_1_FA_0_14/design_1_FA_0_14/design_1_FA_0_14_in_context.xdc] for cell 'design_1_i/FA0_2'
Parsing XDC File [f:/Haoyang_Sun/experiments/labs/lab8_ex/lab8_ex.gen/sources_1/bd/design_1/ip/design_1_FA_0_15/design_1_FA_0_15/design_1_FA_0_15_in_context.xdc] for cell 'design_1_i/FA0_3'
Finished Parsing XDC File [f:/Haoyang_Sun/experiments/labs/lab8_ex/lab8_ex.gen/sources_1/bd/design_1/ip/design_1_FA_0_15/design_1_FA_0_15/design_1_FA_0_15_in_context.xdc] for cell 'design_1_i/FA0_3'
Parsing XDC File [f:/Haoyang_Sun/experiments/labs/lab8_ex/lab8_ex.gen/sources_1/bd/design_1/ip/design_1_FA_7_7/design_1_FA_7_7/design_1_FA_7_7_in_context.xdc] for cell 'design_1_i/FA0_15'
Finished Parsing XDC File [f:/Haoyang_Sun/experiments/labs/lab8_ex/lab8_ex.gen/sources_1/bd/design_1/ip/design_1_FA_7_7/design_1_FA_7_7/design_1_FA_7_7_in_context.xdc] for cell 'design_1_i/FA0_15'
Parsing XDC File [f:/Haoyang_Sun/experiments/labs/lab8_ex/lab8_ex.gen/sources_1/bd/design_1/ip/design_1_FA_0_16/design_1_FA_0_16/design_1_FA_0_16_in_context.xdc] for cell 'design_1_i/FA0_4'
Finished Parsing XDC File [f:/Haoyang_Sun/experiments/labs/lab8_ex/lab8_ex.gen/sources_1/bd/design_1/ip/design_1_FA_0_16/design_1_FA_0_16/design_1_FA_0_16_in_context.xdc] for cell 'design_1_i/FA0_4'
Parsing XDC File [f:/Haoyang_Sun/experiments/labs/lab8_ex/lab8_ex.gen/sources_1/bd/design_1/ip/design_1_FA_1_12/design_1_FA_1_12/design_1_FA_1_12_in_context.xdc] for cell 'design_1_i/FA0_5'
Finished Parsing XDC File [f:/Haoyang_Sun/experiments/labs/lab8_ex/lab8_ex.gen/sources_1/bd/design_1/ip/design_1_FA_1_12/design_1_FA_1_12/design_1_FA_1_12_in_context.xdc] for cell 'design_1_i/FA0_5'
Parsing XDC File [f:/Haoyang_Sun/experiments/labs/lab8_ex/lab8_ex.gen/sources_1/bd/design_1/ip/design_1_FA_2_12/design_1_FA_2_12/design_1_FA_2_12_in_context.xdc] for cell 'design_1_i/FA0_6'
Finished Parsing XDC File [f:/Haoyang_Sun/experiments/labs/lab8_ex/lab8_ex.gen/sources_1/bd/design_1/ip/design_1_FA_2_12/design_1_FA_2_12/design_1_FA_2_12_in_context.xdc] for cell 'design_1_i/FA0_6'
Parsing XDC File [f:/Haoyang_Sun/experiments/labs/lab8_ex/lab8_ex.gen/sources_1/bd/design_1/ip/design_1_FA_3_12/design_1_FA_3_12/design_1_FA_3_12_in_context.xdc] for cell 'design_1_i/FA0_7'
Finished Parsing XDC File [f:/Haoyang_Sun/experiments/labs/lab8_ex/lab8_ex.gen/sources_1/bd/design_1/ip/design_1_FA_3_12/design_1_FA_3_12/design_1_FA_3_12_in_context.xdc] for cell 'design_1_i/FA0_7'
Parsing XDC File [f:/Haoyang_Sun/experiments/labs/lab8_ex/lab8_ex.gen/sources_1/bd/design_1/ip/design_1_FA_0_18/design_1_FA_0_18/design_1_FA_0_18_in_context.xdc] for cell 'design_1_i/FA0_8'
Finished Parsing XDC File [f:/Haoyang_Sun/experiments/labs/lab8_ex/lab8_ex.gen/sources_1/bd/design_1/ip/design_1_FA_0_18/design_1_FA_0_18/design_1_FA_0_18_in_context.xdc] for cell 'design_1_i/FA0_8'
Parsing XDC File [f:/Haoyang_Sun/experiments/labs/lab8_ex/lab8_ex.gen/sources_1/bd/design_1/ip/design_1_FA_1_14/design_1_FA_1_14/design_1_FA_1_14_in_context.xdc] for cell 'design_1_i/FA0_9'
Finished Parsing XDC File [f:/Haoyang_Sun/experiments/labs/lab8_ex/lab8_ex.gen/sources_1/bd/design_1/ip/design_1_FA_1_14/design_1_FA_1_14/design_1_FA_1_14_in_context.xdc] for cell 'design_1_i/FA0_9'
Parsing XDC File [f:/Haoyang_Sun/experiments/labs/lab8_ex/lab8_ex.gen/sources_1/bd/design_1/ip/design_1_FA_2_14/design_1_FA_2_14/design_1_FA_2_14_in_context.xdc] for cell 'design_1_i/FA0_10'
Finished Parsing XDC File [f:/Haoyang_Sun/experiments/labs/lab8_ex/lab8_ex.gen/sources_1/bd/design_1/ip/design_1_FA_2_14/design_1_FA_2_14/design_1_FA_2_14_in_context.xdc] for cell 'design_1_i/FA0_10'
Parsing XDC File [f:/Haoyang_Sun/experiments/labs/lab8_ex/lab8_ex.gen/sources_1/bd/design_1/ip/design_1_FA_0_20/design_1_FA_0_20/design_1_FA_0_20_in_context.xdc] for cell 'design_1_i/FA1_0'
Finished Parsing XDC File [f:/Haoyang_Sun/experiments/labs/lab8_ex/lab8_ex.gen/sources_1/bd/design_1/ip/design_1_FA_0_20/design_1_FA_0_20/design_1_FA_0_20_in_context.xdc] for cell 'design_1_i/FA1_0'
Parsing XDC File [f:/Haoyang_Sun/experiments/labs/lab8_ex/lab8_ex.gen/sources_1/bd/design_1/ip/design_1_FA1_0_0/design_1_FA1_0_0/design_1_FA1_0_0_in_context.xdc] for cell 'design_1_i/FA1_1'
Finished Parsing XDC File [f:/Haoyang_Sun/experiments/labs/lab8_ex/lab8_ex.gen/sources_1/bd/design_1/ip/design_1_FA1_0_0/design_1_FA1_0_0/design_1_FA1_0_0_in_context.xdc] for cell 'design_1_i/FA1_1'
Parsing XDC File [f:/Haoyang_Sun/experiments/labs/lab8_ex/lab8_ex.gen/sources_1/bd/design_1/ip/design_1_FA1_0_1/design_1_FA1_0_1/design_1_FA1_0_1_in_context.xdc] for cell 'design_1_i/FA1_2'
Finished Parsing XDC File [f:/Haoyang_Sun/experiments/labs/lab8_ex/lab8_ex.gen/sources_1/bd/design_1/ip/design_1_FA1_0_1/design_1_FA1_0_1/design_1_FA1_0_1_in_context.xdc] for cell 'design_1_i/FA1_2'
Parsing XDC File [f:/Haoyang_Sun/experiments/labs/lab8_ex/lab8_ex.gen/sources_1/bd/design_1/ip/design_1_FA1_0_2/design_1_FA1_0_2/design_1_FA1_0_2_in_context.xdc] for cell 'design_1_i/FA1_3'
Finished Parsing XDC File [f:/Haoyang_Sun/experiments/labs/lab8_ex/lab8_ex.gen/sources_1/bd/design_1/ip/design_1_FA1_0_2/design_1_FA1_0_2/design_1_FA1_0_2_in_context.xdc] for cell 'design_1_i/FA1_3'
Parsing XDC File [f:/Haoyang_Sun/experiments/labs/lab8_ex/lab8_ex.gen/sources_1/bd/design_1/ip/design_1_FA1_0_3/design_1_FA1_0_3/design_1_FA1_0_3_in_context.xdc] for cell 'design_1_i/FA1_4'
Finished Parsing XDC File [f:/Haoyang_Sun/experiments/labs/lab8_ex/lab8_ex.gen/sources_1/bd/design_1/ip/design_1_FA1_0_3/design_1_FA1_0_3/design_1_FA1_0_3_in_context.xdc] for cell 'design_1_i/FA1_4'
Parsing XDC File [f:/Haoyang_Sun/experiments/labs/lab8_ex/lab8_ex.gen/sources_1/bd/design_1/ip/design_1_FA1_0_4/design_1_FA1_0_4/design_1_FA1_0_4_in_context.xdc] for cell 'design_1_i/FA1_5'
Finished Parsing XDC File [f:/Haoyang_Sun/experiments/labs/lab8_ex/lab8_ex.gen/sources_1/bd/design_1/ip/design_1_FA1_0_4/design_1_FA1_0_4/design_1_FA1_0_4_in_context.xdc] for cell 'design_1_i/FA1_5'
Parsing XDC File [f:/Haoyang_Sun/experiments/labs/lab8_ex/lab8_ex.gen/sources_1/bd/design_1/ip/design_1_FA1_0_5/design_1_FA1_0_5/design_1_FA1_0_5_in_context.xdc] for cell 'design_1_i/FA1_6'
Finished Parsing XDC File [f:/Haoyang_Sun/experiments/labs/lab8_ex/lab8_ex.gen/sources_1/bd/design_1/ip/design_1_FA1_0_5/design_1_FA1_0_5/design_1_FA1_0_5_in_context.xdc] for cell 'design_1_i/FA1_6'
Parsing XDC File [f:/Haoyang_Sun/experiments/labs/lab8_ex/lab8_ex.gen/sources_1/bd/design_1/ip/design_1_FA1_0_6/design_1_FA1_0_6/design_1_FA1_0_6_in_context.xdc] for cell 'design_1_i/FA1_7'
Finished Parsing XDC File [f:/Haoyang_Sun/experiments/labs/lab8_ex/lab8_ex.gen/sources_1/bd/design_1/ip/design_1_FA1_0_6/design_1_FA1_0_6/design_1_FA1_0_6_in_context.xdc] for cell 'design_1_i/FA1_7'
Parsing XDC File [f:/Haoyang_Sun/experiments/labs/lab8_ex/lab8_ex.gen/sources_1/bd/design_1/ip/design_1_FA1_0_7/design_1_FA1_0_7/design_1_FA1_0_7_in_context.xdc] for cell 'design_1_i/FA1_8'
Finished Parsing XDC File [f:/Haoyang_Sun/experiments/labs/lab8_ex/lab8_ex.gen/sources_1/bd/design_1/ip/design_1_FA1_0_7/design_1_FA1_0_7/design_1_FA1_0_7_in_context.xdc] for cell 'design_1_i/FA1_8'
Parsing XDC File [f:/Haoyang_Sun/experiments/labs/lab8_ex/lab8_ex.gen/sources_1/bd/design_1/ip/design_1_FA1_0_8/design_1_FA1_0_8/design_1_FA1_0_8_in_context.xdc] for cell 'design_1_i/FA1_9'
Finished Parsing XDC File [f:/Haoyang_Sun/experiments/labs/lab8_ex/lab8_ex.gen/sources_1/bd/design_1/ip/design_1_FA1_0_8/design_1_FA1_0_8/design_1_FA1_0_8_in_context.xdc] for cell 'design_1_i/FA1_9'
Parsing XDC File [f:/Haoyang_Sun/experiments/labs/lab8_ex/lab8_ex.gen/sources_1/bd/design_1/ip/design_1_FA1_0_9/design_1_FA1_0_9/design_1_FA1_0_9_in_context.xdc] for cell 'design_1_i/FA1_10'
Finished Parsing XDC File [f:/Haoyang_Sun/experiments/labs/lab8_ex/lab8_ex.gen/sources_1/bd/design_1/ip/design_1_FA1_0_9/design_1_FA1_0_9/design_1_FA1_0_9_in_context.xdc] for cell 'design_1_i/FA1_10'
Parsing XDC File [f:/Haoyang_Sun/experiments/labs/lab8_ex/lab8_ex.gen/sources_1/bd/design_1/ip/design_1_FA1_0_10/design_1_FA1_0_10/design_1_FA1_0_10_in_context.xdc] for cell 'design_1_i/FA1_11'
Finished Parsing XDC File [f:/Haoyang_Sun/experiments/labs/lab8_ex/lab8_ex.gen/sources_1/bd/design_1/ip/design_1_FA1_0_10/design_1_FA1_0_10/design_1_FA1_0_10_in_context.xdc] for cell 'design_1_i/FA1_11'
Parsing XDC File [f:/Haoyang_Sun/experiments/labs/lab8_ex/lab8_ex.gen/sources_1/bd/design_1/ip/design_1_FA1_0_11/design_1_FA1_0_11/design_1_FA1_0_11_in_context.xdc] for cell 'design_1_i/FA1_12'
Finished Parsing XDC File [f:/Haoyang_Sun/experiments/labs/lab8_ex/lab8_ex.gen/sources_1/bd/design_1/ip/design_1_FA1_0_11/design_1_FA1_0_11/design_1_FA1_0_11_in_context.xdc] for cell 'design_1_i/FA1_12'
Parsing XDC File [f:/Haoyang_Sun/experiments/labs/lab8_ex/lab8_ex.gen/sources_1/bd/design_1/ip/design_1_FA1_0_12/design_1_FA1_0_12/design_1_FA1_0_12_in_context.xdc] for cell 'design_1_i/FA1_13'
Finished Parsing XDC File [f:/Haoyang_Sun/experiments/labs/lab8_ex/lab8_ex.gen/sources_1/bd/design_1/ip/design_1_FA1_0_12/design_1_FA1_0_12/design_1_FA1_0_12_in_context.xdc] for cell 'design_1_i/FA1_13'
Parsing XDC File [f:/Haoyang_Sun/experiments/labs/lab8_ex/lab8_ex.gen/sources_1/bd/design_1/ip/design_1_FA1_0_13/design_1_FA1_0_13/design_1_FA1_0_13_in_context.xdc] for cell 'design_1_i/FA1_14'
Finished Parsing XDC File [f:/Haoyang_Sun/experiments/labs/lab8_ex/lab8_ex.gen/sources_1/bd/design_1/ip/design_1_FA1_0_13/design_1_FA1_0_13/design_1_FA1_0_13_in_context.xdc] for cell 'design_1_i/FA1_14'
Parsing XDC File [f:/Haoyang_Sun/experiments/labs/lab8_ex/lab8_ex.gen/sources_1/bd/design_1/ip/design_1_FA1_0_14/design_1_FA1_0_14/design_1_FA1_0_14_in_context.xdc] for cell 'design_1_i/FA1_15'
Finished Parsing XDC File [f:/Haoyang_Sun/experiments/labs/lab8_ex/lab8_ex.gen/sources_1/bd/design_1/ip/design_1_FA1_0_14/design_1_FA1_0_14/design_1_FA1_0_14_in_context.xdc] for cell 'design_1_i/FA1_15'
Parsing XDC File [f:/Haoyang_Sun/experiments/labs/lab8_ex/lab8_ex.gen/sources_1/bd/design_1/ip/design_1_FA_0_21/design_1_FA_0_21/design_1_FA_0_21_in_context.xdc] for cell 'design_1_i/FA2_0'
Finished Parsing XDC File [f:/Haoyang_Sun/experiments/labs/lab8_ex/lab8_ex.gen/sources_1/bd/design_1/ip/design_1_FA_0_21/design_1_FA_0_21/design_1_FA_0_21_in_context.xdc] for cell 'design_1_i/FA2_0'
Parsing XDC File [f:/Haoyang_Sun/experiments/labs/lab8_ex/lab8_ex.gen/sources_1/bd/design_1/ip/design_1_FA2_0_1/design_1_FA2_0_1/design_1_FA2_0_1_in_context.xdc] for cell 'design_1_i/FA2_1'
Finished Parsing XDC File [f:/Haoyang_Sun/experiments/labs/lab8_ex/lab8_ex.gen/sources_1/bd/design_1/ip/design_1_FA2_0_1/design_1_FA2_0_1/design_1_FA2_0_1_in_context.xdc] for cell 'design_1_i/FA2_1'
Parsing XDC File [f:/Haoyang_Sun/experiments/labs/lab8_ex/lab8_ex.gen/sources_1/bd/design_1/ip/design_1_FA2_0_2/design_1_FA2_0_2/design_1_FA2_0_2_in_context.xdc] for cell 'design_1_i/FA2_2'
Finished Parsing XDC File [f:/Haoyang_Sun/experiments/labs/lab8_ex/lab8_ex.gen/sources_1/bd/design_1/ip/design_1_FA2_0_2/design_1_FA2_0_2/design_1_FA2_0_2_in_context.xdc] for cell 'design_1_i/FA2_2'
Parsing XDC File [f:/Haoyang_Sun/experiments/labs/lab8_ex/lab8_ex.gen/sources_1/bd/design_1/ip/design_1_FA2_0_3/design_1_FA2_0_3/design_1_FA2_0_3_in_context.xdc] for cell 'design_1_i/FA2_3'
Finished Parsing XDC File [f:/Haoyang_Sun/experiments/labs/lab8_ex/lab8_ex.gen/sources_1/bd/design_1/ip/design_1_FA2_0_3/design_1_FA2_0_3/design_1_FA2_0_3_in_context.xdc] for cell 'design_1_i/FA2_3'
Parsing XDC File [f:/Haoyang_Sun/experiments/labs/lab8_ex/lab8_ex.gen/sources_1/bd/design_1/ip/design_1_FA2_0_4/design_1_FA2_0_4/design_1_FA2_0_4_in_context.xdc] for cell 'design_1_i/FA2_4'
Finished Parsing XDC File [f:/Haoyang_Sun/experiments/labs/lab8_ex/lab8_ex.gen/sources_1/bd/design_1/ip/design_1_FA2_0_4/design_1_FA2_0_4/design_1_FA2_0_4_in_context.xdc] for cell 'design_1_i/FA2_4'
Parsing XDC File [f:/Haoyang_Sun/experiments/labs/lab8_ex/lab8_ex.gen/sources_1/bd/design_1/ip/design_1_FA2_0_5/design_1_FA2_0_5/design_1_FA2_0_5_in_context.xdc] for cell 'design_1_i/FA2_5'
Finished Parsing XDC File [f:/Haoyang_Sun/experiments/labs/lab8_ex/lab8_ex.gen/sources_1/bd/design_1/ip/design_1_FA2_0_5/design_1_FA2_0_5/design_1_FA2_0_5_in_context.xdc] for cell 'design_1_i/FA2_5'
Parsing XDC File [f:/Haoyang_Sun/experiments/labs/lab8_ex/lab8_ex.gen/sources_1/bd/design_1/ip/design_1_FA2_0_6/design_1_FA2_0_6/design_1_FA2_0_6_in_context.xdc] for cell 'design_1_i/FA2_6'
Finished Parsing XDC File [f:/Haoyang_Sun/experiments/labs/lab8_ex/lab8_ex.gen/sources_1/bd/design_1/ip/design_1_FA2_0_6/design_1_FA2_0_6/design_1_FA2_0_6_in_context.xdc] for cell 'design_1_i/FA2_6'
Parsing XDC File [f:/Haoyang_Sun/experiments/labs/lab8_ex/lab8_ex.gen/sources_1/bd/design_1/ip/design_1_FA2_0_7/design_1_FA2_0_7/design_1_FA2_0_7_in_context.xdc] for cell 'design_1_i/FA2_7'
Finished Parsing XDC File [f:/Haoyang_Sun/experiments/labs/lab8_ex/lab8_ex.gen/sources_1/bd/design_1/ip/design_1_FA2_0_7/design_1_FA2_0_7/design_1_FA2_0_7_in_context.xdc] for cell 'design_1_i/FA2_7'
Parsing XDC File [f:/Haoyang_Sun/experiments/labs/lab8_ex/lab8_ex.gen/sources_1/bd/design_1/ip/design_1_FA2_0_8/design_1_FA2_0_8/design_1_FA2_0_8_in_context.xdc] for cell 'design_1_i/FA2_8'
Finished Parsing XDC File [f:/Haoyang_Sun/experiments/labs/lab8_ex/lab8_ex.gen/sources_1/bd/design_1/ip/design_1_FA2_0_8/design_1_FA2_0_8/design_1_FA2_0_8_in_context.xdc] for cell 'design_1_i/FA2_8'
Parsing XDC File [f:/Haoyang_Sun/experiments/labs/lab8_ex/lab8_ex.gen/sources_1/bd/design_1/ip/design_1_FA2_0_9/design_1_FA2_0_9/design_1_FA2_0_9_in_context.xdc] for cell 'design_1_i/FA2_9'
Finished Parsing XDC File [f:/Haoyang_Sun/experiments/labs/lab8_ex/lab8_ex.gen/sources_1/bd/design_1/ip/design_1_FA2_0_9/design_1_FA2_0_9/design_1_FA2_0_9_in_context.xdc] for cell 'design_1_i/FA2_9'
Parsing XDC File [f:/Haoyang_Sun/experiments/labs/lab8_ex/lab8_ex.gen/sources_1/bd/design_1/ip/design_1_FA2_0_10/design_1_FA2_0_10/design_1_FA2_0_10_in_context.xdc] for cell 'design_1_i/FA2_10'
Finished Parsing XDC File [f:/Haoyang_Sun/experiments/labs/lab8_ex/lab8_ex.gen/sources_1/bd/design_1/ip/design_1_FA2_0_10/design_1_FA2_0_10/design_1_FA2_0_10_in_context.xdc] for cell 'design_1_i/FA2_10'
Parsing XDC File [f:/Haoyang_Sun/experiments/labs/lab8_ex/lab8_ex.gen/sources_1/bd/design_1/ip/design_1_FA2_0_11/design_1_FA2_0_11/design_1_FA2_0_11_in_context.xdc] for cell 'design_1_i/FA2_11'
Finished Parsing XDC File [f:/Haoyang_Sun/experiments/labs/lab8_ex/lab8_ex.gen/sources_1/bd/design_1/ip/design_1_FA2_0_11/design_1_FA2_0_11/design_1_FA2_0_11_in_context.xdc] for cell 'design_1_i/FA2_11'
Parsing XDC File [f:/Haoyang_Sun/experiments/labs/lab8_ex/lab8_ex.gen/sources_1/bd/design_1/ip/design_1_FA2_0_12/design_1_FA2_0_12/design_1_FA2_0_12_in_context.xdc] for cell 'design_1_i/FA2_12'
Finished Parsing XDC File [f:/Haoyang_Sun/experiments/labs/lab8_ex/lab8_ex.gen/sources_1/bd/design_1/ip/design_1_FA2_0_12/design_1_FA2_0_12/design_1_FA2_0_12_in_context.xdc] for cell 'design_1_i/FA2_12'
Parsing XDC File [f:/Haoyang_Sun/experiments/labs/lab8_ex/lab8_ex.gen/sources_1/bd/design_1/ip/design_1_FA2_0_13/design_1_FA2_0_13/design_1_FA2_0_13_in_context.xdc] for cell 'design_1_i/FA2_13'
Finished Parsing XDC File [f:/Haoyang_Sun/experiments/labs/lab8_ex/lab8_ex.gen/sources_1/bd/design_1/ip/design_1_FA2_0_13/design_1_FA2_0_13/design_1_FA2_0_13_in_context.xdc] for cell 'design_1_i/FA2_13'
Parsing XDC File [f:/Haoyang_Sun/experiments/labs/lab8_ex/lab8_ex.gen/sources_1/bd/design_1/ip/design_1_FA2_0_14/design_1_FA2_0_14/design_1_FA2_0_14_in_context.xdc] for cell 'design_1_i/FA2_14'
Finished Parsing XDC File [f:/Haoyang_Sun/experiments/labs/lab8_ex/lab8_ex.gen/sources_1/bd/design_1/ip/design_1_FA2_0_14/design_1_FA2_0_14/design_1_FA2_0_14_in_context.xdc] for cell 'design_1_i/FA2_14'
Parsing XDC File [f:/Haoyang_Sun/experiments/labs/lab8_ex/lab8_ex.gen/sources_1/bd/design_1/ip/design_1_FA2_0_15/design_1_FA2_0_15/design_1_FA2_0_15_in_context.xdc] for cell 'design_1_i/FA2_15'
Finished Parsing XDC File [f:/Haoyang_Sun/experiments/labs/lab8_ex/lab8_ex.gen/sources_1/bd/design_1/ip/design_1_FA2_0_15/design_1_FA2_0_15/design_1_FA2_0_15_in_context.xdc] for cell 'design_1_i/FA2_15'
Parsing XDC File [F:/Haoyang_Sun/experiments/labs/lab8_ex/synth_1/dont_touch.xdc]
Finished Parsing XDC File [F:/Haoyang_Sun/experiments/labs/lab8_ex/synth_1/dont_touch.xdc]
Completed Processing XDC Constraints

Netlist sorting complete. Time (s): cpu = 00:00:00 ; elapsed = 00:00:00 . Memory (MB): peak = 1424.750 ; gain = 0.000
INFO: [Project 1-111] Unisim Transformation Summary:
No Unisim elements were transformed.

Constraint Validation Runtime : Time (s): cpu = 00:00:00 ; elapsed = 00:00:00.082 . Memory (MB): peak = 1424.750 ; gain = 0.000
INFO: [Designutils 20-5440] No compile time benefit to using incremental synthesis; A full resynthesis will be run
INFO: [Designutils 20-4379] Flow is switching to default flow due to incremental criteria not met. If you would like to alter this behaviour and have the flow terminate instead, please set the following parameter config_implementation {autoIncr.Synth.RejectBehavior Terminate}
---------------------------------------------------------------------------------
Finished Constraint Validation : Time (s): cpu = 00:00:22 ; elapsed = 00:00:26 . Memory (MB): peak = 1424.750 ; gain = 611.879
---------------------------------------------------------------------------------
---------------------------------------------------------------------------------
Start Loading Part and Timing Information
---------------------------------------------------------------------------------
Loading part: xc7z020clg400-1
---------------------------------------------------------------------------------
Finished Loading Part and Timing Information : Time (s): cpu = 00:00:22 ; elapsed = 00:00:26 . Memory (MB): peak = 1424.750 ; gain = 611.879
---------------------------------------------------------------------------------
---------------------------------------------------------------------------------
Start Applying 'set_property' XDC Constraints
---------------------------------------------------------------------------------
---------------------------------------------------------------------------------
Finished applying 'set_property' XDC Constraints : Time (s): cpu = 00:00:23 ; elapsed = 00:00:28 . Memory (MB): peak = 1424.750 ; gain = 611.879
---------------------------------------------------------------------------------
---------------------------------------------------------------------------------
Finished RTL Optimization Phase 2 : Time (s): cpu = 00:00:23 ; elapsed = 00:00:28 . Memory (MB): peak = 1424.750 ; gain = 611.879
---------------------------------------------------------------------------------
---------------------------------------------------------------------------------
Start RTL Component Statistics 
---------------------------------------------------------------------------------
Detailed RTL Component Info : 
---------------------------------------------------------------------------------
Finished RTL Component Statistics 
---------------------------------------------------------------------------------
---------------------------------------------------------------------------------
Start Part Resource Summary
---------------------------------------------------------------------------------
Part Resources:
DSPs: 220 (col length:60)
BRAMs: 280 (col length: RAMB18 60 RAMB36 30)
---------------------------------------------------------------------------------
Finished Part Resource Summary
---------------------------------------------------------------------------------
---------------------------------------------------------------------------------
Start Cross Boundary and Area Optimization
---------------------------------------------------------------------------------
WARNING: [Synth 8-7080] Parallel synthesis criteria is not met
---------------------------------------------------------------------------------
Finished Cross Boundary and Area Optimization : Time (s): cpu = 00:00:27 ; elapsed = 00:00:31 . Memory (MB): peak = 1436.633 ; gain = 623.762
---------------------------------------------------------------------------------
---------------------------------------------------------------------------------
Start Applying XDC Timing Constraints
---------------------------------------------------------------------------------
---------------------------------------------------------------------------------
Finished Applying XDC Timing Constraints : Time (s): cpu = 00:00:35 ; elapsed = 00:00:40 . Memory (MB): peak = 1604.867 ; gain = 791.996
---------------------------------------------------------------------------------
---------------------------------------------------------------------------------
Start Timing Optimization
---------------------------------------------------------------------------------
---------------------------------------------------------------------------------
Finished Timing Optimization : Time (s): cpu = 00:00:35 ; elapsed = 00:00:41 . Memory (MB): peak = 1605.164 ; gain = 792.293
---------------------------------------------------------------------------------
---------------------------------------------------------------------------------
Start Technology Mapping
---------------------------------------------------------------------------------
---------------------------------------------------------------------------------
Finished Technology Mapping : Time (s): cpu = 00:00:35 ; elapsed = 00:00:41 . Memory (MB): peak = 1615.168 ; gain = 802.297
---------------------------------------------------------------------------------
---------------------------------------------------------------------------------
Start IO Insertion
---------------------------------------------------------------------------------
---------------------------------------------------------------------------------
Start Flattening Before IO Insertion
---------------------------------------------------------------------------------
---------------------------------------------------------------------------------
Finished Flattening Before IO Insertion
---------------------------------------------------------------------------------
---------------------------------------------------------------------------------
Start Final Netlist Cleanup
---------------------------------------------------------------------------------
---------------------------------------------------------------------------------
Finished Final Netlist Cleanup
---------------------------------------------------------------------------------
---------------------------------------------------------------------------------
Finished IO Insertion : Time (s): cpu = 00:00:42 ; elapsed = 00:00:48 . Memory (MB): peak = 1849.602 ; gain = 1036.730
---------------------------------------------------------------------------------
---------------------------------------------------------------------------------
Start Renaming Generated Instances
---------------------------------------------------------------------------------
---------------------------------------------------------------------------------
Finished Renaming Generated Instances : Time (s): cpu = 00:00:42 ; elapsed = 00:00:48 . Memory (MB): peak = 1849.602 ; gain = 1036.730
---------------------------------------------------------------------------------
---------------------------------------------------------------------------------
Start Rebuilding User Hierarchy
---------------------------------------------------------------------------------
---------------------------------------------------------------------------------
Finished Rebuilding User Hierarchy : Time (s): cpu = 00:00:42 ; elapsed = 00:00:48 . Memory (MB): peak = 1849.602 ; gain = 1036.730
---------------------------------------------------------------------------------
---------------------------------------------------------------------------------
Start Renaming Generated Ports
---------------------------------------------------------------------------------
---------------------------------------------------------------------------------
Finished Renaming Generated Ports : Time (s): cpu = 00:00:42 ; elapsed = 00:00:48 . Memory (MB): peak = 1849.602 ; gain = 1036.730
---------------------------------------------------------------------------------
---------------------------------------------------------------------------------
Start Handling Custom Attributes
---------------------------------------------------------------------------------
---------------------------------------------------------------------------------
Finished Handling Custom Attributes : Time (s): cpu = 00:00:42 ; elapsed = 00:00:48 . Memory (MB): peak = 1849.602 ; gain = 1036.730
---------------------------------------------------------------------------------
---------------------------------------------------------------------------------
Start Renaming Generated Nets
---------------------------------------------------------------------------------
---------------------------------------------------------------------------------
Finished Renaming Generated Nets : Time (s): cpu = 00:00:42 ; elapsed = 00:00:48 . Memory (MB): peak = 1849.602 ; gain = 1036.730
---------------------------------------------------------------------------------
---------------------------------------------------------------------------------
Start Writing Synthesis Report
---------------------------------------------------------------------------------

Report BlackBoxes: 
+------+-----------------------+----------+
|      |BlackBox name          |Instances |
+------+-----------------------+----------+
|1     |design_1_FA_0_12       |         1|
|2     |design_1_FA_0_13       |         1|
|3     |design_1_FA_2_14       |         1|
|4     |design_1_FA_3_14       |         1|
|5     |design_1_FA_4_7        |         1|
|6     |design_1_FA_5_7        |         1|
|7     |design_1_FA_6_7        |         1|
|8     |design_1_FA_7_7        |         1|
|9     |design_1_FA_0_14       |         1|
|10    |design_1_FA_0_15       |         1|
|11    |design_1_FA_0_16       |         1|
|12    |design_1_FA_1_12       |         1|
|13    |design_1_FA_2_12       |         1|
|14    |design_1_FA_3_12       |         1|
|15    |design_1_FA_0_18       |         1|
|16    |design_1_FA_1_14       |         1|
|17    |design_1_FA_0_20       |         1|
|18    |design_1_FA1_0_0       |         1|
|19    |design_1_FA1_0_9       |         1|
|20    |design_1_FA1_0_10      |         1|
|21    |design_1_FA1_0_11      |         1|
|22    |design_1_FA1_0_12      |         1|
|23    |design_1_FA1_0_13      |         1|
|24    |design_1_FA1_0_14      |         1|
|25    |design_1_FA1_0_1       |         1|
|26    |design_1_FA1_0_2       |         1|
|27    |design_1_FA1_0_3       |         1|
|28    |design_1_FA1_0_4       |         1|
|29    |design_1_FA1_0_5       |         1|
|30    |design_1_FA1_0_6       |         1|
|31    |design_1_FA1_0_7       |         1|
|32    |design_1_FA1_0_8       |         1|
|33    |design_1_FA_0_21       |         1|
|34    |design_1_FA2_0_1       |         1|
|35    |design_1_FA2_0_10      |         1|
|36    |design_1_FA2_0_11      |         1|
|37    |design_1_FA2_0_12      |         1|
|38    |design_1_FA2_0_13      |         1|
|39    |design_1_FA2_0_14      |         1|
|40    |design_1_FA2_0_15      |         1|
|41    |design_1_FA2_0_2       |         1|
|42    |design_1_FA2_0_3       |         1|
|43    |design_1_FA2_0_4       |         1|
|44    |design_1_FA2_0_5       |         1|
|45    |design_1_FA2_0_6       |         1|
|46    |design_1_FA2_0_7       |         1|
|47    |design_1_FA2_0_8       |         1|
|48    |design_1_FA2_0_9       |         1|
|49    |design_1_adpt_in_0_0   |         1|
|50    |design_1_adpt_out1_0_0 |         1|
|51    |design_1_cg_fpga_0_0   |         1|
|52    |design_1_FA_0_11       |         1|
|53    |design_1_FA_1_11       |         1|
|54    |design_1_FA_10_6       |         1|
|55    |design_1_FA_11_6       |         1|
|56    |design_1_FA_12_6       |         1|
|57    |design_1_FA_13_6       |         1|
|58    |design_1_FA_14_6       |         1|
|59    |design_1_FA_15_6       |         1|
|60    |design_1_FA_2_11       |         1|
|61    |design_1_FA_3_11       |         1|
|62    |design_1_FA_4_6        |         1|
|63    |design_1_FA_5_6        |         1|
|64    |design_1_FA_6_6        |         1|
|65    |design_1_FA_7_6        |         1|
|66    |design_1_FA_8_6        |         1|
|67    |design_1_FA_9_6        |         1|
|68    |design_1_and2_0_7      |         1|
|69    |design_1_and2_1_7      |         1|
|70    |design_1_and2_10_7     |         1|
|71    |design_1_and2_11_7     |         1|
|72    |design_1_and2_12_7     |         1|
|73    |design_1_and2_13_7     |         1|
|74    |design_1_and2_14_7     |         1|
|75    |design_1_and2_15_7     |         1|
|76    |design_1_and2_2_7      |         1|
|77    |design_1_and2_3_7      |         1|
|78    |design_1_and2_4_7      |         1|
|79    |design_1_and2_5_7      |         1|
|80    |design_1_and2_6_7      |         1|
|81    |design_1_and2_7_7      |         1|
|82    |design_1_and2_8_7      |         1|
|83    |design_1_and2_9_7      |         1|
|84    |design_1_FA_0_10       |         1|
|85    |design_1_FA_1_10       |         1|
|86    |design_1_FA_10_5       |         1|
|87    |design_1_FA_11_5       |         1|
|88    |design_1_FA_12_5       |         1|
|89    |design_1_FA_13_5       |         1|
|90    |design_1_FA_14_5       |         1|
|91    |design_1_FA_15_5       |         1|
|92    |design_1_FA_2_10       |         1|
|93    |design_1_FA_3_10       |         1|
|94    |design_1_FA_4_5        |         1|
|95    |design_1_FA_5_5        |         1|
|96    |design_1_FA_6_5        |         1|
|97    |design_1_FA_7_5        |         1|
|98    |design_1_FA_8_5        |         1|
|99    |design_1_FA_9_5        |         1|
|100   |design_1_and2_0_6      |         1|
|101   |design_1_and2_1_6      |         1|
|102   |design_1_and2_10_6     |         1|
|103   |design_1_and2_11_6     |         1|
|104   |design_1_and2_12_6     |         1|
|105   |design_1_and2_13_6     |         1|
|106   |design_1_and2_14_6     |         1|
|107   |design_1_and2_15_6     |         1|
|108   |design_1_and2_2_6      |         1|
|109   |design_1_and2_3_6      |         1|
|110   |design_1_and2_4_6      |         1|
|111   |design_1_and2_5_6      |         1|
|112   |design_1_and2_6_6      |         1|
|113   |design_1_and2_7_6      |         1|
|114   |design_1_and2_8_6      |         1|
|115   |design_1_and2_9_6      |         1|
|116   |design_1_FA_0_9        |         1|
|117   |design_1_FA_1_9        |         1|
|118   |design_1_FA_10_4       |         1|
|119   |design_1_FA_11_4       |         1|
|120   |design_1_FA_12_4       |         1|
|121   |design_1_FA_13_4       |         1|
|122   |design_1_FA_14_4       |         1|
|123   |design_1_FA_15_4       |         1|
|124   |design_1_FA_2_9        |         1|
|125   |design_1_FA_3_9        |         1|
|126   |design_1_FA_4_4        |         1|
|127   |design_1_FA_5_4        |         1|
|128   |design_1_FA_6_4        |         1|
|129   |design_1_FA_7_4        |         1|
|130   |design_1_FA_8_4        |         1|
|131   |design_1_FA_9_4        |         1|
|132   |design_1_and2_0_5      |         1|
|133   |design_1_and2_1_5      |         1|
|134   |design_1_and2_10_5     |         1|
|135   |design_1_and2_11_5     |         1|
|136   |design_1_and2_12_5     |         1|
|137   |design_1_and2_13_5     |         1|
|138   |design_1_and2_14_5     |         1|
|139   |design_1_and2_15_5     |         1|
|140   |design_1_and2_2_5      |         1|
|141   |design_1_and2_3_5      |         1|
|142   |design_1_and2_4_5      |         1|
|143   |design_1_and2_5_5      |         1|
|144   |design_1_and2_6_5      |         1|
|145   |design_1_and2_7_5      |         1|
|146   |design_1_and2_8_5      |         1|
|147   |design_1_and2_9_5      |         1|
|148   |design_1_FA_0_0        |         1|
|149   |design_1_FA_1_0        |         1|
|150   |design_1_FA_2_3        |         1|
|151   |design_1_FA_3_3        |         1|
|152   |design_1_FA_0_4        |         1|
|153   |design_1_FA_1_4        |         1|
|154   |design_1_FA_2_4        |         1|
|155   |design_1_FA_3_4        |         1|
|156   |design_1_FA_2_0        |         1|
|157   |design_1_FA_3_0        |         1|
|158   |design_1_FA_0_2        |         1|
|159   |design_1_FA_1_2        |         1|
|160   |design_1_FA_2_2        |         1|
|161   |design_1_FA_3_2        |         1|
|162   |design_1_FA_0_3        |         1|
|163   |design_1_FA_1_3        |         1|
|164   |design_1_and2_0_0      |         1|
|165   |design_1_and2_1_0      |         1|
|166   |design_1_and2_10_0     |         1|
|167   |design_1_and2_11_0     |         1|
|168   |design_1_and2_12_0     |         1|
|169   |design_1_and2_13_0     |         1|
|170   |design_1_and2_14_0     |         1|
|171   |design_1_and2_15_0     |         1|
|172   |design_1_and2_2_0      |         1|
|173   |design_1_and2_3_0      |         1|
|174   |design_1_and2_4_0      |         1|
|175   |design_1_and2_5_0      |         1|
|176   |design_1_and2_6_0      |         1|
|177   |design_1_and2_7_0      |         1|
|178   |design_1_and2_8_0      |         1|
|179   |design_1_and2_9_0      |         1|
+------+-----------------------+----------+

Report Cell Usage: 
+------+---------------------+------+
|      |Cell                 |Count |
+------+---------------------+------+
|1     |design_1_FA1_0       |    15|
|16    |design_1_FA2_0       |    15|
|31    |design_1_FA_0        |    15|
|46    |design_1_FA_10       |     3|
|49    |design_1_FA_11       |     3|
|52    |design_1_FA_12       |     3|
|55    |design_1_FA_13       |     3|
|58    |design_1_FA_14       |     3|
|61    |design_1_FA_15       |     3|
|64    |design_1_FA_1        |     9|
|73    |design_1_FA_2        |     9|
|82    |design_1_FA_3        |     9|
|91    |design_1_FA_4        |     4|
|95    |design_1_FA_5        |     4|
|99    |design_1_FA_6        |     4|
|103   |design_1_FA_7        |     4|
|107   |design_1_FA_8        |     3|
|110   |design_1_FA_9        |     3|
|113   |design_1_adpt_in_0   |     1|
|114   |design_1_adpt_out1_0 |     1|
|115   |design_1_and2_0      |     4|
|119   |design_1_and2_10     |     4|
|123   |design_1_and2_11     |     4|
|127   |design_1_and2_12     |     4|
|131   |design_1_and2_13     |     4|
|135   |design_1_and2_14     |     4|
|139   |design_1_and2_15     |     4|
|143   |design_1_and2_1      |     4|
|147   |design_1_and2_2      |     4|
|151   |design_1_and2_3      |     4|
|155   |design_1_and2_4      |     4|
|159   |design_1_and2_5      |     4|
|163   |design_1_and2_6      |     4|
|167   |design_1_and2_7      |     4|
|171   |design_1_and2_8      |     4|
|175   |design_1_and2_9      |     4|
|179   |design_1_cg_fpga_0   |     1|
+------+---------------------+------+
---------------------------------------------------------------------------------
Finished Writing Synthesis Report : Time (s): cpu = 00:00:42 ; elapsed = 00:00:48 . Memory (MB): peak = 1849.602 ; gain = 1036.730
---------------------------------------------------------------------------------
Synthesis finished with 0 errors, 0 critical warnings and 1 warnings.
Synthesis Optimization Runtime : Time (s): cpu = 00:00:27 ; elapsed = 00:00:42 . Memory (MB): peak = 1849.602 ; gain = 1036.730
Synthesis Optimization Complete : Time (s): cpu = 00:00:42 ; elapsed = 00:00:48 . Memory (MB): peak = 1849.602 ; gain = 1036.730
INFO: [Project 1-571] Translating synthesized netlist
Netlist sorting complete. Time (s): cpu = 00:00:00 ; elapsed = 00:00:00.004 . Memory (MB): peak = 1849.602 ; gain = 0.000
INFO: [Project 1-570] Preparing netlist for logic optimization
INFO: [Opt 31-138] Pushed 0 inverter(s) to 0 load pin(s).
Netlist sorting complete. Time (s): cpu = 00:00:00 ; elapsed = 00:00:00.001 . Memory (MB): peak = 1855.352 ; gain = 0.000
INFO: [Project 1-111] Unisim Transformation Summary:
No Unisim elements were transformed.

Synth Design complete | Checksum: 6ce86787
INFO: [Common 17-83] Releasing license: Synthesis
225 Infos, 15 Warnings, 0 Critical Warnings and 0 Errors encountered.
synth_design completed successfully
synth_design: Time (s): cpu = 00:00:49 ; elapsed = 00:01:15 . Memory (MB): peak = 1859.363 ; gain = 1296.566
INFO: [Common 17-1381] The checkpoint 'F:/Haoyang_Sun/experiments/labs/lab8_ex/synth_1/design_1_wrapper.dcp' has been generated.
INFO: [Vivado 12-24828] Executing command : report_utilization -file design_1_wrapper_utilization_synth.rpt -pb design_1_wrapper_utilization_synth.pb
INFO: [Common 17-206] Exiting Vivado at Sat Nov  8 22:19:04 2025...
