Copyright 1986-2022 Xilinx, Inc. All Rights Reserved. Copyright 2022-2024 Advanced Micro Devices, Inc. All Rights Reserved.
---------------------------------------------------------------------------------------------------------------------------------------------------------------------------------------------------------------------------------------------
| Tool Version : Vivado v.2024.2 (win64) Build 5239630 Fri Nov 08 22:35:27 MST 2024
| Date         : Sat Dec  6 17:01:14 2025
| Host         : SKULL running 64-bit major release  (build 9200)
| Command      : report_timing_summary -max_paths 10 -report_unconstrained -file design_1_wrapper_timing_summary_routed.rpt -pb design_1_wrapper_timing_summary_routed.pb -rpx design_1_wrapper_timing_summary_routed.rpx -warn_on_violation
| Design       : design_1_wrapper
| Device       : 7z020-clg400
| Speed File   : -1  PRODUCTION 1.12 2019-11-22
| Design State : Routed
---------------------------------------------------------------------------------------------------------------------------------------------------------------------------------------------------------------------------------------------

Timing Summary Report

------------------------------------------------------------------------------------------------
| Timer Settings
| --------------
------------------------------------------------------------------------------------------------

  Enable Multi Corner Analysis               :  Yes
  Enable Pessimism Removal                   :  Yes
  Pessimism Removal Resolution               :  Nearest Common Node
  Enable Input Delay Default Clock           :  No
  Enable Preset / Clear Arcs                 :  No
  Disable Flight Delays                      :  No
  Ignore I/O Paths                           :  No
  Timing Early Launch at Borrowing Latches   :  No
  Borrow Time for Max Delay Exceptions       :  Yes
  Merge Timing Exceptions                    :  Yes
  Inter-SLR Compensation                     :  Conservative

  Corner  Analyze    Analyze    
  Name    Max Paths  Min Paths  
  ------  ---------  ---------  
  Slow    Yes        Yes        
  Fast    Yes        Yes        


------------------------------------------------------------------------------------------------
| Report Methodology
| ------------------
------------------------------------------------------------------------------------------------

Rule       Severity          Description                   Violations  
---------  ----------------  ----------------------------  ----------  
TIMING-17  Critical Warning  Non-clocked sequential cell   12          
LUTAR-1    Warning           LUT drives async reset alert  3           

Note: This report is based on the most recent report_methodology run and may not be up-to-date. Run report_methodology on the current design for the latest report.



check_timing report

Table of Contents
-----------------
1. checking no_clock (16)
2. checking constant_clock (0)
3. checking pulse_width_clock (0)
4. checking unconstrained_internal_endpoints (16)
5. checking no_input_delay (0)
6. checking no_output_delay (0)
7. checking multiple_clock (0)
8. checking generated_clocks (0)
9. checking loops (0)
10. checking partial_input_delay (0)
11. checking partial_output_delay (0)
12. checking latch_loops (0)

1. checking no_clock (16)
-------------------------
 There is 1 register/latch pin with no clock driven by root clock pin: design_1_i/cg_fpga_0/inst/cg_fpga_axi_gpio_o1/U0/gpio_core_1/Dual.gpio2_Data_Out_reg[28]/Q (HIGH)

 There is 1 register/latch pin with no clock driven by root clock pin: design_1_i/cg_fpga_0/inst/cg_fpga_axi_gpio_o1/U0/gpio_core_1/Dual.gpio2_Data_Out_reg[29]/Q (HIGH)

 There is 1 register/latch pin with no clock driven by root clock pin: design_1_i/cg_fpga_0/inst/cg_fpga_axi_gpio_o1/U0/gpio_core_1/Dual.gpio2_Data_Out_reg[30]/Q (HIGH)

 There is 1 register/latch pin with no clock driven by root clock pin: design_1_i/cg_fpga_0/inst/cg_fpga_axi_gpio_o1/U0/gpio_core_1/Dual.gpio2_Data_Out_reg[31]/Q (HIGH)

 There are 4 register/latch pins with no clock driven by root clock pin: design_1_i/cg_fpga_0/inst/cg_fpga_axi_gpio_o1/U0/gpio_core_1/Dual.gpio_Data_Out_reg[29]/Q (HIGH)

 There are 4 register/latch pins with no clock driven by root clock pin: design_1_i/cg_fpga_0/inst/cg_fpga_axi_gpio_o1/U0/gpio_core_1/Dual.gpio_Data_Out_reg[30]/Q (HIGH)

 There are 4 register/latch pins with no clock driven by root clock pin: design_1_i/cg_fpga_0/inst/cg_fpga_axi_gpio_o1/U0/gpio_core_1/Dual.gpio_Data_Out_reg[31]/Q (HIGH)


2. checking constant_clock (0)
------------------------------
 There are 0 register/latch pins with constant_clock.


3. checking pulse_width_clock (0)
---------------------------------
 There are 0 register/latch pins which need pulse_width check


4. checking unconstrained_internal_endpoints (16)
-------------------------------------------------
 There are 16 pins that are not constrained for maximum delay. (HIGH)

 There are 0 pins that are not constrained for maximum delay due to constant clock.


5. checking no_input_delay (0)
------------------------------
 There are 0 input ports with no input delay specified.

 There are 0 input ports with no input delay but user has a false path constraint.


6. checking no_output_delay (0)
-------------------------------
 There are 0 ports with no output delay specified.

 There are 0 ports with no output delay but user has a false path constraint

 There are 0 ports with no output delay but with a timing clock defined on it or propagating through it


7. checking multiple_clock (0)
------------------------------
 There are 0 register/latch pins with multiple clocks.


8. checking generated_clocks (0)
--------------------------------
 There are 0 generated clocks that are not connected to a clock source.


9. checking loops (0)
---------------------
 There are 0 combinational loops in the design.


10. checking partial_input_delay (0)
------------------------------------
 There are 0 input ports with partial input delay specified.


11. checking partial_output_delay (0)
-------------------------------------
 There are 0 ports with partial output delay specified.


12. checking latch_loops (0)
----------------------------
 There are 0 combinational latch loops in the design through latch input



------------------------------------------------------------------------------------------------
| Design Timing Summary
| ---------------------
------------------------------------------------------------------------------------------------

    WNS(ns)      TNS(ns)  TNS Failing Endpoints  TNS Total Endpoints      WHS(ns)      THS(ns)  THS Failing Endpoints  THS Total Endpoints     WPWS(ns)     TPWS(ns)  TPWS Failing Endpoints  TPWS Total Endpoints  
    -------      -------  ---------------------  -------------------      -------      -------  ---------------------  -------------------     --------     --------  ----------------------  --------------------  
      2.825        0.000                      0                15874        0.032        0.000                      0                15874        3.750        0.000                       0                  6936  


All user specified timing constraints are met.


------------------------------------------------------------------------------------------------
| Clock Summary
| -------------
------------------------------------------------------------------------------------------------

Clock       Waveform(ns)       Period(ns)      Frequency(MHz)
-----       ------------       ----------      --------------
clk_fpga_0  {0.000 5.000}      10.000          100.000         


------------------------------------------------------------------------------------------------
| Intra Clock Table
| -----------------
------------------------------------------------------------------------------------------------

Clock             WNS(ns)      TNS(ns)  TNS Failing Endpoints  TNS Total Endpoints      WHS(ns)      THS(ns)  THS Failing Endpoints  THS Total Endpoints     WPWS(ns)     TPWS(ns)  TPWS Failing Endpoints  TPWS Total Endpoints  
-----             -------      -------  ---------------------  -------------------      -------      -------  ---------------------  -------------------     --------     --------  ----------------------  --------------------  
clk_fpga_0          2.825        0.000                      0                15778        0.032        0.000                      0                15778        3.750        0.000                       0                  6936  


------------------------------------------------------------------------------------------------
| Inter Clock Table
| -----------------
------------------------------------------------------------------------------------------------

From Clock    To Clock          WNS(ns)      TNS(ns)  TNS Failing Endpoints  TNS Total Endpoints      WHS(ns)      THS(ns)  THS Failing Endpoints  THS Total Endpoints  
----------    --------          -------      -------  ---------------------  -------------------      -------      -------  ---------------------  -------------------  


------------------------------------------------------------------------------------------------
| Other Path Groups Table
| -----------------------
------------------------------------------------------------------------------------------------

Path Group         From Clock         To Clock               WNS(ns)      TNS(ns)  TNS Failing Endpoints  TNS Total Endpoints      WHS(ns)      THS(ns)  THS Failing Endpoints  THS Total Endpoints  
----------         ----------         --------               -------      -------  ---------------------  -------------------      -------      -------  ---------------------  -------------------  
**async_default**  clk_fpga_0         clk_fpga_0               6.736        0.000                      0                   96        0.558        0.000                      0                   96  


------------------------------------------------------------------------------------------------
| User Ignored Path Table
| -----------------------
------------------------------------------------------------------------------------------------

Path Group    From Clock    To Clock    
----------    ----------    --------    
(none)                      clk_fpga_0    
(none)        clk_fpga_0    clk_fpga_0    


------------------------------------------------------------------------------------------------
| Unconstrained Path Table
| ------------------------
------------------------------------------------------------------------------------------------

Path Group    From Clock    To Clock    
----------    ----------    --------    
(none)                                    
(none)        clk_fpga_0                  
(none)                      clk_fpga_0    


------------------------------------------------------------------------------------------------
| Timing Details
| --------------
------------------------------------------------------------------------------------------------


---------------------------------------------------------------------------------------------------
From Clock:  clk_fpga_0
  To Clock:  clk_fpga_0

Setup :            0  Failing Endpoints,  Worst Slack        2.825ns,  Total Violation        0.000ns
Hold  :            0  Failing Endpoints,  Worst Slack        0.032ns,  Total Violation        0.000ns
PW    :            0  Failing Endpoints,  Worst Slack        3.750ns,  Total Violation        0.000ns
---------------------------------------------------------------------------------------------------


Max Delay Paths
--------------------------------------------------------------------------------------
Slack (MET) :             2.825ns  (required time - arrival time)
  Source:                 design_1_i/cg_fpga_0/inst/processing_system7_0/inst/PS7_i/SAXIHP0ACLK
                            (rising edge-triggered cell PS7 clocked by clk_fpga_0  {rise@0.000ns fall@5.000ns period=10.000ns})
  Destination:            design_1_i/cg_fpga_0/inst/cg_axi_vdma_0/U0/I_PRMRY_DATAMOVER/GEN_S2MM_FULL.I_S2MM_FULL_WRAPPER/I_S2MM_MMAP_SKID_BUF/sig_data_reg_out_reg[20]/CE
                            (rising edge-triggered cell FDRE clocked by clk_fpga_0  {rise@0.000ns fall@5.000ns period=10.000ns})
  Path Group:             clk_fpga_0
  Path Type:              Setup (Max at Slow Process Corner)
  Requirement:            10.000ns  (clk_fpga_0 rise@10.000ns - clk_fpga_0 rise@0.000ns)
  Data Path Delay:        6.610ns  (logic 2.199ns (33.266%)  route 4.411ns (66.734%))
  Logic Levels:           4  (LUT2=1 LUT3=1 LUT4=1 LUT6=1)
  Clock Path Skew:        -0.242ns (DCD - SCD + CPR)
    Destination Clock Delay (DCD):    2.757ns = ( 12.757 - 10.000 ) 
    Source Clock Delay      (SCD):    3.114ns
    Clock Pessimism Removal (CPR):    0.115ns
  Clock Uncertainty:      0.154ns  ((TSJ^2 + TIJ^2)^1/2 + DJ) / 2 + PE
    Total System Jitter     (TSJ):    0.071ns
    Total Input Jitter      (TIJ):    0.300ns
    Discrete Jitter          (DJ):    0.000ns
    Phase Error              (PE):    0.000ns

    Location             Delay type                Incr(ns)  Path(ns)    Netlist Resource(s)
  -------------------------------------------------------------------    -------------------
                         (clock clk_fpga_0 rise edge)
                                                      0.000     0.000 r  
    PS7_X0Y0             PS7                          0.000     0.000 r  design_1_i/cg_fpga_0/inst/processing_system7_0/inst/PS7_i/FCLKCLK[0]
                         net (fo=1, routed)           1.193     1.193    design_1_i/cg_fpga_0/inst/processing_system7_0/inst/FCLK_CLK_unbuffered[0]
    BUFGCTRL_X0Y16       BUFG (Prop_bufg_I_O)         0.101     1.294 r  design_1_i/cg_fpga_0/inst/processing_system7_0/inst/buffer_fclk_clk_0.FCLK_CLK_0_BUFG/O
                         net (fo=6937, routed)        1.820     3.114    design_1_i/cg_fpga_0/inst/processing_system7_0/inst/FCLK_CLK0
    PS7_X0Y0             PS7                                          r  design_1_i/cg_fpga_0/inst/processing_system7_0/inst/PS7_i/SAXIHP0ACLK
  -------------------------------------------------------------------    -------------------
    PS7_X0Y0             PS7 (Prop_ps7_SAXIHP0ACLK_SAXIHP0WREADY)
                                                      1.277     4.391 r  design_1_i/cg_fpga_0/inst/processing_system7_0/inst/PS7_i/SAXIHP0WREADY
                         net (fo=2, routed)           0.910     5.301    design_1_i/cg_fpga_0/inst/axi_mem_intercon/m00_couplers/auto_pc/inst/gen_axi4_axi3.axi3_conv_inst/USE_WRITE.write_addr_inst/USE_BURSTS.cmd_queue/inst/m_axi_wready
    SLICE_X26Y54         LUT3 (Prop_lut3_I0_O)        0.150     5.451 r  design_1_i/cg_fpga_0/inst/axi_mem_intercon/m00_couplers/auto_pc/inst/gen_axi4_axi3.axi3_conv_inst/USE_WRITE.write_addr_inst/USE_BURSTS.cmd_queue/inst/s_axi_wready_INST_0/O
                         net (fo=12, routed)          0.733     6.185    design_1_i/cg_fpga_0/inst/axi_mem_intercon/xbar/inst/gen_samd.crossbar_samd/gen_master_slots[0].gen_mi_write.wdata_mux_w/gen_wmux.wmux_aw_fifo/m_axi_wready[0]
    SLICE_X31Y53         LUT4 (Prop_lut4_I2_O)        0.322     6.507 r  design_1_i/cg_fpga_0/inst/axi_mem_intercon/xbar/inst/gen_samd.crossbar_samd/gen_master_slots[0].gen_mi_write.wdata_mux_w/gen_wmux.wmux_aw_fifo/s_axi_wready[1]_INST_0_i_1/O
                         net (fo=7, routed)           0.854     7.360    design_1_i/cg_fpga_0/inst/axi_mem_intercon/xbar/inst/gen_samd.crossbar_samd/gen_slave_slots[1].gen_si_write.wdata_router_w/wrouter_aw_fifo/gen_primitive_shifter.gen_srls[0].srl_inst_1
    SLICE_X34Y52         LUT6 (Prop_lut6_I1_O)        0.326     7.686 r  design_1_i/cg_fpga_0/inst/axi_mem_intercon/xbar/inst/gen_samd.crossbar_samd/gen_slave_slots[1].gen_si_write.wdata_router_w/wrouter_aw_fifo/s_axi_wready[1]_INST_0/O
                         net (fo=3, routed)           0.769     8.456    design_1_i/cg_fpga_0/inst/cg_axi_vdma_0/U0/I_PRMRY_DATAMOVER/GEN_S2MM_FULL.I_S2MM_FULL_WRAPPER/I_S2MM_MMAP_SKID_BUF/m_axi_s2mm_wready
    SLICE_X30Y46         LUT2 (Prop_lut2_I0_O)        0.124     8.580 r  design_1_i/cg_fpga_0/inst/cg_axi_vdma_0/U0/I_PRMRY_DATAMOVER/GEN_S2MM_FULL.I_S2MM_FULL_WRAPPER/I_S2MM_MMAP_SKID_BUF/sig_data_reg_out[63]_i_1/O
                         net (fo=73, routed)          1.145     9.725    design_1_i/cg_fpga_0/inst/cg_axi_vdma_0/U0/I_PRMRY_DATAMOVER/GEN_S2MM_FULL.I_S2MM_FULL_WRAPPER/I_S2MM_MMAP_SKID_BUF/sig_data_reg_out_en
    SLICE_X16Y39         FDRE                                         r  design_1_i/cg_fpga_0/inst/cg_axi_vdma_0/U0/I_PRMRY_DATAMOVER/GEN_S2MM_FULL.I_S2MM_FULL_WRAPPER/I_S2MM_MMAP_SKID_BUF/sig_data_reg_out_reg[20]/CE
  -------------------------------------------------------------------    -------------------

                         (clock clk_fpga_0 rise edge)
                                                     10.000    10.000 r  
    PS7_X0Y0             PS7                          0.000    10.000 r  design_1_i/cg_fpga_0/inst/processing_system7_0/inst/PS7_i/FCLKCLK[0]
                         net (fo=1, routed)           1.088    11.088    design_1_i/cg_fpga_0/inst/processing_system7_0/inst/FCLK_CLK_unbuffered[0]
    BUFGCTRL_X0Y16       BUFG (Prop_bufg_I_O)         0.091    11.179 r  design_1_i/cg_fpga_0/inst/processing_system7_0/inst/buffer_fclk_clk_0.FCLK_CLK_0_BUFG/O
                         net (fo=6937, routed)        1.578    12.757    design_1_i/cg_fpga_0/inst/cg_axi_vdma_0/U0/I_PRMRY_DATAMOVER/GEN_S2MM_FULL.I_S2MM_FULL_WRAPPER/I_S2MM_MMAP_SKID_BUF/s_axi_lite_aclk
    SLICE_X16Y39         FDRE                                         r  design_1_i/cg_fpga_0/inst/cg_axi_vdma_0/U0/I_PRMRY_DATAMOVER/GEN_S2MM_FULL.I_S2MM_FULL_WRAPPER/I_S2MM_MMAP_SKID_BUF/sig_data_reg_out_reg[20]/C
                         clock pessimism              0.115    12.872    
                         clock uncertainty           -0.154    12.718    
    SLICE_X16Y39         FDRE (Setup_fdre_C_CE)      -0.169    12.549    design_1_i/cg_fpga_0/inst/cg_axi_vdma_0/U0/I_PRMRY_DATAMOVER/GEN_S2MM_FULL.I_S2MM_FULL_WRAPPER/I_S2MM_MMAP_SKID_BUF/sig_data_reg_out_reg[20]
  -------------------------------------------------------------------
                         required time                         12.549    
                         arrival time                          -9.725    
  -------------------------------------------------------------------
                         slack                                  2.825    

Slack (MET) :             2.825ns  (required time - arrival time)
  Source:                 design_1_i/cg_fpga_0/inst/processing_system7_0/inst/PS7_i/SAXIHP0ACLK
                            (rising edge-triggered cell PS7 clocked by clk_fpga_0  {rise@0.000ns fall@5.000ns period=10.000ns})
  Destination:            design_1_i/cg_fpga_0/inst/cg_axi_vdma_0/U0/I_PRMRY_DATAMOVER/GEN_S2MM_FULL.I_S2MM_FULL_WRAPPER/I_S2MM_MMAP_SKID_BUF/sig_data_reg_out_reg[48]/CE
                            (rising edge-triggered cell FDRE clocked by clk_fpga_0  {rise@0.000ns fall@5.000ns period=10.000ns})
  Path Group:             clk_fpga_0
  Path Type:              Setup (Max at Slow Process Corner)
  Requirement:            10.000ns  (clk_fpga_0 rise@10.000ns - clk_fpga_0 rise@0.000ns)
  Data Path Delay:        6.610ns  (logic 2.199ns (33.266%)  route 4.411ns (66.734%))
  Logic Levels:           4  (LUT2=1 LUT3=1 LUT4=1 LUT6=1)
  Clock Path Skew:        -0.242ns (DCD - SCD + CPR)
    Destination Clock Delay (DCD):    2.757ns = ( 12.757 - 10.000 ) 
    Source Clock Delay      (SCD):    3.114ns
    Clock Pessimism Removal (CPR):    0.115ns
  Clock Uncertainty:      0.154ns  ((TSJ^2 + TIJ^2)^1/2 + DJ) / 2 + PE
    Total System Jitter     (TSJ):    0.071ns
    Total Input Jitter      (TIJ):    0.300ns
    Discrete Jitter          (DJ):    0.000ns
    Phase Error              (PE):    0.000ns

    Location             Delay type                Incr(ns)  Path(ns)    Netlist Resource(s)
  -------------------------------------------------------------------    -------------------
                         (clock clk_fpga_0 rise edge)
                                                      0.000     0.000 r  
    PS7_X0Y0             PS7                          0.000     0.000 r  design_1_i/cg_fpga_0/inst/processing_system7_0/inst/PS7_i/FCLKCLK[0]
                         net (fo=1, routed)           1.193     1.193    design_1_i/cg_fpga_0/inst/processing_system7_0/inst/FCLK_CLK_unbuffered[0]
    BUFGCTRL_X0Y16       BUFG (Prop_bufg_I_O)         0.101     1.294 r  design_1_i/cg_fpga_0/inst/processing_system7_0/inst/buffer_fclk_clk_0.FCLK_CLK_0_BUFG/O
                         net (fo=6937, routed)        1.820     3.114    design_1_i/cg_fpga_0/inst/processing_system7_0/inst/FCLK_CLK0
    PS7_X0Y0             PS7                                          r  design_1_i/cg_fpga_0/inst/processing_system7_0/inst/PS7_i/SAXIHP0ACLK
  -------------------------------------------------------------------    -------------------
    PS7_X0Y0             PS7 (Prop_ps7_SAXIHP0ACLK_SAXIHP0WREADY)
                                                      1.277     4.391 r  design_1_i/cg_fpga_0/inst/processing_system7_0/inst/PS7_i/SAXIHP0WREADY
                         net (fo=2, routed)           0.910     5.301    design_1_i/cg_fpga_0/inst/axi_mem_intercon/m00_couplers/auto_pc/inst/gen_axi4_axi3.axi3_conv_inst/USE_WRITE.write_addr_inst/USE_BURSTS.cmd_queue/inst/m_axi_wready
    SLICE_X26Y54         LUT3 (Prop_lut3_I0_O)        0.150     5.451 r  design_1_i/cg_fpga_0/inst/axi_mem_intercon/m00_couplers/auto_pc/inst/gen_axi4_axi3.axi3_conv_inst/USE_WRITE.write_addr_inst/USE_BURSTS.cmd_queue/inst/s_axi_wready_INST_0/O
                         net (fo=12, routed)          0.733     6.185    design_1_i/cg_fpga_0/inst/axi_mem_intercon/xbar/inst/gen_samd.crossbar_samd/gen_master_slots[0].gen_mi_write.wdata_mux_w/gen_wmux.wmux_aw_fifo/m_axi_wready[0]
    SLICE_X31Y53         LUT4 (Prop_lut4_I2_O)        0.322     6.507 r  design_1_i/cg_fpga_0/inst/axi_mem_intercon/xbar/inst/gen_samd.crossbar_samd/gen_master_slots[0].gen_mi_write.wdata_mux_w/gen_wmux.wmux_aw_fifo/s_axi_wready[1]_INST_0_i_1/O
                         net (fo=7, routed)           0.854     7.360    design_1_i/cg_fpga_0/inst/axi_mem_intercon/xbar/inst/gen_samd.crossbar_samd/gen_slave_slots[1].gen_si_write.wdata_router_w/wrouter_aw_fifo/gen_primitive_shifter.gen_srls[0].srl_inst_1
    SLICE_X34Y52         LUT6 (Prop_lut6_I1_O)        0.326     7.686 r  design_1_i/cg_fpga_0/inst/axi_mem_intercon/xbar/inst/gen_samd.crossbar_samd/gen_slave_slots[1].gen_si_write.wdata_router_w/wrouter_aw_fifo/s_axi_wready[1]_INST_0/O
                         net (fo=3, routed)           0.769     8.456    design_1_i/cg_fpga_0/inst/cg_axi_vdma_0/U0/I_PRMRY_DATAMOVER/GEN_S2MM_FULL.I_S2MM_FULL_WRAPPER/I_S2MM_MMAP_SKID_BUF/m_axi_s2mm_wready
    SLICE_X30Y46         LUT2 (Prop_lut2_I0_O)        0.124     8.580 r  design_1_i/cg_fpga_0/inst/cg_axi_vdma_0/U0/I_PRMRY_DATAMOVER/GEN_S2MM_FULL.I_S2MM_FULL_WRAPPER/I_S2MM_MMAP_SKID_BUF/sig_data_reg_out[63]_i_1/O
                         net (fo=73, routed)          1.145     9.725    design_1_i/cg_fpga_0/inst/cg_axi_vdma_0/U0/I_PRMRY_DATAMOVER/GEN_S2MM_FULL.I_S2MM_FULL_WRAPPER/I_S2MM_MMAP_SKID_BUF/sig_data_reg_out_en
    SLICE_X16Y39         FDRE                                         r  design_1_i/cg_fpga_0/inst/cg_axi_vdma_0/U0/I_PRMRY_DATAMOVER/GEN_S2MM_FULL.I_S2MM_FULL_WRAPPER/I_S2MM_MMAP_SKID_BUF/sig_data_reg_out_reg[48]/CE
  -------------------------------------------------------------------    -------------------

                         (clock clk_fpga_0 rise edge)
                                                     10.000    10.000 r  
    PS7_X0Y0             PS7                          0.000    10.000 r  design_1_i/cg_fpga_0/inst/processing_system7_0/inst/PS7_i/FCLKCLK[0]
                         net (fo=1, routed)           1.088    11.088    design_1_i/cg_fpga_0/inst/processing_system7_0/inst/FCLK_CLK_unbuffered[0]
    BUFGCTRL_X0Y16       BUFG (Prop_bufg_I_O)         0.091    11.179 r  design_1_i/cg_fpga_0/inst/processing_system7_0/inst/buffer_fclk_clk_0.FCLK_CLK_0_BUFG/O
                         net (fo=6937, routed)        1.578    12.757    design_1_i/cg_fpga_0/inst/cg_axi_vdma_0/U0/I_PRMRY_DATAMOVER/GEN_S2MM_FULL.I_S2MM_FULL_WRAPPER/I_S2MM_MMAP_SKID_BUF/s_axi_lite_aclk
    SLICE_X16Y39         FDRE                                         r  design_1_i/cg_fpga_0/inst/cg_axi_vdma_0/U0/I_PRMRY_DATAMOVER/GEN_S2MM_FULL.I_S2MM_FULL_WRAPPER/I_S2MM_MMAP_SKID_BUF/sig_data_reg_out_reg[48]/C
                         clock pessimism              0.115    12.872    
                         clock uncertainty           -0.154    12.718    
    SLICE_X16Y39         FDRE (Setup_fdre_C_CE)      -0.169    12.549    design_1_i/cg_fpga_0/inst/cg_axi_vdma_0/U0/I_PRMRY_DATAMOVER/GEN_S2MM_FULL.I_S2MM_FULL_WRAPPER/I_S2MM_MMAP_SKID_BUF/sig_data_reg_out_reg[48]
  -------------------------------------------------------------------
                         required time                         12.549    
                         arrival time                          -9.725    
  -------------------------------------------------------------------
                         slack                                  2.825    

Slack (MET) :             2.825ns  (required time - arrival time)
  Source:                 design_1_i/cg_fpga_0/inst/processing_system7_0/inst/PS7_i/SAXIHP0ACLK
                            (rising edge-triggered cell PS7 clocked by clk_fpga_0  {rise@0.000ns fall@5.000ns period=10.000ns})
  Destination:            design_1_i/cg_fpga_0/inst/cg_axi_vdma_0/U0/I_PRMRY_DATAMOVER/GEN_S2MM_FULL.I_S2MM_FULL_WRAPPER/I_S2MM_MMAP_SKID_BUF/sig_data_reg_out_reg[4]/CE
                            (rising edge-triggered cell FDRE clocked by clk_fpga_0  {rise@0.000ns fall@5.000ns period=10.000ns})
  Path Group:             clk_fpga_0
  Path Type:              Setup (Max at Slow Process Corner)
  Requirement:            10.000ns  (clk_fpga_0 rise@10.000ns - clk_fpga_0 rise@0.000ns)
  Data Path Delay:        6.610ns  (logic 2.199ns (33.266%)  route 4.411ns (66.734%))
  Logic Levels:           4  (LUT2=1 LUT3=1 LUT4=1 LUT6=1)
  Clock Path Skew:        -0.242ns (DCD - SCD + CPR)
    Destination Clock Delay (DCD):    2.757ns = ( 12.757 - 10.000 ) 
    Source Clock Delay      (SCD):    3.114ns
    Clock Pessimism Removal (CPR):    0.115ns
  Clock Uncertainty:      0.154ns  ((TSJ^2 + TIJ^2)^1/2 + DJ) / 2 + PE
    Total System Jitter     (TSJ):    0.071ns
    Total Input Jitter      (TIJ):    0.300ns
    Discrete Jitter          (DJ):    0.000ns
    Phase Error              (PE):    0.000ns

    Location             Delay type                Incr(ns)  Path(ns)    Netlist Resource(s)
  -------------------------------------------------------------------    -------------------
                         (clock clk_fpga_0 rise edge)
                                                      0.000     0.000 r  
    PS7_X0Y0             PS7                          0.000     0.000 r  design_1_i/cg_fpga_0/inst/processing_system7_0/inst/PS7_i/FCLKCLK[0]
                         net (fo=1, routed)           1.193     1.193    design_1_i/cg_fpga_0/inst/processing_system7_0/inst/FCLK_CLK_unbuffered[0]
    BUFGCTRL_X0Y16       BUFG (Prop_bufg_I_O)         0.101     1.294 r  design_1_i/cg_fpga_0/inst/processing_system7_0/inst/buffer_fclk_clk_0.FCLK_CLK_0_BUFG/O
                         net (fo=6937, routed)        1.820     3.114    design_1_i/cg_fpga_0/inst/processing_system7_0/inst/FCLK_CLK0
    PS7_X0Y0             PS7                                          r  design_1_i/cg_fpga_0/inst/processing_system7_0/inst/PS7_i/SAXIHP0ACLK
  -------------------------------------------------------------------    -------------------
    PS7_X0Y0             PS7 (Prop_ps7_SAXIHP0ACLK_SAXIHP0WREADY)
                                                      1.277     4.391 r  design_1_i/cg_fpga_0/inst/processing_system7_0/inst/PS7_i/SAXIHP0WREADY
                         net (fo=2, routed)           0.910     5.301    design_1_i/cg_fpga_0/inst/axi_mem_intercon/m00_couplers/auto_pc/inst/gen_axi4_axi3.axi3_conv_inst/USE_WRITE.write_addr_inst/USE_BURSTS.cmd_queue/inst/m_axi_wready
    SLICE_X26Y54         LUT3 (Prop_lut3_I0_O)        0.150     5.451 r  design_1_i/cg_fpga_0/inst/axi_mem_intercon/m00_couplers/auto_pc/inst/gen_axi4_axi3.axi3_conv_inst/USE_WRITE.write_addr_inst/USE_BURSTS.cmd_queue/inst/s_axi_wready_INST_0/O
                         net (fo=12, routed)          0.733     6.185    design_1_i/cg_fpga_0/inst/axi_mem_intercon/xbar/inst/gen_samd.crossbar_samd/gen_master_slots[0].gen_mi_write.wdata_mux_w/gen_wmux.wmux_aw_fifo/m_axi_wready[0]
    SLICE_X31Y53         LUT4 (Prop_lut4_I2_O)        0.322     6.507 r  design_1_i/cg_fpga_0/inst/axi_mem_intercon/xbar/inst/gen_samd.crossbar_samd/gen_master_slots[0].gen_mi_write.wdata_mux_w/gen_wmux.wmux_aw_fifo/s_axi_wready[1]_INST_0_i_1/O
                         net (fo=7, routed)           0.854     7.360    design_1_i/cg_fpga_0/inst/axi_mem_intercon/xbar/inst/gen_samd.crossbar_samd/gen_slave_slots[1].gen_si_write.wdata_router_w/wrouter_aw_fifo/gen_primitive_shifter.gen_srls[0].srl_inst_1
    SLICE_X34Y52         LUT6 (Prop_lut6_I1_O)        0.326     7.686 r  design_1_i/cg_fpga_0/inst/axi_mem_intercon/xbar/inst/gen_samd.crossbar_samd/gen_slave_slots[1].gen_si_write.wdata_router_w/wrouter_aw_fifo/s_axi_wready[1]_INST_0/O
                         net (fo=3, routed)           0.769     8.456    design_1_i/cg_fpga_0/inst/cg_axi_vdma_0/U0/I_PRMRY_DATAMOVER/GEN_S2MM_FULL.I_S2MM_FULL_WRAPPER/I_S2MM_MMAP_SKID_BUF/m_axi_s2mm_wready
    SLICE_X30Y46         LUT2 (Prop_lut2_I0_O)        0.124     8.580 r  design_1_i/cg_fpga_0/inst/cg_axi_vdma_0/U0/I_PRMRY_DATAMOVER/GEN_S2MM_FULL.I_S2MM_FULL_WRAPPER/I_S2MM_MMAP_SKID_BUF/sig_data_reg_out[63]_i_1/O
                         net (fo=73, routed)          1.145     9.725    design_1_i/cg_fpga_0/inst/cg_axi_vdma_0/U0/I_PRMRY_DATAMOVER/GEN_S2MM_FULL.I_S2MM_FULL_WRAPPER/I_S2MM_MMAP_SKID_BUF/sig_data_reg_out_en
    SLICE_X16Y39         FDRE                                         r  design_1_i/cg_fpga_0/inst/cg_axi_vdma_0/U0/I_PRMRY_DATAMOVER/GEN_S2MM_FULL.I_S2MM_FULL_WRAPPER/I_S2MM_MMAP_SKID_BUF/sig_data_reg_out_reg[4]/CE
  -------------------------------------------------------------------    -------------------

                         (clock clk_fpga_0 rise edge)
                                                     10.000    10.000 r  
    PS7_X0Y0             PS7                          0.000    10.000 r  design_1_i/cg_fpga_0/inst/processing_system7_0/inst/PS7_i/FCLKCLK[0]
                         net (fo=1, routed)           1.088    11.088    design_1_i/cg_fpga_0/inst/processing_system7_0/inst/FCLK_CLK_unbuffered[0]
    BUFGCTRL_X0Y16       BUFG (Prop_bufg_I_O)         0.091    11.179 r  design_1_i/cg_fpga_0/inst/processing_system7_0/inst/buffer_fclk_clk_0.FCLK_CLK_0_BUFG/O
                         net (fo=6937, routed)        1.578    12.757    design_1_i/cg_fpga_0/inst/cg_axi_vdma_0/U0/I_PRMRY_DATAMOVER/GEN_S2MM_FULL.I_S2MM_FULL_WRAPPER/I_S2MM_MMAP_SKID_BUF/s_axi_lite_aclk
    SLICE_X16Y39         FDRE                                         r  design_1_i/cg_fpga_0/inst/cg_axi_vdma_0/U0/I_PRMRY_DATAMOVER/GEN_S2MM_FULL.I_S2MM_FULL_WRAPPER/I_S2MM_MMAP_SKID_BUF/sig_data_reg_out_reg[4]/C
                         clock pessimism              0.115    12.872    
                         clock uncertainty           -0.154    12.718    
    SLICE_X16Y39         FDRE (Setup_fdre_C_CE)      -0.169    12.549    design_1_i/cg_fpga_0/inst/cg_axi_vdma_0/U0/I_PRMRY_DATAMOVER/GEN_S2MM_FULL.I_S2MM_FULL_WRAPPER/I_S2MM_MMAP_SKID_BUF/sig_data_reg_out_reg[4]
  -------------------------------------------------------------------
                         required time                         12.549    
                         arrival time                          -9.725    
  -------------------------------------------------------------------
                         slack                                  2.825    

Slack (MET) :             2.825ns  (required time - arrival time)
  Source:                 design_1_i/cg_fpga_0/inst/processing_system7_0/inst/PS7_i/SAXIHP0ACLK
                            (rising edge-triggered cell PS7 clocked by clk_fpga_0  {rise@0.000ns fall@5.000ns period=10.000ns})
  Destination:            design_1_i/cg_fpga_0/inst/cg_axi_vdma_0/U0/I_PRMRY_DATAMOVER/GEN_S2MM_FULL.I_S2MM_FULL_WRAPPER/I_S2MM_MMAP_SKID_BUF/sig_data_reg_out_reg[52]/CE
                            (rising edge-triggered cell FDRE clocked by clk_fpga_0  {rise@0.000ns fall@5.000ns period=10.000ns})
  Path Group:             clk_fpga_0
  Path Type:              Setup (Max at Slow Process Corner)
  Requirement:            10.000ns  (clk_fpga_0 rise@10.000ns - clk_fpga_0 rise@0.000ns)
  Data Path Delay:        6.610ns  (logic 2.199ns (33.266%)  route 4.411ns (66.734%))
  Logic Levels:           4  (LUT2=1 LUT3=1 LUT4=1 LUT6=1)
  Clock Path Skew:        -0.242ns (DCD - SCD + CPR)
    Destination Clock Delay (DCD):    2.757ns = ( 12.757 - 10.000 ) 
    Source Clock Delay      (SCD):    3.114ns
    Clock Pessimism Removal (CPR):    0.115ns
  Clock Uncertainty:      0.154ns  ((TSJ^2 + TIJ^2)^1/2 + DJ) / 2 + PE
    Total System Jitter     (TSJ):    0.071ns
    Total Input Jitter      (TIJ):    0.300ns
    Discrete Jitter          (DJ):    0.000ns
    Phase Error              (PE):    0.000ns

    Location             Delay type                Incr(ns)  Path(ns)    Netlist Resource(s)
  -------------------------------------------------------------------    -------------------
                         (clock clk_fpga_0 rise edge)
                                                      0.000     0.000 r  
    PS7_X0Y0             PS7                          0.000     0.000 r  design_1_i/cg_fpga_0/inst/processing_system7_0/inst/PS7_i/FCLKCLK[0]
                         net (fo=1, routed)           1.193     1.193    design_1_i/cg_fpga_0/inst/processing_system7_0/inst/FCLK_CLK_unbuffered[0]
    BUFGCTRL_X0Y16       BUFG (Prop_bufg_I_O)         0.101     1.294 r  design_1_i/cg_fpga_0/inst/processing_system7_0/inst/buffer_fclk_clk_0.FCLK_CLK_0_BUFG/O
                         net (fo=6937, routed)        1.820     3.114    design_1_i/cg_fpga_0/inst/processing_system7_0/inst/FCLK_CLK0
    PS7_X0Y0             PS7                                          r  design_1_i/cg_fpga_0/inst/processing_system7_0/inst/PS7_i/SAXIHP0ACLK
  -------------------------------------------------------------------    -------------------
    PS7_X0Y0             PS7 (Prop_ps7_SAXIHP0ACLK_SAXIHP0WREADY)
                                                      1.277     4.391 r  design_1_i/cg_fpga_0/inst/processing_system7_0/inst/PS7_i/SAXIHP0WREADY
                         net (fo=2, routed)           0.910     5.301    design_1_i/cg_fpga_0/inst/axi_mem_intercon/m00_couplers/auto_pc/inst/gen_axi4_axi3.axi3_conv_inst/USE_WRITE.write_addr_inst/USE_BURSTS.cmd_queue/inst/m_axi_wready
    SLICE_X26Y54         LUT3 (Prop_lut3_I0_O)        0.150     5.451 r  design_1_i/cg_fpga_0/inst/axi_mem_intercon/m00_couplers/auto_pc/inst/gen_axi4_axi3.axi3_conv_inst/USE_WRITE.write_addr_inst/USE_BURSTS.cmd_queue/inst/s_axi_wready_INST_0/O
                         net (fo=12, routed)          0.733     6.185    design_1_i/cg_fpga_0/inst/axi_mem_intercon/xbar/inst/gen_samd.crossbar_samd/gen_master_slots[0].gen_mi_write.wdata_mux_w/gen_wmux.wmux_aw_fifo/m_axi_wready[0]
    SLICE_X31Y53         LUT4 (Prop_lut4_I2_O)        0.322     6.507 r  design_1_i/cg_fpga_0/inst/axi_mem_intercon/xbar/inst/gen_samd.crossbar_samd/gen_master_slots[0].gen_mi_write.wdata_mux_w/gen_wmux.wmux_aw_fifo/s_axi_wready[1]_INST_0_i_1/O
                         net (fo=7, routed)           0.854     7.360    design_1_i/cg_fpga_0/inst/axi_mem_intercon/xbar/inst/gen_samd.crossbar_samd/gen_slave_slots[1].gen_si_write.wdata_router_w/wrouter_aw_fifo/gen_primitive_shifter.gen_srls[0].srl_inst_1
    SLICE_X34Y52         LUT6 (Prop_lut6_I1_O)        0.326     7.686 r  design_1_i/cg_fpga_0/inst/axi_mem_intercon/xbar/inst/gen_samd.crossbar_samd/gen_slave_slots[1].gen_si_write.wdata_router_w/wrouter_aw_fifo/s_axi_wready[1]_INST_0/O
                         net (fo=3, routed)           0.769     8.456    design_1_i/cg_fpga_0/inst/cg_axi_vdma_0/U0/I_PRMRY_DATAMOVER/GEN_S2MM_FULL.I_S2MM_FULL_WRAPPER/I_S2MM_MMAP_SKID_BUF/m_axi_s2mm_wready
    SLICE_X30Y46         LUT2 (Prop_lut2_I0_O)        0.124     8.580 r  design_1_i/cg_fpga_0/inst/cg_axi_vdma_0/U0/I_PRMRY_DATAMOVER/GEN_S2MM_FULL.I_S2MM_FULL_WRAPPER/I_S2MM_MMAP_SKID_BUF/sig_data_reg_out[63]_i_1/O
                         net (fo=73, routed)          1.145     9.725    design_1_i/cg_fpga_0/inst/cg_axi_vdma_0/U0/I_PRMRY_DATAMOVER/GEN_S2MM_FULL.I_S2MM_FULL_WRAPPER/I_S2MM_MMAP_SKID_BUF/sig_data_reg_out_en
    SLICE_X16Y39         FDRE                                         r  design_1_i/cg_fpga_0/inst/cg_axi_vdma_0/U0/I_PRMRY_DATAMOVER/GEN_S2MM_FULL.I_S2MM_FULL_WRAPPER/I_S2MM_MMAP_SKID_BUF/sig_data_reg_out_reg[52]/CE
  -------------------------------------------------------------------    -------------------

                         (clock clk_fpga_0 rise edge)
                                                     10.000    10.000 r  
    PS7_X0Y0             PS7                          0.000    10.000 r  design_1_i/cg_fpga_0/inst/processing_system7_0/inst/PS7_i/FCLKCLK[0]
                         net (fo=1, routed)           1.088    11.088    design_1_i/cg_fpga_0/inst/processing_system7_0/inst/FCLK_CLK_unbuffered[0]
    BUFGCTRL_X0Y16       BUFG (Prop_bufg_I_O)         0.091    11.179 r  design_1_i/cg_fpga_0/inst/processing_system7_0/inst/buffer_fclk_clk_0.FCLK_CLK_0_BUFG/O
                         net (fo=6937, routed)        1.578    12.757    design_1_i/cg_fpga_0/inst/cg_axi_vdma_0/U0/I_PRMRY_DATAMOVER/GEN_S2MM_FULL.I_S2MM_FULL_WRAPPER/I_S2MM_MMAP_SKID_BUF/s_axi_lite_aclk
    SLICE_X16Y39         FDRE                                         r  design_1_i/cg_fpga_0/inst/cg_axi_vdma_0/U0/I_PRMRY_DATAMOVER/GEN_S2MM_FULL.I_S2MM_FULL_WRAPPER/I_S2MM_MMAP_SKID_BUF/sig_data_reg_out_reg[52]/C
                         clock pessimism              0.115    12.872    
                         clock uncertainty           -0.154    12.718    
    SLICE_X16Y39         FDRE (Setup_fdre_C_CE)      -0.169    12.549    design_1_i/cg_fpga_0/inst/cg_axi_vdma_0/U0/I_PRMRY_DATAMOVER/GEN_S2MM_FULL.I_S2MM_FULL_WRAPPER/I_S2MM_MMAP_SKID_BUF/sig_data_reg_out_reg[52]
  -------------------------------------------------------------------
                         required time                         12.549    
                         arrival time                          -9.725    
  -------------------------------------------------------------------
                         slack                                  2.825    

Slack (MET) :             2.826ns  (required time - arrival time)
  Source:                 design_1_i/cg_fpga_0/inst/processing_system7_0/inst/PS7_i/SAXIHP0ACLK
                            (rising edge-triggered cell PS7 clocked by clk_fpga_0  {rise@0.000ns fall@5.000ns period=10.000ns})
  Destination:            design_1_i/cg_fpga_0/inst/cg_axi_vdma_0/U0/I_PRMRY_DATAMOVER/GEN_S2MM_FULL.I_S2MM_FULL_WRAPPER/I_S2MM_MMAP_SKID_BUF/sig_data_reg_out_reg[16]/CE
                            (rising edge-triggered cell FDRE clocked by clk_fpga_0  {rise@0.000ns fall@5.000ns period=10.000ns})
  Path Group:             clk_fpga_0
  Path Type:              Setup (Max at Slow Process Corner)
  Requirement:            10.000ns  (clk_fpga_0 rise@10.000ns - clk_fpga_0 rise@0.000ns)
  Data Path Delay:        6.572ns  (logic 2.199ns (33.459%)  route 4.373ns (66.541%))
  Logic Levels:           4  (LUT2=1 LUT3=1 LUT4=1 LUT6=1)
  Clock Path Skew:        -0.243ns (DCD - SCD + CPR)
    Destination Clock Delay (DCD):    2.757ns = ( 12.757 - 10.000 ) 
    Source Clock Delay      (SCD):    3.114ns
    Clock Pessimism Removal (CPR):    0.115ns
  Clock Uncertainty:      0.154ns  ((TSJ^2 + TIJ^2)^1/2 + DJ) / 2 + PE
    Total System Jitter     (TSJ):    0.071ns
    Total Input Jitter      (TIJ):    0.300ns
    Discrete Jitter          (DJ):    0.000ns
    Phase Error              (PE):    0.000ns

    Location             Delay type                Incr(ns)  Path(ns)    Netlist Resource(s)
  -------------------------------------------------------------------    -------------------
                         (clock clk_fpga_0 rise edge)
                                                      0.000     0.000 r  
    PS7_X0Y0             PS7                          0.000     0.000 r  design_1_i/cg_fpga_0/inst/processing_system7_0/inst/PS7_i/FCLKCLK[0]
                         net (fo=1, routed)           1.193     1.193    design_1_i/cg_fpga_0/inst/processing_system7_0/inst/FCLK_CLK_unbuffered[0]
    BUFGCTRL_X0Y16       BUFG (Prop_bufg_I_O)         0.101     1.294 r  design_1_i/cg_fpga_0/inst/processing_system7_0/inst/buffer_fclk_clk_0.FCLK_CLK_0_BUFG/O
                         net (fo=6937, routed)        1.820     3.114    design_1_i/cg_fpga_0/inst/processing_system7_0/inst/FCLK_CLK0
    PS7_X0Y0             PS7                                          r  design_1_i/cg_fpga_0/inst/processing_system7_0/inst/PS7_i/SAXIHP0ACLK
  -------------------------------------------------------------------    -------------------
    PS7_X0Y0             PS7 (Prop_ps7_SAXIHP0ACLK_SAXIHP0WREADY)
                                                      1.277     4.391 r  design_1_i/cg_fpga_0/inst/processing_system7_0/inst/PS7_i/SAXIHP0WREADY
                         net (fo=2, routed)           0.910     5.301    design_1_i/cg_fpga_0/inst/axi_mem_intercon/m00_couplers/auto_pc/inst/gen_axi4_axi3.axi3_conv_inst/USE_WRITE.write_addr_inst/USE_BURSTS.cmd_queue/inst/m_axi_wready
    SLICE_X26Y54         LUT3 (Prop_lut3_I0_O)        0.150     5.451 r  design_1_i/cg_fpga_0/inst/axi_mem_intercon/m00_couplers/auto_pc/inst/gen_axi4_axi3.axi3_conv_inst/USE_WRITE.write_addr_inst/USE_BURSTS.cmd_queue/inst/s_axi_wready_INST_0/O
                         net (fo=12, routed)          0.733     6.185    design_1_i/cg_fpga_0/inst/axi_mem_intercon/xbar/inst/gen_samd.crossbar_samd/gen_master_slots[0].gen_mi_write.wdata_mux_w/gen_wmux.wmux_aw_fifo/m_axi_wready[0]
    SLICE_X31Y53         LUT4 (Prop_lut4_I2_O)        0.322     6.507 r  design_1_i/cg_fpga_0/inst/axi_mem_intercon/xbar/inst/gen_samd.crossbar_samd/gen_master_slots[0].gen_mi_write.wdata_mux_w/gen_wmux.wmux_aw_fifo/s_axi_wready[1]_INST_0_i_1/O
                         net (fo=7, routed)           0.854     7.360    design_1_i/cg_fpga_0/inst/axi_mem_intercon/xbar/inst/gen_samd.crossbar_samd/gen_slave_slots[1].gen_si_write.wdata_router_w/wrouter_aw_fifo/gen_primitive_shifter.gen_srls[0].srl_inst_1
    SLICE_X34Y52         LUT6 (Prop_lut6_I1_O)        0.326     7.686 r  design_1_i/cg_fpga_0/inst/axi_mem_intercon/xbar/inst/gen_samd.crossbar_samd/gen_slave_slots[1].gen_si_write.wdata_router_w/wrouter_aw_fifo/s_axi_wready[1]_INST_0/O
                         net (fo=3, routed)           0.769     8.456    design_1_i/cg_fpga_0/inst/cg_axi_vdma_0/U0/I_PRMRY_DATAMOVER/GEN_S2MM_FULL.I_S2MM_FULL_WRAPPER/I_S2MM_MMAP_SKID_BUF/m_axi_s2mm_wready
    SLICE_X30Y46         LUT2 (Prop_lut2_I0_O)        0.124     8.580 r  design_1_i/cg_fpga_0/inst/cg_axi_vdma_0/U0/I_PRMRY_DATAMOVER/GEN_S2MM_FULL.I_S2MM_FULL_WRAPPER/I_S2MM_MMAP_SKID_BUF/sig_data_reg_out[63]_i_1/O
                         net (fo=73, routed)          1.107     9.687    design_1_i/cg_fpga_0/inst/cg_axi_vdma_0/U0/I_PRMRY_DATAMOVER/GEN_S2MM_FULL.I_S2MM_FULL_WRAPPER/I_S2MM_MMAP_SKID_BUF/sig_data_reg_out_en
    SLICE_X17Y38         FDRE                                         r  design_1_i/cg_fpga_0/inst/cg_axi_vdma_0/U0/I_PRMRY_DATAMOVER/GEN_S2MM_FULL.I_S2MM_FULL_WRAPPER/I_S2MM_MMAP_SKID_BUF/sig_data_reg_out_reg[16]/CE
  -------------------------------------------------------------------    -------------------

                         (clock clk_fpga_0 rise edge)
                                                     10.000    10.000 r  
    PS7_X0Y0             PS7                          0.000    10.000 r  design_1_i/cg_fpga_0/inst/processing_system7_0/inst/PS7_i/FCLKCLK[0]
                         net (fo=1, routed)           1.088    11.088    design_1_i/cg_fpga_0/inst/processing_system7_0/inst/FCLK_CLK_unbuffered[0]
    BUFGCTRL_X0Y16       BUFG (Prop_bufg_I_O)         0.091    11.179 r  design_1_i/cg_fpga_0/inst/processing_system7_0/inst/buffer_fclk_clk_0.FCLK_CLK_0_BUFG/O
                         net (fo=6937, routed)        1.577    12.757    design_1_i/cg_fpga_0/inst/cg_axi_vdma_0/U0/I_PRMRY_DATAMOVER/GEN_S2MM_FULL.I_S2MM_FULL_WRAPPER/I_S2MM_MMAP_SKID_BUF/s_axi_lite_aclk
    SLICE_X17Y38         FDRE                                         r  design_1_i/cg_fpga_0/inst/cg_axi_vdma_0/U0/I_PRMRY_DATAMOVER/GEN_S2MM_FULL.I_S2MM_FULL_WRAPPER/I_S2MM_MMAP_SKID_BUF/sig_data_reg_out_reg[16]/C
                         clock pessimism              0.115    12.871    
                         clock uncertainty           -0.154    12.717    
    SLICE_X17Y38         FDRE (Setup_fdre_C_CE)      -0.205    12.512    design_1_i/cg_fpga_0/inst/cg_axi_vdma_0/U0/I_PRMRY_DATAMOVER/GEN_S2MM_FULL.I_S2MM_FULL_WRAPPER/I_S2MM_MMAP_SKID_BUF/sig_data_reg_out_reg[16]
  -------------------------------------------------------------------
                         required time                         12.512    
                         arrival time                          -9.687    
  -------------------------------------------------------------------
                         slack                                  2.826    

Slack (MET) :             2.826ns  (required time - arrival time)
  Source:                 design_1_i/cg_fpga_0/inst/processing_system7_0/inst/PS7_i/SAXIHP0ACLK
                            (rising edge-triggered cell PS7 clocked by clk_fpga_0  {rise@0.000ns fall@5.000ns period=10.000ns})
  Destination:            design_1_i/cg_fpga_0/inst/cg_axi_vdma_0/U0/I_PRMRY_DATAMOVER/GEN_S2MM_FULL.I_S2MM_FULL_WRAPPER/I_S2MM_MMAP_SKID_BUF/sig_data_reg_out_reg[28]/CE
                            (rising edge-triggered cell FDRE clocked by clk_fpga_0  {rise@0.000ns fall@5.000ns period=10.000ns})
  Path Group:             clk_fpga_0
  Path Type:              Setup (Max at Slow Process Corner)
  Requirement:            10.000ns  (clk_fpga_0 rise@10.000ns - clk_fpga_0 rise@0.000ns)
  Data Path Delay:        6.572ns  (logic 2.199ns (33.459%)  route 4.373ns (66.541%))
  Logic Levels:           4  (LUT2=1 LUT3=1 LUT4=1 LUT6=1)
  Clock Path Skew:        -0.243ns (DCD - SCD + CPR)
    Destination Clock Delay (DCD):    2.757ns = ( 12.757 - 10.000 ) 
    Source Clock Delay      (SCD):    3.114ns
    Clock Pessimism Removal (CPR):    0.115ns
  Clock Uncertainty:      0.154ns  ((TSJ^2 + TIJ^2)^1/2 + DJ) / 2 + PE
    Total System Jitter     (TSJ):    0.071ns
    Total Input Jitter      (TIJ):    0.300ns
    Discrete Jitter          (DJ):    0.000ns
    Phase Error              (PE):    0.000ns

    Location             Delay type                Incr(ns)  Path(ns)    Netlist Resource(s)
  -------------------------------------------------------------------    -------------------
                         (clock clk_fpga_0 rise edge)
                                                      0.000     0.000 r  
    PS7_X0Y0             PS7                          0.000     0.000 r  design_1_i/cg_fpga_0/inst/processing_system7_0/inst/PS7_i/FCLKCLK[0]
                         net (fo=1, routed)           1.193     1.193    design_1_i/cg_fpga_0/inst/processing_system7_0/inst/FCLK_CLK_unbuffered[0]
    BUFGCTRL_X0Y16       BUFG (Prop_bufg_I_O)         0.101     1.294 r  design_1_i/cg_fpga_0/inst/processing_system7_0/inst/buffer_fclk_clk_0.FCLK_CLK_0_BUFG/O
                         net (fo=6937, routed)        1.820     3.114    design_1_i/cg_fpga_0/inst/processing_system7_0/inst/FCLK_CLK0
    PS7_X0Y0             PS7                                          r  design_1_i/cg_fpga_0/inst/processing_system7_0/inst/PS7_i/SAXIHP0ACLK
  -------------------------------------------------------------------    -------------------
    PS7_X0Y0             PS7 (Prop_ps7_SAXIHP0ACLK_SAXIHP0WREADY)
                                                      1.277     4.391 r  design_1_i/cg_fpga_0/inst/processing_system7_0/inst/PS7_i/SAXIHP0WREADY
                         net (fo=2, routed)           0.910     5.301    design_1_i/cg_fpga_0/inst/axi_mem_intercon/m00_couplers/auto_pc/inst/gen_axi4_axi3.axi3_conv_inst/USE_WRITE.write_addr_inst/USE_BURSTS.cmd_queue/inst/m_axi_wready
    SLICE_X26Y54         LUT3 (Prop_lut3_I0_O)        0.150     5.451 r  design_1_i/cg_fpga_0/inst/axi_mem_intercon/m00_couplers/auto_pc/inst/gen_axi4_axi3.axi3_conv_inst/USE_WRITE.write_addr_inst/USE_BURSTS.cmd_queue/inst/s_axi_wready_INST_0/O
                         net (fo=12, routed)          0.733     6.185    design_1_i/cg_fpga_0/inst/axi_mem_intercon/xbar/inst/gen_samd.crossbar_samd/gen_master_slots[0].gen_mi_write.wdata_mux_w/gen_wmux.wmux_aw_fifo/m_axi_wready[0]
    SLICE_X31Y53         LUT4 (Prop_lut4_I2_O)        0.322     6.507 r  design_1_i/cg_fpga_0/inst/axi_mem_intercon/xbar/inst/gen_samd.crossbar_samd/gen_master_slots[0].gen_mi_write.wdata_mux_w/gen_wmux.wmux_aw_fifo/s_axi_wready[1]_INST_0_i_1/O
                         net (fo=7, routed)           0.854     7.360    design_1_i/cg_fpga_0/inst/axi_mem_intercon/xbar/inst/gen_samd.crossbar_samd/gen_slave_slots[1].gen_si_write.wdata_router_w/wrouter_aw_fifo/gen_primitive_shifter.gen_srls[0].srl_inst_1
    SLICE_X34Y52         LUT6 (Prop_lut6_I1_O)        0.326     7.686 r  design_1_i/cg_fpga_0/inst/axi_mem_intercon/xbar/inst/gen_samd.crossbar_samd/gen_slave_slots[1].gen_si_write.wdata_router_w/wrouter_aw_fifo/s_axi_wready[1]_INST_0/O
                         net (fo=3, routed)           0.769     8.456    design_1_i/cg_fpga_0/inst/cg_axi_vdma_0/U0/I_PRMRY_DATAMOVER/GEN_S2MM_FULL.I_S2MM_FULL_WRAPPER/I_S2MM_MMAP_SKID_BUF/m_axi_s2mm_wready
    SLICE_X30Y46         LUT2 (Prop_lut2_I0_O)        0.124     8.580 r  design_1_i/cg_fpga_0/inst/cg_axi_vdma_0/U0/I_PRMRY_DATAMOVER/GEN_S2MM_FULL.I_S2MM_FULL_WRAPPER/I_S2MM_MMAP_SKID_BUF/sig_data_reg_out[63]_i_1/O
                         net (fo=73, routed)          1.107     9.687    design_1_i/cg_fpga_0/inst/cg_axi_vdma_0/U0/I_PRMRY_DATAMOVER/GEN_S2MM_FULL.I_S2MM_FULL_WRAPPER/I_S2MM_MMAP_SKID_BUF/sig_data_reg_out_en
    SLICE_X17Y38         FDRE                                         r  design_1_i/cg_fpga_0/inst/cg_axi_vdma_0/U0/I_PRMRY_DATAMOVER/GEN_S2MM_FULL.I_S2MM_FULL_WRAPPER/I_S2MM_MMAP_SKID_BUF/sig_data_reg_out_reg[28]/CE
  -------------------------------------------------------------------    -------------------

                         (clock clk_fpga_0 rise edge)
                                                     10.000    10.000 r  
    PS7_X0Y0             PS7                          0.000    10.000 r  design_1_i/cg_fpga_0/inst/processing_system7_0/inst/PS7_i/FCLKCLK[0]
                         net (fo=1, routed)           1.088    11.088    design_1_i/cg_fpga_0/inst/processing_system7_0/inst/FCLK_CLK_unbuffered[0]
    BUFGCTRL_X0Y16       BUFG (Prop_bufg_I_O)         0.091    11.179 r  design_1_i/cg_fpga_0/inst/processing_system7_0/inst/buffer_fclk_clk_0.FCLK_CLK_0_BUFG/O
                         net (fo=6937, routed)        1.577    12.757    design_1_i/cg_fpga_0/inst/cg_axi_vdma_0/U0/I_PRMRY_DATAMOVER/GEN_S2MM_FULL.I_S2MM_FULL_WRAPPER/I_S2MM_MMAP_SKID_BUF/s_axi_lite_aclk
    SLICE_X17Y38         FDRE                                         r  design_1_i/cg_fpga_0/inst/cg_axi_vdma_0/U0/I_PRMRY_DATAMOVER/GEN_S2MM_FULL.I_S2MM_FULL_WRAPPER/I_S2MM_MMAP_SKID_BUF/sig_data_reg_out_reg[28]/C
                         clock pessimism              0.115    12.871    
                         clock uncertainty           -0.154    12.717    
    SLICE_X17Y38         FDRE (Setup_fdre_C_CE)      -0.205    12.512    design_1_i/cg_fpga_0/inst/cg_axi_vdma_0/U0/I_PRMRY_DATAMOVER/GEN_S2MM_FULL.I_S2MM_FULL_WRAPPER/I_S2MM_MMAP_SKID_BUF/sig_data_reg_out_reg[28]
  -------------------------------------------------------------------
                         required time                         12.512    
                         arrival time                          -9.687    
  -------------------------------------------------------------------
                         slack                                  2.826    

Slack (MET) :             2.843ns  (required time - arrival time)
  Source:                 design_1_i/cg_fpga_0/inst/processing_system7_0/inst/PS7_i/SAXIHP0ACLK
                            (rising edge-triggered cell PS7 clocked by clk_fpga_0  {rise@0.000ns fall@5.000ns period=10.000ns})
  Destination:            design_1_i/cg_fpga_0/inst/cg_axi_vdma_0/U0/I_PRMRY_DATAMOVER/GEN_S2MM_FULL.I_S2MM_FULL_WRAPPER/I_S2MM_MMAP_SKID_BUF/sig_data_reg_out_reg[22]/CE
                            (rising edge-triggered cell FDRE clocked by clk_fpga_0  {rise@0.000ns fall@5.000ns period=10.000ns})
  Path Group:             clk_fpga_0
  Path Type:              Setup (Max at Slow Process Corner)
  Requirement:            10.000ns  (clk_fpga_0 rise@10.000ns - clk_fpga_0 rise@0.000ns)
  Data Path Delay:        6.554ns  (logic 2.199ns (33.552%)  route 4.355ns (66.448%))
  Logic Levels:           4  (LUT2=1 LUT3=1 LUT4=1 LUT6=1)
  Clock Path Skew:        -0.244ns (DCD - SCD + CPR)
    Destination Clock Delay (DCD):    2.755ns = ( 12.755 - 10.000 ) 
    Source Clock Delay      (SCD):    3.114ns
    Clock Pessimism Removal (CPR):    0.115ns
  Clock Uncertainty:      0.154ns  ((TSJ^2 + TIJ^2)^1/2 + DJ) / 2 + PE
    Total System Jitter     (TSJ):    0.071ns
    Total Input Jitter      (TIJ):    0.300ns
    Discrete Jitter          (DJ):    0.000ns
    Phase Error              (PE):    0.000ns

    Location             Delay type                Incr(ns)  Path(ns)    Netlist Resource(s)
  -------------------------------------------------------------------    -------------------
                         (clock clk_fpga_0 rise edge)
                                                      0.000     0.000 r  
    PS7_X0Y0             PS7                          0.000     0.000 r  design_1_i/cg_fpga_0/inst/processing_system7_0/inst/PS7_i/FCLKCLK[0]
                         net (fo=1, routed)           1.193     1.193    design_1_i/cg_fpga_0/inst/processing_system7_0/inst/FCLK_CLK_unbuffered[0]
    BUFGCTRL_X0Y16       BUFG (Prop_bufg_I_O)         0.101     1.294 r  design_1_i/cg_fpga_0/inst/processing_system7_0/inst/buffer_fclk_clk_0.FCLK_CLK_0_BUFG/O
                         net (fo=6937, routed)        1.820     3.114    design_1_i/cg_fpga_0/inst/processing_system7_0/inst/FCLK_CLK0
    PS7_X0Y0             PS7                                          r  design_1_i/cg_fpga_0/inst/processing_system7_0/inst/PS7_i/SAXIHP0ACLK
  -------------------------------------------------------------------    -------------------
    PS7_X0Y0             PS7 (Prop_ps7_SAXIHP0ACLK_SAXIHP0WREADY)
                                                      1.277     4.391 r  design_1_i/cg_fpga_0/inst/processing_system7_0/inst/PS7_i/SAXIHP0WREADY
                         net (fo=2, routed)           0.910     5.301    design_1_i/cg_fpga_0/inst/axi_mem_intercon/m00_couplers/auto_pc/inst/gen_axi4_axi3.axi3_conv_inst/USE_WRITE.write_addr_inst/USE_BURSTS.cmd_queue/inst/m_axi_wready
    SLICE_X26Y54         LUT3 (Prop_lut3_I0_O)        0.150     5.451 r  design_1_i/cg_fpga_0/inst/axi_mem_intercon/m00_couplers/auto_pc/inst/gen_axi4_axi3.axi3_conv_inst/USE_WRITE.write_addr_inst/USE_BURSTS.cmd_queue/inst/s_axi_wready_INST_0/O
                         net (fo=12, routed)          0.733     6.185    design_1_i/cg_fpga_0/inst/axi_mem_intercon/xbar/inst/gen_samd.crossbar_samd/gen_master_slots[0].gen_mi_write.wdata_mux_w/gen_wmux.wmux_aw_fifo/m_axi_wready[0]
    SLICE_X31Y53         LUT4 (Prop_lut4_I2_O)        0.322     6.507 r  design_1_i/cg_fpga_0/inst/axi_mem_intercon/xbar/inst/gen_samd.crossbar_samd/gen_master_slots[0].gen_mi_write.wdata_mux_w/gen_wmux.wmux_aw_fifo/s_axi_wready[1]_INST_0_i_1/O
                         net (fo=7, routed)           0.854     7.360    design_1_i/cg_fpga_0/inst/axi_mem_intercon/xbar/inst/gen_samd.crossbar_samd/gen_slave_slots[1].gen_si_write.wdata_router_w/wrouter_aw_fifo/gen_primitive_shifter.gen_srls[0].srl_inst_1
    SLICE_X34Y52         LUT6 (Prop_lut6_I1_O)        0.326     7.686 r  design_1_i/cg_fpga_0/inst/axi_mem_intercon/xbar/inst/gen_samd.crossbar_samd/gen_slave_slots[1].gen_si_write.wdata_router_w/wrouter_aw_fifo/s_axi_wready[1]_INST_0/O
                         net (fo=3, routed)           0.769     8.456    design_1_i/cg_fpga_0/inst/cg_axi_vdma_0/U0/I_PRMRY_DATAMOVER/GEN_S2MM_FULL.I_S2MM_FULL_WRAPPER/I_S2MM_MMAP_SKID_BUF/m_axi_s2mm_wready
    SLICE_X30Y46         LUT2 (Prop_lut2_I0_O)        0.124     8.580 r  design_1_i/cg_fpga_0/inst/cg_axi_vdma_0/U0/I_PRMRY_DATAMOVER/GEN_S2MM_FULL.I_S2MM_FULL_WRAPPER/I_S2MM_MMAP_SKID_BUF/sig_data_reg_out[63]_i_1/O
                         net (fo=73, routed)          1.089     9.668    design_1_i/cg_fpga_0/inst/cg_axi_vdma_0/U0/I_PRMRY_DATAMOVER/GEN_S2MM_FULL.I_S2MM_FULL_WRAPPER/I_S2MM_MMAP_SKID_BUF/sig_data_reg_out_en
    SLICE_X21Y38         FDRE                                         r  design_1_i/cg_fpga_0/inst/cg_axi_vdma_0/U0/I_PRMRY_DATAMOVER/GEN_S2MM_FULL.I_S2MM_FULL_WRAPPER/I_S2MM_MMAP_SKID_BUF/sig_data_reg_out_reg[22]/CE
  -------------------------------------------------------------------    -------------------

                         (clock clk_fpga_0 rise edge)
                                                     10.000    10.000 r  
    PS7_X0Y0             PS7                          0.000    10.000 r  design_1_i/cg_fpga_0/inst/processing_system7_0/inst/PS7_i/FCLKCLK[0]
                         net (fo=1, routed)           1.088    11.088    design_1_i/cg_fpga_0/inst/processing_system7_0/inst/FCLK_CLK_unbuffered[0]
    BUFGCTRL_X0Y16       BUFG (Prop_bufg_I_O)         0.091    11.179 r  design_1_i/cg_fpga_0/inst/processing_system7_0/inst/buffer_fclk_clk_0.FCLK_CLK_0_BUFG/O
                         net (fo=6937, routed)        1.576    12.755    design_1_i/cg_fpga_0/inst/cg_axi_vdma_0/U0/I_PRMRY_DATAMOVER/GEN_S2MM_FULL.I_S2MM_FULL_WRAPPER/I_S2MM_MMAP_SKID_BUF/s_axi_lite_aclk
    SLICE_X21Y38         FDRE                                         r  design_1_i/cg_fpga_0/inst/cg_axi_vdma_0/U0/I_PRMRY_DATAMOVER/GEN_S2MM_FULL.I_S2MM_FULL_WRAPPER/I_S2MM_MMAP_SKID_BUF/sig_data_reg_out_reg[22]/C
                         clock pessimism              0.115    12.870    
                         clock uncertainty           -0.154    12.716    
    SLICE_X21Y38         FDRE (Setup_fdre_C_CE)      -0.205    12.511    design_1_i/cg_fpga_0/inst/cg_axi_vdma_0/U0/I_PRMRY_DATAMOVER/GEN_S2MM_FULL.I_S2MM_FULL_WRAPPER/I_S2MM_MMAP_SKID_BUF/sig_data_reg_out_reg[22]
  -------------------------------------------------------------------
                         required time                         12.511    
                         arrival time                          -9.668    
  -------------------------------------------------------------------
                         slack                                  2.843    

Slack (MET) :             2.843ns  (required time - arrival time)
  Source:                 design_1_i/cg_fpga_0/inst/processing_system7_0/inst/PS7_i/SAXIHP0ACLK
                            (rising edge-triggered cell PS7 clocked by clk_fpga_0  {rise@0.000ns fall@5.000ns period=10.000ns})
  Destination:            design_1_i/cg_fpga_0/inst/cg_axi_vdma_0/U0/I_PRMRY_DATAMOVER/GEN_S2MM_FULL.I_S2MM_FULL_WRAPPER/I_S2MM_MMAP_SKID_BUF/sig_data_reg_out_reg[8]/CE
                            (rising edge-triggered cell FDRE clocked by clk_fpga_0  {rise@0.000ns fall@5.000ns period=10.000ns})
  Path Group:             clk_fpga_0
  Path Type:              Setup (Max at Slow Process Corner)
  Requirement:            10.000ns  (clk_fpga_0 rise@10.000ns - clk_fpga_0 rise@0.000ns)
  Data Path Delay:        6.554ns  (logic 2.199ns (33.552%)  route 4.355ns (66.448%))
  Logic Levels:           4  (LUT2=1 LUT3=1 LUT4=1 LUT6=1)
  Clock Path Skew:        -0.244ns (DCD - SCD + CPR)
    Destination Clock Delay (DCD):    2.755ns = ( 12.755 - 10.000 ) 
    Source Clock Delay      (SCD):    3.114ns
    Clock Pessimism Removal (CPR):    0.115ns
  Clock Uncertainty:      0.154ns  ((TSJ^2 + TIJ^2)^1/2 + DJ) / 2 + PE
    Total System Jitter     (TSJ):    0.071ns
    Total Input Jitter      (TIJ):    0.300ns
    Discrete Jitter          (DJ):    0.000ns
    Phase Error              (PE):    0.000ns

    Location             Delay type                Incr(ns)  Path(ns)    Netlist Resource(s)
  -------------------------------------------------------------------    -------------------
                         (clock clk_fpga_0 rise edge)
                                                      0.000     0.000 r  
    PS7_X0Y0             PS7                          0.000     0.000 r  design_1_i/cg_fpga_0/inst/processing_system7_0/inst/PS7_i/FCLKCLK[0]
                         net (fo=1, routed)           1.193     1.193    design_1_i/cg_fpga_0/inst/processing_system7_0/inst/FCLK_CLK_unbuffered[0]
    BUFGCTRL_X0Y16       BUFG (Prop_bufg_I_O)         0.101     1.294 r  design_1_i/cg_fpga_0/inst/processing_system7_0/inst/buffer_fclk_clk_0.FCLK_CLK_0_BUFG/O
                         net (fo=6937, routed)        1.820     3.114    design_1_i/cg_fpga_0/inst/processing_system7_0/inst/FCLK_CLK0
    PS7_X0Y0             PS7                                          r  design_1_i/cg_fpga_0/inst/processing_system7_0/inst/PS7_i/SAXIHP0ACLK
  -------------------------------------------------------------------    -------------------
    PS7_X0Y0             PS7 (Prop_ps7_SAXIHP0ACLK_SAXIHP0WREADY)
                                                      1.277     4.391 r  design_1_i/cg_fpga_0/inst/processing_system7_0/inst/PS7_i/SAXIHP0WREADY
                         net (fo=2, routed)           0.910     5.301    design_1_i/cg_fpga_0/inst/axi_mem_intercon/m00_couplers/auto_pc/inst/gen_axi4_axi3.axi3_conv_inst/USE_WRITE.write_addr_inst/USE_BURSTS.cmd_queue/inst/m_axi_wready
    SLICE_X26Y54         LUT3 (Prop_lut3_I0_O)        0.150     5.451 r  design_1_i/cg_fpga_0/inst/axi_mem_intercon/m00_couplers/auto_pc/inst/gen_axi4_axi3.axi3_conv_inst/USE_WRITE.write_addr_inst/USE_BURSTS.cmd_queue/inst/s_axi_wready_INST_0/O
                         net (fo=12, routed)          0.733     6.185    design_1_i/cg_fpga_0/inst/axi_mem_intercon/xbar/inst/gen_samd.crossbar_samd/gen_master_slots[0].gen_mi_write.wdata_mux_w/gen_wmux.wmux_aw_fifo/m_axi_wready[0]
    SLICE_X31Y53         LUT4 (Prop_lut4_I2_O)        0.322     6.507 r  design_1_i/cg_fpga_0/inst/axi_mem_intercon/xbar/inst/gen_samd.crossbar_samd/gen_master_slots[0].gen_mi_write.wdata_mux_w/gen_wmux.wmux_aw_fifo/s_axi_wready[1]_INST_0_i_1/O
                         net (fo=7, routed)           0.854     7.360    design_1_i/cg_fpga_0/inst/axi_mem_intercon/xbar/inst/gen_samd.crossbar_samd/gen_slave_slots[1].gen_si_write.wdata_router_w/wrouter_aw_fifo/gen_primitive_shifter.gen_srls[0].srl_inst_1
    SLICE_X34Y52         LUT6 (Prop_lut6_I1_O)        0.326     7.686 r  design_1_i/cg_fpga_0/inst/axi_mem_intercon/xbar/inst/gen_samd.crossbar_samd/gen_slave_slots[1].gen_si_write.wdata_router_w/wrouter_aw_fifo/s_axi_wready[1]_INST_0/O
                         net (fo=3, routed)           0.769     8.456    design_1_i/cg_fpga_0/inst/cg_axi_vdma_0/U0/I_PRMRY_DATAMOVER/GEN_S2MM_FULL.I_S2MM_FULL_WRAPPER/I_S2MM_MMAP_SKID_BUF/m_axi_s2mm_wready
    SLICE_X30Y46         LUT2 (Prop_lut2_I0_O)        0.124     8.580 r  design_1_i/cg_fpga_0/inst/cg_axi_vdma_0/U0/I_PRMRY_DATAMOVER/GEN_S2MM_FULL.I_S2MM_FULL_WRAPPER/I_S2MM_MMAP_SKID_BUF/sig_data_reg_out[63]_i_1/O
                         net (fo=73, routed)          1.089     9.668    design_1_i/cg_fpga_0/inst/cg_axi_vdma_0/U0/I_PRMRY_DATAMOVER/GEN_S2MM_FULL.I_S2MM_FULL_WRAPPER/I_S2MM_MMAP_SKID_BUF/sig_data_reg_out_en
    SLICE_X21Y38         FDRE                                         r  design_1_i/cg_fpga_0/inst/cg_axi_vdma_0/U0/I_PRMRY_DATAMOVER/GEN_S2MM_FULL.I_S2MM_FULL_WRAPPER/I_S2MM_MMAP_SKID_BUF/sig_data_reg_out_reg[8]/CE
  -------------------------------------------------------------------    -------------------

                         (clock clk_fpga_0 rise edge)
                                                     10.000    10.000 r  
    PS7_X0Y0             PS7                          0.000    10.000 r  design_1_i/cg_fpga_0/inst/processing_system7_0/inst/PS7_i/FCLKCLK[0]
                         net (fo=1, routed)           1.088    11.088    design_1_i/cg_fpga_0/inst/processing_system7_0/inst/FCLK_CLK_unbuffered[0]
    BUFGCTRL_X0Y16       BUFG (Prop_bufg_I_O)         0.091    11.179 r  design_1_i/cg_fpga_0/inst/processing_system7_0/inst/buffer_fclk_clk_0.FCLK_CLK_0_BUFG/O
                         net (fo=6937, routed)        1.576    12.755    design_1_i/cg_fpga_0/inst/cg_axi_vdma_0/U0/I_PRMRY_DATAMOVER/GEN_S2MM_FULL.I_S2MM_FULL_WRAPPER/I_S2MM_MMAP_SKID_BUF/s_axi_lite_aclk
    SLICE_X21Y38         FDRE                                         r  design_1_i/cg_fpga_0/inst/cg_axi_vdma_0/U0/I_PRMRY_DATAMOVER/GEN_S2MM_FULL.I_S2MM_FULL_WRAPPER/I_S2MM_MMAP_SKID_BUF/sig_data_reg_out_reg[8]/C
                         clock pessimism              0.115    12.870    
                         clock uncertainty           -0.154    12.716    
    SLICE_X21Y38         FDRE (Setup_fdre_C_CE)      -0.205    12.511    design_1_i/cg_fpga_0/inst/cg_axi_vdma_0/U0/I_PRMRY_DATAMOVER/GEN_S2MM_FULL.I_S2MM_FULL_WRAPPER/I_S2MM_MMAP_SKID_BUF/sig_data_reg_out_reg[8]
  -------------------------------------------------------------------
                         required time                         12.511    
                         arrival time                          -9.668    
  -------------------------------------------------------------------
                         slack                                  2.843    

Slack (MET) :             2.856ns  (required time - arrival time)
  Source:                 design_1_i/cg_fpga_0/inst/processing_system7_0/inst/PS7_i/SAXIHP0ACLK
                            (rising edge-triggered cell PS7 clocked by clk_fpga_0  {rise@0.000ns fall@5.000ns period=10.000ns})
  Destination:            design_1_i/cg_fpga_0/inst/cg_axi_vdma_0/U0/I_PRMRY_DATAMOVER/GEN_S2MM_FULL.I_S2MM_FULL_WRAPPER/I_S2MM_MMAP_SKID_BUF/sig_data_reg_out_reg[12]/CE
                            (rising edge-triggered cell FDRE clocked by clk_fpga_0  {rise@0.000ns fall@5.000ns period=10.000ns})
  Path Group:             clk_fpga_0
  Path Type:              Setup (Max at Slow Process Corner)
  Requirement:            10.000ns  (clk_fpga_0 rise@10.000ns - clk_fpga_0 rise@0.000ns)
  Data Path Delay:        6.580ns  (logic 2.199ns (33.419%)  route 4.381ns (66.581%))
  Logic Levels:           4  (LUT2=1 LUT3=1 LUT4=1 LUT6=1)
  Clock Path Skew:        -0.241ns (DCD - SCD + CPR)
    Destination Clock Delay (DCD):    2.758ns = ( 12.759 - 10.000 ) 
    Source Clock Delay      (SCD):    3.114ns
    Clock Pessimism Removal (CPR):    0.115ns
  Clock Uncertainty:      0.154ns  ((TSJ^2 + TIJ^2)^1/2 + DJ) / 2 + PE
    Total System Jitter     (TSJ):    0.071ns
    Total Input Jitter      (TIJ):    0.300ns
    Discrete Jitter          (DJ):    0.000ns
    Phase Error              (PE):    0.000ns

    Location             Delay type                Incr(ns)  Path(ns)    Netlist Resource(s)
  -------------------------------------------------------------------    -------------------
                         (clock clk_fpga_0 rise edge)
                                                      0.000     0.000 r  
    PS7_X0Y0             PS7                          0.000     0.000 r  design_1_i/cg_fpga_0/inst/processing_system7_0/inst/PS7_i/FCLKCLK[0]
                         net (fo=1, routed)           1.193     1.193    design_1_i/cg_fpga_0/inst/processing_system7_0/inst/FCLK_CLK_unbuffered[0]
    BUFGCTRL_X0Y16       BUFG (Prop_bufg_I_O)         0.101     1.294 r  design_1_i/cg_fpga_0/inst/processing_system7_0/inst/buffer_fclk_clk_0.FCLK_CLK_0_BUFG/O
                         net (fo=6937, routed)        1.820     3.114    design_1_i/cg_fpga_0/inst/processing_system7_0/inst/FCLK_CLK0
    PS7_X0Y0             PS7                                          r  design_1_i/cg_fpga_0/inst/processing_system7_0/inst/PS7_i/SAXIHP0ACLK
  -------------------------------------------------------------------    -------------------
    PS7_X0Y0             PS7 (Prop_ps7_SAXIHP0ACLK_SAXIHP0WREADY)
                                                      1.277     4.391 r  design_1_i/cg_fpga_0/inst/processing_system7_0/inst/PS7_i/SAXIHP0WREADY
                         net (fo=2, routed)           0.910     5.301    design_1_i/cg_fpga_0/inst/axi_mem_intercon/m00_couplers/auto_pc/inst/gen_axi4_axi3.axi3_conv_inst/USE_WRITE.write_addr_inst/USE_BURSTS.cmd_queue/inst/m_axi_wready
    SLICE_X26Y54         LUT3 (Prop_lut3_I0_O)        0.150     5.451 r  design_1_i/cg_fpga_0/inst/axi_mem_intercon/m00_couplers/auto_pc/inst/gen_axi4_axi3.axi3_conv_inst/USE_WRITE.write_addr_inst/USE_BURSTS.cmd_queue/inst/s_axi_wready_INST_0/O
                         net (fo=12, routed)          0.733     6.185    design_1_i/cg_fpga_0/inst/axi_mem_intercon/xbar/inst/gen_samd.crossbar_samd/gen_master_slots[0].gen_mi_write.wdata_mux_w/gen_wmux.wmux_aw_fifo/m_axi_wready[0]
    SLICE_X31Y53         LUT4 (Prop_lut4_I2_O)        0.322     6.507 r  design_1_i/cg_fpga_0/inst/axi_mem_intercon/xbar/inst/gen_samd.crossbar_samd/gen_master_slots[0].gen_mi_write.wdata_mux_w/gen_wmux.wmux_aw_fifo/s_axi_wready[1]_INST_0_i_1/O
                         net (fo=7, routed)           0.854     7.360    design_1_i/cg_fpga_0/inst/axi_mem_intercon/xbar/inst/gen_samd.crossbar_samd/gen_slave_slots[1].gen_si_write.wdata_router_w/wrouter_aw_fifo/gen_primitive_shifter.gen_srls[0].srl_inst_1
    SLICE_X34Y52         LUT6 (Prop_lut6_I1_O)        0.326     7.686 r  design_1_i/cg_fpga_0/inst/axi_mem_intercon/xbar/inst/gen_samd.crossbar_samd/gen_slave_slots[1].gen_si_write.wdata_router_w/wrouter_aw_fifo/s_axi_wready[1]_INST_0/O
                         net (fo=3, routed)           0.769     8.456    design_1_i/cg_fpga_0/inst/cg_axi_vdma_0/U0/I_PRMRY_DATAMOVER/GEN_S2MM_FULL.I_S2MM_FULL_WRAPPER/I_S2MM_MMAP_SKID_BUF/m_axi_s2mm_wready
    SLICE_X30Y46         LUT2 (Prop_lut2_I0_O)        0.124     8.580 r  design_1_i/cg_fpga_0/inst/cg_axi_vdma_0/U0/I_PRMRY_DATAMOVER/GEN_S2MM_FULL.I_S2MM_FULL_WRAPPER/I_S2MM_MMAP_SKID_BUF/sig_data_reg_out[63]_i_1/O
                         net (fo=73, routed)          1.115     9.695    design_1_i/cg_fpga_0/inst/cg_axi_vdma_0/U0/I_PRMRY_DATAMOVER/GEN_S2MM_FULL.I_S2MM_FULL_WRAPPER/I_S2MM_MMAP_SKID_BUF/sig_data_reg_out_en
    SLICE_X14Y42         FDRE                                         r  design_1_i/cg_fpga_0/inst/cg_axi_vdma_0/U0/I_PRMRY_DATAMOVER/GEN_S2MM_FULL.I_S2MM_FULL_WRAPPER/I_S2MM_MMAP_SKID_BUF/sig_data_reg_out_reg[12]/CE
  -------------------------------------------------------------------    -------------------

                         (clock clk_fpga_0 rise edge)
                                                     10.000    10.000 r  
    PS7_X0Y0             PS7                          0.000    10.000 r  design_1_i/cg_fpga_0/inst/processing_system7_0/inst/PS7_i/FCLKCLK[0]
                         net (fo=1, routed)           1.088    11.088    design_1_i/cg_fpga_0/inst/processing_system7_0/inst/FCLK_CLK_unbuffered[0]
    BUFGCTRL_X0Y16       BUFG (Prop_bufg_I_O)         0.091    11.179 r  design_1_i/cg_fpga_0/inst/processing_system7_0/inst/buffer_fclk_clk_0.FCLK_CLK_0_BUFG/O
                         net (fo=6937, routed)        1.579    12.759    design_1_i/cg_fpga_0/inst/cg_axi_vdma_0/U0/I_PRMRY_DATAMOVER/GEN_S2MM_FULL.I_S2MM_FULL_WRAPPER/I_S2MM_MMAP_SKID_BUF/s_axi_lite_aclk
    SLICE_X14Y42         FDRE                                         r  design_1_i/cg_fpga_0/inst/cg_axi_vdma_0/U0/I_PRMRY_DATAMOVER/GEN_S2MM_FULL.I_S2MM_FULL_WRAPPER/I_S2MM_MMAP_SKID_BUF/sig_data_reg_out_reg[12]/C
                         clock pessimism              0.115    12.873    
                         clock uncertainty           -0.154    12.719    
    SLICE_X14Y42         FDRE (Setup_fdre_C_CE)      -0.169    12.550    design_1_i/cg_fpga_0/inst/cg_axi_vdma_0/U0/I_PRMRY_DATAMOVER/GEN_S2MM_FULL.I_S2MM_FULL_WRAPPER/I_S2MM_MMAP_SKID_BUF/sig_data_reg_out_reg[12]
  -------------------------------------------------------------------
                         required time                         12.550    
                         arrival time                          -9.695    
  -------------------------------------------------------------------
                         slack                                  2.856    

Slack (MET) :             2.856ns  (required time - arrival time)
  Source:                 design_1_i/cg_fpga_0/inst/processing_system7_0/inst/PS7_i/SAXIHP0ACLK
                            (rising edge-triggered cell PS7 clocked by clk_fpga_0  {rise@0.000ns fall@5.000ns period=10.000ns})
  Destination:            design_1_i/cg_fpga_0/inst/cg_axi_vdma_0/U0/I_PRMRY_DATAMOVER/GEN_S2MM_FULL.I_S2MM_FULL_WRAPPER/I_S2MM_MMAP_SKID_BUF/sig_data_reg_out_reg[40]/CE
                            (rising edge-triggered cell FDRE clocked by clk_fpga_0  {rise@0.000ns fall@5.000ns period=10.000ns})
  Path Group:             clk_fpga_0
  Path Type:              Setup (Max at Slow Process Corner)
  Requirement:            10.000ns  (clk_fpga_0 rise@10.000ns - clk_fpga_0 rise@0.000ns)
  Data Path Delay:        6.580ns  (logic 2.199ns (33.419%)  route 4.381ns (66.581%))
  Logic Levels:           4  (LUT2=1 LUT3=1 LUT4=1 LUT6=1)
  Clock Path Skew:        -0.241ns (DCD - SCD + CPR)
    Destination Clock Delay (DCD):    2.758ns = ( 12.759 - 10.000 ) 
    Source Clock Delay      (SCD):    3.114ns
    Clock Pessimism Removal (CPR):    0.115ns
  Clock Uncertainty:      0.154ns  ((TSJ^2 + TIJ^2)^1/2 + DJ) / 2 + PE
    Total System Jitter     (TSJ):    0.071ns
    Total Input Jitter      (TIJ):    0.300ns
    Discrete Jitter          (DJ):    0.000ns
    Phase Error              (PE):    0.000ns

    Location             Delay type                Incr(ns)  Path(ns)    Netlist Resource(s)
  -------------------------------------------------------------------    -------------------
                         (clock clk_fpga_0 rise edge)
                                                      0.000     0.000 r  
    PS7_X0Y0             PS7                          0.000     0.000 r  design_1_i/cg_fpga_0/inst/processing_system7_0/inst/PS7_i/FCLKCLK[0]
                         net (fo=1, routed)           1.193     1.193    design_1_i/cg_fpga_0/inst/processing_system7_0/inst/FCLK_CLK_unbuffered[0]
    BUFGCTRL_X0Y16       BUFG (Prop_bufg_I_O)         0.101     1.294 r  design_1_i/cg_fpga_0/inst/processing_system7_0/inst/buffer_fclk_clk_0.FCLK_CLK_0_BUFG/O
                         net (fo=6937, routed)        1.820     3.114    design_1_i/cg_fpga_0/inst/processing_system7_0/inst/FCLK_CLK0
    PS7_X0Y0             PS7                                          r  design_1_i/cg_fpga_0/inst/processing_system7_0/inst/PS7_i/SAXIHP0ACLK
  -------------------------------------------------------------------    -------------------
    PS7_X0Y0             PS7 (Prop_ps7_SAXIHP0ACLK_SAXIHP0WREADY)
                                                      1.277     4.391 r  design_1_i/cg_fpga_0/inst/processing_system7_0/inst/PS7_i/SAXIHP0WREADY
                         net (fo=2, routed)           0.910     5.301    design_1_i/cg_fpga_0/inst/axi_mem_intercon/m00_couplers/auto_pc/inst/gen_axi4_axi3.axi3_conv_inst/USE_WRITE.write_addr_inst/USE_BURSTS.cmd_queue/inst/m_axi_wready
    SLICE_X26Y54         LUT3 (Prop_lut3_I0_O)        0.150     5.451 r  design_1_i/cg_fpga_0/inst/axi_mem_intercon/m00_couplers/auto_pc/inst/gen_axi4_axi3.axi3_conv_inst/USE_WRITE.write_addr_inst/USE_BURSTS.cmd_queue/inst/s_axi_wready_INST_0/O
                         net (fo=12, routed)          0.733     6.185    design_1_i/cg_fpga_0/inst/axi_mem_intercon/xbar/inst/gen_samd.crossbar_samd/gen_master_slots[0].gen_mi_write.wdata_mux_w/gen_wmux.wmux_aw_fifo/m_axi_wready[0]
    SLICE_X31Y53         LUT4 (Prop_lut4_I2_O)        0.322     6.507 r  design_1_i/cg_fpga_0/inst/axi_mem_intercon/xbar/inst/gen_samd.crossbar_samd/gen_master_slots[0].gen_mi_write.wdata_mux_w/gen_wmux.wmux_aw_fifo/s_axi_wready[1]_INST_0_i_1/O
                         net (fo=7, routed)           0.854     7.360    design_1_i/cg_fpga_0/inst/axi_mem_intercon/xbar/inst/gen_samd.crossbar_samd/gen_slave_slots[1].gen_si_write.wdata_router_w/wrouter_aw_fifo/gen_primitive_shifter.gen_srls[0].srl_inst_1
    SLICE_X34Y52         LUT6 (Prop_lut6_I1_O)        0.326     7.686 r  design_1_i/cg_fpga_0/inst/axi_mem_intercon/xbar/inst/gen_samd.crossbar_samd/gen_slave_slots[1].gen_si_write.wdata_router_w/wrouter_aw_fifo/s_axi_wready[1]_INST_0/O
                         net (fo=3, routed)           0.769     8.456    design_1_i/cg_fpga_0/inst/cg_axi_vdma_0/U0/I_PRMRY_DATAMOVER/GEN_S2MM_FULL.I_S2MM_FULL_WRAPPER/I_S2MM_MMAP_SKID_BUF/m_axi_s2mm_wready
    SLICE_X30Y46         LUT2 (Prop_lut2_I0_O)        0.124     8.580 r  design_1_i/cg_fpga_0/inst/cg_axi_vdma_0/U0/I_PRMRY_DATAMOVER/GEN_S2MM_FULL.I_S2MM_FULL_WRAPPER/I_S2MM_MMAP_SKID_BUF/sig_data_reg_out[63]_i_1/O
                         net (fo=73, routed)          1.115     9.695    design_1_i/cg_fpga_0/inst/cg_axi_vdma_0/U0/I_PRMRY_DATAMOVER/GEN_S2MM_FULL.I_S2MM_FULL_WRAPPER/I_S2MM_MMAP_SKID_BUF/sig_data_reg_out_en
    SLICE_X14Y42         FDRE                                         r  design_1_i/cg_fpga_0/inst/cg_axi_vdma_0/U0/I_PRMRY_DATAMOVER/GEN_S2MM_FULL.I_S2MM_FULL_WRAPPER/I_S2MM_MMAP_SKID_BUF/sig_data_reg_out_reg[40]/CE
  -------------------------------------------------------------------    -------------------

                         (clock clk_fpga_0 rise edge)
                                                     10.000    10.000 r  
    PS7_X0Y0             PS7                          0.000    10.000 r  design_1_i/cg_fpga_0/inst/processing_system7_0/inst/PS7_i/FCLKCLK[0]
                         net (fo=1, routed)           1.088    11.088    design_1_i/cg_fpga_0/inst/processing_system7_0/inst/FCLK_CLK_unbuffered[0]
    BUFGCTRL_X0Y16       BUFG (Prop_bufg_I_O)         0.091    11.179 r  design_1_i/cg_fpga_0/inst/processing_system7_0/inst/buffer_fclk_clk_0.FCLK_CLK_0_BUFG/O
                         net (fo=6937, routed)        1.579    12.759    design_1_i/cg_fpga_0/inst/cg_axi_vdma_0/U0/I_PRMRY_DATAMOVER/GEN_S2MM_FULL.I_S2MM_FULL_WRAPPER/I_S2MM_MMAP_SKID_BUF/s_axi_lite_aclk
    SLICE_X14Y42         FDRE                                         r  design_1_i/cg_fpga_0/inst/cg_axi_vdma_0/U0/I_PRMRY_DATAMOVER/GEN_S2MM_FULL.I_S2MM_FULL_WRAPPER/I_S2MM_MMAP_SKID_BUF/sig_data_reg_out_reg[40]/C
                         clock pessimism              0.115    12.873    
                         clock uncertainty           -0.154    12.719    
    SLICE_X14Y42         FDRE (Setup_fdre_C_CE)      -0.169    12.550    design_1_i/cg_fpga_0/inst/cg_axi_vdma_0/U0/I_PRMRY_DATAMOVER/GEN_S2MM_FULL.I_S2MM_FULL_WRAPPER/I_S2MM_MMAP_SKID_BUF/sig_data_reg_out_reg[40]
  -------------------------------------------------------------------
                         required time                         12.550    
                         arrival time                          -9.695    
  -------------------------------------------------------------------
                         slack                                  2.856    





Min Delay Paths
--------------------------------------------------------------------------------------
Slack (MET) :             0.032ns  (arrival time - required time)
  Source:                 design_1_i/cg_fpga_0/inst/cg_axi_vdma_0/U0/GEN_SPRT_FOR_S2MM.S2MM_REGISTER_MODULE_I/GEN_REG_DIRECT_MODE.REGDIRECT_I/DM_GEN_DLYSTRIDE_REGISTER.reg_module_strid_reg[8]/C
                            (rising edge-triggered cell FDRE clocked by clk_fpga_0  {rise@0.000ns fall@5.000ns period=10.000ns})
  Destination:            design_1_i/cg_fpga_0/inst/cg_axi_vdma_0/U0/GEN_SPRT_FOR_S2MM.S2MMADDR32.I_S2MM_DMA_MNGR/VIDEO_REG_I/GEN_REGISTER_DIRECT.GEN_REGDIRECT_DRES.VIDREGISTER_I/stride_vid_reg[8]/D
                            (rising edge-triggered cell FDRE clocked by clk_fpga_0  {rise@0.000ns fall@5.000ns period=10.000ns})
  Path Group:             clk_fpga_0
  Path Type:              Hold (Min at Fast Process Corner)
  Requirement:            0.000ns  (clk_fpga_0 rise@0.000ns - clk_fpga_0 rise@0.000ns)
  Data Path Delay:        0.321ns  (logic 0.148ns (46.162%)  route 0.173ns (53.838%))
  Logic Levels:           0  
  Clock Path Skew:        0.266ns (DCD - SCD - CPR)
    Destination Clock Delay (DCD):    1.196ns
    Source Clock Delay      (SCD):    0.895ns
    Clock Pessimism Removal (CPR):    0.035ns

    Location             Delay type                Incr(ns)  Path(ns)    Netlist Resource(s)
  -------------------------------------------------------------------    -------------------
                         (clock clk_fpga_0 rise edge)
                                                      0.000     0.000 r  
    PS7_X0Y0             PS7                          0.000     0.000 r  design_1_i/cg_fpga_0/inst/processing_system7_0/inst/PS7_i/FCLKCLK[0]
                         net (fo=1, routed)           0.310     0.310    design_1_i/cg_fpga_0/inst/processing_system7_0/inst/FCLK_CLK_unbuffered[0]
    BUFGCTRL_X0Y16       BUFG (Prop_bufg_I_O)         0.026     0.336 r  design_1_i/cg_fpga_0/inst/processing_system7_0/inst/buffer_fclk_clk_0.FCLK_CLK_0_BUFG/O
                         net (fo=6937, routed)        0.559     0.895    design_1_i/cg_fpga_0/inst/cg_axi_vdma_0/U0/GEN_SPRT_FOR_S2MM.S2MM_REGISTER_MODULE_I/GEN_REG_DIRECT_MODE.REGDIRECT_I/s_axi_lite_aclk
    SLICE_X50Y47         FDRE                                         r  design_1_i/cg_fpga_0/inst/cg_axi_vdma_0/U0/GEN_SPRT_FOR_S2MM.S2MM_REGISTER_MODULE_I/GEN_REG_DIRECT_MODE.REGDIRECT_I/DM_GEN_DLYSTRIDE_REGISTER.reg_module_strid_reg[8]/C
  -------------------------------------------------------------------    -------------------
    SLICE_X50Y47         FDRE (Prop_fdre_C_Q)         0.148     1.043 r  design_1_i/cg_fpga_0/inst/cg_axi_vdma_0/U0/GEN_SPRT_FOR_S2MM.S2MM_REGISTER_MODULE_I/GEN_REG_DIRECT_MODE.REGDIRECT_I/DM_GEN_DLYSTRIDE_REGISTER.reg_module_strid_reg[8]/Q
                         net (fo=2, routed)           0.173     1.215    design_1_i/cg_fpga_0/inst/cg_axi_vdma_0/U0/GEN_SPRT_FOR_S2MM.S2MMADDR32.I_S2MM_DMA_MNGR/VIDEO_REG_I/GEN_REGISTER_DIRECT.GEN_REGDIRECT_DRES.VIDREGISTER_I/stride_vid_reg[15]_2[8]
    SLICE_X49Y47         FDRE                                         r  design_1_i/cg_fpga_0/inst/cg_axi_vdma_0/U0/GEN_SPRT_FOR_S2MM.S2MMADDR32.I_S2MM_DMA_MNGR/VIDEO_REG_I/GEN_REGISTER_DIRECT.GEN_REGDIRECT_DRES.VIDREGISTER_I/stride_vid_reg[8]/D
  -------------------------------------------------------------------    -------------------

                         (clock clk_fpga_0 rise edge)
                                                      0.000     0.000 r  
    PS7_X0Y0             PS7                          0.000     0.000 r  design_1_i/cg_fpga_0/inst/processing_system7_0/inst/PS7_i/FCLKCLK[0]
                         net (fo=1, routed)           0.337     0.337    design_1_i/cg_fpga_0/inst/processing_system7_0/inst/FCLK_CLK_unbuffered[0]
    BUFGCTRL_X0Y16       BUFG (Prop_bufg_I_O)         0.029     0.366 r  design_1_i/cg_fpga_0/inst/processing_system7_0/inst/buffer_fclk_clk_0.FCLK_CLK_0_BUFG/O
                         net (fo=6937, routed)        0.830     1.196    design_1_i/cg_fpga_0/inst/cg_axi_vdma_0/U0/GEN_SPRT_FOR_S2MM.S2MMADDR32.I_S2MM_DMA_MNGR/VIDEO_REG_I/GEN_REGISTER_DIRECT.GEN_REGDIRECT_DRES.VIDREGISTER_I/s_axi_lite_aclk
    SLICE_X49Y47         FDRE                                         r  design_1_i/cg_fpga_0/inst/cg_axi_vdma_0/U0/GEN_SPRT_FOR_S2MM.S2MMADDR32.I_S2MM_DMA_MNGR/VIDEO_REG_I/GEN_REGISTER_DIRECT.GEN_REGDIRECT_DRES.VIDREGISTER_I/stride_vid_reg[8]/C
                         clock pessimism             -0.035     1.161    
    SLICE_X49Y47         FDRE (Hold_fdre_C_D)         0.022     1.183    design_1_i/cg_fpga_0/inst/cg_axi_vdma_0/U0/GEN_SPRT_FOR_S2MM.S2MMADDR32.I_S2MM_DMA_MNGR/VIDEO_REG_I/GEN_REGISTER_DIRECT.GEN_REGDIRECT_DRES.VIDREGISTER_I/stride_vid_reg[8]
  -------------------------------------------------------------------
                         required time                         -1.183    
                         arrival time                           1.215    
  -------------------------------------------------------------------
                         slack                                  0.032    

Slack (MET) :             0.040ns  (arrival time - required time)
  Source:                 design_1_i/cg_fpga_0/inst/cg_axi_vdma_0/U0/GEN_SPRT_FOR_S2MM.S2MM_REGISTER_MODULE_I/GEN_REG_DIRECT_MODE.REGDIRECT_I/GEN_NUM_FSTORES_3.reg_module_start_address1_i_reg[15]/C
                            (rising edge-triggered cell FDRE clocked by clk_fpga_0  {rise@0.000ns fall@5.000ns period=10.000ns})
  Destination:            design_1_i/cg_fpga_0/inst/cg_axi_vdma_0/U0/GEN_SPRT_FOR_S2MM.S2MMADDR32.I_S2MM_DMA_MNGR/VIDEO_REG_I/GEN_REGISTER_DIRECT.GEN_REGDIRECT_DRES.VIDREGISTER_I/GEN_START_ADDR_REG[0].start_address_vid_reg[0][15]/D
                            (rising edge-triggered cell FDRE clocked by clk_fpga_0  {rise@0.000ns fall@5.000ns period=10.000ns})
  Path Group:             clk_fpga_0
  Path Type:              Hold (Min at Fast Process Corner)
  Requirement:            0.000ns  (clk_fpga_0 rise@0.000ns - clk_fpga_0 rise@0.000ns)
  Data Path Delay:        0.384ns  (logic 0.141ns (36.761%)  route 0.243ns (63.239%))
  Logic Levels:           0  
  Clock Path Skew:        0.273ns (DCD - SCD - CPR)
    Destination Clock Delay (DCD):    1.196ns
    Source Clock Delay      (SCD):    0.893ns
    Clock Pessimism Removal (CPR):    0.030ns

    Location             Delay type                Incr(ns)  Path(ns)    Netlist Resource(s)
  -------------------------------------------------------------------    -------------------
                         (clock clk_fpga_0 rise edge)
                                                      0.000     0.000 r  
    PS7_X0Y0             PS7                          0.000     0.000 r  design_1_i/cg_fpga_0/inst/processing_system7_0/inst/PS7_i/FCLKCLK[0]
                         net (fo=1, routed)           0.310     0.310    design_1_i/cg_fpga_0/inst/processing_system7_0/inst/FCLK_CLK_unbuffered[0]
    BUFGCTRL_X0Y16       BUFG (Prop_bufg_I_O)         0.026     0.336 r  design_1_i/cg_fpga_0/inst/processing_system7_0/inst/buffer_fclk_clk_0.FCLK_CLK_0_BUFG/O
                         net (fo=6937, routed)        0.557     0.893    design_1_i/cg_fpga_0/inst/cg_axi_vdma_0/U0/GEN_SPRT_FOR_S2MM.S2MM_REGISTER_MODULE_I/GEN_REG_DIRECT_MODE.REGDIRECT_I/s_axi_lite_aclk
    SLICE_X45Y50         FDRE                                         r  design_1_i/cg_fpga_0/inst/cg_axi_vdma_0/U0/GEN_SPRT_FOR_S2MM.S2MM_REGISTER_MODULE_I/GEN_REG_DIRECT_MODE.REGDIRECT_I/GEN_NUM_FSTORES_3.reg_module_start_address1_i_reg[15]/C
  -------------------------------------------------------------------    -------------------
    SLICE_X45Y50         FDRE (Prop_fdre_C_Q)         0.141     1.034 r  design_1_i/cg_fpga_0/inst/cg_axi_vdma_0/U0/GEN_SPRT_FOR_S2MM.S2MM_REGISTER_MODULE_I/GEN_REG_DIRECT_MODE.REGDIRECT_I/GEN_NUM_FSTORES_3.reg_module_start_address1_i_reg[15]/Q
                         net (fo=2, routed)           0.243     1.276    design_1_i/cg_fpga_0/inst/cg_axi_vdma_0/U0/GEN_SPRT_FOR_S2MM.S2MMADDR32.I_S2MM_DMA_MNGR/VIDEO_REG_I/GEN_REGISTER_DIRECT.GEN_REGDIRECT_DRES.VIDREGISTER_I/GEN_START_ADDR_REG[0].start_address_vid_reg[0][31]_0[15]
    SLICE_X45Y49         FDRE                                         r  design_1_i/cg_fpga_0/inst/cg_axi_vdma_0/U0/GEN_SPRT_FOR_S2MM.S2MMADDR32.I_S2MM_DMA_MNGR/VIDEO_REG_I/GEN_REGISTER_DIRECT.GEN_REGDIRECT_DRES.VIDREGISTER_I/GEN_START_ADDR_REG[0].start_address_vid_reg[0][15]/D
  -------------------------------------------------------------------    -------------------

                         (clock clk_fpga_0 rise edge)
                                                      0.000     0.000 r  
    PS7_X0Y0             PS7                          0.000     0.000 r  design_1_i/cg_fpga_0/inst/processing_system7_0/inst/PS7_i/FCLKCLK[0]
                         net (fo=1, routed)           0.337     0.337    design_1_i/cg_fpga_0/inst/processing_system7_0/inst/FCLK_CLK_unbuffered[0]
    BUFGCTRL_X0Y16       BUFG (Prop_bufg_I_O)         0.029     0.366 r  design_1_i/cg_fpga_0/inst/processing_system7_0/inst/buffer_fclk_clk_0.FCLK_CLK_0_BUFG/O
                         net (fo=6937, routed)        0.830     1.196    design_1_i/cg_fpga_0/inst/cg_axi_vdma_0/U0/GEN_SPRT_FOR_S2MM.S2MMADDR32.I_S2MM_DMA_MNGR/VIDEO_REG_I/GEN_REGISTER_DIRECT.GEN_REGDIRECT_DRES.VIDREGISTER_I/s_axi_lite_aclk
    SLICE_X45Y49         FDRE                                         r  design_1_i/cg_fpga_0/inst/cg_axi_vdma_0/U0/GEN_SPRT_FOR_S2MM.S2MMADDR32.I_S2MM_DMA_MNGR/VIDEO_REG_I/GEN_REGISTER_DIRECT.GEN_REGDIRECT_DRES.VIDREGISTER_I/GEN_START_ADDR_REG[0].start_address_vid_reg[0][15]/C
                         clock pessimism             -0.030     1.166    
    SLICE_X45Y49         FDRE (Hold_fdre_C_D)         0.070     1.236    design_1_i/cg_fpga_0/inst/cg_axi_vdma_0/U0/GEN_SPRT_FOR_S2MM.S2MMADDR32.I_S2MM_DMA_MNGR/VIDEO_REG_I/GEN_REGISTER_DIRECT.GEN_REGDIRECT_DRES.VIDREGISTER_I/GEN_START_ADDR_REG[0].start_address_vid_reg[0][15]
  -------------------------------------------------------------------
                         required time                         -1.236    
                         arrival time                           1.276    
  -------------------------------------------------------------------
                         slack                                  0.040    

Slack (MET) :             0.041ns  (arrival time - required time)
  Source:                 design_1_i/cg_fpga_0/inst/cg_axi_vdma_0/U0/GEN_SPRT_FOR_S2MM.S2MM_REGISTER_MODULE_I/GEN_REG_DIRECT_MODE.REGDIRECT_I/reg_module_hsize_reg[3]/C
                            (rising edge-triggered cell FDRE clocked by clk_fpga_0  {rise@0.000ns fall@5.000ns period=10.000ns})
  Destination:            design_1_i/cg_fpga_0/inst/cg_axi_vdma_0/U0/GEN_SPRT_FOR_S2MM.S2MMADDR32.I_S2MM_DMA_MNGR/VIDEO_REG_I/GEN_REGISTER_DIRECT.GEN_REGDIRECT_DRES.VIDREGISTER_I/hsize_vid_reg[3]/D
                            (rising edge-triggered cell FDRE clocked by clk_fpga_0  {rise@0.000ns fall@5.000ns period=10.000ns})
  Path Group:             clk_fpga_0
  Path Type:              Hold (Min at Fast Process Corner)
  Requirement:            0.000ns  (clk_fpga_0 rise@0.000ns - clk_fpga_0 rise@0.000ns)
  Data Path Delay:        0.379ns  (logic 0.141ns (37.185%)  route 0.238ns (62.815%))
  Logic Levels:           0  
  Clock Path Skew:        0.266ns (DCD - SCD - CPR)
    Destination Clock Delay (DCD):    1.195ns
    Source Clock Delay      (SCD):    0.894ns
    Clock Pessimism Removal (CPR):    0.035ns

    Location             Delay type                Incr(ns)  Path(ns)    Netlist Resource(s)
  -------------------------------------------------------------------    -------------------
                         (clock clk_fpga_0 rise edge)
                                                      0.000     0.000 r  
    PS7_X0Y0             PS7                          0.000     0.000 r  design_1_i/cg_fpga_0/inst/processing_system7_0/inst/PS7_i/FCLKCLK[0]
                         net (fo=1, routed)           0.310     0.310    design_1_i/cg_fpga_0/inst/processing_system7_0/inst/FCLK_CLK_unbuffered[0]
    BUFGCTRL_X0Y16       BUFG (Prop_bufg_I_O)         0.026     0.336 r  design_1_i/cg_fpga_0/inst/processing_system7_0/inst/buffer_fclk_clk_0.FCLK_CLK_0_BUFG/O
                         net (fo=6937, routed)        0.558     0.894    design_1_i/cg_fpga_0/inst/cg_axi_vdma_0/U0/GEN_SPRT_FOR_S2MM.S2MM_REGISTER_MODULE_I/GEN_REG_DIRECT_MODE.REGDIRECT_I/s_axi_lite_aclk
    SLICE_X52Y46         FDRE                                         r  design_1_i/cg_fpga_0/inst/cg_axi_vdma_0/U0/GEN_SPRT_FOR_S2MM.S2MM_REGISTER_MODULE_I/GEN_REG_DIRECT_MODE.REGDIRECT_I/reg_module_hsize_reg[3]/C
  -------------------------------------------------------------------    -------------------
    SLICE_X52Y46         FDRE (Prop_fdre_C_Q)         0.141     1.035 r  design_1_i/cg_fpga_0/inst/cg_axi_vdma_0/U0/GEN_SPRT_FOR_S2MM.S2MM_REGISTER_MODULE_I/GEN_REG_DIRECT_MODE.REGDIRECT_I/reg_module_hsize_reg[3]/Q
                         net (fo=2, routed)           0.238     1.273    design_1_i/cg_fpga_0/inst/cg_axi_vdma_0/U0/GEN_SPRT_FOR_S2MM.S2MMADDR32.I_S2MM_DMA_MNGR/VIDEO_REG_I/GEN_REGISTER_DIRECT.GEN_REGDIRECT_DRES.VIDREGISTER_I/hsize_vid_reg[15]_2[3]
    SLICE_X48Y44         FDRE                                         r  design_1_i/cg_fpga_0/inst/cg_axi_vdma_0/U0/GEN_SPRT_FOR_S2MM.S2MMADDR32.I_S2MM_DMA_MNGR/VIDEO_REG_I/GEN_REGISTER_DIRECT.GEN_REGDIRECT_DRES.VIDREGISTER_I/hsize_vid_reg[3]/D
  -------------------------------------------------------------------    -------------------

                         (clock clk_fpga_0 rise edge)
                                                      0.000     0.000 r  
    PS7_X0Y0             PS7                          0.000     0.000 r  design_1_i/cg_fpga_0/inst/processing_system7_0/inst/PS7_i/FCLKCLK[0]
                         net (fo=1, routed)           0.337     0.337    design_1_i/cg_fpga_0/inst/processing_system7_0/inst/FCLK_CLK_unbuffered[0]
    BUFGCTRL_X0Y16       BUFG (Prop_bufg_I_O)         0.029     0.366 r  design_1_i/cg_fpga_0/inst/processing_system7_0/inst/buffer_fclk_clk_0.FCLK_CLK_0_BUFG/O
                         net (fo=6937, routed)        0.829     1.195    design_1_i/cg_fpga_0/inst/cg_axi_vdma_0/U0/GEN_SPRT_FOR_S2MM.S2MMADDR32.I_S2MM_DMA_MNGR/VIDEO_REG_I/GEN_REGISTER_DIRECT.GEN_REGDIRECT_DRES.VIDREGISTER_I/s_axi_lite_aclk
    SLICE_X48Y44         FDRE                                         r  design_1_i/cg_fpga_0/inst/cg_axi_vdma_0/U0/GEN_SPRT_FOR_S2MM.S2MMADDR32.I_S2MM_DMA_MNGR/VIDEO_REG_I/GEN_REGISTER_DIRECT.GEN_REGDIRECT_DRES.VIDREGISTER_I/hsize_vid_reg[3]/C
                         clock pessimism             -0.035     1.160    
    SLICE_X48Y44         FDRE (Hold_fdre_C_D)         0.072     1.232    design_1_i/cg_fpga_0/inst/cg_axi_vdma_0/U0/GEN_SPRT_FOR_S2MM.S2MMADDR32.I_S2MM_DMA_MNGR/VIDEO_REG_I/GEN_REGISTER_DIRECT.GEN_REGDIRECT_DRES.VIDREGISTER_I/hsize_vid_reg[3]
  -------------------------------------------------------------------
                         required time                         -1.232    
                         arrival time                           1.273    
  -------------------------------------------------------------------
                         slack                                  0.041    

Slack (MET) :             0.041ns  (arrival time - required time)
  Source:                 design_1_i/cg_fpga_0/inst/cg_axi_vdma_0/U0/GEN_SPRT_FOR_S2MM.S2MM_REGISTER_MODULE_I/GEN_REG_DIRECT_MODE.REGDIRECT_I/reg_module_hsize_reg[1]/C
                            (rising edge-triggered cell FDRE clocked by clk_fpga_0  {rise@0.000ns fall@5.000ns period=10.000ns})
  Destination:            design_1_i/cg_fpga_0/inst/cg_axi_vdma_0/U0/GEN_SPRT_FOR_S2MM.S2MMADDR32.I_S2MM_DMA_MNGR/VIDEO_REG_I/GEN_REGISTER_DIRECT.GEN_REGDIRECT_DRES.VIDREGISTER_I/hsize_vid_reg[1]/D
                            (rising edge-triggered cell FDRE clocked by clk_fpga_0  {rise@0.000ns fall@5.000ns period=10.000ns})
  Path Group:             clk_fpga_0
  Path Type:              Hold (Min at Fast Process Corner)
  Requirement:            0.000ns  (clk_fpga_0 rise@0.000ns - clk_fpga_0 rise@0.000ns)
  Data Path Delay:        0.355ns  (logic 0.141ns (39.766%)  route 0.214ns (60.234%))
  Logic Levels:           0  
  Clock Path Skew:        0.266ns (DCD - SCD - CPR)
    Destination Clock Delay (DCD):    1.195ns
    Source Clock Delay      (SCD):    0.894ns
    Clock Pessimism Removal (CPR):    0.035ns

    Location             Delay type                Incr(ns)  Path(ns)    Netlist Resource(s)
  -------------------------------------------------------------------    -------------------
                         (clock clk_fpga_0 rise edge)
                                                      0.000     0.000 r  
    PS7_X0Y0             PS7                          0.000     0.000 r  design_1_i/cg_fpga_0/inst/processing_system7_0/inst/PS7_i/FCLKCLK[0]
                         net (fo=1, routed)           0.310     0.310    design_1_i/cg_fpga_0/inst/processing_system7_0/inst/FCLK_CLK_unbuffered[0]
    BUFGCTRL_X0Y16       BUFG (Prop_bufg_I_O)         0.026     0.336 r  design_1_i/cg_fpga_0/inst/processing_system7_0/inst/buffer_fclk_clk_0.FCLK_CLK_0_BUFG/O
                         net (fo=6937, routed)        0.558     0.894    design_1_i/cg_fpga_0/inst/cg_axi_vdma_0/U0/GEN_SPRT_FOR_S2MM.S2MM_REGISTER_MODULE_I/GEN_REG_DIRECT_MODE.REGDIRECT_I/s_axi_lite_aclk
    SLICE_X52Y46         FDRE                                         r  design_1_i/cg_fpga_0/inst/cg_axi_vdma_0/U0/GEN_SPRT_FOR_S2MM.S2MM_REGISTER_MODULE_I/GEN_REG_DIRECT_MODE.REGDIRECT_I/reg_module_hsize_reg[1]/C
  -------------------------------------------------------------------    -------------------
    SLICE_X52Y46         FDRE (Prop_fdre_C_Q)         0.141     1.035 r  design_1_i/cg_fpga_0/inst/cg_axi_vdma_0/U0/GEN_SPRT_FOR_S2MM.S2MM_REGISTER_MODULE_I/GEN_REG_DIRECT_MODE.REGDIRECT_I/reg_module_hsize_reg[1]/Q
                         net (fo=2, routed)           0.214     1.248    design_1_i/cg_fpga_0/inst/cg_axi_vdma_0/U0/GEN_SPRT_FOR_S2MM.S2MMADDR32.I_S2MM_DMA_MNGR/VIDEO_REG_I/GEN_REGISTER_DIRECT.GEN_REGDIRECT_DRES.VIDREGISTER_I/hsize_vid_reg[15]_2[1]
    SLICE_X48Y44         FDRE                                         r  design_1_i/cg_fpga_0/inst/cg_axi_vdma_0/U0/GEN_SPRT_FOR_S2MM.S2MMADDR32.I_S2MM_DMA_MNGR/VIDEO_REG_I/GEN_REGISTER_DIRECT.GEN_REGDIRECT_DRES.VIDREGISTER_I/hsize_vid_reg[1]/D
  -------------------------------------------------------------------    -------------------

                         (clock clk_fpga_0 rise edge)
                                                      0.000     0.000 r  
    PS7_X0Y0             PS7                          0.000     0.000 r  design_1_i/cg_fpga_0/inst/processing_system7_0/inst/PS7_i/FCLKCLK[0]
                         net (fo=1, routed)           0.337     0.337    design_1_i/cg_fpga_0/inst/processing_system7_0/inst/FCLK_CLK_unbuffered[0]
    BUFGCTRL_X0Y16       BUFG (Prop_bufg_I_O)         0.029     0.366 r  design_1_i/cg_fpga_0/inst/processing_system7_0/inst/buffer_fclk_clk_0.FCLK_CLK_0_BUFG/O
                         net (fo=6937, routed)        0.829     1.195    design_1_i/cg_fpga_0/inst/cg_axi_vdma_0/U0/GEN_SPRT_FOR_S2MM.S2MMADDR32.I_S2MM_DMA_MNGR/VIDEO_REG_I/GEN_REGISTER_DIRECT.GEN_REGDIRECT_DRES.VIDREGISTER_I/s_axi_lite_aclk
    SLICE_X48Y44         FDRE                                         r  design_1_i/cg_fpga_0/inst/cg_axi_vdma_0/U0/GEN_SPRT_FOR_S2MM.S2MMADDR32.I_S2MM_DMA_MNGR/VIDEO_REG_I/GEN_REGISTER_DIRECT.GEN_REGDIRECT_DRES.VIDREGISTER_I/hsize_vid_reg[1]/C
                         clock pessimism             -0.035     1.160    
    SLICE_X48Y44         FDRE (Hold_fdre_C_D)         0.047     1.207    design_1_i/cg_fpga_0/inst/cg_axi_vdma_0/U0/GEN_SPRT_FOR_S2MM.S2MMADDR32.I_S2MM_DMA_MNGR/VIDEO_REG_I/GEN_REGISTER_DIRECT.GEN_REGDIRECT_DRES.VIDREGISTER_I/hsize_vid_reg[1]
  -------------------------------------------------------------------
                         required time                         -1.207    
                         arrival time                           1.248    
  -------------------------------------------------------------------
                         slack                                  0.041    

Slack (MET) :             0.043ns  (arrival time - required time)
  Source:                 design_1_i/cg_fpga_0/inst/cg_axi_vdma_0/U0/GEN_SPRT_FOR_S2MM.S2MM_REGISTER_MODULE_I/GEN_REG_DIRECT_MODE.REGDIRECT_I/reg_module_hsize_reg[0]/C
                            (rising edge-triggered cell FDRE clocked by clk_fpga_0  {rise@0.000ns fall@5.000ns period=10.000ns})
  Destination:            design_1_i/cg_fpga_0/inst/cg_axi_vdma_0/U0/GEN_SPRT_FOR_S2MM.S2MMADDR32.I_S2MM_DMA_MNGR/VIDEO_REG_I/GEN_REGISTER_DIRECT.GEN_REGDIRECT_DRES.VIDREGISTER_I/hsize_vid_reg[0]/D
                            (rising edge-triggered cell FDRE clocked by clk_fpga_0  {rise@0.000ns fall@5.000ns period=10.000ns})
  Path Group:             clk_fpga_0
  Path Type:              Hold (Min at Fast Process Corner)
  Requirement:            0.000ns  (clk_fpga_0 rise@0.000ns - clk_fpga_0 rise@0.000ns)
  Data Path Delay:        0.355ns  (logic 0.141ns (39.727%)  route 0.214ns (60.273%))
  Logic Levels:           0  
  Clock Path Skew:        0.266ns (DCD - SCD - CPR)
    Destination Clock Delay (DCD):    1.195ns
    Source Clock Delay      (SCD):    0.894ns
    Clock Pessimism Removal (CPR):    0.035ns

    Location             Delay type                Incr(ns)  Path(ns)    Netlist Resource(s)
  -------------------------------------------------------------------    -------------------
                         (clock clk_fpga_0 rise edge)
                                                      0.000     0.000 r  
    PS7_X0Y0             PS7                          0.000     0.000 r  design_1_i/cg_fpga_0/inst/processing_system7_0/inst/PS7_i/FCLKCLK[0]
                         net (fo=1, routed)           0.310     0.310    design_1_i/cg_fpga_0/inst/processing_system7_0/inst/FCLK_CLK_unbuffered[0]
    BUFGCTRL_X0Y16       BUFG (Prop_bufg_I_O)         0.026     0.336 r  design_1_i/cg_fpga_0/inst/processing_system7_0/inst/buffer_fclk_clk_0.FCLK_CLK_0_BUFG/O
                         net (fo=6937, routed)        0.558     0.894    design_1_i/cg_fpga_0/inst/cg_axi_vdma_0/U0/GEN_SPRT_FOR_S2MM.S2MM_REGISTER_MODULE_I/GEN_REG_DIRECT_MODE.REGDIRECT_I/s_axi_lite_aclk
    SLICE_X52Y45         FDRE                                         r  design_1_i/cg_fpga_0/inst/cg_axi_vdma_0/U0/GEN_SPRT_FOR_S2MM.S2MM_REGISTER_MODULE_I/GEN_REG_DIRECT_MODE.REGDIRECT_I/reg_module_hsize_reg[0]/C
  -------------------------------------------------------------------    -------------------
    SLICE_X52Y45         FDRE (Prop_fdre_C_Q)         0.141     1.035 r  design_1_i/cg_fpga_0/inst/cg_axi_vdma_0/U0/GEN_SPRT_FOR_S2MM.S2MM_REGISTER_MODULE_I/GEN_REG_DIRECT_MODE.REGDIRECT_I/reg_module_hsize_reg[0]/Q
                         net (fo=2, routed)           0.214     1.248    design_1_i/cg_fpga_0/inst/cg_axi_vdma_0/U0/GEN_SPRT_FOR_S2MM.S2MMADDR32.I_S2MM_DMA_MNGR/VIDEO_REG_I/GEN_REGISTER_DIRECT.GEN_REGDIRECT_DRES.VIDREGISTER_I/hsize_vid_reg[15]_2[0]
    SLICE_X48Y44         FDRE                                         r  design_1_i/cg_fpga_0/inst/cg_axi_vdma_0/U0/GEN_SPRT_FOR_S2MM.S2MMADDR32.I_S2MM_DMA_MNGR/VIDEO_REG_I/GEN_REGISTER_DIRECT.GEN_REGDIRECT_DRES.VIDREGISTER_I/hsize_vid_reg[0]/D
  -------------------------------------------------------------------    -------------------

                         (clock clk_fpga_0 rise edge)
                                                      0.000     0.000 r  
    PS7_X0Y0             PS7                          0.000     0.000 r  design_1_i/cg_fpga_0/inst/processing_system7_0/inst/PS7_i/FCLKCLK[0]
                         net (fo=1, routed)           0.337     0.337    design_1_i/cg_fpga_0/inst/processing_system7_0/inst/FCLK_CLK_unbuffered[0]
    BUFGCTRL_X0Y16       BUFG (Prop_bufg_I_O)         0.029     0.366 r  design_1_i/cg_fpga_0/inst/processing_system7_0/inst/buffer_fclk_clk_0.FCLK_CLK_0_BUFG/O
                         net (fo=6937, routed)        0.829     1.195    design_1_i/cg_fpga_0/inst/cg_axi_vdma_0/U0/GEN_SPRT_FOR_S2MM.S2MMADDR32.I_S2MM_DMA_MNGR/VIDEO_REG_I/GEN_REGISTER_DIRECT.GEN_REGDIRECT_DRES.VIDREGISTER_I/s_axi_lite_aclk
    SLICE_X48Y44         FDRE                                         r  design_1_i/cg_fpga_0/inst/cg_axi_vdma_0/U0/GEN_SPRT_FOR_S2MM.S2MMADDR32.I_S2MM_DMA_MNGR/VIDEO_REG_I/GEN_REGISTER_DIRECT.GEN_REGDIRECT_DRES.VIDREGISTER_I/hsize_vid_reg[0]/C
                         clock pessimism             -0.035     1.160    
    SLICE_X48Y44         FDRE (Hold_fdre_C_D)         0.046     1.206    design_1_i/cg_fpga_0/inst/cg_axi_vdma_0/U0/GEN_SPRT_FOR_S2MM.S2MMADDR32.I_S2MM_DMA_MNGR/VIDEO_REG_I/GEN_REGISTER_DIRECT.GEN_REGDIRECT_DRES.VIDREGISTER_I/hsize_vid_reg[0]
  -------------------------------------------------------------------
                         required time                         -1.206    
                         arrival time                           1.248    
  -------------------------------------------------------------------
                         slack                                  0.043    

Slack (MET) :             0.043ns  (arrival time - required time)
  Source:                 design_1_i/cg_fpga_0/inst/cg_axi_vdma_0/U0/GEN_SPRT_FOR_MM2S.ADDR32.I_MM2S_DMA_MNGR/I_CMDSTS/s_axis_cmd_tdata_reg[10]/C
                            (rising edge-triggered cell FDRE clocked by clk_fpga_0  {rise@0.000ns fall@5.000ns period=10.000ns})
  Destination:            design_1_i/cg_fpga_0/inst/cg_axi_vdma_0/U0/I_PRMRY_DATAMOVER/GEN_MM2S_FULL.I_MM2S_FULL_WRAPPER/I_CMD_STATUS/I_CMD_FIFO/USE_SRL_FIFO.I_SYNC_FIFO/I_SRL_FIFO_RBU_F/DYNSHREG_F_I/INFERRED_GEN.data_reg[3][57]_srl4/D
                            (rising edge-triggered cell SRL16E clocked by clk_fpga_0  {rise@0.000ns fall@5.000ns period=10.000ns})
  Path Group:             clk_fpga_0
  Path Type:              Hold (Min at Fast Process Corner)
  Requirement:            0.000ns  (clk_fpga_0 rise@0.000ns - clk_fpga_0 rise@0.000ns)
  Data Path Delay:        0.260ns  (logic 0.141ns (54.228%)  route 0.119ns (45.773%))
  Logic Levels:           0  
  Clock Path Skew:        0.034ns (DCD - SCD - CPR)
    Destination Clock Delay (DCD):    1.186ns
    Source Clock Delay      (SCD):    0.888ns
    Clock Pessimism Removal (CPR):    0.264ns

    Location             Delay type                Incr(ns)  Path(ns)    Netlist Resource(s)
  -------------------------------------------------------------------    -------------------
                         (clock clk_fpga_0 rise edge)
                                                      0.000     0.000 r  
    PS7_X0Y0             PS7                          0.000     0.000 r  design_1_i/cg_fpga_0/inst/processing_system7_0/inst/PS7_i/FCLKCLK[0]
                         net (fo=1, routed)           0.310     0.310    design_1_i/cg_fpga_0/inst/processing_system7_0/inst/FCLK_CLK_unbuffered[0]
    BUFGCTRL_X0Y16       BUFG (Prop_bufg_I_O)         0.026     0.336 r  design_1_i/cg_fpga_0/inst/processing_system7_0/inst/buffer_fclk_clk_0.FCLK_CLK_0_BUFG/O
                         net (fo=6937, routed)        0.552     0.888    design_1_i/cg_fpga_0/inst/cg_axi_vdma_0/U0/GEN_SPRT_FOR_MM2S.ADDR32.I_MM2S_DMA_MNGR/I_CMDSTS/s_axi_lite_aclk
    SLICE_X40Y63         FDRE                                         r  design_1_i/cg_fpga_0/inst/cg_axi_vdma_0/U0/GEN_SPRT_FOR_MM2S.ADDR32.I_MM2S_DMA_MNGR/I_CMDSTS/s_axis_cmd_tdata_reg[10]/C
  -------------------------------------------------------------------    -------------------
    SLICE_X40Y63         FDRE (Prop_fdre_C_Q)         0.141     1.029 r  design_1_i/cg_fpga_0/inst/cg_axi_vdma_0/U0/GEN_SPRT_FOR_MM2S.ADDR32.I_MM2S_DMA_MNGR/I_CMDSTS/s_axis_cmd_tdata_reg[10]/Q
                         net (fo=1, routed)           0.119     1.148    design_1_i/cg_fpga_0/inst/cg_axi_vdma_0/U0/I_PRMRY_DATAMOVER/GEN_MM2S_FULL.I_MM2S_FULL_WRAPPER/I_CMD_STATUS/I_CMD_FIFO/USE_SRL_FIFO.I_SYNC_FIFO/I_SRL_FIFO_RBU_F/DYNSHREG_F_I/in[10]
    SLICE_X38Y62         SRL16E                                       r  design_1_i/cg_fpga_0/inst/cg_axi_vdma_0/U0/I_PRMRY_DATAMOVER/GEN_MM2S_FULL.I_MM2S_FULL_WRAPPER/I_CMD_STATUS/I_CMD_FIFO/USE_SRL_FIFO.I_SYNC_FIFO/I_SRL_FIFO_RBU_F/DYNSHREG_F_I/INFERRED_GEN.data_reg[3][57]_srl4/D
  -------------------------------------------------------------------    -------------------

                         (clock clk_fpga_0 rise edge)
                                                      0.000     0.000 r  
    PS7_X0Y0             PS7                          0.000     0.000 r  design_1_i/cg_fpga_0/inst/processing_system7_0/inst/PS7_i/FCLKCLK[0]
                         net (fo=1, routed)           0.337     0.337    design_1_i/cg_fpga_0/inst/processing_system7_0/inst/FCLK_CLK_unbuffered[0]
    BUFGCTRL_X0Y16       BUFG (Prop_bufg_I_O)         0.029     0.366 r  design_1_i/cg_fpga_0/inst/processing_system7_0/inst/buffer_fclk_clk_0.FCLK_CLK_0_BUFG/O
                         net (fo=6937, routed)        0.820     1.186    design_1_i/cg_fpga_0/inst/cg_axi_vdma_0/U0/I_PRMRY_DATAMOVER/GEN_MM2S_FULL.I_MM2S_FULL_WRAPPER/I_CMD_STATUS/I_CMD_FIFO/USE_SRL_FIFO.I_SYNC_FIFO/I_SRL_FIFO_RBU_F/DYNSHREG_F_I/s_axi_lite_aclk
    SLICE_X38Y62         SRL16E                                       r  design_1_i/cg_fpga_0/inst/cg_axi_vdma_0/U0/I_PRMRY_DATAMOVER/GEN_MM2S_FULL.I_MM2S_FULL_WRAPPER/I_CMD_STATUS/I_CMD_FIFO/USE_SRL_FIFO.I_SYNC_FIFO/I_SRL_FIFO_RBU_F/DYNSHREG_F_I/INFERRED_GEN.data_reg[3][57]_srl4/CLK
                         clock pessimism             -0.264     0.922    
    SLICE_X38Y62         SRL16E (Hold_srl16e_CLK_D)
                                                      0.183     1.105    design_1_i/cg_fpga_0/inst/cg_axi_vdma_0/U0/I_PRMRY_DATAMOVER/GEN_MM2S_FULL.I_MM2S_FULL_WRAPPER/I_CMD_STATUS/I_CMD_FIFO/USE_SRL_FIFO.I_SYNC_FIFO/I_SRL_FIFO_RBU_F/DYNSHREG_F_I/INFERRED_GEN.data_reg[3][57]_srl4
  -------------------------------------------------------------------
                         required time                         -1.105    
                         arrival time                           1.148    
  -------------------------------------------------------------------
                         slack                                  0.043    

Slack (MET) :             0.043ns  (arrival time - required time)
  Source:                 design_1_i/cg_fpga_0/inst/cg_axi_vdma_0/U0/GEN_SPRT_FOR_S2MM.S2MM_VID_CDC_I/s_fsync_d1_reg/C
                            (rising edge-triggered cell FDRE clocked by clk_fpga_0  {rise@0.000ns fall@5.000ns period=10.000ns})
  Destination:            design_1_i/cg_fpga_0/inst/cg_axi_vdma_0/U0/GEN_SPRT_FOR_S2MM.S2MM_VID_CDC_I/s_fsync_d2_reg/D
                            (rising edge-triggered cell FDRE clocked by clk_fpga_0  {rise@0.000ns fall@5.000ns period=10.000ns})
  Path Group:             clk_fpga_0
  Path Type:              Hold (Min at Fast Process Corner)
  Requirement:            0.000ns  (clk_fpga_0 rise@0.000ns - clk_fpga_0 rise@0.000ns)
  Data Path Delay:        0.373ns  (logic 0.141ns (37.831%)  route 0.232ns (62.169%))
  Logic Levels:           0  
  Clock Path Skew:        0.259ns (DCD - SCD - CPR)
    Destination Clock Delay (DCD):    1.189ns
    Source Clock Delay      (SCD):    0.895ns
    Clock Pessimism Removal (CPR):    0.035ns

    Location             Delay type                Incr(ns)  Path(ns)    Netlist Resource(s)
  -------------------------------------------------------------------    -------------------
                         (clock clk_fpga_0 rise edge)
                                                      0.000     0.000 r  
    PS7_X0Y0             PS7                          0.000     0.000 r  design_1_i/cg_fpga_0/inst/processing_system7_0/inst/PS7_i/FCLKCLK[0]
                         net (fo=1, routed)           0.310     0.310    design_1_i/cg_fpga_0/inst/processing_system7_0/inst/FCLK_CLK_unbuffered[0]
    BUFGCTRL_X0Y16       BUFG (Prop_bufg_I_O)         0.026     0.336 r  design_1_i/cg_fpga_0/inst/processing_system7_0/inst/buffer_fclk_clk_0.FCLK_CLK_0_BUFG/O
                         net (fo=6937, routed)        0.559     0.895    design_1_i/cg_fpga_0/inst/cg_axi_vdma_0/U0/GEN_SPRT_FOR_S2MM.S2MM_VID_CDC_I/s_axi_lite_aclk
    SLICE_X47Y37         FDRE                                         r  design_1_i/cg_fpga_0/inst/cg_axi_vdma_0/U0/GEN_SPRT_FOR_S2MM.S2MM_VID_CDC_I/s_fsync_d1_reg/C
  -------------------------------------------------------------------    -------------------
    SLICE_X47Y37         FDRE (Prop_fdre_C_Q)         0.141     1.036 r  design_1_i/cg_fpga_0/inst/cg_axi_vdma_0/U0/GEN_SPRT_FOR_S2MM.S2MM_VID_CDC_I/s_fsync_d1_reg/Q
                         net (fo=9, routed)           0.232     1.267    design_1_i/cg_fpga_0/inst/cg_axi_vdma_0/U0/GEN_SPRT_FOR_S2MM.S2MM_VID_CDC_I/s_fsync_d1
    SLICE_X51Y39         FDRE                                         r  design_1_i/cg_fpga_0/inst/cg_axi_vdma_0/U0/GEN_SPRT_FOR_S2MM.S2MM_VID_CDC_I/s_fsync_d2_reg/D
  -------------------------------------------------------------------    -------------------

                         (clock clk_fpga_0 rise edge)
                                                      0.000     0.000 r  
    PS7_X0Y0             PS7                          0.000     0.000 r  design_1_i/cg_fpga_0/inst/processing_system7_0/inst/PS7_i/FCLKCLK[0]
                         net (fo=1, routed)           0.337     0.337    design_1_i/cg_fpga_0/inst/processing_system7_0/inst/FCLK_CLK_unbuffered[0]
    BUFGCTRL_X0Y16       BUFG (Prop_bufg_I_O)         0.029     0.366 r  design_1_i/cg_fpga_0/inst/processing_system7_0/inst/buffer_fclk_clk_0.FCLK_CLK_0_BUFG/O
                         net (fo=6937, routed)        0.823     1.189    design_1_i/cg_fpga_0/inst/cg_axi_vdma_0/U0/GEN_SPRT_FOR_S2MM.S2MM_VID_CDC_I/s_axi_lite_aclk
    SLICE_X51Y39         FDRE                                         r  design_1_i/cg_fpga_0/inst/cg_axi_vdma_0/U0/GEN_SPRT_FOR_S2MM.S2MM_VID_CDC_I/s_fsync_d2_reg/C
                         clock pessimism             -0.035     1.154    
    SLICE_X51Y39         FDRE (Hold_fdre_C_D)         0.070     1.224    design_1_i/cg_fpga_0/inst/cg_axi_vdma_0/U0/GEN_SPRT_FOR_S2MM.S2MM_VID_CDC_I/s_fsync_d2_reg
  -------------------------------------------------------------------
                         required time                         -1.224    
                         arrival time                           1.267    
  -------------------------------------------------------------------
                         slack                                  0.043    

Slack (MET) :             0.044ns  (arrival time - required time)
  Source:                 design_1_i/cg_fpga_0/inst/cg_axi_vdma_0/U0/AXI_LITE_REG_INTERFACE_I/GEN_AXI_LITE_IF.AXI_LITE_IF_I/GEN_LITE_IS_ASYNC.GEN_ASYNC_LITE_ACCESS.s2mm_axi2ip_wrdata_cdc_tig_reg[29]/C
                            (rising edge-triggered cell FDRE clocked by clk_fpga_0  {rise@0.000ns fall@5.000ns period=10.000ns})
  Destination:            design_1_i/cg_fpga_0/inst/cg_axi_vdma_0/U0/GEN_SPRT_FOR_S2MM.S2MM_REGISTER_MODULE_I/I_DMA_REGISTER/ENABLE_DMACR_DELAY_CNTR.dmacr_i_reg[29]/D
                            (rising edge-triggered cell FDRE clocked by clk_fpga_0  {rise@0.000ns fall@5.000ns period=10.000ns})
  Path Group:             clk_fpga_0
  Path Type:              Hold (Min at Fast Process Corner)
  Requirement:            0.000ns  (clk_fpga_0 rise@0.000ns - clk_fpga_0 rise@0.000ns)
  Data Path Delay:        0.373ns  (logic 0.141ns (37.793%)  route 0.232ns (62.207%))
  Logic Levels:           0  
  Clock Path Skew:        0.259ns (DCD - SCD - CPR)
    Destination Clock Delay (DCD):    1.180ns
    Source Clock Delay      (SCD):    0.886ns
    Clock Pessimism Removal (CPR):    0.035ns

    Location             Delay type                Incr(ns)  Path(ns)    Netlist Resource(s)
  -------------------------------------------------------------------    -------------------
                         (clock clk_fpga_0 rise edge)
                                                      0.000     0.000 r  
    PS7_X0Y0             PS7                          0.000     0.000 r  design_1_i/cg_fpga_0/inst/processing_system7_0/inst/PS7_i/FCLKCLK[0]
                         net (fo=1, routed)           0.310     0.310    design_1_i/cg_fpga_0/inst/processing_system7_0/inst/FCLK_CLK_unbuffered[0]
    BUFGCTRL_X0Y16       BUFG (Prop_bufg_I_O)         0.026     0.336 r  design_1_i/cg_fpga_0/inst/processing_system7_0/inst/buffer_fclk_clk_0.FCLK_CLK_0_BUFG/O
                         net (fo=6937, routed)        0.550     0.886    design_1_i/cg_fpga_0/inst/cg_axi_vdma_0/U0/AXI_LITE_REG_INTERFACE_I/GEN_AXI_LITE_IF.AXI_LITE_IF_I/s_axi_lite_aclk
    SLICE_X48Y66         FDRE                                         r  design_1_i/cg_fpga_0/inst/cg_axi_vdma_0/U0/AXI_LITE_REG_INTERFACE_I/GEN_AXI_LITE_IF.AXI_LITE_IF_I/GEN_LITE_IS_ASYNC.GEN_ASYNC_LITE_ACCESS.s2mm_axi2ip_wrdata_cdc_tig_reg[29]/C
  -------------------------------------------------------------------    -------------------
    SLICE_X48Y66         FDRE (Prop_fdre_C_Q)         0.141     1.027 r  design_1_i/cg_fpga_0/inst/cg_axi_vdma_0/U0/AXI_LITE_REG_INTERFACE_I/GEN_AXI_LITE_IF.AXI_LITE_IF_I/GEN_LITE_IS_ASYNC.GEN_ASYNC_LITE_ACCESS.s2mm_axi2ip_wrdata_cdc_tig_reg[29]/Q
                         net (fo=5, routed)           0.232     1.259    design_1_i/cg_fpga_0/inst/cg_axi_vdma_0/U0/GEN_SPRT_FOR_S2MM.S2MM_REGISTER_MODULE_I/I_DMA_REGISTER/D[29]
    SLICE_X51Y65         FDRE                                         r  design_1_i/cg_fpga_0/inst/cg_axi_vdma_0/U0/GEN_SPRT_FOR_S2MM.S2MM_REGISTER_MODULE_I/I_DMA_REGISTER/ENABLE_DMACR_DELAY_CNTR.dmacr_i_reg[29]/D
  -------------------------------------------------------------------    -------------------

                         (clock clk_fpga_0 rise edge)
                                                      0.000     0.000 r  
    PS7_X0Y0             PS7                          0.000     0.000 r  design_1_i/cg_fpga_0/inst/processing_system7_0/inst/PS7_i/FCLKCLK[0]
                         net (fo=1, routed)           0.337     0.337    design_1_i/cg_fpga_0/inst/processing_system7_0/inst/FCLK_CLK_unbuffered[0]
    BUFGCTRL_X0Y16       BUFG (Prop_bufg_I_O)         0.029     0.366 r  design_1_i/cg_fpga_0/inst/processing_system7_0/inst/buffer_fclk_clk_0.FCLK_CLK_0_BUFG/O
                         net (fo=6937, routed)        0.814     1.180    design_1_i/cg_fpga_0/inst/cg_axi_vdma_0/U0/GEN_SPRT_FOR_S2MM.S2MM_REGISTER_MODULE_I/I_DMA_REGISTER/s_axi_lite_aclk
    SLICE_X51Y65         FDRE                                         r  design_1_i/cg_fpga_0/inst/cg_axi_vdma_0/U0/GEN_SPRT_FOR_S2MM.S2MM_REGISTER_MODULE_I/I_DMA_REGISTER/ENABLE_DMACR_DELAY_CNTR.dmacr_i_reg[29]/C
                         clock pessimism             -0.035     1.145    
    SLICE_X51Y65         FDRE (Hold_fdre_C_D)         0.070     1.215    design_1_i/cg_fpga_0/inst/cg_axi_vdma_0/U0/GEN_SPRT_FOR_S2MM.S2MM_REGISTER_MODULE_I/I_DMA_REGISTER/ENABLE_DMACR_DELAY_CNTR.dmacr_i_reg[29]
  -------------------------------------------------------------------
                         required time                         -1.215    
                         arrival time                           1.259    
  -------------------------------------------------------------------
                         slack                                  0.044    

Slack (MET) :             0.044ns  (arrival time - required time)
  Source:                 design_1_i/cg_fpga_0/inst/cg_axi_vdma_0/U0/I_PRMRY_DATAMOVER/GEN_S2MM_FULL.I_S2MM_FULL_WRAPPER/GEN_INCLUDE_IBTTCC.I_S2MM_MSTR_IBTTCC/sig_realign_btt_reg_reg[1]/C
                            (rising edge-triggered cell FDRE clocked by clk_fpga_0  {rise@0.000ns fall@5.000ns period=10.000ns})
  Destination:            design_1_i/cg_fpga_0/inst/cg_axi_vdma_0/U0/I_PRMRY_DATAMOVER/GEN_S2MM_FULL.I_S2MM_FULL_WRAPPER/GEN_INCLUDE_REALIGNER.I_S2MM_REALIGNER/I_DRE_CNTL_FIFO/USE_SRL_FIFO.I_SYNC_FIFO/I_SRL_FIFO_RBU_F/DYNSHREG_F_I/INFERRED_GEN.data_reg[3][19]_srl4/D
                            (rising edge-triggered cell SRL16E clocked by clk_fpga_0  {rise@0.000ns fall@5.000ns period=10.000ns})
  Path Group:             clk_fpga_0
  Path Type:              Hold (Min at Fast Process Corner)
  Requirement:            0.000ns  (clk_fpga_0 rise@0.000ns - clk_fpga_0 rise@0.000ns)
  Data Path Delay:        0.260ns  (logic 0.141ns (54.227%)  route 0.119ns (45.772%))
  Logic Levels:           0  
  Clock Path Skew:        0.033ns (DCD - SCD - CPR)
    Destination Clock Delay (DCD):    1.190ns
    Source Clock Delay      (SCD):    0.894ns
    Clock Pessimism Removal (CPR):    0.263ns

    Location             Delay type                Incr(ns)  Path(ns)    Netlist Resource(s)
  -------------------------------------------------------------------    -------------------
                         (clock clk_fpga_0 rise edge)
                                                      0.000     0.000 r  
    PS7_X0Y0             PS7                          0.000     0.000 r  design_1_i/cg_fpga_0/inst/processing_system7_0/inst/PS7_i/FCLKCLK[0]
                         net (fo=1, routed)           0.310     0.310    design_1_i/cg_fpga_0/inst/processing_system7_0/inst/FCLK_CLK_unbuffered[0]
    BUFGCTRL_X0Y16       BUFG (Prop_bufg_I_O)         0.026     0.336 r  design_1_i/cg_fpga_0/inst/processing_system7_0/inst/buffer_fclk_clk_0.FCLK_CLK_0_BUFG/O
                         net (fo=6937, routed)        0.558     0.894    design_1_i/cg_fpga_0/inst/cg_axi_vdma_0/U0/I_PRMRY_DATAMOVER/GEN_S2MM_FULL.I_S2MM_FULL_WRAPPER/GEN_INCLUDE_IBTTCC.I_S2MM_MSTR_IBTTCC/s_axi_lite_aclk
    SLICE_X44Y36         FDRE                                         r  design_1_i/cg_fpga_0/inst/cg_axi_vdma_0/U0/I_PRMRY_DATAMOVER/GEN_S2MM_FULL.I_S2MM_FULL_WRAPPER/GEN_INCLUDE_IBTTCC.I_S2MM_MSTR_IBTTCC/sig_realign_btt_reg_reg[1]/C
  -------------------------------------------------------------------    -------------------
    SLICE_X44Y36         FDRE (Prop_fdre_C_Q)         0.141     1.035 r  design_1_i/cg_fpga_0/inst/cg_axi_vdma_0/U0/I_PRMRY_DATAMOVER/GEN_S2MM_FULL.I_S2MM_FULL_WRAPPER/GEN_INCLUDE_IBTTCC.I_S2MM_MSTR_IBTTCC/sig_realign_btt_reg_reg[1]/Q
                         net (fo=1, routed)           0.119     1.154    design_1_i/cg_fpga_0/inst/cg_axi_vdma_0/U0/I_PRMRY_DATAMOVER/GEN_S2MM_FULL.I_S2MM_FULL_WRAPPER/GEN_INCLUDE_REALIGNER.I_S2MM_REALIGNER/I_DRE_CNTL_FIFO/USE_SRL_FIFO.I_SYNC_FIFO/I_SRL_FIFO_RBU_F/DYNSHREG_F_I/in[1]
    SLICE_X42Y35         SRL16E                                       r  design_1_i/cg_fpga_0/inst/cg_axi_vdma_0/U0/I_PRMRY_DATAMOVER/GEN_S2MM_FULL.I_S2MM_FULL_WRAPPER/GEN_INCLUDE_REALIGNER.I_S2MM_REALIGNER/I_DRE_CNTL_FIFO/USE_SRL_FIFO.I_SYNC_FIFO/I_SRL_FIFO_RBU_F/DYNSHREG_F_I/INFERRED_GEN.data_reg[3][19]_srl4/D
  -------------------------------------------------------------------    -------------------

                         (clock clk_fpga_0 rise edge)
                                                      0.000     0.000 r  
    PS7_X0Y0             PS7                          0.000     0.000 r  design_1_i/cg_fpga_0/inst/processing_system7_0/inst/PS7_i/FCLKCLK[0]
                         net (fo=1, routed)           0.337     0.337    design_1_i/cg_fpga_0/inst/processing_system7_0/inst/FCLK_CLK_unbuffered[0]
    BUFGCTRL_X0Y16       BUFG (Prop_bufg_I_O)         0.029     0.366 r  design_1_i/cg_fpga_0/inst/processing_system7_0/inst/buffer_fclk_clk_0.FCLK_CLK_0_BUFG/O
                         net (fo=6937, routed)        0.824     1.190    design_1_i/cg_fpga_0/inst/cg_axi_vdma_0/U0/I_PRMRY_DATAMOVER/GEN_S2MM_FULL.I_S2MM_FULL_WRAPPER/GEN_INCLUDE_REALIGNER.I_S2MM_REALIGNER/I_DRE_CNTL_FIFO/USE_SRL_FIFO.I_SYNC_FIFO/I_SRL_FIFO_RBU_F/DYNSHREG_F_I/s_axi_lite_aclk
    SLICE_X42Y35         SRL16E                                       r  design_1_i/cg_fpga_0/inst/cg_axi_vdma_0/U0/I_PRMRY_DATAMOVER/GEN_S2MM_FULL.I_S2MM_FULL_WRAPPER/GEN_INCLUDE_REALIGNER.I_S2MM_REALIGNER/I_DRE_CNTL_FIFO/USE_SRL_FIFO.I_SYNC_FIFO/I_SRL_FIFO_RBU_F/DYNSHREG_F_I/INFERRED_GEN.data_reg[3][19]_srl4/CLK
                         clock pessimism             -0.263     0.927    
    SLICE_X42Y35         SRL16E (Hold_srl16e_CLK_D)
                                                      0.183     1.110    design_1_i/cg_fpga_0/inst/cg_axi_vdma_0/U0/I_PRMRY_DATAMOVER/GEN_S2MM_FULL.I_S2MM_FULL_WRAPPER/GEN_INCLUDE_REALIGNER.I_S2MM_REALIGNER/I_DRE_CNTL_FIFO/USE_SRL_FIFO.I_SYNC_FIFO/I_SRL_FIFO_RBU_F/DYNSHREG_F_I/INFERRED_GEN.data_reg[3][19]_srl4
  -------------------------------------------------------------------
                         required time                         -1.110    
                         arrival time                           1.154    
  -------------------------------------------------------------------
                         slack                                  0.044    

Slack (MET) :             0.045ns  (arrival time - required time)
  Source:                 design_1_i/cg_fpga_0/inst/cg_axi_vdma_0/U0/GEN_SPRT_FOR_MM2S.ADDR32.I_MM2S_DMA_MNGR/I_CMDSTS/s_axis_cmd_tdata_reg[56]/C
                            (rising edge-triggered cell FDRE clocked by clk_fpga_0  {rise@0.000ns fall@5.000ns period=10.000ns})
  Destination:            design_1_i/cg_fpga_0/inst/cg_axi_vdma_0/U0/I_PRMRY_DATAMOVER/GEN_MM2S_FULL.I_MM2S_FULL_WRAPPER/I_CMD_STATUS/I_CMD_FIFO/USE_SRL_FIFO.I_SYNC_FIFO/I_SRL_FIFO_RBU_F/DYNSHREG_F_I/INFERRED_GEN.data_reg[3][11]_srl4/D
                            (rising edge-triggered cell SRL16E clocked by clk_fpga_0  {rise@0.000ns fall@5.000ns period=10.000ns})
  Path Group:             clk_fpga_0
  Path Type:              Hold (Min at Fast Process Corner)
  Requirement:            0.000ns  (clk_fpga_0 rise@0.000ns - clk_fpga_0 rise@0.000ns)
  Data Path Delay:        0.260ns  (logic 0.141ns (54.313%)  route 0.119ns (45.687%))
  Logic Levels:           0  
  Clock Path Skew:        0.032ns (DCD - SCD - CPR)
    Destination Clock Delay (DCD):    1.184ns
    Source Clock Delay      (SCD):    0.888ns
    Clock Pessimism Removal (CPR):    0.264ns

    Location             Delay type                Incr(ns)  Path(ns)    Netlist Resource(s)
  -------------------------------------------------------------------    -------------------
                         (clock clk_fpga_0 rise edge)
                                                      0.000     0.000 r  
    PS7_X0Y0             PS7                          0.000     0.000 r  design_1_i/cg_fpga_0/inst/processing_system7_0/inst/PS7_i/FCLKCLK[0]
                         net (fo=1, routed)           0.310     0.310    design_1_i/cg_fpga_0/inst/processing_system7_0/inst/FCLK_CLK_unbuffered[0]
    BUFGCTRL_X0Y16       BUFG (Prop_bufg_I_O)         0.026     0.336 r  design_1_i/cg_fpga_0/inst/processing_system7_0/inst/buffer_fclk_clk_0.FCLK_CLK_0_BUFG/O
                         net (fo=6937, routed)        0.552     0.888    design_1_i/cg_fpga_0/inst/cg_axi_vdma_0/U0/GEN_SPRT_FOR_MM2S.ADDR32.I_MM2S_DMA_MNGR/I_CMDSTS/s_axi_lite_aclk
    SLICE_X40Y65         FDRE                                         r  design_1_i/cg_fpga_0/inst/cg_axi_vdma_0/U0/GEN_SPRT_FOR_MM2S.ADDR32.I_MM2S_DMA_MNGR/I_CMDSTS/s_axis_cmd_tdata_reg[56]/C
  -------------------------------------------------------------------    -------------------
    SLICE_X40Y65         FDRE (Prop_fdre_C_Q)         0.141     1.029 r  design_1_i/cg_fpga_0/inst/cg_axi_vdma_0/U0/GEN_SPRT_FOR_MM2S.ADDR32.I_MM2S_DMA_MNGR/I_CMDSTS/s_axis_cmd_tdata_reg[56]/Q
                         net (fo=1, routed)           0.119     1.147    design_1_i/cg_fpga_0/inst/cg_axi_vdma_0/U0/I_PRMRY_DATAMOVER/GEN_MM2S_FULL.I_MM2S_FULL_WRAPPER/I_CMD_STATUS/I_CMD_FIFO/USE_SRL_FIFO.I_SYNC_FIFO/I_SRL_FIFO_RBU_F/DYNSHREG_F_I/in[41]
    SLICE_X38Y65         SRL16E                                       r  design_1_i/cg_fpga_0/inst/cg_axi_vdma_0/U0/I_PRMRY_DATAMOVER/GEN_MM2S_FULL.I_MM2S_FULL_WRAPPER/I_CMD_STATUS/I_CMD_FIFO/USE_SRL_FIFO.I_SYNC_FIFO/I_SRL_FIFO_RBU_F/DYNSHREG_F_I/INFERRED_GEN.data_reg[3][11]_srl4/D
  -------------------------------------------------------------------    -------------------

                         (clock clk_fpga_0 rise edge)
                                                      0.000     0.000 r  
    PS7_X0Y0             PS7                          0.000     0.000 r  design_1_i/cg_fpga_0/inst/processing_system7_0/inst/PS7_i/FCLKCLK[0]
                         net (fo=1, routed)           0.337     0.337    design_1_i/cg_fpga_0/inst/processing_system7_0/inst/FCLK_CLK_unbuffered[0]
    BUFGCTRL_X0Y16       BUFG (Prop_bufg_I_O)         0.029     0.366 r  design_1_i/cg_fpga_0/inst/processing_system7_0/inst/buffer_fclk_clk_0.FCLK_CLK_0_BUFG/O
                         net (fo=6937, routed)        0.818     1.184    design_1_i/cg_fpga_0/inst/cg_axi_vdma_0/U0/I_PRMRY_DATAMOVER/GEN_MM2S_FULL.I_MM2S_FULL_WRAPPER/I_CMD_STATUS/I_CMD_FIFO/USE_SRL_FIFO.I_SYNC_FIFO/I_SRL_FIFO_RBU_F/DYNSHREG_F_I/s_axi_lite_aclk
    SLICE_X38Y65         SRL16E                                       r  design_1_i/cg_fpga_0/inst/cg_axi_vdma_0/U0/I_PRMRY_DATAMOVER/GEN_MM2S_FULL.I_MM2S_FULL_WRAPPER/I_CMD_STATUS/I_CMD_FIFO/USE_SRL_FIFO.I_SYNC_FIFO/I_SRL_FIFO_RBU_F/DYNSHREG_F_I/INFERRED_GEN.data_reg[3][11]_srl4/CLK
                         clock pessimism             -0.264     0.920    
    SLICE_X38Y65         SRL16E (Hold_srl16e_CLK_D)
                                                      0.183     1.103    design_1_i/cg_fpga_0/inst/cg_axi_vdma_0/U0/I_PRMRY_DATAMOVER/GEN_MM2S_FULL.I_MM2S_FULL_WRAPPER/I_CMD_STATUS/I_CMD_FIFO/USE_SRL_FIFO.I_SYNC_FIFO/I_SRL_FIFO_RBU_F/DYNSHREG_F_I/INFERRED_GEN.data_reg[3][11]_srl4
  -------------------------------------------------------------------
                         required time                         -1.103    
                         arrival time                           1.147    
  -------------------------------------------------------------------
                         slack                                  0.045    





Pulse Width Checks
--------------------------------------------------------------------------------------
Clock Name:         clk_fpga_0
Waveform(ns):       { 0.000 5.000 }
Period(ns):         10.000
Sources:            { design_1_i/cg_fpga_0/inst/processing_system7_0/inst/PS7_i/FCLKCLK[0] }

Check Type        Corner  Lib Pin             Reference Pin  Required(ns)  Actual(ns)  Slack(ns)  Location      Pin
Min Period        n/a     RAMB18E1/CLKARDCLK  n/a            2.944         10.000      7.056      RAMB18_X0Y16  design_1_i/cg_fpga_0/inst/cg_axi_vdma_0/U0/GEN_SPRT_FOR_MM2S.MM2S_LINEBUFFER_I/GEN_LINEBUF_NO_SOF.GEN_LINEBUFFER.GEN_SYNC_FIFO.I_LINEBUFFER_FIFO/xpm_fifo_sync_inst/xpm_fifo_base_inst/gen_sdpram.xpm_memory_base_inst/gen_wr_a.gen_word_narrow.mem_reg/CLKARDCLK
Min Period        n/a     RAMB18E1/CLKBWRCLK  n/a            2.944         10.000      7.056      RAMB18_X0Y16  design_1_i/cg_fpga_0/inst/cg_axi_vdma_0/U0/GEN_SPRT_FOR_MM2S.MM2S_LINEBUFFER_I/GEN_LINEBUF_NO_SOF.GEN_LINEBUFFER.GEN_SYNC_FIFO.I_LINEBUFFER_FIFO/xpm_fifo_sync_inst/xpm_fifo_base_inst/gen_sdpram.xpm_memory_base_inst/gen_wr_a.gen_word_narrow.mem_reg/CLKBWRCLK
Min Period        n/a     RAMB36E1/CLKARDCLK  n/a            2.944         10.000      7.056      RAMB36_X1Y6   design_1_i/cg_fpga_0/inst/cg_axi_vdma_0/U0/GEN_SPRT_FOR_S2MM.S2MM_LINEBUFFER_I/GEN_S2MM_FLUSH_SOF_LOGIC.GEN_LINEBUFFER_FLUSH_SOF.GEN_SYNC_FIFO_FLUSH_SOF.I_LINEBUFFER_FIFO/xpm_fifo_sync_inst/xpm_fifo_base_inst/gen_sdpram.xpm_memory_base_inst/gen_wr_a.gen_word_narrow.mem_reg/CLKARDCLK
Min Period        n/a     RAMB36E1/CLKBWRCLK  n/a            2.944         10.000      7.056      RAMB36_X1Y6   design_1_i/cg_fpga_0/inst/cg_axi_vdma_0/U0/GEN_SPRT_FOR_S2MM.S2MM_LINEBUFFER_I/GEN_S2MM_FLUSH_SOF_LOGIC.GEN_LINEBUFFER_FLUSH_SOF.GEN_SYNC_FIFO_FLUSH_SOF.I_LINEBUFFER_FIFO/xpm_fifo_sync_inst/xpm_fifo_base_inst/gen_sdpram.xpm_memory_base_inst/gen_wr_a.gen_word_narrow.mem_reg/CLKBWRCLK
Min Period        n/a     RAMB36E1/CLKARDCLK  n/a            2.576         10.000      7.424      RAMB36_X0Y9   design_1_i/cg_fpga_0/inst/cg_axi_vdma_0/U0/I_PRMRY_DATAMOVER/GEN_MM2S_FULL.I_MM2S_FULL_WRAPPER/GEN_INCLUDE_MM2S_SF.I_RD_SF/I_DATA_FIFO/BLK_MEM.I_SYNC_FIFOGEN_FIFO/xpm_fifo_instance.xpm_fifo_sync_inst/xpm_fifo_base_inst/gen_sdpram.xpm_memory_base_inst/gen_wr_a.gen_word_narrow.mem_reg/CLKARDCLK
Min Period        n/a     RAMB36E1/CLKBWRCLK  n/a            2.576         10.000      7.424      RAMB36_X0Y9   design_1_i/cg_fpga_0/inst/cg_axi_vdma_0/U0/I_PRMRY_DATAMOVER/GEN_MM2S_FULL.I_MM2S_FULL_WRAPPER/GEN_INCLUDE_MM2S_SF.I_RD_SF/I_DATA_FIFO/BLK_MEM.I_SYNC_FIFOGEN_FIFO/xpm_fifo_instance.xpm_fifo_sync_inst/xpm_fifo_base_inst/gen_sdpram.xpm_memory_base_inst/gen_wr_a.gen_word_narrow.mem_reg/CLKBWRCLK
Min Period        n/a     RAMB36E1/CLKARDCLK  n/a            2.576         10.000      7.424      RAMB36_X1Y8   design_1_i/cg_fpga_0/inst/cg_axi_vdma_0/U0/I_PRMRY_DATAMOVER/GEN_S2MM_FULL.I_S2MM_FULL_WRAPPER/GEN_ENABLE_INDET_BTT_SF.I_INDET_BTT/I_DATA_FIFO/BLK_MEM.I_SYNC_FIFOGEN_FIFO/xpm_fifo_instance.xpm_fifo_sync_inst/xpm_fifo_base_inst/gen_sdpram.xpm_memory_base_inst/gen_wr_a.gen_word_narrow.mem_reg_0/CLKARDCLK
Min Period        n/a     RAMB36E1/CLKBWRCLK  n/a            2.576         10.000      7.424      RAMB36_X1Y8   design_1_i/cg_fpga_0/inst/cg_axi_vdma_0/U0/I_PRMRY_DATAMOVER/GEN_S2MM_FULL.I_S2MM_FULL_WRAPPER/GEN_ENABLE_INDET_BTT_SF.I_INDET_BTT/I_DATA_FIFO/BLK_MEM.I_SYNC_FIFOGEN_FIFO/xpm_fifo_instance.xpm_fifo_sync_inst/xpm_fifo_base_inst/gen_sdpram.xpm_memory_base_inst/gen_wr_a.gen_word_narrow.mem_reg_0/CLKBWRCLK
Min Period        n/a     RAMB18E1/CLKARDCLK  n/a            2.576         10.000      7.424      RAMB18_X1Y14  design_1_i/cg_fpga_0/inst/cg_axi_vdma_0/U0/I_PRMRY_DATAMOVER/GEN_S2MM_FULL.I_S2MM_FULL_WRAPPER/GEN_ENABLE_INDET_BTT_SF.I_INDET_BTT/I_DATA_FIFO/BLK_MEM.I_SYNC_FIFOGEN_FIFO/xpm_fifo_instance.xpm_fifo_sync_inst/xpm_fifo_base_inst/gen_sdpram.xpm_memory_base_inst/gen_wr_a.gen_word_narrow.mem_reg_1/CLKARDCLK
Min Period        n/a     RAMB18E1/CLKBWRCLK  n/a            2.576         10.000      7.424      RAMB18_X1Y14  design_1_i/cg_fpga_0/inst/cg_axi_vdma_0/U0/I_PRMRY_DATAMOVER/GEN_S2MM_FULL.I_S2MM_FULL_WRAPPER/GEN_ENABLE_INDET_BTT_SF.I_INDET_BTT/I_DATA_FIFO/BLK_MEM.I_SYNC_FIFOGEN_FIFO/xpm_fifo_instance.xpm_fifo_sync_inst/xpm_fifo_base_inst/gen_sdpram.xpm_memory_base_inst/gen_wr_a.gen_word_narrow.mem_reg_1/CLKBWRCLK
Low Pulse Width   Slow    RAMD32/CLK          n/a            1.250         5.000       3.750      SLICE_X26Y62  <hidden>
Low Pulse Width   Fast    RAMD32/CLK          n/a            1.250         5.000       3.750      SLICE_X26Y62  <hidden>
Low Pulse Width   Slow    RAMD32/CLK          n/a            1.250         5.000       3.750      SLICE_X26Y62  <hidden>
Low Pulse Width   Fast    RAMD32/CLK          n/a            1.250         5.000       3.750      SLICE_X26Y62  <hidden>
Low Pulse Width   Slow    RAMD32/CLK          n/a            1.250         5.000       3.750      SLICE_X26Y62  <hidden>
Low Pulse Width   Fast    RAMD32/CLK          n/a            1.250         5.000       3.750      SLICE_X26Y62  <hidden>
Low Pulse Width   Slow    RAMD32/CLK          n/a            1.250         5.000       3.750      SLICE_X26Y62  <hidden>
Low Pulse Width   Fast    RAMD32/CLK          n/a            1.250         5.000       3.750      SLICE_X26Y62  <hidden>
Low Pulse Width   Slow    RAMD32/CLK          n/a            1.250         5.000       3.750      SLICE_X26Y62  <hidden>
Low Pulse Width   Fast    RAMD32/CLK          n/a            1.250         5.000       3.750      SLICE_X26Y62  <hidden>
High Pulse Width  Slow    RAMD32/CLK          n/a            1.250         5.000       3.750      SLICE_X26Y62  <hidden>
High Pulse Width  Fast    RAMD32/CLK          n/a            1.250         5.000       3.750      SLICE_X26Y62  <hidden>
High Pulse Width  Slow    RAMD32/CLK          n/a            1.250         5.000       3.750      SLICE_X26Y62  <hidden>
High Pulse Width  Fast    RAMD32/CLK          n/a            1.250         5.000       3.750      SLICE_X26Y62  <hidden>
High Pulse Width  Slow    RAMD32/CLK          n/a            1.250         5.000       3.750      SLICE_X26Y62  <hidden>
High Pulse Width  Fast    RAMD32/CLK          n/a            1.250         5.000       3.750      SLICE_X26Y62  <hidden>
High Pulse Width  Slow    RAMD32/CLK          n/a            1.250         5.000       3.750      SLICE_X26Y62  <hidden>
High Pulse Width  Fast    RAMD32/CLK          n/a            1.250         5.000       3.750      SLICE_X26Y62  <hidden>
High Pulse Width  Slow    RAMD32/CLK          n/a            1.250         5.000       3.750      SLICE_X26Y62  <hidden>
High Pulse Width  Fast    RAMD32/CLK          n/a            1.250         5.000       3.750      SLICE_X26Y62  <hidden>



---------------------------------------------------------------------------------------------------
Path Group:  **async_default**
From Clock:  clk_fpga_0
  To Clock:  clk_fpga_0

Setup :            0  Failing Endpoints,  Worst Slack        6.736ns,  Total Violation        0.000ns
Hold  :            0  Failing Endpoints,  Worst Slack        0.558ns,  Total Violation        0.000ns
---------------------------------------------------------------------------------------------------


Max Delay Paths
--------------------------------------------------------------------------------------
Slack (MET) :             6.736ns  (required time - arrival time)
  Source:                 <hidden>
                            (rising edge-triggered cell FDRE clocked by clk_fpga_0  {rise@0.000ns fall@5.000ns period=10.000ns})
  Destination:            <hidden>
                            (recovery check against rising-edge clock clk_fpga_0  {rise@0.000ns fall@5.000ns period=10.000ns})
  Path Group:             **async_default**
  Path Type:              Recovery (Max at Slow Process Corner)
  Requirement:            10.000ns  (clk_fpga_0 rise@10.000ns - clk_fpga_0 rise@0.000ns)
  Data Path Delay:        2.648ns  (logic 0.642ns (24.246%)  route 2.006ns (75.754%))
  Logic Levels:           1  (LUT3=1)
  Clock Path Skew:        -0.057ns (DCD - SCD + CPR)
    Destination Clock Delay (DCD):    2.648ns = ( 12.648 - 10.000 ) 
    Source Clock Delay      (SCD):    2.934ns
    Clock Pessimism Removal (CPR):    0.229ns
  Clock Uncertainty:      0.154ns  ((TSJ^2 + TIJ^2)^1/2 + DJ) / 2 + PE
    Total System Jitter     (TSJ):    0.071ns
    Total Input Jitter      (TIJ):    0.300ns
    Discrete Jitter          (DJ):    0.000ns
    Phase Error              (PE):    0.000ns

    Location             Delay type                Incr(ns)  Path(ns)    Netlist Resource(s)
  -------------------------------------------------------------------    -------------------
                         (clock clk_fpga_0 rise edge)
                                                      0.000     0.000 r  
    PS7_X0Y0             PS7                          0.000     0.000 r  design_1_i/cg_fpga_0/inst/processing_system7_0/inst/PS7_i/FCLKCLK[0]
                         net (fo=1, routed)           1.193     1.193    design_1_i/cg_fpga_0/inst/processing_system7_0/inst/FCLK_CLK_unbuffered[0]
    BUFGCTRL_X0Y16       BUFG (Prop_bufg_I_O)         0.101     1.294 r  design_1_i/cg_fpga_0/inst/processing_system7_0/inst/buffer_fclk_clk_0.FCLK_CLK_0_BUFG/O
                         net (fo=6937, routed)        1.640     2.934    <hidden>
    SLICE_X32Y69         FDRE                                         r  <hidden>
  -------------------------------------------------------------------    -------------------
    SLICE_X32Y69         FDRE (Prop_fdre_C_Q)         0.518     3.452 f  <hidden>
                         net (fo=2, routed)           0.885     4.337    <hidden>
    SLICE_X32Y69         LUT3 (Prop_lut3_I1_O)        0.124     4.461 f  <hidden>
                         net (fo=32, routed)          1.121     5.582    <hidden>
    SLICE_X37Y68         FDCE                                         f  <hidden>
  -------------------------------------------------------------------    -------------------

                         (clock clk_fpga_0 rise edge)
                                                     10.000    10.000 r  
    PS7_X0Y0             PS7                          0.000    10.000 r  design_1_i/cg_fpga_0/inst/processing_system7_0/inst/PS7_i/FCLKCLK[0]
                         net (fo=1, routed)           1.088    11.088    design_1_i/cg_fpga_0/inst/processing_system7_0/inst/FCLK_CLK_unbuffered[0]
    BUFGCTRL_X0Y16       BUFG (Prop_bufg_I_O)         0.091    11.179 r  design_1_i/cg_fpga_0/inst/processing_system7_0/inst/buffer_fclk_clk_0.FCLK_CLK_0_BUFG/O
                         net (fo=6937, routed)        1.469    12.648    <hidden>
    SLICE_X37Y68         FDCE                                         r  <hidden>
                         clock pessimism              0.229    12.877    
                         clock uncertainty           -0.154    12.723    
    SLICE_X37Y68         FDCE (Recov_fdce_C_CLR)     -0.405    12.318    <hidden>
  -------------------------------------------------------------------
                         required time                         12.318    
                         arrival time                          -5.582    
  -------------------------------------------------------------------
                         slack                                  6.736    

Slack (MET) :             6.736ns  (required time - arrival time)
  Source:                 <hidden>
                            (rising edge-triggered cell FDRE clocked by clk_fpga_0  {rise@0.000ns fall@5.000ns period=10.000ns})
  Destination:            <hidden>
                            (recovery check against rising-edge clock clk_fpga_0  {rise@0.000ns fall@5.000ns period=10.000ns})
  Path Group:             **async_default**
  Path Type:              Recovery (Max at Slow Process Corner)
  Requirement:            10.000ns  (clk_fpga_0 rise@10.000ns - clk_fpga_0 rise@0.000ns)
  Data Path Delay:        2.648ns  (logic 0.642ns (24.246%)  route 2.006ns (75.754%))
  Logic Levels:           1  (LUT3=1)
  Clock Path Skew:        -0.057ns (DCD - SCD + CPR)
    Destination Clock Delay (DCD):    2.648ns = ( 12.648 - 10.000 ) 
    Source Clock Delay      (SCD):    2.934ns
    Clock Pessimism Removal (CPR):    0.229ns
  Clock Uncertainty:      0.154ns  ((TSJ^2 + TIJ^2)^1/2 + DJ) / 2 + PE
    Total System Jitter     (TSJ):    0.071ns
    Total Input Jitter      (TIJ):    0.300ns
    Discrete Jitter          (DJ):    0.000ns
    Phase Error              (PE):    0.000ns

    Location             Delay type                Incr(ns)  Path(ns)    Netlist Resource(s)
  -------------------------------------------------------------------    -------------------
                         (clock clk_fpga_0 rise edge)
                                                      0.000     0.000 r  
    PS7_X0Y0             PS7                          0.000     0.000 r  design_1_i/cg_fpga_0/inst/processing_system7_0/inst/PS7_i/FCLKCLK[0]
                         net (fo=1, routed)           1.193     1.193    design_1_i/cg_fpga_0/inst/processing_system7_0/inst/FCLK_CLK_unbuffered[0]
    BUFGCTRL_X0Y16       BUFG (Prop_bufg_I_O)         0.101     1.294 r  design_1_i/cg_fpga_0/inst/processing_system7_0/inst/buffer_fclk_clk_0.FCLK_CLK_0_BUFG/O
                         net (fo=6937, routed)        1.640     2.934    <hidden>
    SLICE_X32Y69         FDRE                                         r  <hidden>
  -------------------------------------------------------------------    -------------------
    SLICE_X32Y69         FDRE (Prop_fdre_C_Q)         0.518     3.452 f  <hidden>
                         net (fo=2, routed)           0.885     4.337    <hidden>
    SLICE_X32Y69         LUT3 (Prop_lut3_I1_O)        0.124     4.461 f  <hidden>
                         net (fo=32, routed)          1.121     5.582    <hidden>
    SLICE_X37Y68         FDCE                                         f  <hidden>
  -------------------------------------------------------------------    -------------------

                         (clock clk_fpga_0 rise edge)
                                                     10.000    10.000 r  
    PS7_X0Y0             PS7                          0.000    10.000 r  design_1_i/cg_fpga_0/inst/processing_system7_0/inst/PS7_i/FCLKCLK[0]
                         net (fo=1, routed)           1.088    11.088    design_1_i/cg_fpga_0/inst/processing_system7_0/inst/FCLK_CLK_unbuffered[0]
    BUFGCTRL_X0Y16       BUFG (Prop_bufg_I_O)         0.091    11.179 r  design_1_i/cg_fpga_0/inst/processing_system7_0/inst/buffer_fclk_clk_0.FCLK_CLK_0_BUFG/O
                         net (fo=6937, routed)        1.469    12.648    <hidden>
    SLICE_X37Y68         FDCE                                         r  <hidden>
                         clock pessimism              0.229    12.877    
                         clock uncertainty           -0.154    12.723    
    SLICE_X37Y68         FDCE (Recov_fdce_C_CLR)     -0.405    12.318    <hidden>
  -------------------------------------------------------------------
                         required time                         12.318    
                         arrival time                          -5.582    
  -------------------------------------------------------------------
                         slack                                  6.736    

Slack (MET) :             6.736ns  (required time - arrival time)
  Source:                 <hidden>
                            (rising edge-triggered cell FDRE clocked by clk_fpga_0  {rise@0.000ns fall@5.000ns period=10.000ns})
  Destination:            <hidden>
                            (recovery check against rising-edge clock clk_fpga_0  {rise@0.000ns fall@5.000ns period=10.000ns})
  Path Group:             **async_default**
  Path Type:              Recovery (Max at Slow Process Corner)
  Requirement:            10.000ns  (clk_fpga_0 rise@10.000ns - clk_fpga_0 rise@0.000ns)
  Data Path Delay:        2.648ns  (logic 0.642ns (24.246%)  route 2.006ns (75.754%))
  Logic Levels:           1  (LUT3=1)
  Clock Path Skew:        -0.057ns (DCD - SCD + CPR)
    Destination Clock Delay (DCD):    2.648ns = ( 12.648 - 10.000 ) 
    Source Clock Delay      (SCD):    2.934ns
    Clock Pessimism Removal (CPR):    0.229ns
  Clock Uncertainty:      0.154ns  ((TSJ^2 + TIJ^2)^1/2 + DJ) / 2 + PE
    Total System Jitter     (TSJ):    0.071ns
    Total Input Jitter      (TIJ):    0.300ns
    Discrete Jitter          (DJ):    0.000ns
    Phase Error              (PE):    0.000ns

    Location             Delay type                Incr(ns)  Path(ns)    Netlist Resource(s)
  -------------------------------------------------------------------    -------------------
                         (clock clk_fpga_0 rise edge)
                                                      0.000     0.000 r  
    PS7_X0Y0             PS7                          0.000     0.000 r  design_1_i/cg_fpga_0/inst/processing_system7_0/inst/PS7_i/FCLKCLK[0]
                         net (fo=1, routed)           1.193     1.193    design_1_i/cg_fpga_0/inst/processing_system7_0/inst/FCLK_CLK_unbuffered[0]
    BUFGCTRL_X0Y16       BUFG (Prop_bufg_I_O)         0.101     1.294 r  design_1_i/cg_fpga_0/inst/processing_system7_0/inst/buffer_fclk_clk_0.FCLK_CLK_0_BUFG/O
                         net (fo=6937, routed)        1.640     2.934    <hidden>
    SLICE_X32Y69         FDRE                                         r  <hidden>
  -------------------------------------------------------------------    -------------------
    SLICE_X32Y69         FDRE (Prop_fdre_C_Q)         0.518     3.452 f  <hidden>
                         net (fo=2, routed)           0.885     4.337    <hidden>
    SLICE_X32Y69         LUT3 (Prop_lut3_I1_O)        0.124     4.461 f  <hidden>
                         net (fo=32, routed)          1.121     5.582    <hidden>
    SLICE_X37Y68         FDCE                                         f  <hidden>
  -------------------------------------------------------------------    -------------------

                         (clock clk_fpga_0 rise edge)
                                                     10.000    10.000 r  
    PS7_X0Y0             PS7                          0.000    10.000 r  design_1_i/cg_fpga_0/inst/processing_system7_0/inst/PS7_i/FCLKCLK[0]
                         net (fo=1, routed)           1.088    11.088    design_1_i/cg_fpga_0/inst/processing_system7_0/inst/FCLK_CLK_unbuffered[0]
    BUFGCTRL_X0Y16       BUFG (Prop_bufg_I_O)         0.091    11.179 r  design_1_i/cg_fpga_0/inst/processing_system7_0/inst/buffer_fclk_clk_0.FCLK_CLK_0_BUFG/O
                         net (fo=6937, routed)        1.469    12.648    <hidden>
    SLICE_X37Y68         FDCE                                         r  <hidden>
                         clock pessimism              0.229    12.877    
                         clock uncertainty           -0.154    12.723    
    SLICE_X37Y68         FDCE (Recov_fdce_C_CLR)     -0.405    12.318    <hidden>
  -------------------------------------------------------------------
                         required time                         12.318    
                         arrival time                          -5.582    
  -------------------------------------------------------------------
                         slack                                  6.736    

Slack (MET) :             6.749ns  (required time - arrival time)
  Source:                 <hidden>
                            (rising edge-triggered cell FDPE clocked by clk_fpga_0  {rise@0.000ns fall@5.000ns period=10.000ns})
  Destination:            <hidden>
                            (recovery check against rising-edge clock clk_fpga_0  {rise@0.000ns fall@5.000ns period=10.000ns})
  Path Group:             **async_default**
  Path Type:              Recovery (Max at Slow Process Corner)
  Requirement:            10.000ns  (clk_fpga_0 rise@10.000ns - clk_fpga_0 rise@0.000ns)
  Data Path Delay:        2.636ns  (logic 0.773ns (29.323%)  route 1.863ns (70.677%))
  Logic Levels:           1  (LUT3=1)
  Clock Path Skew:        -0.056ns (DCD - SCD + CPR)
    Destination Clock Delay (DCD):    2.699ns = ( 12.699 - 10.000 ) 
    Source Clock Delay      (SCD):    2.984ns
    Clock Pessimism Removal (CPR):    0.229ns
  Clock Uncertainty:      0.154ns  ((TSJ^2 + TIJ^2)^1/2 + DJ) / 2 + PE
    Total System Jitter     (TSJ):    0.071ns
    Total Input Jitter      (TIJ):    0.300ns
    Discrete Jitter          (DJ):    0.000ns
    Phase Error              (PE):    0.000ns

    Location             Delay type                Incr(ns)  Path(ns)    Netlist Resource(s)
  -------------------------------------------------------------------    -------------------
                         (clock clk_fpga_0 rise edge)
                                                      0.000     0.000 r  
    PS7_X0Y0             PS7                          0.000     0.000 r  design_1_i/cg_fpga_0/inst/processing_system7_0/inst/PS7_i/FCLKCLK[0]
                         net (fo=1, routed)           1.193     1.193    design_1_i/cg_fpga_0/inst/processing_system7_0/inst/FCLK_CLK_unbuffered[0]
    BUFGCTRL_X0Y16       BUFG (Prop_bufg_I_O)         0.101     1.294 r  design_1_i/cg_fpga_0/inst/processing_system7_0/inst/buffer_fclk_clk_0.FCLK_CLK_0_BUFG/O
                         net (fo=6937, routed)        1.690     2.984    <hidden>
    SLICE_X26Y63         FDPE                                         r  <hidden>
  -------------------------------------------------------------------    -------------------
    SLICE_X26Y63         FDPE (Prop_fdpe_C_Q)         0.478     3.462 f  <hidden>
                         net (fo=3, routed)           0.879     4.341    <hidden>
    SLICE_X26Y63         LUT3 (Prop_lut3_I2_O)        0.295     4.636 f  <hidden>
                         net (fo=32, routed)          0.984     5.620    <hidden>
    SLICE_X28Y64         FDCE                                         f  <hidden>
  -------------------------------------------------------------------    -------------------

                         (clock clk_fpga_0 rise edge)
                                                     10.000    10.000 r  
    PS7_X0Y0             PS7                          0.000    10.000 r  design_1_i/cg_fpga_0/inst/processing_system7_0/inst/PS7_i/FCLKCLK[0]
                         net (fo=1, routed)           1.088    11.088    design_1_i/cg_fpga_0/inst/processing_system7_0/inst/FCLK_CLK_unbuffered[0]
    BUFGCTRL_X0Y16       BUFG (Prop_bufg_I_O)         0.091    11.179 r  design_1_i/cg_fpga_0/inst/processing_system7_0/inst/buffer_fclk_clk_0.FCLK_CLK_0_BUFG/O
                         net (fo=6937, routed)        1.520    12.699    <hidden>
    SLICE_X28Y64         FDCE                                         r  <hidden>
                         clock pessimism              0.229    12.928    
                         clock uncertainty           -0.154    12.774    
    SLICE_X28Y64         FDCE (Recov_fdce_C_CLR)     -0.405    12.369    <hidden>
  -------------------------------------------------------------------
                         required time                         12.369    
                         arrival time                          -5.620    
  -------------------------------------------------------------------
                         slack                                  6.749    

Slack (MET) :             6.749ns  (required time - arrival time)
  Source:                 <hidden>
                            (rising edge-triggered cell FDPE clocked by clk_fpga_0  {rise@0.000ns fall@5.000ns period=10.000ns})
  Destination:            <hidden>
                            (recovery check against rising-edge clock clk_fpga_0  {rise@0.000ns fall@5.000ns period=10.000ns})
  Path Group:             **async_default**
  Path Type:              Recovery (Max at Slow Process Corner)
  Requirement:            10.000ns  (clk_fpga_0 rise@10.000ns - clk_fpga_0 rise@0.000ns)
  Data Path Delay:        2.636ns  (logic 0.773ns (29.323%)  route 1.863ns (70.677%))
  Logic Levels:           1  (LUT3=1)
  Clock Path Skew:        -0.056ns (DCD - SCD + CPR)
    Destination Clock Delay (DCD):    2.699ns = ( 12.699 - 10.000 ) 
    Source Clock Delay      (SCD):    2.984ns
    Clock Pessimism Removal (CPR):    0.229ns
  Clock Uncertainty:      0.154ns  ((TSJ^2 + TIJ^2)^1/2 + DJ) / 2 + PE
    Total System Jitter     (TSJ):    0.071ns
    Total Input Jitter      (TIJ):    0.300ns
    Discrete Jitter          (DJ):    0.000ns
    Phase Error              (PE):    0.000ns

    Location             Delay type                Incr(ns)  Path(ns)    Netlist Resource(s)
  -------------------------------------------------------------------    -------------------
                         (clock clk_fpga_0 rise edge)
                                                      0.000     0.000 r  
    PS7_X0Y0             PS7                          0.000     0.000 r  design_1_i/cg_fpga_0/inst/processing_system7_0/inst/PS7_i/FCLKCLK[0]
                         net (fo=1, routed)           1.193     1.193    design_1_i/cg_fpga_0/inst/processing_system7_0/inst/FCLK_CLK_unbuffered[0]
    BUFGCTRL_X0Y16       BUFG (Prop_bufg_I_O)         0.101     1.294 r  design_1_i/cg_fpga_0/inst/processing_system7_0/inst/buffer_fclk_clk_0.FCLK_CLK_0_BUFG/O
                         net (fo=6937, routed)        1.690     2.984    <hidden>
    SLICE_X26Y63         FDPE                                         r  <hidden>
  -------------------------------------------------------------------    -------------------
    SLICE_X26Y63         FDPE (Prop_fdpe_C_Q)         0.478     3.462 f  <hidden>
                         net (fo=3, routed)           0.879     4.341    <hidden>
    SLICE_X26Y63         LUT3 (Prop_lut3_I2_O)        0.295     4.636 f  <hidden>
                         net (fo=32, routed)          0.984     5.620    <hidden>
    SLICE_X28Y64         FDCE                                         f  <hidden>
  -------------------------------------------------------------------    -------------------

                         (clock clk_fpga_0 rise edge)
                                                     10.000    10.000 r  
    PS7_X0Y0             PS7                          0.000    10.000 r  design_1_i/cg_fpga_0/inst/processing_system7_0/inst/PS7_i/FCLKCLK[0]
                         net (fo=1, routed)           1.088    11.088    design_1_i/cg_fpga_0/inst/processing_system7_0/inst/FCLK_CLK_unbuffered[0]
    BUFGCTRL_X0Y16       BUFG (Prop_bufg_I_O)         0.091    11.179 r  design_1_i/cg_fpga_0/inst/processing_system7_0/inst/buffer_fclk_clk_0.FCLK_CLK_0_BUFG/O
                         net (fo=6937, routed)        1.520    12.699    <hidden>
    SLICE_X28Y64         FDCE                                         r  <hidden>
                         clock pessimism              0.229    12.928    
                         clock uncertainty           -0.154    12.774    
    SLICE_X28Y64         FDCE (Recov_fdce_C_CLR)     -0.405    12.369    <hidden>
  -------------------------------------------------------------------
                         required time                         12.369    
                         arrival time                          -5.620    
  -------------------------------------------------------------------
                         slack                                  6.749    

Slack (MET) :             6.749ns  (required time - arrival time)
  Source:                 <hidden>
                            (rising edge-triggered cell FDPE clocked by clk_fpga_0  {rise@0.000ns fall@5.000ns period=10.000ns})
  Destination:            <hidden>
                            (recovery check against rising-edge clock clk_fpga_0  {rise@0.000ns fall@5.000ns period=10.000ns})
  Path Group:             **async_default**
  Path Type:              Recovery (Max at Slow Process Corner)
  Requirement:            10.000ns  (clk_fpga_0 rise@10.000ns - clk_fpga_0 rise@0.000ns)
  Data Path Delay:        2.636ns  (logic 0.773ns (29.323%)  route 1.863ns (70.677%))
  Logic Levels:           1  (LUT3=1)
  Clock Path Skew:        -0.056ns (DCD - SCD + CPR)
    Destination Clock Delay (DCD):    2.699ns = ( 12.699 - 10.000 ) 
    Source Clock Delay      (SCD):    2.984ns
    Clock Pessimism Removal (CPR):    0.229ns
  Clock Uncertainty:      0.154ns  ((TSJ^2 + TIJ^2)^1/2 + DJ) / 2 + PE
    Total System Jitter     (TSJ):    0.071ns
    Total Input Jitter      (TIJ):    0.300ns
    Discrete Jitter          (DJ):    0.000ns
    Phase Error              (PE):    0.000ns

    Location             Delay type                Incr(ns)  Path(ns)    Netlist Resource(s)
  -------------------------------------------------------------------    -------------------
                         (clock clk_fpga_0 rise edge)
                                                      0.000     0.000 r  
    PS7_X0Y0             PS7                          0.000     0.000 r  design_1_i/cg_fpga_0/inst/processing_system7_0/inst/PS7_i/FCLKCLK[0]
                         net (fo=1, routed)           1.193     1.193    design_1_i/cg_fpga_0/inst/processing_system7_0/inst/FCLK_CLK_unbuffered[0]
    BUFGCTRL_X0Y16       BUFG (Prop_bufg_I_O)         0.101     1.294 r  design_1_i/cg_fpga_0/inst/processing_system7_0/inst/buffer_fclk_clk_0.FCLK_CLK_0_BUFG/O
                         net (fo=6937, routed)        1.690     2.984    <hidden>
    SLICE_X26Y63         FDPE                                         r  <hidden>
  -------------------------------------------------------------------    -------------------
    SLICE_X26Y63         FDPE (Prop_fdpe_C_Q)         0.478     3.462 f  <hidden>
                         net (fo=3, routed)           0.879     4.341    <hidden>
    SLICE_X26Y63         LUT3 (Prop_lut3_I2_O)        0.295     4.636 f  <hidden>
                         net (fo=32, routed)          0.984     5.620    <hidden>
    SLICE_X28Y64         FDCE                                         f  <hidden>
  -------------------------------------------------------------------    -------------------

                         (clock clk_fpga_0 rise edge)
                                                     10.000    10.000 r  
    PS7_X0Y0             PS7                          0.000    10.000 r  design_1_i/cg_fpga_0/inst/processing_system7_0/inst/PS7_i/FCLKCLK[0]
                         net (fo=1, routed)           1.088    11.088    design_1_i/cg_fpga_0/inst/processing_system7_0/inst/FCLK_CLK_unbuffered[0]
    BUFGCTRL_X0Y16       BUFG (Prop_bufg_I_O)         0.091    11.179 r  design_1_i/cg_fpga_0/inst/processing_system7_0/inst/buffer_fclk_clk_0.FCLK_CLK_0_BUFG/O
                         net (fo=6937, routed)        1.520    12.699    <hidden>
    SLICE_X28Y64         FDCE                                         r  <hidden>
                         clock pessimism              0.229    12.928    
                         clock uncertainty           -0.154    12.774    
    SLICE_X28Y64         FDCE (Recov_fdce_C_CLR)     -0.405    12.369    <hidden>
  -------------------------------------------------------------------
                         required time                         12.369    
                         arrival time                          -5.620    
  -------------------------------------------------------------------
                         slack                                  6.749    

Slack (MET) :             6.749ns  (required time - arrival time)
  Source:                 <hidden>
                            (rising edge-triggered cell FDPE clocked by clk_fpga_0  {rise@0.000ns fall@5.000ns period=10.000ns})
  Destination:            <hidden>
                            (recovery check against rising-edge clock clk_fpga_0  {rise@0.000ns fall@5.000ns period=10.000ns})
  Path Group:             **async_default**
  Path Type:              Recovery (Max at Slow Process Corner)
  Requirement:            10.000ns  (clk_fpga_0 rise@10.000ns - clk_fpga_0 rise@0.000ns)
  Data Path Delay:        2.636ns  (logic 0.773ns (29.323%)  route 1.863ns (70.677%))
  Logic Levels:           1  (LUT3=1)
  Clock Path Skew:        -0.056ns (DCD - SCD + CPR)
    Destination Clock Delay (DCD):    2.699ns = ( 12.699 - 10.000 ) 
    Source Clock Delay      (SCD):    2.984ns
    Clock Pessimism Removal (CPR):    0.229ns
  Clock Uncertainty:      0.154ns  ((TSJ^2 + TIJ^2)^1/2 + DJ) / 2 + PE
    Total System Jitter     (TSJ):    0.071ns
    Total Input Jitter      (TIJ):    0.300ns
    Discrete Jitter          (DJ):    0.000ns
    Phase Error              (PE):    0.000ns

    Location             Delay type                Incr(ns)  Path(ns)    Netlist Resource(s)
  -------------------------------------------------------------------    -------------------
                         (clock clk_fpga_0 rise edge)
                                                      0.000     0.000 r  
    PS7_X0Y0             PS7                          0.000     0.000 r  design_1_i/cg_fpga_0/inst/processing_system7_0/inst/PS7_i/FCLKCLK[0]
                         net (fo=1, routed)           1.193     1.193    design_1_i/cg_fpga_0/inst/processing_system7_0/inst/FCLK_CLK_unbuffered[0]
    BUFGCTRL_X0Y16       BUFG (Prop_bufg_I_O)         0.101     1.294 r  design_1_i/cg_fpga_0/inst/processing_system7_0/inst/buffer_fclk_clk_0.FCLK_CLK_0_BUFG/O
                         net (fo=6937, routed)        1.690     2.984    <hidden>
    SLICE_X26Y63         FDPE                                         r  <hidden>
  -------------------------------------------------------------------    -------------------
    SLICE_X26Y63         FDPE (Prop_fdpe_C_Q)         0.478     3.462 f  <hidden>
                         net (fo=3, routed)           0.879     4.341    <hidden>
    SLICE_X26Y63         LUT3 (Prop_lut3_I2_O)        0.295     4.636 f  <hidden>
                         net (fo=32, routed)          0.984     5.620    <hidden>
    SLICE_X28Y64         FDCE                                         f  <hidden>
  -------------------------------------------------------------------    -------------------

                         (clock clk_fpga_0 rise edge)
                                                     10.000    10.000 r  
    PS7_X0Y0             PS7                          0.000    10.000 r  design_1_i/cg_fpga_0/inst/processing_system7_0/inst/PS7_i/FCLKCLK[0]
                         net (fo=1, routed)           1.088    11.088    design_1_i/cg_fpga_0/inst/processing_system7_0/inst/FCLK_CLK_unbuffered[0]
    BUFGCTRL_X0Y16       BUFG (Prop_bufg_I_O)         0.091    11.179 r  design_1_i/cg_fpga_0/inst/processing_system7_0/inst/buffer_fclk_clk_0.FCLK_CLK_0_BUFG/O
                         net (fo=6937, routed)        1.520    12.699    <hidden>
    SLICE_X28Y64         FDCE                                         r  <hidden>
                         clock pessimism              0.229    12.928    
                         clock uncertainty           -0.154    12.774    
    SLICE_X28Y64         FDCE (Recov_fdce_C_CLR)     -0.405    12.369    <hidden>
  -------------------------------------------------------------------
                         required time                         12.369    
                         arrival time                          -5.620    
  -------------------------------------------------------------------
                         slack                                  6.749    

Slack (MET) :             6.753ns  (required time - arrival time)
  Source:                 <hidden>
                            (rising edge-triggered cell FDPE clocked by clk_fpga_0  {rise@0.000ns fall@5.000ns period=10.000ns})
  Destination:            <hidden>
                            (recovery check against rising-edge clock clk_fpga_0  {rise@0.000ns fall@5.000ns period=10.000ns})
  Path Group:             **async_default**
  Path Type:              Recovery (Max at Slow Process Corner)
  Requirement:            10.000ns  (clk_fpga_0 rise@10.000ns - clk_fpga_0 rise@0.000ns)
  Data Path Delay:        2.632ns  (logic 0.773ns (29.372%)  route 1.859ns (70.628%))
  Logic Levels:           1  (LUT3=1)
  Clock Path Skew:        -0.056ns (DCD - SCD + CPR)
    Destination Clock Delay (DCD):    2.699ns = ( 12.699 - 10.000 ) 
    Source Clock Delay      (SCD):    2.984ns
    Clock Pessimism Removal (CPR):    0.229ns
  Clock Uncertainty:      0.154ns  ((TSJ^2 + TIJ^2)^1/2 + DJ) / 2 + PE
    Total System Jitter     (TSJ):    0.071ns
    Total Input Jitter      (TIJ):    0.300ns
    Discrete Jitter          (DJ):    0.000ns
    Phase Error              (PE):    0.000ns

    Location             Delay type                Incr(ns)  Path(ns)    Netlist Resource(s)
  -------------------------------------------------------------------    -------------------
                         (clock clk_fpga_0 rise edge)
                                                      0.000     0.000 r  
    PS7_X0Y0             PS7                          0.000     0.000 r  design_1_i/cg_fpga_0/inst/processing_system7_0/inst/PS7_i/FCLKCLK[0]
                         net (fo=1, routed)           1.193     1.193    design_1_i/cg_fpga_0/inst/processing_system7_0/inst/FCLK_CLK_unbuffered[0]
    BUFGCTRL_X0Y16       BUFG (Prop_bufg_I_O)         0.101     1.294 r  design_1_i/cg_fpga_0/inst/processing_system7_0/inst/buffer_fclk_clk_0.FCLK_CLK_0_BUFG/O
                         net (fo=6937, routed)        1.690     2.984    <hidden>
    SLICE_X26Y63         FDPE                                         r  <hidden>
  -------------------------------------------------------------------    -------------------
    SLICE_X26Y63         FDPE (Prop_fdpe_C_Q)         0.478     3.462 f  <hidden>
                         net (fo=3, routed)           0.879     4.341    <hidden>
    SLICE_X26Y63         LUT3 (Prop_lut3_I2_O)        0.295     4.636 f  <hidden>
                         net (fo=32, routed)          0.980     5.616    <hidden>
    SLICE_X29Y64         FDCE                                         f  <hidden>
  -------------------------------------------------------------------    -------------------

                         (clock clk_fpga_0 rise edge)
                                                     10.000    10.000 r  
    PS7_X0Y0             PS7                          0.000    10.000 r  design_1_i/cg_fpga_0/inst/processing_system7_0/inst/PS7_i/FCLKCLK[0]
                         net (fo=1, routed)           1.088    11.088    design_1_i/cg_fpga_0/inst/processing_system7_0/inst/FCLK_CLK_unbuffered[0]
    BUFGCTRL_X0Y16       BUFG (Prop_bufg_I_O)         0.091    11.179 r  design_1_i/cg_fpga_0/inst/processing_system7_0/inst/buffer_fclk_clk_0.FCLK_CLK_0_BUFG/O
                         net (fo=6937, routed)        1.520    12.699    <hidden>
    SLICE_X29Y64         FDCE                                         r  <hidden>
                         clock pessimism              0.229    12.928    
                         clock uncertainty           -0.154    12.774    
    SLICE_X29Y64         FDCE (Recov_fdce_C_CLR)     -0.405    12.369    <hidden>
  -------------------------------------------------------------------
                         required time                         12.369    
                         arrival time                          -5.616    
  -------------------------------------------------------------------
                         slack                                  6.753    

Slack (MET) :             6.753ns  (required time - arrival time)
  Source:                 <hidden>
                            (rising edge-triggered cell FDPE clocked by clk_fpga_0  {rise@0.000ns fall@5.000ns period=10.000ns})
  Destination:            <hidden>
                            (recovery check against rising-edge clock clk_fpga_0  {rise@0.000ns fall@5.000ns period=10.000ns})
  Path Group:             **async_default**
  Path Type:              Recovery (Max at Slow Process Corner)
  Requirement:            10.000ns  (clk_fpga_0 rise@10.000ns - clk_fpga_0 rise@0.000ns)
  Data Path Delay:        2.632ns  (logic 0.773ns (29.372%)  route 1.859ns (70.628%))
  Logic Levels:           1  (LUT3=1)
  Clock Path Skew:        -0.056ns (DCD - SCD + CPR)
    Destination Clock Delay (DCD):    2.699ns = ( 12.699 - 10.000 ) 
    Source Clock Delay      (SCD):    2.984ns
    Clock Pessimism Removal (CPR):    0.229ns
  Clock Uncertainty:      0.154ns  ((TSJ^2 + TIJ^2)^1/2 + DJ) / 2 + PE
    Total System Jitter     (TSJ):    0.071ns
    Total Input Jitter      (TIJ):    0.300ns
    Discrete Jitter          (DJ):    0.000ns
    Phase Error              (PE):    0.000ns

    Location             Delay type                Incr(ns)  Path(ns)    Netlist Resource(s)
  -------------------------------------------------------------------    -------------------
                         (clock clk_fpga_0 rise edge)
                                                      0.000     0.000 r  
    PS7_X0Y0             PS7                          0.000     0.000 r  design_1_i/cg_fpga_0/inst/processing_system7_0/inst/PS7_i/FCLKCLK[0]
                         net (fo=1, routed)           1.193     1.193    design_1_i/cg_fpga_0/inst/processing_system7_0/inst/FCLK_CLK_unbuffered[0]
    BUFGCTRL_X0Y16       BUFG (Prop_bufg_I_O)         0.101     1.294 r  design_1_i/cg_fpga_0/inst/processing_system7_0/inst/buffer_fclk_clk_0.FCLK_CLK_0_BUFG/O
                         net (fo=6937, routed)        1.690     2.984    <hidden>
    SLICE_X26Y63         FDPE                                         r  <hidden>
  -------------------------------------------------------------------    -------------------
    SLICE_X26Y63         FDPE (Prop_fdpe_C_Q)         0.478     3.462 f  <hidden>
                         net (fo=3, routed)           0.879     4.341    <hidden>
    SLICE_X26Y63         LUT3 (Prop_lut3_I2_O)        0.295     4.636 f  <hidden>
                         net (fo=32, routed)          0.980     5.616    <hidden>
    SLICE_X29Y64         FDCE                                         f  <hidden>
  -------------------------------------------------------------------    -------------------

                         (clock clk_fpga_0 rise edge)
                                                     10.000    10.000 r  
    PS7_X0Y0             PS7                          0.000    10.000 r  design_1_i/cg_fpga_0/inst/processing_system7_0/inst/PS7_i/FCLKCLK[0]
                         net (fo=1, routed)           1.088    11.088    design_1_i/cg_fpga_0/inst/processing_system7_0/inst/FCLK_CLK_unbuffered[0]
    BUFGCTRL_X0Y16       BUFG (Prop_bufg_I_O)         0.091    11.179 r  design_1_i/cg_fpga_0/inst/processing_system7_0/inst/buffer_fclk_clk_0.FCLK_CLK_0_BUFG/O
                         net (fo=6937, routed)        1.520    12.699    <hidden>
    SLICE_X29Y64         FDCE                                         r  <hidden>
                         clock pessimism              0.229    12.928    
                         clock uncertainty           -0.154    12.774    
    SLICE_X29Y64         FDCE (Recov_fdce_C_CLR)     -0.405    12.369    <hidden>
  -------------------------------------------------------------------
                         required time                         12.369    
                         arrival time                          -5.616    
  -------------------------------------------------------------------
                         slack                                  6.753    

Slack (MET) :             6.753ns  (required time - arrival time)
  Source:                 <hidden>
                            (rising edge-triggered cell FDPE clocked by clk_fpga_0  {rise@0.000ns fall@5.000ns period=10.000ns})
  Destination:            <hidden>
                            (recovery check against rising-edge clock clk_fpga_0  {rise@0.000ns fall@5.000ns period=10.000ns})
  Path Group:             **async_default**
  Path Type:              Recovery (Max at Slow Process Corner)
  Requirement:            10.000ns  (clk_fpga_0 rise@10.000ns - clk_fpga_0 rise@0.000ns)
  Data Path Delay:        2.632ns  (logic 0.773ns (29.372%)  route 1.859ns (70.628%))
  Logic Levels:           1  (LUT3=1)
  Clock Path Skew:        -0.056ns (DCD - SCD + CPR)
    Destination Clock Delay (DCD):    2.699ns = ( 12.699 - 10.000 ) 
    Source Clock Delay      (SCD):    2.984ns
    Clock Pessimism Removal (CPR):    0.229ns
  Clock Uncertainty:      0.154ns  ((TSJ^2 + TIJ^2)^1/2 + DJ) / 2 + PE
    Total System Jitter     (TSJ):    0.071ns
    Total Input Jitter      (TIJ):    0.300ns
    Discrete Jitter          (DJ):    0.000ns
    Phase Error              (PE):    0.000ns

    Location             Delay type                Incr(ns)  Path(ns)    Netlist Resource(s)
  -------------------------------------------------------------------    -------------------
                         (clock clk_fpga_0 rise edge)
                                                      0.000     0.000 r  
    PS7_X0Y0             PS7                          0.000     0.000 r  design_1_i/cg_fpga_0/inst/processing_system7_0/inst/PS7_i/FCLKCLK[0]
                         net (fo=1, routed)           1.193     1.193    design_1_i/cg_fpga_0/inst/processing_system7_0/inst/FCLK_CLK_unbuffered[0]
    BUFGCTRL_X0Y16       BUFG (Prop_bufg_I_O)         0.101     1.294 r  design_1_i/cg_fpga_0/inst/processing_system7_0/inst/buffer_fclk_clk_0.FCLK_CLK_0_BUFG/O
                         net (fo=6937, routed)        1.690     2.984    <hidden>
    SLICE_X26Y63         FDPE                                         r  <hidden>
  -------------------------------------------------------------------    -------------------
    SLICE_X26Y63         FDPE (Prop_fdpe_C_Q)         0.478     3.462 f  <hidden>
                         net (fo=3, routed)           0.879     4.341    <hidden>
    SLICE_X26Y63         LUT3 (Prop_lut3_I2_O)        0.295     4.636 f  <hidden>
                         net (fo=32, routed)          0.980     5.616    <hidden>
    SLICE_X29Y64         FDCE                                         f  <hidden>
  -------------------------------------------------------------------    -------------------

                         (clock clk_fpga_0 rise edge)
                                                     10.000    10.000 r  
    PS7_X0Y0             PS7                          0.000    10.000 r  design_1_i/cg_fpga_0/inst/processing_system7_0/inst/PS7_i/FCLKCLK[0]
                         net (fo=1, routed)           1.088    11.088    design_1_i/cg_fpga_0/inst/processing_system7_0/inst/FCLK_CLK_unbuffered[0]
    BUFGCTRL_X0Y16       BUFG (Prop_bufg_I_O)         0.091    11.179 r  design_1_i/cg_fpga_0/inst/processing_system7_0/inst/buffer_fclk_clk_0.FCLK_CLK_0_BUFG/O
                         net (fo=6937, routed)        1.520    12.699    <hidden>
    SLICE_X29Y64         FDCE                                         r  <hidden>
                         clock pessimism              0.229    12.928    
                         clock uncertainty           -0.154    12.774    
    SLICE_X29Y64         FDCE (Recov_fdce_C_CLR)     -0.405    12.369    <hidden>
  -------------------------------------------------------------------
                         required time                         12.369    
                         arrival time                          -5.616    
  -------------------------------------------------------------------
                         slack                                  6.753    





Min Delay Paths
--------------------------------------------------------------------------------------
Slack (MET) :             0.558ns  (arrival time - required time)
  Source:                 <hidden>
                            (rising edge-triggered cell FDRE clocked by clk_fpga_0  {rise@0.000ns fall@5.000ns period=10.000ns})
  Destination:            <hidden>
                            (removal check against rising-edge clock clk_fpga_0  {rise@0.000ns fall@5.000ns period=10.000ns})
  Path Group:             **async_default**
  Path Type:              Removal (Min at Fast Process Corner)
  Requirement:            0.000ns  (clk_fpga_0 rise@0.000ns - clk_fpga_0 rise@0.000ns)
  Data Path Delay:        0.503ns  (logic 0.186ns (37.000%)  route 0.317ns (63.000%))
  Logic Levels:           1  (LUT3=1)
  Clock Path Skew:        0.037ns (DCD - SCD - CPR)
    Destination Clock Delay (DCD):    1.206ns
    Source Clock Delay      (SCD):    0.905ns
    Clock Pessimism Removal (CPR):    0.264ns

    Location             Delay type                Incr(ns)  Path(ns)    Netlist Resource(s)
  -------------------------------------------------------------------    -------------------
                         (clock clk_fpga_0 rise edge)
                                                      0.000     0.000 r  
    PS7_X0Y0             PS7                          0.000     0.000 r  design_1_i/cg_fpga_0/inst/processing_system7_0/inst/PS7_i/FCLKCLK[0]
                         net (fo=1, routed)           0.310     0.310    design_1_i/cg_fpga_0/inst/processing_system7_0/inst/FCLK_CLK_unbuffered[0]
    BUFGCTRL_X0Y16       BUFG (Prop_bufg_I_O)         0.026     0.336 r  design_1_i/cg_fpga_0/inst/processing_system7_0/inst/buffer_fclk_clk_0.FCLK_CLK_0_BUFG/O
                         net (fo=6937, routed)        0.569     0.905    <hidden>
    SLICE_X27Y63         FDRE                                         r  <hidden>
  -------------------------------------------------------------------    -------------------
    SLICE_X27Y63         FDRE (Prop_fdre_C_Q)         0.141     1.046 f  <hidden>
                         net (fo=3, routed)           0.111     1.157    <hidden>
    SLICE_X26Y63         LUT3 (Prop_lut3_I1_O)        0.045     1.202 f  <hidden>
                         net (fo=32, routed)          0.205     1.407    <hidden>
    SLICE_X29Y62         FDCE                                         f  <hidden>
  -------------------------------------------------------------------    -------------------

                         (clock clk_fpga_0 rise edge)
                                                      0.000     0.000 r  
    PS7_X0Y0             PS7                          0.000     0.000 r  design_1_i/cg_fpga_0/inst/processing_system7_0/inst/PS7_i/FCLKCLK[0]
                         net (fo=1, routed)           0.337     0.337    design_1_i/cg_fpga_0/inst/processing_system7_0/inst/FCLK_CLK_unbuffered[0]
    BUFGCTRL_X0Y16       BUFG (Prop_bufg_I_O)         0.029     0.366 r  design_1_i/cg_fpga_0/inst/processing_system7_0/inst/buffer_fclk_clk_0.FCLK_CLK_0_BUFG/O
                         net (fo=6937, routed)        0.840     1.206    <hidden>
    SLICE_X29Y62         FDCE                                         r  <hidden>
                         clock pessimism             -0.264     0.942    
    SLICE_X29Y62         FDCE (Remov_fdce_C_CLR)     -0.092     0.850    <hidden>
  -------------------------------------------------------------------
                         required time                         -0.850    
                         arrival time                           1.407    
  -------------------------------------------------------------------
                         slack                                  0.558    

Slack (MET) :             0.558ns  (arrival time - required time)
  Source:                 <hidden>
                            (rising edge-triggered cell FDRE clocked by clk_fpga_0  {rise@0.000ns fall@5.000ns period=10.000ns})
  Destination:            <hidden>
                            (removal check against rising-edge clock clk_fpga_0  {rise@0.000ns fall@5.000ns period=10.000ns})
  Path Group:             **async_default**
  Path Type:              Removal (Min at Fast Process Corner)
  Requirement:            0.000ns  (clk_fpga_0 rise@0.000ns - clk_fpga_0 rise@0.000ns)
  Data Path Delay:        0.503ns  (logic 0.186ns (37.000%)  route 0.317ns (63.000%))
  Logic Levels:           1  (LUT3=1)
  Clock Path Skew:        0.037ns (DCD - SCD - CPR)
    Destination Clock Delay (DCD):    1.206ns
    Source Clock Delay      (SCD):    0.905ns
    Clock Pessimism Removal (CPR):    0.264ns

    Location             Delay type                Incr(ns)  Path(ns)    Netlist Resource(s)
  -------------------------------------------------------------------    -------------------
                         (clock clk_fpga_0 rise edge)
                                                      0.000     0.000 r  
    PS7_X0Y0             PS7                          0.000     0.000 r  design_1_i/cg_fpga_0/inst/processing_system7_0/inst/PS7_i/FCLKCLK[0]
                         net (fo=1, routed)           0.310     0.310    design_1_i/cg_fpga_0/inst/processing_system7_0/inst/FCLK_CLK_unbuffered[0]
    BUFGCTRL_X0Y16       BUFG (Prop_bufg_I_O)         0.026     0.336 r  design_1_i/cg_fpga_0/inst/processing_system7_0/inst/buffer_fclk_clk_0.FCLK_CLK_0_BUFG/O
                         net (fo=6937, routed)        0.569     0.905    <hidden>
    SLICE_X27Y63         FDRE                                         r  <hidden>
  -------------------------------------------------------------------    -------------------
    SLICE_X27Y63         FDRE (Prop_fdre_C_Q)         0.141     1.046 f  <hidden>
                         net (fo=3, routed)           0.111     1.157    <hidden>
    SLICE_X26Y63         LUT3 (Prop_lut3_I1_O)        0.045     1.202 f  <hidden>
                         net (fo=32, routed)          0.205     1.407    <hidden>
    SLICE_X29Y62         FDCE                                         f  <hidden>
  -------------------------------------------------------------------    -------------------

                         (clock clk_fpga_0 rise edge)
                                                      0.000     0.000 r  
    PS7_X0Y0             PS7                          0.000     0.000 r  design_1_i/cg_fpga_0/inst/processing_system7_0/inst/PS7_i/FCLKCLK[0]
                         net (fo=1, routed)           0.337     0.337    design_1_i/cg_fpga_0/inst/processing_system7_0/inst/FCLK_CLK_unbuffered[0]
    BUFGCTRL_X0Y16       BUFG (Prop_bufg_I_O)         0.029     0.366 r  design_1_i/cg_fpga_0/inst/processing_system7_0/inst/buffer_fclk_clk_0.FCLK_CLK_0_BUFG/O
                         net (fo=6937, routed)        0.840     1.206    <hidden>
    SLICE_X29Y62         FDCE                                         r  <hidden>
                         clock pessimism             -0.264     0.942    
    SLICE_X29Y62         FDCE (Remov_fdce_C_CLR)     -0.092     0.850    <hidden>
  -------------------------------------------------------------------
                         required time                         -0.850    
                         arrival time                           1.407    
  -------------------------------------------------------------------
                         slack                                  0.558    

Slack (MET) :             0.558ns  (arrival time - required time)
  Source:                 <hidden>
                            (rising edge-triggered cell FDRE clocked by clk_fpga_0  {rise@0.000ns fall@5.000ns period=10.000ns})
  Destination:            <hidden>
                            (removal check against rising-edge clock clk_fpga_0  {rise@0.000ns fall@5.000ns period=10.000ns})
  Path Group:             **async_default**
  Path Type:              Removal (Min at Fast Process Corner)
  Requirement:            0.000ns  (clk_fpga_0 rise@0.000ns - clk_fpga_0 rise@0.000ns)
  Data Path Delay:        0.503ns  (logic 0.186ns (37.000%)  route 0.317ns (63.000%))
  Logic Levels:           1  (LUT3=1)
  Clock Path Skew:        0.037ns (DCD - SCD - CPR)
    Destination Clock Delay (DCD):    1.206ns
    Source Clock Delay      (SCD):    0.905ns
    Clock Pessimism Removal (CPR):    0.264ns

    Location             Delay type                Incr(ns)  Path(ns)    Netlist Resource(s)
  -------------------------------------------------------------------    -------------------
                         (clock clk_fpga_0 rise edge)
                                                      0.000     0.000 r  
    PS7_X0Y0             PS7                          0.000     0.000 r  design_1_i/cg_fpga_0/inst/processing_system7_0/inst/PS7_i/FCLKCLK[0]
                         net (fo=1, routed)           0.310     0.310    design_1_i/cg_fpga_0/inst/processing_system7_0/inst/FCLK_CLK_unbuffered[0]
    BUFGCTRL_X0Y16       BUFG (Prop_bufg_I_O)         0.026     0.336 r  design_1_i/cg_fpga_0/inst/processing_system7_0/inst/buffer_fclk_clk_0.FCLK_CLK_0_BUFG/O
                         net (fo=6937, routed)        0.569     0.905    <hidden>
    SLICE_X27Y63         FDRE                                         r  <hidden>
  -------------------------------------------------------------------    -------------------
    SLICE_X27Y63         FDRE (Prop_fdre_C_Q)         0.141     1.046 f  <hidden>
                         net (fo=3, routed)           0.111     1.157    <hidden>
    SLICE_X26Y63         LUT3 (Prop_lut3_I1_O)        0.045     1.202 f  <hidden>
                         net (fo=32, routed)          0.205     1.407    <hidden>
    SLICE_X29Y62         FDCE                                         f  <hidden>
  -------------------------------------------------------------------    -------------------

                         (clock clk_fpga_0 rise edge)
                                                      0.000     0.000 r  
    PS7_X0Y0             PS7                          0.000     0.000 r  design_1_i/cg_fpga_0/inst/processing_system7_0/inst/PS7_i/FCLKCLK[0]
                         net (fo=1, routed)           0.337     0.337    design_1_i/cg_fpga_0/inst/processing_system7_0/inst/FCLK_CLK_unbuffered[0]
    BUFGCTRL_X0Y16       BUFG (Prop_bufg_I_O)         0.029     0.366 r  design_1_i/cg_fpga_0/inst/processing_system7_0/inst/buffer_fclk_clk_0.FCLK_CLK_0_BUFG/O
                         net (fo=6937, routed)        0.840     1.206    <hidden>
    SLICE_X29Y62         FDCE                                         r  <hidden>
                         clock pessimism             -0.264     0.942    
    SLICE_X29Y62         FDCE (Remov_fdce_C_CLR)     -0.092     0.850    <hidden>
  -------------------------------------------------------------------
                         required time                         -0.850    
                         arrival time                           1.407    
  -------------------------------------------------------------------
                         slack                                  0.558    

Slack (MET) :             0.558ns  (arrival time - required time)
  Source:                 <hidden>
                            (rising edge-triggered cell FDRE clocked by clk_fpga_0  {rise@0.000ns fall@5.000ns period=10.000ns})
  Destination:            <hidden>
                            (removal check against rising-edge clock clk_fpga_0  {rise@0.000ns fall@5.000ns period=10.000ns})
  Path Group:             **async_default**
  Path Type:              Removal (Min at Fast Process Corner)
  Requirement:            0.000ns  (clk_fpga_0 rise@0.000ns - clk_fpga_0 rise@0.000ns)
  Data Path Delay:        0.503ns  (logic 0.186ns (37.000%)  route 0.317ns (63.000%))
  Logic Levels:           1  (LUT3=1)
  Clock Path Skew:        0.037ns (DCD - SCD - CPR)
    Destination Clock Delay (DCD):    1.206ns
    Source Clock Delay      (SCD):    0.905ns
    Clock Pessimism Removal (CPR):    0.264ns

    Location             Delay type                Incr(ns)  Path(ns)    Netlist Resource(s)
  -------------------------------------------------------------------    -------------------
                         (clock clk_fpga_0 rise edge)
                                                      0.000     0.000 r  
    PS7_X0Y0             PS7                          0.000     0.000 r  design_1_i/cg_fpga_0/inst/processing_system7_0/inst/PS7_i/FCLKCLK[0]
                         net (fo=1, routed)           0.310     0.310    design_1_i/cg_fpga_0/inst/processing_system7_0/inst/FCLK_CLK_unbuffered[0]
    BUFGCTRL_X0Y16       BUFG (Prop_bufg_I_O)         0.026     0.336 r  design_1_i/cg_fpga_0/inst/processing_system7_0/inst/buffer_fclk_clk_0.FCLK_CLK_0_BUFG/O
                         net (fo=6937, routed)        0.569     0.905    <hidden>
    SLICE_X27Y63         FDRE                                         r  <hidden>
  -------------------------------------------------------------------    -------------------
    SLICE_X27Y63         FDRE (Prop_fdre_C_Q)         0.141     1.046 f  <hidden>
                         net (fo=3, routed)           0.111     1.157    <hidden>
    SLICE_X26Y63         LUT3 (Prop_lut3_I1_O)        0.045     1.202 f  <hidden>
                         net (fo=32, routed)          0.205     1.407    <hidden>
    SLICE_X29Y62         FDCE                                         f  <hidden>
  -------------------------------------------------------------------    -------------------

                         (clock clk_fpga_0 rise edge)
                                                      0.000     0.000 r  
    PS7_X0Y0             PS7                          0.000     0.000 r  design_1_i/cg_fpga_0/inst/processing_system7_0/inst/PS7_i/FCLKCLK[0]
                         net (fo=1, routed)           0.337     0.337    design_1_i/cg_fpga_0/inst/processing_system7_0/inst/FCLK_CLK_unbuffered[0]
    BUFGCTRL_X0Y16       BUFG (Prop_bufg_I_O)         0.029     0.366 r  design_1_i/cg_fpga_0/inst/processing_system7_0/inst/buffer_fclk_clk_0.FCLK_CLK_0_BUFG/O
                         net (fo=6937, routed)        0.840     1.206    <hidden>
    SLICE_X29Y62         FDCE                                         r  <hidden>
                         clock pessimism             -0.264     0.942    
    SLICE_X29Y62         FDCE (Remov_fdce_C_CLR)     -0.092     0.850    <hidden>
  -------------------------------------------------------------------
                         required time                         -0.850    
                         arrival time                           1.407    
  -------------------------------------------------------------------
                         slack                                  0.558    

Slack (MET) :             0.562ns  (arrival time - required time)
  Source:                 <hidden>
                            (rising edge-triggered cell FDRE clocked by clk_fpga_0  {rise@0.000ns fall@5.000ns period=10.000ns})
  Destination:            <hidden>
                            (removal check against rising-edge clock clk_fpga_0  {rise@0.000ns fall@5.000ns period=10.000ns})
  Path Group:             **async_default**
  Path Type:              Removal (Min at Fast Process Corner)
  Requirement:            0.000ns  (clk_fpga_0 rise@0.000ns - clk_fpga_0 rise@0.000ns)
  Data Path Delay:        0.507ns  (logic 0.186ns (36.682%)  route 0.321ns (63.318%))
  Logic Levels:           1  (LUT3=1)
  Clock Path Skew:        0.037ns (DCD - SCD - CPR)
    Destination Clock Delay (DCD):    1.206ns
    Source Clock Delay      (SCD):    0.905ns
    Clock Pessimism Removal (CPR):    0.264ns

    Location             Delay type                Incr(ns)  Path(ns)    Netlist Resource(s)
  -------------------------------------------------------------------    -------------------
                         (clock clk_fpga_0 rise edge)
                                                      0.000     0.000 r  
    PS7_X0Y0             PS7                          0.000     0.000 r  design_1_i/cg_fpga_0/inst/processing_system7_0/inst/PS7_i/FCLKCLK[0]
                         net (fo=1, routed)           0.310     0.310    design_1_i/cg_fpga_0/inst/processing_system7_0/inst/FCLK_CLK_unbuffered[0]
    BUFGCTRL_X0Y16       BUFG (Prop_bufg_I_O)         0.026     0.336 r  design_1_i/cg_fpga_0/inst/processing_system7_0/inst/buffer_fclk_clk_0.FCLK_CLK_0_BUFG/O
                         net (fo=6937, routed)        0.569     0.905    <hidden>
    SLICE_X27Y63         FDRE                                         r  <hidden>
  -------------------------------------------------------------------    -------------------
    SLICE_X27Y63         FDRE (Prop_fdre_C_Q)         0.141     1.046 f  <hidden>
                         net (fo=3, routed)           0.111     1.157    <hidden>
    SLICE_X26Y63         LUT3 (Prop_lut3_I1_O)        0.045     1.202 f  <hidden>
                         net (fo=32, routed)          0.210     1.412    <hidden>
    SLICE_X28Y62         FDCE                                         f  <hidden>
  -------------------------------------------------------------------    -------------------

                         (clock clk_fpga_0 rise edge)
                                                      0.000     0.000 r  
    PS7_X0Y0             PS7                          0.000     0.000 r  design_1_i/cg_fpga_0/inst/processing_system7_0/inst/PS7_i/FCLKCLK[0]
                         net (fo=1, routed)           0.337     0.337    design_1_i/cg_fpga_0/inst/processing_system7_0/inst/FCLK_CLK_unbuffered[0]
    BUFGCTRL_X0Y16       BUFG (Prop_bufg_I_O)         0.029     0.366 r  design_1_i/cg_fpga_0/inst/processing_system7_0/inst/buffer_fclk_clk_0.FCLK_CLK_0_BUFG/O
                         net (fo=6937, routed)        0.840     1.206    <hidden>
    SLICE_X28Y62         FDCE                                         r  <hidden>
                         clock pessimism             -0.264     0.942    
    SLICE_X28Y62         FDCE (Remov_fdce_C_CLR)     -0.092     0.850    <hidden>
  -------------------------------------------------------------------
                         required time                         -0.850    
                         arrival time                           1.412    
  -------------------------------------------------------------------
                         slack                                  0.562    

Slack (MET) :             0.562ns  (arrival time - required time)
  Source:                 <hidden>
                            (rising edge-triggered cell FDRE clocked by clk_fpga_0  {rise@0.000ns fall@5.000ns period=10.000ns})
  Destination:            <hidden>
                            (removal check against rising-edge clock clk_fpga_0  {rise@0.000ns fall@5.000ns period=10.000ns})
  Path Group:             **async_default**
  Path Type:              Removal (Min at Fast Process Corner)
  Requirement:            0.000ns  (clk_fpga_0 rise@0.000ns - clk_fpga_0 rise@0.000ns)
  Data Path Delay:        0.507ns  (logic 0.186ns (36.682%)  route 0.321ns (63.318%))
  Logic Levels:           1  (LUT3=1)
  Clock Path Skew:        0.037ns (DCD - SCD - CPR)
    Destination Clock Delay (DCD):    1.206ns
    Source Clock Delay      (SCD):    0.905ns
    Clock Pessimism Removal (CPR):    0.264ns

    Location             Delay type                Incr(ns)  Path(ns)    Netlist Resource(s)
  -------------------------------------------------------------------    -------------------
                         (clock clk_fpga_0 rise edge)
                                                      0.000     0.000 r  
    PS7_X0Y0             PS7                          0.000     0.000 r  design_1_i/cg_fpga_0/inst/processing_system7_0/inst/PS7_i/FCLKCLK[0]
                         net (fo=1, routed)           0.310     0.310    design_1_i/cg_fpga_0/inst/processing_system7_0/inst/FCLK_CLK_unbuffered[0]
    BUFGCTRL_X0Y16       BUFG (Prop_bufg_I_O)         0.026     0.336 r  design_1_i/cg_fpga_0/inst/processing_system7_0/inst/buffer_fclk_clk_0.FCLK_CLK_0_BUFG/O
                         net (fo=6937, routed)        0.569     0.905    <hidden>
    SLICE_X27Y63         FDRE                                         r  <hidden>
  -------------------------------------------------------------------    -------------------
    SLICE_X27Y63         FDRE (Prop_fdre_C_Q)         0.141     1.046 f  <hidden>
                         net (fo=3, routed)           0.111     1.157    <hidden>
    SLICE_X26Y63         LUT3 (Prop_lut3_I1_O)        0.045     1.202 f  <hidden>
                         net (fo=32, routed)          0.210     1.412    <hidden>
    SLICE_X28Y62         FDCE                                         f  <hidden>
  -------------------------------------------------------------------    -------------------

                         (clock clk_fpga_0 rise edge)
                                                      0.000     0.000 r  
    PS7_X0Y0             PS7                          0.000     0.000 r  design_1_i/cg_fpga_0/inst/processing_system7_0/inst/PS7_i/FCLKCLK[0]
                         net (fo=1, routed)           0.337     0.337    design_1_i/cg_fpga_0/inst/processing_system7_0/inst/FCLK_CLK_unbuffered[0]
    BUFGCTRL_X0Y16       BUFG (Prop_bufg_I_O)         0.029     0.366 r  design_1_i/cg_fpga_0/inst/processing_system7_0/inst/buffer_fclk_clk_0.FCLK_CLK_0_BUFG/O
                         net (fo=6937, routed)        0.840     1.206    <hidden>
    SLICE_X28Y62         FDCE                                         r  <hidden>
                         clock pessimism             -0.264     0.942    
    SLICE_X28Y62         FDCE (Remov_fdce_C_CLR)     -0.092     0.850    <hidden>
  -------------------------------------------------------------------
                         required time                         -0.850    
                         arrival time                           1.412    
  -------------------------------------------------------------------
                         slack                                  0.562    

Slack (MET) :             0.613ns  (arrival time - required time)
  Source:                 <hidden>
                            (rising edge-triggered cell FDRE clocked by clk_fpga_0  {rise@0.000ns fall@5.000ns period=10.000ns})
  Destination:            <hidden>
                            (removal check against rising-edge clock clk_fpga_0  {rise@0.000ns fall@5.000ns period=10.000ns})
  Path Group:             **async_default**
  Path Type:              Removal (Min at Fast Process Corner)
  Requirement:            0.000ns  (clk_fpga_0 rise@0.000ns - clk_fpga_0 rise@0.000ns)
  Data Path Delay:        0.537ns  (logic 0.186ns (34.647%)  route 0.351ns (65.353%))
  Logic Levels:           1  (LUT3=1)
  Clock Path Skew:        0.016ns (DCD - SCD - CPR)
    Destination Clock Delay (DCD):    1.205ns
    Source Clock Delay      (SCD):    0.905ns
    Clock Pessimism Removal (CPR):    0.284ns

    Location             Delay type                Incr(ns)  Path(ns)    Netlist Resource(s)
  -------------------------------------------------------------------    -------------------
                         (clock clk_fpga_0 rise edge)
                                                      0.000     0.000 r  
    PS7_X0Y0             PS7                          0.000     0.000 r  design_1_i/cg_fpga_0/inst/processing_system7_0/inst/PS7_i/FCLKCLK[0]
                         net (fo=1, routed)           0.310     0.310    design_1_i/cg_fpga_0/inst/processing_system7_0/inst/FCLK_CLK_unbuffered[0]
    BUFGCTRL_X0Y16       BUFG (Prop_bufg_I_O)         0.026     0.336 r  design_1_i/cg_fpga_0/inst/processing_system7_0/inst/buffer_fclk_clk_0.FCLK_CLK_0_BUFG/O
                         net (fo=6937, routed)        0.569     0.905    <hidden>
    SLICE_X27Y63         FDRE                                         r  <hidden>
  -------------------------------------------------------------------    -------------------
    SLICE_X27Y63         FDRE (Prop_fdre_C_Q)         0.141     1.046 f  <hidden>
                         net (fo=3, routed)           0.111     1.157    <hidden>
    SLICE_X26Y63         LUT3 (Prop_lut3_I1_O)        0.045     1.202 f  <hidden>
                         net (fo=32, routed)          0.239     1.441    <hidden>
    SLICE_X27Y62         FDCE                                         f  <hidden>
  -------------------------------------------------------------------    -------------------

                         (clock clk_fpga_0 rise edge)
                                                      0.000     0.000 r  
    PS7_X0Y0             PS7                          0.000     0.000 r  design_1_i/cg_fpga_0/inst/processing_system7_0/inst/PS7_i/FCLKCLK[0]
                         net (fo=1, routed)           0.337     0.337    design_1_i/cg_fpga_0/inst/processing_system7_0/inst/FCLK_CLK_unbuffered[0]
    BUFGCTRL_X0Y16       BUFG (Prop_bufg_I_O)         0.029     0.366 r  design_1_i/cg_fpga_0/inst/processing_system7_0/inst/buffer_fclk_clk_0.FCLK_CLK_0_BUFG/O
                         net (fo=6937, routed)        0.839     1.205    <hidden>
    SLICE_X27Y62         FDCE                                         r  <hidden>
                         clock pessimism             -0.284     0.921    
    SLICE_X27Y62         FDCE (Remov_fdce_C_CLR)     -0.092     0.829    <hidden>
  -------------------------------------------------------------------
                         required time                         -0.829    
                         arrival time                           1.441    
  -------------------------------------------------------------------
                         slack                                  0.613    

Slack (MET) :             0.613ns  (arrival time - required time)
  Source:                 <hidden>
                            (rising edge-triggered cell FDRE clocked by clk_fpga_0  {rise@0.000ns fall@5.000ns period=10.000ns})
  Destination:            <hidden>
                            (removal check against rising-edge clock clk_fpga_0  {rise@0.000ns fall@5.000ns period=10.000ns})
  Path Group:             **async_default**
  Path Type:              Removal (Min at Fast Process Corner)
  Requirement:            0.000ns  (clk_fpga_0 rise@0.000ns - clk_fpga_0 rise@0.000ns)
  Data Path Delay:        0.537ns  (logic 0.186ns (34.647%)  route 0.351ns (65.353%))
  Logic Levels:           1  (LUT3=1)
  Clock Path Skew:        0.016ns (DCD - SCD - CPR)
    Destination Clock Delay (DCD):    1.205ns
    Source Clock Delay      (SCD):    0.905ns
    Clock Pessimism Removal (CPR):    0.284ns

    Location             Delay type                Incr(ns)  Path(ns)    Netlist Resource(s)
  -------------------------------------------------------------------    -------------------
                         (clock clk_fpga_0 rise edge)
                                                      0.000     0.000 r  
    PS7_X0Y0             PS7                          0.000     0.000 r  design_1_i/cg_fpga_0/inst/processing_system7_0/inst/PS7_i/FCLKCLK[0]
                         net (fo=1, routed)           0.310     0.310    design_1_i/cg_fpga_0/inst/processing_system7_0/inst/FCLK_CLK_unbuffered[0]
    BUFGCTRL_X0Y16       BUFG (Prop_bufg_I_O)         0.026     0.336 r  design_1_i/cg_fpga_0/inst/processing_system7_0/inst/buffer_fclk_clk_0.FCLK_CLK_0_BUFG/O
                         net (fo=6937, routed)        0.569     0.905    <hidden>
    SLICE_X27Y63         FDRE                                         r  <hidden>
  -------------------------------------------------------------------    -------------------
    SLICE_X27Y63         FDRE (Prop_fdre_C_Q)         0.141     1.046 f  <hidden>
                         net (fo=3, routed)           0.111     1.157    <hidden>
    SLICE_X26Y63         LUT3 (Prop_lut3_I1_O)        0.045     1.202 f  <hidden>
                         net (fo=32, routed)          0.239     1.441    <hidden>
    SLICE_X27Y62         FDCE                                         f  <hidden>
  -------------------------------------------------------------------    -------------------

                         (clock clk_fpga_0 rise edge)
                                                      0.000     0.000 r  
    PS7_X0Y0             PS7                          0.000     0.000 r  design_1_i/cg_fpga_0/inst/processing_system7_0/inst/PS7_i/FCLKCLK[0]
                         net (fo=1, routed)           0.337     0.337    design_1_i/cg_fpga_0/inst/processing_system7_0/inst/FCLK_CLK_unbuffered[0]
    BUFGCTRL_X0Y16       BUFG (Prop_bufg_I_O)         0.029     0.366 r  design_1_i/cg_fpga_0/inst/processing_system7_0/inst/buffer_fclk_clk_0.FCLK_CLK_0_BUFG/O
                         net (fo=6937, routed)        0.839     1.205    <hidden>
    SLICE_X27Y62         FDCE                                         r  <hidden>
                         clock pessimism             -0.284     0.921    
    SLICE_X27Y62         FDCE (Remov_fdce_C_CLR)     -0.092     0.829    <hidden>
  -------------------------------------------------------------------
                         required time                         -0.829    
                         arrival time                           1.441    
  -------------------------------------------------------------------
                         slack                                  0.613    

Slack (MET) :             0.613ns  (arrival time - required time)
  Source:                 <hidden>
                            (rising edge-triggered cell FDRE clocked by clk_fpga_0  {rise@0.000ns fall@5.000ns period=10.000ns})
  Destination:            <hidden>
                            (removal check against rising-edge clock clk_fpga_0  {rise@0.000ns fall@5.000ns period=10.000ns})
  Path Group:             **async_default**
  Path Type:              Removal (Min at Fast Process Corner)
  Requirement:            0.000ns  (clk_fpga_0 rise@0.000ns - clk_fpga_0 rise@0.000ns)
  Data Path Delay:        0.537ns  (logic 0.186ns (34.647%)  route 0.351ns (65.353%))
  Logic Levels:           1  (LUT3=1)
  Clock Path Skew:        0.016ns (DCD - SCD - CPR)
    Destination Clock Delay (DCD):    1.205ns
    Source Clock Delay      (SCD):    0.905ns
    Clock Pessimism Removal (CPR):    0.284ns

    Location             Delay type                Incr(ns)  Path(ns)    Netlist Resource(s)
  -------------------------------------------------------------------    -------------------
                         (clock clk_fpga_0 rise edge)
                                                      0.000     0.000 r  
    PS7_X0Y0             PS7                          0.000     0.000 r  design_1_i/cg_fpga_0/inst/processing_system7_0/inst/PS7_i/FCLKCLK[0]
                         net (fo=1, routed)           0.310     0.310    design_1_i/cg_fpga_0/inst/processing_system7_0/inst/FCLK_CLK_unbuffered[0]
    BUFGCTRL_X0Y16       BUFG (Prop_bufg_I_O)         0.026     0.336 r  design_1_i/cg_fpga_0/inst/processing_system7_0/inst/buffer_fclk_clk_0.FCLK_CLK_0_BUFG/O
                         net (fo=6937, routed)        0.569     0.905    <hidden>
    SLICE_X27Y63         FDRE                                         r  <hidden>
  -------------------------------------------------------------------    -------------------
    SLICE_X27Y63         FDRE (Prop_fdre_C_Q)         0.141     1.046 f  <hidden>
                         net (fo=3, routed)           0.111     1.157    <hidden>
    SLICE_X26Y63         LUT3 (Prop_lut3_I1_O)        0.045     1.202 f  <hidden>
                         net (fo=32, routed)          0.239     1.441    <hidden>
    SLICE_X27Y62         FDCE                                         f  <hidden>
  -------------------------------------------------------------------    -------------------

                         (clock clk_fpga_0 rise edge)
                                                      0.000     0.000 r  
    PS7_X0Y0             PS7                          0.000     0.000 r  design_1_i/cg_fpga_0/inst/processing_system7_0/inst/PS7_i/FCLKCLK[0]
                         net (fo=1, routed)           0.337     0.337    design_1_i/cg_fpga_0/inst/processing_system7_0/inst/FCLK_CLK_unbuffered[0]
    BUFGCTRL_X0Y16       BUFG (Prop_bufg_I_O)         0.029     0.366 r  design_1_i/cg_fpga_0/inst/processing_system7_0/inst/buffer_fclk_clk_0.FCLK_CLK_0_BUFG/O
                         net (fo=6937, routed)        0.839     1.205    <hidden>
    SLICE_X27Y62         FDCE                                         r  <hidden>
                         clock pessimism             -0.284     0.921    
    SLICE_X27Y62         FDCE (Remov_fdce_C_CLR)     -0.092     0.829    <hidden>
  -------------------------------------------------------------------
                         required time                         -0.829    
                         arrival time                           1.441    
  -------------------------------------------------------------------
                         slack                                  0.613    

Slack (MET) :             0.616ns  (arrival time - required time)
  Source:                 <hidden>
                            (rising edge-triggered cell FDRE clocked by clk_fpga_0  {rise@0.000ns fall@5.000ns period=10.000ns})
  Destination:            <hidden>
                            (removal check against rising-edge clock clk_fpga_0  {rise@0.000ns fall@5.000ns period=10.000ns})
  Path Group:             **async_default**
  Path Type:              Removal (Min at Fast Process Corner)
  Requirement:            0.000ns  (clk_fpga_0 rise@0.000ns - clk_fpga_0 rise@0.000ns)
  Data Path Delay:        0.537ns  (logic 0.186ns (34.647%)  route 0.351ns (65.353%))
  Logic Levels:           1  (LUT3=1)
  Clock Path Skew:        0.016ns (DCD - SCD - CPR)
    Destination Clock Delay (DCD):    1.205ns
    Source Clock Delay      (SCD):    0.905ns
    Clock Pessimism Removal (CPR):    0.284ns

    Location             Delay type                Incr(ns)  Path(ns)    Netlist Resource(s)
  -------------------------------------------------------------------    -------------------
                         (clock clk_fpga_0 rise edge)
                                                      0.000     0.000 r  
    PS7_X0Y0             PS7                          0.000     0.000 r  design_1_i/cg_fpga_0/inst/processing_system7_0/inst/PS7_i/FCLKCLK[0]
                         net (fo=1, routed)           0.310     0.310    design_1_i/cg_fpga_0/inst/processing_system7_0/inst/FCLK_CLK_unbuffered[0]
    BUFGCTRL_X0Y16       BUFG (Prop_bufg_I_O)         0.026     0.336 r  design_1_i/cg_fpga_0/inst/processing_system7_0/inst/buffer_fclk_clk_0.FCLK_CLK_0_BUFG/O
                         net (fo=6937, routed)        0.569     0.905    <hidden>
    SLICE_X27Y63         FDRE                                         r  <hidden>
  -------------------------------------------------------------------    -------------------
    SLICE_X27Y63         FDRE (Prop_fdre_C_Q)         0.141     1.046 f  <hidden>
                         net (fo=3, routed)           0.111     1.157    <hidden>
    SLICE_X26Y63         LUT3 (Prop_lut3_I1_O)        0.045     1.202 f  <hidden>
                         net (fo=32, routed)          0.239     1.441    <hidden>
    SLICE_X27Y62         FDPE                                         f  <hidden>
  -------------------------------------------------------------------    -------------------

                         (clock clk_fpga_0 rise edge)
                                                      0.000     0.000 r  
    PS7_X0Y0             PS7                          0.000     0.000 r  design_1_i/cg_fpga_0/inst/processing_system7_0/inst/PS7_i/FCLKCLK[0]
                         net (fo=1, routed)           0.337     0.337    design_1_i/cg_fpga_0/inst/processing_system7_0/inst/FCLK_CLK_unbuffered[0]
    BUFGCTRL_X0Y16       BUFG (Prop_bufg_I_O)         0.029     0.366 r  design_1_i/cg_fpga_0/inst/processing_system7_0/inst/buffer_fclk_clk_0.FCLK_CLK_0_BUFG/O
                         net (fo=6937, routed)        0.839     1.205    <hidden>
    SLICE_X27Y62         FDPE                                         r  <hidden>
                         clock pessimism             -0.284     0.921    
    SLICE_X27Y62         FDPE (Remov_fdpe_C_PRE)     -0.095     0.826    <hidden>
  -------------------------------------------------------------------
                         required time                         -0.826    
                         arrival time                           1.441    
  -------------------------------------------------------------------
                         slack                                  0.616    





--------------------------------------------------------------------------------------
Path Group:  (none)
From Clock:  
  To Clock:  clk_fpga_0

Max Delay             1 Endpoint
Min Delay             1 Endpoint
--------------------------------------------------------------------------------------


Max Delay Paths
--------------------------------------------------------------------------------------
Slack:                    inf
  Source:                 design_1_i/cg_fpga_0/inst/processing_system7_0/inst/PS7_i/FCLKRESETN[0]
                            (internal pin)
  Destination:            design_1_i/cg_fpga_0/inst/rst_ps7_0_100M/U0/EXT_LPF/ACTIVE_LOW_EXT.ACT_LO_EXT/GENERATE_LEVEL_P_S_CDC.SINGLE_BIT.CROSS_PLEVEL_IN2SCNDRY_IN_cdc_to/D
                            (rising edge-triggered cell FDRE clocked by clk_fpga_0  {rise@0.000ns fall@5.000ns period=10.000ns})
  Path Group:             (none)
  Path Type:              Setup (Max at Slow Process Corner)
  Data Path Delay:        1.748ns  (logic 0.124ns (7.093%)  route 1.624ns (92.907%))
  Logic Levels:           1  (LUT1=1)
  Clock Uncertainty:      0.152ns  ((TSJ^2 + TIJ^2)^1/2 + DJ) / 2 + PE
    Total System Jitter     (TSJ):    0.050ns
    Total Input Jitter      (TIJ):    0.300ns
    Discrete Jitter          (DJ):    0.000ns
    Phase Error              (PE):    0.000ns
  Timing Exception:       False Path

    Location             Delay type                Incr(ns)  Path(ns)    Netlist Resource(s)
  -------------------------------------------------------------------    -------------------
    PS7_X0Y0             PS7                          0.000     0.000 f  design_1_i/cg_fpga_0/inst/processing_system7_0/inst/PS7_i/FCLKRESETN[0]
                         net (fo=1, routed)           1.624     1.624    design_1_i/cg_fpga_0/inst/rst_ps7_0_100M/U0/EXT_LPF/ACTIVE_LOW_EXT.ACT_LO_EXT/ext_reset_in
    SLICE_X26Y71         LUT1 (Prop_lut1_I0_O)        0.124     1.748 r  design_1_i/cg_fpga_0/inst/rst_ps7_0_100M/U0/EXT_LPF/ACTIVE_LOW_EXT.ACT_LO_EXT/GENERATE_LEVEL_P_S_CDC.SINGLE_BIT.CROSS_PLEVEL_IN2SCNDRY_IN_cdc_to_i_1/O
                         net (fo=1, routed)           0.000     1.748    design_1_i/cg_fpga_0/inst/rst_ps7_0_100M/U0/EXT_LPF/ACTIVE_LOW_EXT.ACT_LO_EXT/exr_d1
    SLICE_X26Y71         FDRE                                         r  design_1_i/cg_fpga_0/inst/rst_ps7_0_100M/U0/EXT_LPF/ACTIVE_LOW_EXT.ACT_LO_EXT/GENERATE_LEVEL_P_S_CDC.SINGLE_BIT.CROSS_PLEVEL_IN2SCNDRY_IN_cdc_to/D
  -------------------------------------------------------------------    -------------------

                         (clock clk_fpga_0 rise edge)
                                                      0.000     0.000 r  
    PS7_X0Y0             PS7                          0.000     0.000 r  design_1_i/cg_fpga_0/inst/processing_system7_0/inst/PS7_i/FCLKCLK[0]
                         net (fo=1, routed)           1.088     1.088    design_1_i/cg_fpga_0/inst/processing_system7_0/inst/FCLK_CLK_unbuffered[0]
    BUFGCTRL_X0Y16       BUFG (Prop_bufg_I_O)         0.091     1.179 r  design_1_i/cg_fpga_0/inst/processing_system7_0/inst/buffer_fclk_clk_0.FCLK_CLK_0_BUFG/O
                         net (fo=6937, routed)        1.509     2.688    design_1_i/cg_fpga_0/inst/rst_ps7_0_100M/U0/EXT_LPF/ACTIVE_LOW_EXT.ACT_LO_EXT/slowest_sync_clk
    SLICE_X26Y71         FDRE                                         r  design_1_i/cg_fpga_0/inst/rst_ps7_0_100M/U0/EXT_LPF/ACTIVE_LOW_EXT.ACT_LO_EXT/GENERATE_LEVEL_P_S_CDC.SINGLE_BIT.CROSS_PLEVEL_IN2SCNDRY_IN_cdc_to/C





Min Delay Paths
--------------------------------------------------------------------------------------
Slack:                    inf
  Source:                 design_1_i/cg_fpga_0/inst/processing_system7_0/inst/PS7_i/FCLKRESETN[0]
                            (internal pin)
  Destination:            design_1_i/cg_fpga_0/inst/rst_ps7_0_100M/U0/EXT_LPF/ACTIVE_LOW_EXT.ACT_LO_EXT/GENERATE_LEVEL_P_S_CDC.SINGLE_BIT.CROSS_PLEVEL_IN2SCNDRY_IN_cdc_to/D
                            (rising edge-triggered cell FDRE clocked by clk_fpga_0  {rise@0.000ns fall@5.000ns period=10.000ns})
  Path Group:             (none)
  Path Type:              Hold (Min at Fast Process Corner)
  Data Path Delay:        0.653ns  (logic 0.045ns (6.889%)  route 0.608ns (93.111%))
  Logic Levels:           1  (LUT1=1)
  Clock Uncertainty:      0.152ns  ((TSJ^2 + TIJ^2)^1/2 + DJ) / 2 + PE
    Total System Jitter     (TSJ):    0.050ns
    Total Input Jitter      (TIJ):    0.300ns
    Discrete Jitter          (DJ):    0.000ns
    Phase Error              (PE):    0.000ns
  Timing Exception:       False Path

    Location             Delay type                Incr(ns)  Path(ns)    Netlist Resource(s)
  -------------------------------------------------------------------    -------------------
    PS7_X0Y0             PS7                          0.000     0.000 f  design_1_i/cg_fpga_0/inst/processing_system7_0/inst/PS7_i/FCLKRESETN[0]
                         net (fo=1, routed)           0.608     0.608    design_1_i/cg_fpga_0/inst/rst_ps7_0_100M/U0/EXT_LPF/ACTIVE_LOW_EXT.ACT_LO_EXT/ext_reset_in
    SLICE_X26Y71         LUT1 (Prop_lut1_I0_O)        0.045     0.653 r  design_1_i/cg_fpga_0/inst/rst_ps7_0_100M/U0/EXT_LPF/ACTIVE_LOW_EXT.ACT_LO_EXT/GENERATE_LEVEL_P_S_CDC.SINGLE_BIT.CROSS_PLEVEL_IN2SCNDRY_IN_cdc_to_i_1/O
                         net (fo=1, routed)           0.000     0.653    design_1_i/cg_fpga_0/inst/rst_ps7_0_100M/U0/EXT_LPF/ACTIVE_LOW_EXT.ACT_LO_EXT/exr_d1
    SLICE_X26Y71         FDRE                                         r  design_1_i/cg_fpga_0/inst/rst_ps7_0_100M/U0/EXT_LPF/ACTIVE_LOW_EXT.ACT_LO_EXT/GENERATE_LEVEL_P_S_CDC.SINGLE_BIT.CROSS_PLEVEL_IN2SCNDRY_IN_cdc_to/D
  -------------------------------------------------------------------    -------------------

                         (clock clk_fpga_0 rise edge)
                                                      0.000     0.000 r  
    PS7_X0Y0             PS7                          0.000     0.000 r  design_1_i/cg_fpga_0/inst/processing_system7_0/inst/PS7_i/FCLKCLK[0]
                         net (fo=1, routed)           0.337     0.337    design_1_i/cg_fpga_0/inst/processing_system7_0/inst/FCLK_CLK_unbuffered[0]
    BUFGCTRL_X0Y16       BUFG (Prop_bufg_I_O)         0.029     0.366 r  design_1_i/cg_fpga_0/inst/processing_system7_0/inst/buffer_fclk_clk_0.FCLK_CLK_0_BUFG/O
                         net (fo=6937, routed)        0.831     1.197    design_1_i/cg_fpga_0/inst/rst_ps7_0_100M/U0/EXT_LPF/ACTIVE_LOW_EXT.ACT_LO_EXT/slowest_sync_clk
    SLICE_X26Y71         FDRE                                         r  design_1_i/cg_fpga_0/inst/rst_ps7_0_100M/U0/EXT_LPF/ACTIVE_LOW_EXT.ACT_LO_EXT/GENERATE_LEVEL_P_S_CDC.SINGLE_BIT.CROSS_PLEVEL_IN2SCNDRY_IN_cdc_to/C





--------------------------------------------------------------------------------------
Path Group:  (none)
From Clock:  clk_fpga_0
  To Clock:  clk_fpga_0

Max Delay           206 Endpoints
Min Delay           206 Endpoints
--------------------------------------------------------------------------------------


Max Delay Paths
--------------------------------------------------------------------------------------
Slack:                    inf
  Source:                 <hidden>
                            (rising edge-triggered cell RAMB18E1 clocked by clk_fpga_0  {rise@0.000ns fall@5.000ns period=10.000ns})
  Destination:            design_1_i/cg_fpga_0/inst/cg_fpga_axi_gpio_i1/U0/gpio_core_1/Dual.INPUT_DOUBLE_REGS4/GENERATE_LEVEL_P_S_CDC.MULTI_BIT.FOR_IN_cdc_to[0].CROSS2_PLEVEL_IN2SCNDRY_IN_cdc_to/D
                            (rising edge-triggered cell FDRE clocked by clk_fpga_0  {rise@0.000ns fall@5.000ns period=10.000ns})
  Path Group:             (none)
  Path Type:              Setup (Max at Slow Process Corner)
  Data Path Delay:        4.422ns  (logic 2.578ns (58.297%)  route 1.844ns (41.703%))
  Logic Levels:           1  (LUT1=1)
  Clock Path Skew:        -0.402ns (DCD - SCD + CPR)
    Destination Clock Delay (DCD):    2.628ns
    Source Clock Delay      (SCD):    3.029ns
    Clock Pessimism Removal (CPR):    0.000ns
  Clock Uncertainty:      0.154ns  ((TSJ^2 + TIJ^2)^1/2 + DJ) / 2 + PE
    Total System Jitter     (TSJ):    0.071ns
    Total Input Jitter      (TIJ):    0.300ns
    Discrete Jitter          (DJ):    0.000ns
    Phase Error              (PE):    0.000ns
  Timing Exception:       False Path

    Location             Delay type                Incr(ns)  Path(ns)    Netlist Resource(s)
  -------------------------------------------------------------------    -------------------
                         (clock clk_fpga_0 rise edge)
                                                      0.000     0.000 r  
    PS7_X0Y0             PS7                          0.000     0.000 r  design_1_i/cg_fpga_0/inst/processing_system7_0/inst/PS7_i/FCLKCLK[0]
                         net (fo=1, routed)           1.193     1.193    design_1_i/cg_fpga_0/inst/processing_system7_0/inst/FCLK_CLK_unbuffered[0]
    BUFGCTRL_X0Y16       BUFG (Prop_bufg_I_O)         0.101     1.294 r  design_1_i/cg_fpga_0/inst/processing_system7_0/inst/buffer_fclk_clk_0.FCLK_CLK_0_BUFG/O
                         net (fo=6937, routed)        1.735     3.029    <hidden>
    RAMB18_X3Y28         RAMB18E1                                     r  <hidden>
  -------------------------------------------------------------------    -------------------
    RAMB18_X3Y28         RAMB18E1 (Prop_ramb18e1_CLKARDCLK_DOADO[0])
                                                      2.454     5.483 f  <hidden>
                         net (fo=1, routed)           1.553     7.036    design_1_i/adpt_out_0/inst/Y0
    SLICE_X51Y74         LUT1 (Prop_lut1_I0_O)        0.124     7.160 r  design_1_i/adpt_out_0/inst/led[0]_INST_0/O
                         net (fo=1, routed)           0.291     7.452    design_1_i/cg_fpga_0/inst/cg_fpga_axi_gpio_i1/U0/gpio_core_1/Dual.INPUT_DOUBLE_REGS4/gpio_io_i[0]
    SLICE_X51Y74         FDRE                                         r  design_1_i/cg_fpga_0/inst/cg_fpga_axi_gpio_i1/U0/gpio_core_1/Dual.INPUT_DOUBLE_REGS4/GENERATE_LEVEL_P_S_CDC.MULTI_BIT.FOR_IN_cdc_to[0].CROSS2_PLEVEL_IN2SCNDRY_IN_cdc_to/D
  -------------------------------------------------------------------    -------------------

                         (clock clk_fpga_0 rise edge)
                                                      0.000     0.000 r  
    PS7_X0Y0             PS7                          0.000     0.000 r  design_1_i/cg_fpga_0/inst/processing_system7_0/inst/PS7_i/FCLKCLK[0]
                         net (fo=1, routed)           1.088     1.088    design_1_i/cg_fpga_0/inst/processing_system7_0/inst/FCLK_CLK_unbuffered[0]
    BUFGCTRL_X0Y16       BUFG (Prop_bufg_I_O)         0.091     1.179 r  design_1_i/cg_fpga_0/inst/processing_system7_0/inst/buffer_fclk_clk_0.FCLK_CLK_0_BUFG/O
                         net (fo=6937, routed)        1.449     2.628    design_1_i/cg_fpga_0/inst/cg_fpga_axi_gpio_i1/U0/gpio_core_1/Dual.INPUT_DOUBLE_REGS4/s_axi_aclk
    SLICE_X51Y74         FDRE                                         r  design_1_i/cg_fpga_0/inst/cg_fpga_axi_gpio_i1/U0/gpio_core_1/Dual.INPUT_DOUBLE_REGS4/GENERATE_LEVEL_P_S_CDC.MULTI_BIT.FOR_IN_cdc_to[0].CROSS2_PLEVEL_IN2SCNDRY_IN_cdc_to/C

Slack:                    inf
  Source:                 <hidden>
                            (rising edge-triggered cell RAMB18E1 clocked by clk_fpga_0  {rise@0.000ns fall@5.000ns period=10.000ns})
  Destination:            design_1_i/cg_fpga_0/inst/cg_fpga_axi_gpio_i1/U0/gpio_core_1/Dual.INPUT_DOUBLE_REGS4/GENERATE_LEVEL_P_S_CDC.MULTI_BIT.FOR_IN_cdc_to[1].CROSS2_PLEVEL_IN2SCNDRY_IN_cdc_to/D
                            (rising edge-triggered cell FDRE clocked by clk_fpga_0  {rise@0.000ns fall@5.000ns period=10.000ns})
  Path Group:             (none)
  Path Type:              Setup (Max at Slow Process Corner)
  Data Path Delay:        4.212ns  (logic 2.578ns (61.213%)  route 1.634ns (38.787%))
  Logic Levels:           1  (LUT1=1)
  Clock Path Skew:        -0.391ns (DCD - SCD + CPR)
    Destination Clock Delay (DCD):    2.639ns
    Source Clock Delay      (SCD):    3.029ns
    Clock Pessimism Removal (CPR):    0.000ns
  Clock Uncertainty:      0.154ns  ((TSJ^2 + TIJ^2)^1/2 + DJ) / 2 + PE
    Total System Jitter     (TSJ):    0.071ns
    Total Input Jitter      (TIJ):    0.300ns
    Discrete Jitter          (DJ):    0.000ns
    Phase Error              (PE):    0.000ns
  Timing Exception:       False Path

    Location             Delay type                Incr(ns)  Path(ns)    Netlist Resource(s)
  -------------------------------------------------------------------    -------------------
                         (clock clk_fpga_0 rise edge)
                                                      0.000     0.000 r  
    PS7_X0Y0             PS7                          0.000     0.000 r  design_1_i/cg_fpga_0/inst/processing_system7_0/inst/PS7_i/FCLKCLK[0]
                         net (fo=1, routed)           1.193     1.193    design_1_i/cg_fpga_0/inst/processing_system7_0/inst/FCLK_CLK_unbuffered[0]
    BUFGCTRL_X0Y16       BUFG (Prop_bufg_I_O)         0.101     1.294 r  design_1_i/cg_fpga_0/inst/processing_system7_0/inst/buffer_fclk_clk_0.FCLK_CLK_0_BUFG/O
                         net (fo=6937, routed)        1.735     3.029    <hidden>
    RAMB18_X3Y28         RAMB18E1                                     r  <hidden>
  -------------------------------------------------------------------    -------------------
    RAMB18_X3Y28         RAMB18E1 (Prop_ramb18e1_CLKARDCLK_DOADO[1])
                                                      2.454     5.483 f  <hidden>
                         net (fo=1, routed)           1.342     6.826    design_1_i/adpt_out_0/inst/Y1
    SLICE_X49Y75         LUT1 (Prop_lut1_I0_O)        0.124     6.950 r  design_1_i/adpt_out_0/inst/led[1]_INST_0/O
                         net (fo=1, routed)           0.291     7.241    design_1_i/cg_fpga_0/inst/cg_fpga_axi_gpio_i1/U0/gpio_core_1/Dual.INPUT_DOUBLE_REGS4/gpio_io_i[1]
    SLICE_X49Y75         FDRE                                         r  design_1_i/cg_fpga_0/inst/cg_fpga_axi_gpio_i1/U0/gpio_core_1/Dual.INPUT_DOUBLE_REGS4/GENERATE_LEVEL_P_S_CDC.MULTI_BIT.FOR_IN_cdc_to[1].CROSS2_PLEVEL_IN2SCNDRY_IN_cdc_to/D
  -------------------------------------------------------------------    -------------------

                         (clock clk_fpga_0 rise edge)
                                                      0.000     0.000 r  
    PS7_X0Y0             PS7                          0.000     0.000 r  design_1_i/cg_fpga_0/inst/processing_system7_0/inst/PS7_i/FCLKCLK[0]
                         net (fo=1, routed)           1.088     1.088    design_1_i/cg_fpga_0/inst/processing_system7_0/inst/FCLK_CLK_unbuffered[0]
    BUFGCTRL_X0Y16       BUFG (Prop_bufg_I_O)         0.091     1.179 r  design_1_i/cg_fpga_0/inst/processing_system7_0/inst/buffer_fclk_clk_0.FCLK_CLK_0_BUFG/O
                         net (fo=6937, routed)        1.460     2.639    design_1_i/cg_fpga_0/inst/cg_fpga_axi_gpio_i1/U0/gpio_core_1/Dual.INPUT_DOUBLE_REGS4/s_axi_aclk
    SLICE_X49Y75         FDRE                                         r  design_1_i/cg_fpga_0/inst/cg_fpga_axi_gpio_i1/U0/gpio_core_1/Dual.INPUT_DOUBLE_REGS4/GENERATE_LEVEL_P_S_CDC.MULTI_BIT.FOR_IN_cdc_to[1].CROSS2_PLEVEL_IN2SCNDRY_IN_cdc_to/C

Slack:                    inf
  Source:                 <hidden>
                            (rising edge-triggered cell RAMB18E1 clocked by clk_fpga_0  {rise@0.000ns fall@5.000ns period=10.000ns})
  Destination:            design_1_i/cg_fpga_0/inst/cg_fpga_axi_gpio_i1/U0/gpio_core_1/Dual.INPUT_DOUBLE_REGS4/GENERATE_LEVEL_P_S_CDC.MULTI_BIT.FOR_IN_cdc_to[3].CROSS2_PLEVEL_IN2SCNDRY_IN_cdc_to/D
                            (rising edge-triggered cell FDRE clocked by clk_fpga_0  {rise@0.000ns fall@5.000ns period=10.000ns})
  Path Group:             (none)
  Path Type:              Setup (Max at Slow Process Corner)
  Data Path Delay:        3.947ns  (logic 2.578ns (65.318%)  route 1.369ns (34.682%))
  Logic Levels:           1  (LUT1=1)
  Clock Path Skew:        -0.329ns (DCD - SCD + CPR)
    Destination Clock Delay (DCD):    2.701ns
    Source Clock Delay      (SCD):    3.029ns
    Clock Pessimism Removal (CPR):    0.000ns
  Clock Uncertainty:      0.154ns  ((TSJ^2 + TIJ^2)^1/2 + DJ) / 2 + PE
    Total System Jitter     (TSJ):    0.071ns
    Total Input Jitter      (TIJ):    0.300ns
    Discrete Jitter          (DJ):    0.000ns
    Phase Error              (PE):    0.000ns
  Timing Exception:       False Path

    Location             Delay type                Incr(ns)  Path(ns)    Netlist Resource(s)
  -------------------------------------------------------------------    -------------------
                         (clock clk_fpga_0 rise edge)
                                                      0.000     0.000 r  
    PS7_X0Y0             PS7                          0.000     0.000 r  design_1_i/cg_fpga_0/inst/processing_system7_0/inst/PS7_i/FCLKCLK[0]
                         net (fo=1, routed)           1.193     1.193    design_1_i/cg_fpga_0/inst/processing_system7_0/inst/FCLK_CLK_unbuffered[0]
    BUFGCTRL_X0Y16       BUFG (Prop_bufg_I_O)         0.101     1.294 r  design_1_i/cg_fpga_0/inst/processing_system7_0/inst/buffer_fclk_clk_0.FCLK_CLK_0_BUFG/O
                         net (fo=6937, routed)        1.735     3.029    <hidden>
    RAMB18_X3Y28         RAMB18E1                                     r  <hidden>
  -------------------------------------------------------------------    -------------------
    RAMB18_X3Y28         RAMB18E1 (Prop_ramb18e1_CLKARDCLK_DOADO[9])
                                                      2.454     5.483 f  <hidden>
                         net (fo=1, routed)           1.017     6.501    design_1_i/adpt_out_0/inst/Y3
    SLICE_X54Y72         LUT1 (Prop_lut1_I0_O)        0.124     6.625 r  design_1_i/adpt_out_0/inst/led[3]_INST_0/O
                         net (fo=1, routed)           0.352     6.976    design_1_i/cg_fpga_0/inst/cg_fpga_axi_gpio_i1/U0/gpio_core_1/Dual.INPUT_DOUBLE_REGS4/gpio_io_i[3]
    SLICE_X54Y72         FDRE                                         r  design_1_i/cg_fpga_0/inst/cg_fpga_axi_gpio_i1/U0/gpio_core_1/Dual.INPUT_DOUBLE_REGS4/GENERATE_LEVEL_P_S_CDC.MULTI_BIT.FOR_IN_cdc_to[3].CROSS2_PLEVEL_IN2SCNDRY_IN_cdc_to/D
  -------------------------------------------------------------------    -------------------

                         (clock clk_fpga_0 rise edge)
                                                      0.000     0.000 r  
    PS7_X0Y0             PS7                          0.000     0.000 r  design_1_i/cg_fpga_0/inst/processing_system7_0/inst/PS7_i/FCLKCLK[0]
                         net (fo=1, routed)           1.088     1.088    design_1_i/cg_fpga_0/inst/processing_system7_0/inst/FCLK_CLK_unbuffered[0]
    BUFGCTRL_X0Y16       BUFG (Prop_bufg_I_O)         0.091     1.179 r  design_1_i/cg_fpga_0/inst/processing_system7_0/inst/buffer_fclk_clk_0.FCLK_CLK_0_BUFG/O
                         net (fo=6937, routed)        1.522     2.701    design_1_i/cg_fpga_0/inst/cg_fpga_axi_gpio_i1/U0/gpio_core_1/Dual.INPUT_DOUBLE_REGS4/s_axi_aclk
    SLICE_X54Y72         FDRE                                         r  design_1_i/cg_fpga_0/inst/cg_fpga_axi_gpio_i1/U0/gpio_core_1/Dual.INPUT_DOUBLE_REGS4/GENERATE_LEVEL_P_S_CDC.MULTI_BIT.FOR_IN_cdc_to[3].CROSS2_PLEVEL_IN2SCNDRY_IN_cdc_to/C

Slack:                    inf
  Source:                 <hidden>
                            (rising edge-triggered cell RAMB18E1 clocked by clk_fpga_0  {rise@0.000ns fall@5.000ns period=10.000ns})
  Destination:            design_1_i/cg_fpga_0/inst/cg_fpga_axi_gpio_i1/U0/gpio_core_1/Dual.INPUT_DOUBLE_REGS4/GENERATE_LEVEL_P_S_CDC.MULTI_BIT.FOR_IN_cdc_to[2].CROSS2_PLEVEL_IN2SCNDRY_IN_cdc_to/D
                            (rising edge-triggered cell FDRE clocked by clk_fpga_0  {rise@0.000ns fall@5.000ns period=10.000ns})
  Path Group:             (none)
  Path Type:              Setup (Max at Slow Process Corner)
  Data Path Delay:        3.807ns  (logic 2.578ns (67.717%)  route 1.229ns (32.283%))
  Logic Levels:           1  (LUT1=1)
  Clock Path Skew:        -0.327ns (DCD - SCD + CPR)
    Destination Clock Delay (DCD):    2.703ns
    Source Clock Delay      (SCD):    3.029ns
    Clock Pessimism Removal (CPR):    0.000ns
  Clock Uncertainty:      0.154ns  ((TSJ^2 + TIJ^2)^1/2 + DJ) / 2 + PE
    Total System Jitter     (TSJ):    0.071ns
    Total Input Jitter      (TIJ):    0.300ns
    Discrete Jitter          (DJ):    0.000ns
    Phase Error              (PE):    0.000ns
  Timing Exception:       False Path

    Location             Delay type                Incr(ns)  Path(ns)    Netlist Resource(s)
  -------------------------------------------------------------------    -------------------
                         (clock clk_fpga_0 rise edge)
                                                      0.000     0.000 r  
    PS7_X0Y0             PS7                          0.000     0.000 r  design_1_i/cg_fpga_0/inst/processing_system7_0/inst/PS7_i/FCLKCLK[0]
                         net (fo=1, routed)           1.193     1.193    design_1_i/cg_fpga_0/inst/processing_system7_0/inst/FCLK_CLK_unbuffered[0]
    BUFGCTRL_X0Y16       BUFG (Prop_bufg_I_O)         0.101     1.294 r  design_1_i/cg_fpga_0/inst/processing_system7_0/inst/buffer_fclk_clk_0.FCLK_CLK_0_BUFG/O
                         net (fo=6937, routed)        1.735     3.029    <hidden>
    RAMB18_X3Y28         RAMB18E1                                     r  <hidden>
  -------------------------------------------------------------------    -------------------
    RAMB18_X3Y28         RAMB18E1 (Prop_ramb18e1_CLKARDCLK_DOADO[8])
                                                      2.454     5.483 f  <hidden>
                         net (fo=1, routed)           0.877     6.361    design_1_i/adpt_out_0/inst/Y2
    SLICE_X54Y71         LUT1 (Prop_lut1_I0_O)        0.124     6.485 r  design_1_i/adpt_out_0/inst/led[2]_INST_0/O
                         net (fo=1, routed)           0.352     6.836    design_1_i/cg_fpga_0/inst/cg_fpga_axi_gpio_i1/U0/gpio_core_1/Dual.INPUT_DOUBLE_REGS4/gpio_io_i[2]
    SLICE_X54Y71         FDRE                                         r  design_1_i/cg_fpga_0/inst/cg_fpga_axi_gpio_i1/U0/gpio_core_1/Dual.INPUT_DOUBLE_REGS4/GENERATE_LEVEL_P_S_CDC.MULTI_BIT.FOR_IN_cdc_to[2].CROSS2_PLEVEL_IN2SCNDRY_IN_cdc_to/D
  -------------------------------------------------------------------    -------------------

                         (clock clk_fpga_0 rise edge)
                                                      0.000     0.000 r  
    PS7_X0Y0             PS7                          0.000     0.000 r  design_1_i/cg_fpga_0/inst/processing_system7_0/inst/PS7_i/FCLKCLK[0]
                         net (fo=1, routed)           1.088     1.088    design_1_i/cg_fpga_0/inst/processing_system7_0/inst/FCLK_CLK_unbuffered[0]
    BUFGCTRL_X0Y16       BUFG (Prop_bufg_I_O)         0.091     1.179 r  design_1_i/cg_fpga_0/inst/processing_system7_0/inst/buffer_fclk_clk_0.FCLK_CLK_0_BUFG/O
                         net (fo=6937, routed)        1.524     2.703    design_1_i/cg_fpga_0/inst/cg_fpga_axi_gpio_i1/U0/gpio_core_1/Dual.INPUT_DOUBLE_REGS4/s_axi_aclk
    SLICE_X54Y71         FDRE                                         r  design_1_i/cg_fpga_0/inst/cg_fpga_axi_gpio_i1/U0/gpio_core_1/Dual.INPUT_DOUBLE_REGS4/GENERATE_LEVEL_P_S_CDC.MULTI_BIT.FOR_IN_cdc_to[2].CROSS2_PLEVEL_IN2SCNDRY_IN_cdc_to/C

Slack:                    inf
  Source:                 design_1_i/cg_fpga_0/inst/cg_axi_vdma_0/U0/AXI_LITE_REG_INTERFACE_I/GEN_AXI_LITE_IF.AXI_LITE_IF_I/axi2ip_rdaddr_captured_reg[5]/C
                            (rising edge-triggered cell FDRE clocked by clk_fpga_0  {rise@0.000ns fall@5.000ns period=10.000ns})
  Destination:            design_1_i/cg_fpga_0/inst/cg_axi_vdma_0/U0/AXI_LITE_REG_INTERFACE_I/GEN_AXI_LITE_IF.AXI_LITE_IF_I/GEN_LITE_IS_ASYNC.GEN_ASYNC_LITE_ACCESS.axi2ip_rdaddr_captured_s2mm_cdc_tig_reg[5]/D
                            (rising edge-triggered cell FDRE clocked by clk_fpga_0  {rise@0.000ns fall@5.000ns period=10.000ns})
  Path Group:             (none)
  Path Type:              Setup (Max at Slow Process Corner)
  Data Path Delay:        2.752ns  (logic 0.456ns (16.570%)  route 2.296ns (83.431%))
  Logic Levels:           0  
  Clock Path Skew:        -0.280ns (DCD - SCD + CPR)
    Destination Clock Delay (DCD):    2.656ns
    Source Clock Delay      (SCD):    2.936ns
    Clock Pessimism Removal (CPR):    0.000ns
  Clock Uncertainty:      0.154ns  ((TSJ^2 + TIJ^2)^1/2 + DJ) / 2 + PE
    Total System Jitter     (TSJ):    0.071ns
    Total Input Jitter      (TIJ):    0.300ns
    Discrete Jitter          (DJ):    0.000ns
    Phase Error              (PE):    0.000ns
  Timing Exception:       False Path

    Location             Delay type                Incr(ns)  Path(ns)    Netlist Resource(s)
  -------------------------------------------------------------------    -------------------
                         (clock clk_fpga_0 rise edge)
                                                      0.000     0.000 r  
    PS7_X0Y0             PS7                          0.000     0.000 r  design_1_i/cg_fpga_0/inst/processing_system7_0/inst/PS7_i/FCLKCLK[0]
                         net (fo=1, routed)           1.193     1.193    design_1_i/cg_fpga_0/inst/processing_system7_0/inst/FCLK_CLK_unbuffered[0]
    BUFGCTRL_X0Y16       BUFG (Prop_bufg_I_O)         0.101     1.294 r  design_1_i/cg_fpga_0/inst/processing_system7_0/inst/buffer_fclk_clk_0.FCLK_CLK_0_BUFG/O
                         net (fo=6937, routed)        1.642     2.936    design_1_i/cg_fpga_0/inst/cg_axi_vdma_0/U0/AXI_LITE_REG_INTERFACE_I/GEN_AXI_LITE_IF.AXI_LITE_IF_I/s_axi_lite_aclk
    SLICE_X41Y67         FDRE                                         r  design_1_i/cg_fpga_0/inst/cg_axi_vdma_0/U0/AXI_LITE_REG_INTERFACE_I/GEN_AXI_LITE_IF.AXI_LITE_IF_I/axi2ip_rdaddr_captured_reg[5]/C
  -------------------------------------------------------------------    -------------------
    SLICE_X41Y67         FDRE (Prop_fdre_C_Q)         0.456     3.392 r  design_1_i/cg_fpga_0/inst/cg_axi_vdma_0/U0/AXI_LITE_REG_INTERFACE_I/GEN_AXI_LITE_IF.AXI_LITE_IF_I/axi2ip_rdaddr_captured_reg[5]/Q
                         net (fo=17, routed)          2.296     5.688    design_1_i/cg_fpga_0/inst/cg_axi_vdma_0/U0/AXI_LITE_REG_INTERFACE_I/GEN_AXI_LITE_IF.AXI_LITE_IF_I/axi2ip_rdaddr_captured_reg_n_0_[5]
    SLICE_X48Y53         FDRE                                         r  design_1_i/cg_fpga_0/inst/cg_axi_vdma_0/U0/AXI_LITE_REG_INTERFACE_I/GEN_AXI_LITE_IF.AXI_LITE_IF_I/GEN_LITE_IS_ASYNC.GEN_ASYNC_LITE_ACCESS.axi2ip_rdaddr_captured_s2mm_cdc_tig_reg[5]/D
  -------------------------------------------------------------------    -------------------

                         (clock clk_fpga_0 rise edge)
                                                      0.000     0.000 r  
    PS7_X0Y0             PS7                          0.000     0.000 r  design_1_i/cg_fpga_0/inst/processing_system7_0/inst/PS7_i/FCLKCLK[0]
                         net (fo=1, routed)           1.088     1.088    design_1_i/cg_fpga_0/inst/processing_system7_0/inst/FCLK_CLK_unbuffered[0]
    BUFGCTRL_X0Y16       BUFG (Prop_bufg_I_O)         0.091     1.179 r  design_1_i/cg_fpga_0/inst/processing_system7_0/inst/buffer_fclk_clk_0.FCLK_CLK_0_BUFG/O
                         net (fo=6937, routed)        1.477     2.656    design_1_i/cg_fpga_0/inst/cg_axi_vdma_0/U0/AXI_LITE_REG_INTERFACE_I/GEN_AXI_LITE_IF.AXI_LITE_IF_I/s_axi_lite_aclk
    SLICE_X48Y53         FDRE                                         r  design_1_i/cg_fpga_0/inst/cg_axi_vdma_0/U0/AXI_LITE_REG_INTERFACE_I/GEN_AXI_LITE_IF.AXI_LITE_IF_I/GEN_LITE_IS_ASYNC.GEN_ASYNC_LITE_ACCESS.axi2ip_rdaddr_captured_s2mm_cdc_tig_reg[5]/C

Slack:                    inf
  Source:                 design_1_i/cg_fpga_0/inst/cg_axi_vdma_0/U0/AXI_LITE_REG_INTERFACE_I/GEN_AXI_LITE_IF.AXI_LITE_IF_I/axi2ip_rdaddr_captured_reg[4]/C
                            (rising edge-triggered cell FDRE clocked by clk_fpga_0  {rise@0.000ns fall@5.000ns period=10.000ns})
  Destination:            design_1_i/cg_fpga_0/inst/cg_axi_vdma_0/U0/AXI_LITE_REG_INTERFACE_I/GEN_AXI_LITE_IF.AXI_LITE_IF_I/GEN_LITE_IS_ASYNC.GEN_ASYNC_LITE_ACCESS.axi2ip_rdaddr_captured_s2mm_cdc_tig_reg[4]/D
                            (rising edge-triggered cell FDRE clocked by clk_fpga_0  {rise@0.000ns fall@5.000ns period=10.000ns})
  Path Group:             (none)
  Path Type:              Setup (Max at Slow Process Corner)
  Data Path Delay:        2.413ns  (logic 0.456ns (18.901%)  route 1.957ns (81.099%))
  Logic Levels:           0  
  Clock Path Skew:        -0.280ns (DCD - SCD + CPR)
    Destination Clock Delay (DCD):    2.656ns
    Source Clock Delay      (SCD):    2.936ns
    Clock Pessimism Removal (CPR):    0.000ns
  Clock Uncertainty:      0.154ns  ((TSJ^2 + TIJ^2)^1/2 + DJ) / 2 + PE
    Total System Jitter     (TSJ):    0.071ns
    Total Input Jitter      (TIJ):    0.300ns
    Discrete Jitter          (DJ):    0.000ns
    Phase Error              (PE):    0.000ns
  Timing Exception:       False Path

    Location             Delay type                Incr(ns)  Path(ns)    Netlist Resource(s)
  -------------------------------------------------------------------    -------------------
                         (clock clk_fpga_0 rise edge)
                                                      0.000     0.000 r  
    PS7_X0Y0             PS7                          0.000     0.000 r  design_1_i/cg_fpga_0/inst/processing_system7_0/inst/PS7_i/FCLKCLK[0]
                         net (fo=1, routed)           1.193     1.193    design_1_i/cg_fpga_0/inst/processing_system7_0/inst/FCLK_CLK_unbuffered[0]
    BUFGCTRL_X0Y16       BUFG (Prop_bufg_I_O)         0.101     1.294 r  design_1_i/cg_fpga_0/inst/processing_system7_0/inst/buffer_fclk_clk_0.FCLK_CLK_0_BUFG/O
                         net (fo=6937, routed)        1.642     2.936    design_1_i/cg_fpga_0/inst/cg_axi_vdma_0/U0/AXI_LITE_REG_INTERFACE_I/GEN_AXI_LITE_IF.AXI_LITE_IF_I/s_axi_lite_aclk
    SLICE_X41Y67         FDRE                                         r  design_1_i/cg_fpga_0/inst/cg_axi_vdma_0/U0/AXI_LITE_REG_INTERFACE_I/GEN_AXI_LITE_IF.AXI_LITE_IF_I/axi2ip_rdaddr_captured_reg[4]/C
  -------------------------------------------------------------------    -------------------
    SLICE_X41Y67         FDRE (Prop_fdre_C_Q)         0.456     3.392 r  design_1_i/cg_fpga_0/inst/cg_axi_vdma_0/U0/AXI_LITE_REG_INTERFACE_I/GEN_AXI_LITE_IF.AXI_LITE_IF_I/axi2ip_rdaddr_captured_reg[4]/Q
                         net (fo=17, routed)          1.957     5.349    design_1_i/cg_fpga_0/inst/cg_axi_vdma_0/U0/AXI_LITE_REG_INTERFACE_I/GEN_AXI_LITE_IF.AXI_LITE_IF_I/axi2ip_rdaddr_captured_reg_n_0_[4]
    SLICE_X48Y53         FDRE                                         r  design_1_i/cg_fpga_0/inst/cg_axi_vdma_0/U0/AXI_LITE_REG_INTERFACE_I/GEN_AXI_LITE_IF.AXI_LITE_IF_I/GEN_LITE_IS_ASYNC.GEN_ASYNC_LITE_ACCESS.axi2ip_rdaddr_captured_s2mm_cdc_tig_reg[4]/D
  -------------------------------------------------------------------    -------------------

                         (clock clk_fpga_0 rise edge)
                                                      0.000     0.000 r  
    PS7_X0Y0             PS7                          0.000     0.000 r  design_1_i/cg_fpga_0/inst/processing_system7_0/inst/PS7_i/FCLKCLK[0]
                         net (fo=1, routed)           1.088     1.088    design_1_i/cg_fpga_0/inst/processing_system7_0/inst/FCLK_CLK_unbuffered[0]
    BUFGCTRL_X0Y16       BUFG (Prop_bufg_I_O)         0.091     1.179 r  design_1_i/cg_fpga_0/inst/processing_system7_0/inst/buffer_fclk_clk_0.FCLK_CLK_0_BUFG/O
                         net (fo=6937, routed)        1.477     2.656    design_1_i/cg_fpga_0/inst/cg_axi_vdma_0/U0/AXI_LITE_REG_INTERFACE_I/GEN_AXI_LITE_IF.AXI_LITE_IF_I/s_axi_lite_aclk
    SLICE_X48Y53         FDRE                                         r  design_1_i/cg_fpga_0/inst/cg_axi_vdma_0/U0/AXI_LITE_REG_INTERFACE_I/GEN_AXI_LITE_IF.AXI_LITE_IF_I/GEN_LITE_IS_ASYNC.GEN_ASYNC_LITE_ACCESS.axi2ip_rdaddr_captured_s2mm_cdc_tig_reg[4]/C

Slack:                    inf
  Source:                 design_1_i/cg_fpga_0/inst/rst_ps7_0_100M/U0/ACTIVE_LOW_PR_OUT_DFF[0].FDRE_PER_N/C
                            (rising edge-triggered cell FDRE clocked by clk_fpga_0  {rise@0.000ns fall@5.000ns period=10.000ns})
  Destination:            <hidden>
                            (recovery check against rising-edge clock clk_fpga_0  {rise@0.000ns fall@5.000ns period=10.000ns})
  Path Group:             (none)
  Path Type:              Recovery (Max at Slow Process Corner)
  Data Path Delay:        2.355ns  (logic 0.580ns (24.632%)  route 1.775ns (75.368%))
  Logic Levels:           1  (LUT1=1)
  Clock Path Skew:        -0.287ns (DCD - SCD + CPR)
    Destination Clock Delay (DCD):    2.695ns
    Source Clock Delay      (SCD):    2.982ns
    Clock Pessimism Removal (CPR):    0.000ns
  Clock Uncertainty:      0.154ns  ((TSJ^2 + TIJ^2)^1/2 + DJ) / 2 + PE
    Total System Jitter     (TSJ):    0.071ns
    Total Input Jitter      (TIJ):    0.300ns
    Discrete Jitter          (DJ):    0.000ns
    Phase Error              (PE):    0.000ns
  Timing Exception:       False Path

    Location             Delay type                Incr(ns)  Path(ns)    Netlist Resource(s)
  -------------------------------------------------------------------    -------------------
                         (clock clk_fpga_0 rise edge)
                                                      0.000     0.000 r  
    PS7_X0Y0             PS7                          0.000     0.000 r  design_1_i/cg_fpga_0/inst/processing_system7_0/inst/PS7_i/FCLKCLK[0]
                         net (fo=1, routed)           1.193     1.193    design_1_i/cg_fpga_0/inst/processing_system7_0/inst/FCLK_CLK_unbuffered[0]
    BUFGCTRL_X0Y16       BUFG (Prop_bufg_I_O)         0.101     1.294 r  design_1_i/cg_fpga_0/inst/processing_system7_0/inst/buffer_fclk_clk_0.FCLK_CLK_0_BUFG/O
                         net (fo=6937, routed)        1.688     2.982    design_1_i/cg_fpga_0/inst/rst_ps7_0_100M/U0/slowest_sync_clk
    SLICE_X28Y68         FDRE                                         r  design_1_i/cg_fpga_0/inst/rst_ps7_0_100M/U0/ACTIVE_LOW_PR_OUT_DFF[0].FDRE_PER_N/C
  -------------------------------------------------------------------    -------------------
    SLICE_X28Y68         FDRE (Prop_fdre_C_Q)         0.456     3.438 r  design_1_i/cg_fpga_0/inst/rst_ps7_0_100M/U0/ACTIVE_LOW_PR_OUT_DFF[0].FDRE_PER_N/Q
                         net (fo=66, routed)          0.865     4.303    design_1_i/cg_fpga_0/inst/axi_mem_intercon/m00_couplers/auto_pc/inst/gen_axi4_axi3.axi3_conv_inst/USE_WRITE.write_addr_inst/USE_BURSTS.cmd_queue/inst/aresetn
    SLICE_X29Y66         LUT1 (Prop_lut1_I0_O)        0.124     4.427 f  design_1_i/cg_fpga_0/inst/axi_mem_intercon/m00_couplers/auto_pc/inst/gen_axi4_axi3.axi3_conv_inst/USE_WRITE.write_addr_inst/USE_BURSTS.cmd_queue/inst/S_AXI_AREADY_I_i_1/O
                         net (fo=104, routed)         0.910     5.337    <hidden>
    SLICE_X26Y63         FDPE                                         f  <hidden>
  -------------------------------------------------------------------    -------------------

                         (clock clk_fpga_0 rise edge)
                                                      0.000     0.000 r  
    PS7_X0Y0             PS7                          0.000     0.000 r  design_1_i/cg_fpga_0/inst/processing_system7_0/inst/PS7_i/FCLKCLK[0]
                         net (fo=1, routed)           1.088     1.088    design_1_i/cg_fpga_0/inst/processing_system7_0/inst/FCLK_CLK_unbuffered[0]
    BUFGCTRL_X0Y16       BUFG (Prop_bufg_I_O)         0.091     1.179 r  design_1_i/cg_fpga_0/inst/processing_system7_0/inst/buffer_fclk_clk_0.FCLK_CLK_0_BUFG/O
                         net (fo=6937, routed)        1.516     2.695    <hidden>
    SLICE_X26Y63         FDPE                                         r  <hidden>

Slack:                    inf
  Source:                 design_1_i/cg_fpga_0/inst/rst_ps7_0_100M/U0/ACTIVE_LOW_PR_OUT_DFF[0].FDRE_PER_N/C
                            (rising edge-triggered cell FDRE clocked by clk_fpga_0  {rise@0.000ns fall@5.000ns period=10.000ns})
  Destination:            <hidden>
                            (recovery check against rising-edge clock clk_fpga_0  {rise@0.000ns fall@5.000ns period=10.000ns})
  Path Group:             (none)
  Path Type:              Recovery (Max at Slow Process Corner)
  Data Path Delay:        2.355ns  (logic 0.580ns (24.632%)  route 1.775ns (75.368%))
  Logic Levels:           1  (LUT1=1)
  Clock Path Skew:        -0.287ns (DCD - SCD + CPR)
    Destination Clock Delay (DCD):    2.695ns
    Source Clock Delay      (SCD):    2.982ns
    Clock Pessimism Removal (CPR):    0.000ns
  Clock Uncertainty:      0.154ns  ((TSJ^2 + TIJ^2)^1/2 + DJ) / 2 + PE
    Total System Jitter     (TSJ):    0.071ns
    Total Input Jitter      (TIJ):    0.300ns
    Discrete Jitter          (DJ):    0.000ns
    Phase Error              (PE):    0.000ns
  Timing Exception:       False Path

    Location             Delay type                Incr(ns)  Path(ns)    Netlist Resource(s)
  -------------------------------------------------------------------    -------------------
                         (clock clk_fpga_0 rise edge)
                                                      0.000     0.000 r  
    PS7_X0Y0             PS7                          0.000     0.000 r  design_1_i/cg_fpga_0/inst/processing_system7_0/inst/PS7_i/FCLKCLK[0]
                         net (fo=1, routed)           1.193     1.193    design_1_i/cg_fpga_0/inst/processing_system7_0/inst/FCLK_CLK_unbuffered[0]
    BUFGCTRL_X0Y16       BUFG (Prop_bufg_I_O)         0.101     1.294 r  design_1_i/cg_fpga_0/inst/processing_system7_0/inst/buffer_fclk_clk_0.FCLK_CLK_0_BUFG/O
                         net (fo=6937, routed)        1.688     2.982    design_1_i/cg_fpga_0/inst/rst_ps7_0_100M/U0/slowest_sync_clk
    SLICE_X28Y68         FDRE                                         r  design_1_i/cg_fpga_0/inst/rst_ps7_0_100M/U0/ACTIVE_LOW_PR_OUT_DFF[0].FDRE_PER_N/C
  -------------------------------------------------------------------    -------------------
    SLICE_X28Y68         FDRE (Prop_fdre_C_Q)         0.456     3.438 r  design_1_i/cg_fpga_0/inst/rst_ps7_0_100M/U0/ACTIVE_LOW_PR_OUT_DFF[0].FDRE_PER_N/Q
                         net (fo=66, routed)          0.865     4.303    design_1_i/cg_fpga_0/inst/axi_mem_intercon/m00_couplers/auto_pc/inst/gen_axi4_axi3.axi3_conv_inst/USE_WRITE.write_addr_inst/USE_BURSTS.cmd_queue/inst/aresetn
    SLICE_X29Y66         LUT1 (Prop_lut1_I0_O)        0.124     4.427 f  design_1_i/cg_fpga_0/inst/axi_mem_intercon/m00_couplers/auto_pc/inst/gen_axi4_axi3.axi3_conv_inst/USE_WRITE.write_addr_inst/USE_BURSTS.cmd_queue/inst/S_AXI_AREADY_I_i_1/O
                         net (fo=104, routed)         0.910     5.337    <hidden>
    SLICE_X26Y63         FDPE                                         f  <hidden>
  -------------------------------------------------------------------    -------------------

                         (clock clk_fpga_0 rise edge)
                                                      0.000     0.000 r  
    PS7_X0Y0             PS7                          0.000     0.000 r  design_1_i/cg_fpga_0/inst/processing_system7_0/inst/PS7_i/FCLKCLK[0]
                         net (fo=1, routed)           1.088     1.088    design_1_i/cg_fpga_0/inst/processing_system7_0/inst/FCLK_CLK_unbuffered[0]
    BUFGCTRL_X0Y16       BUFG (Prop_bufg_I_O)         0.091     1.179 r  design_1_i/cg_fpga_0/inst/processing_system7_0/inst/buffer_fclk_clk_0.FCLK_CLK_0_BUFG/O
                         net (fo=6937, routed)        1.516     2.695    <hidden>
    SLICE_X26Y63         FDPE                                         r  <hidden>

Slack:                    inf
  Source:                 design_1_i/cg_fpga_0/inst/cg_axi_vdma_0/U0/AXI_LITE_REG_INTERFACE_I/GEN_AXI_LITE_IF.AXI_LITE_IF_I/wdata_reg[9]/C
                            (rising edge-triggered cell FDRE clocked by clk_fpga_0  {rise@0.000ns fall@5.000ns period=10.000ns})
  Destination:            design_1_i/cg_fpga_0/inst/cg_axi_vdma_0/U0/AXI_LITE_REG_INTERFACE_I/GEN_AXI_LITE_IF.AXI_LITE_IF_I/GEN_LITE_IS_ASYNC.GEN_ASYNC_LITE_ACCESS.s2mm_axi2ip_wrdata_cdc_tig_reg[9]/D
                            (rising edge-triggered cell FDRE clocked by clk_fpga_0  {rise@0.000ns fall@5.000ns period=10.000ns})
  Path Group:             (none)
  Path Type:              Setup (Max at Slow Process Corner)
  Data Path Delay:        2.163ns  (logic 0.456ns (21.078%)  route 1.707ns (78.922%))
  Logic Levels:           0  
  Clock Path Skew:        -0.273ns (DCD - SCD + CPR)
    Destination Clock Delay (DCD):    2.646ns
    Source Clock Delay      (SCD):    2.919ns
    Clock Pessimism Removal (CPR):    0.000ns
  Clock Uncertainty:      0.154ns  ((TSJ^2 + TIJ^2)^1/2 + DJ) / 2 + PE
    Total System Jitter     (TSJ):    0.071ns
    Total Input Jitter      (TIJ):    0.300ns
    Discrete Jitter          (DJ):    0.000ns
    Phase Error              (PE):    0.000ns
  Timing Exception:       False Path

    Location             Delay type                Incr(ns)  Path(ns)    Netlist Resource(s)
  -------------------------------------------------------------------    -------------------
                         (clock clk_fpga_0 rise edge)
                                                      0.000     0.000 r  
    PS7_X0Y0             PS7                          0.000     0.000 r  design_1_i/cg_fpga_0/inst/processing_system7_0/inst/PS7_i/FCLKCLK[0]
                         net (fo=1, routed)           1.193     1.193    design_1_i/cg_fpga_0/inst/processing_system7_0/inst/FCLK_CLK_unbuffered[0]
    BUFGCTRL_X0Y16       BUFG (Prop_bufg_I_O)         0.101     1.294 r  design_1_i/cg_fpga_0/inst/processing_system7_0/inst/buffer_fclk_clk_0.FCLK_CLK_0_BUFG/O
                         net (fo=6937, routed)        1.625     2.919    design_1_i/cg_fpga_0/inst/cg_axi_vdma_0/U0/AXI_LITE_REG_INTERFACE_I/GEN_AXI_LITE_IF.AXI_LITE_IF_I/s_axi_lite_aclk
    SLICE_X52Y71         FDRE                                         r  design_1_i/cg_fpga_0/inst/cg_axi_vdma_0/U0/AXI_LITE_REG_INTERFACE_I/GEN_AXI_LITE_IF.AXI_LITE_IF_I/wdata_reg[9]/C
  -------------------------------------------------------------------    -------------------
    SLICE_X52Y71         FDRE (Prop_fdre_C_Q)         0.456     3.375 r  design_1_i/cg_fpga_0/inst/cg_axi_vdma_0/U0/AXI_LITE_REG_INTERFACE_I/GEN_AXI_LITE_IF.AXI_LITE_IF_I/wdata_reg[9]/Q
                         net (fo=2, routed)           1.707     5.082    design_1_i/cg_fpga_0/inst/cg_axi_vdma_0/U0/AXI_LITE_REG_INTERFACE_I/GEN_AXI_LITE_IF.AXI_LITE_IF_I/wdata[9]
    SLICE_X51Y51         FDRE                                         r  design_1_i/cg_fpga_0/inst/cg_axi_vdma_0/U0/AXI_LITE_REG_INTERFACE_I/GEN_AXI_LITE_IF.AXI_LITE_IF_I/GEN_LITE_IS_ASYNC.GEN_ASYNC_LITE_ACCESS.s2mm_axi2ip_wrdata_cdc_tig_reg[9]/D
  -------------------------------------------------------------------    -------------------

                         (clock clk_fpga_0 rise edge)
                                                      0.000     0.000 r  
    PS7_X0Y0             PS7                          0.000     0.000 r  design_1_i/cg_fpga_0/inst/processing_system7_0/inst/PS7_i/FCLKCLK[0]
                         net (fo=1, routed)           1.088     1.088    design_1_i/cg_fpga_0/inst/processing_system7_0/inst/FCLK_CLK_unbuffered[0]
    BUFGCTRL_X0Y16       BUFG (Prop_bufg_I_O)         0.091     1.179 r  design_1_i/cg_fpga_0/inst/processing_system7_0/inst/buffer_fclk_clk_0.FCLK_CLK_0_BUFG/O
                         net (fo=6937, routed)        1.467     2.646    design_1_i/cg_fpga_0/inst/cg_axi_vdma_0/U0/AXI_LITE_REG_INTERFACE_I/GEN_AXI_LITE_IF.AXI_LITE_IF_I/s_axi_lite_aclk
    SLICE_X51Y51         FDRE                                         r  design_1_i/cg_fpga_0/inst/cg_axi_vdma_0/U0/AXI_LITE_REG_INTERFACE_I/GEN_AXI_LITE_IF.AXI_LITE_IF_I/GEN_LITE_IS_ASYNC.GEN_ASYNC_LITE_ACCESS.s2mm_axi2ip_wrdata_cdc_tig_reg[9]/C

Slack:                    inf
  Source:                 design_1_i/cg_fpga_0/inst/cg_axi_vdma_0/U0/AXI_LITE_REG_INTERFACE_I/GEN_AXI_LITE_IF.AXI_LITE_IF_I/axi2ip_rdaddr_captured_reg[7]/C
                            (rising edge-triggered cell FDRE clocked by clk_fpga_0  {rise@0.000ns fall@5.000ns period=10.000ns})
  Destination:            design_1_i/cg_fpga_0/inst/cg_axi_vdma_0/U0/AXI_LITE_REG_INTERFACE_I/GEN_AXI_LITE_IF.AXI_LITE_IF_I/GEN_LITE_IS_ASYNC.GEN_ASYNC_LITE_ACCESS.axi2ip_rdaddr_captured_s2mm_cdc_tig_reg[7]/D
                            (rising edge-triggered cell FDRE clocked by clk_fpga_0  {rise@0.000ns fall@5.000ns period=10.000ns})
  Path Group:             (none)
  Path Type:              Setup (Max at Slow Process Corner)
  Data Path Delay:        2.113ns  (logic 0.419ns (19.826%)  route 1.694ns (80.174%))
  Logic Levels:           0  
  Clock Path Skew:        -0.280ns (DCD - SCD + CPR)
    Destination Clock Delay (DCD):    2.656ns
    Source Clock Delay      (SCD):    2.936ns
    Clock Pessimism Removal (CPR):    0.000ns
  Clock Uncertainty:      0.154ns  ((TSJ^2 + TIJ^2)^1/2 + DJ) / 2 + PE
    Total System Jitter     (TSJ):    0.071ns
    Total Input Jitter      (TIJ):    0.300ns
    Discrete Jitter          (DJ):    0.000ns
    Phase Error              (PE):    0.000ns
  Timing Exception:       False Path

    Location             Delay type                Incr(ns)  Path(ns)    Netlist Resource(s)
  -------------------------------------------------------------------    -------------------
                         (clock clk_fpga_0 rise edge)
                                                      0.000     0.000 r  
    PS7_X0Y0             PS7                          0.000     0.000 r  design_1_i/cg_fpga_0/inst/processing_system7_0/inst/PS7_i/FCLKCLK[0]
                         net (fo=1, routed)           1.193     1.193    design_1_i/cg_fpga_0/inst/processing_system7_0/inst/FCLK_CLK_unbuffered[0]
    BUFGCTRL_X0Y16       BUFG (Prop_bufg_I_O)         0.101     1.294 r  design_1_i/cg_fpga_0/inst/processing_system7_0/inst/buffer_fclk_clk_0.FCLK_CLK_0_BUFG/O
                         net (fo=6937, routed)        1.642     2.936    design_1_i/cg_fpga_0/inst/cg_axi_vdma_0/U0/AXI_LITE_REG_INTERFACE_I/GEN_AXI_LITE_IF.AXI_LITE_IF_I/s_axi_lite_aclk
    SLICE_X41Y67         FDRE                                         r  design_1_i/cg_fpga_0/inst/cg_axi_vdma_0/U0/AXI_LITE_REG_INTERFACE_I/GEN_AXI_LITE_IF.AXI_LITE_IF_I/axi2ip_rdaddr_captured_reg[7]/C
  -------------------------------------------------------------------    -------------------
    SLICE_X41Y67         FDRE (Prop_fdre_C_Q)         0.419     3.355 r  design_1_i/cg_fpga_0/inst/cg_axi_vdma_0/U0/AXI_LITE_REG_INTERFACE_I/GEN_AXI_LITE_IF.AXI_LITE_IF_I/axi2ip_rdaddr_captured_reg[7]/Q
                         net (fo=17, routed)          1.694     5.049    design_1_i/cg_fpga_0/inst/cg_axi_vdma_0/U0/AXI_LITE_REG_INTERFACE_I/GEN_AXI_LITE_IF.AXI_LITE_IF_I/axi2ip_rdaddr_captured_reg_n_0_[7]
    SLICE_X48Y53         FDRE                                         r  design_1_i/cg_fpga_0/inst/cg_axi_vdma_0/U0/AXI_LITE_REG_INTERFACE_I/GEN_AXI_LITE_IF.AXI_LITE_IF_I/GEN_LITE_IS_ASYNC.GEN_ASYNC_LITE_ACCESS.axi2ip_rdaddr_captured_s2mm_cdc_tig_reg[7]/D
  -------------------------------------------------------------------    -------------------

                         (clock clk_fpga_0 rise edge)
                                                      0.000     0.000 r  
    PS7_X0Y0             PS7                          0.000     0.000 r  design_1_i/cg_fpga_0/inst/processing_system7_0/inst/PS7_i/FCLKCLK[0]
                         net (fo=1, routed)           1.088     1.088    design_1_i/cg_fpga_0/inst/processing_system7_0/inst/FCLK_CLK_unbuffered[0]
    BUFGCTRL_X0Y16       BUFG (Prop_bufg_I_O)         0.091     1.179 r  design_1_i/cg_fpga_0/inst/processing_system7_0/inst/buffer_fclk_clk_0.FCLK_CLK_0_BUFG/O
                         net (fo=6937, routed)        1.477     2.656    design_1_i/cg_fpga_0/inst/cg_axi_vdma_0/U0/AXI_LITE_REG_INTERFACE_I/GEN_AXI_LITE_IF.AXI_LITE_IF_I/s_axi_lite_aclk
    SLICE_X48Y53         FDRE                                         r  design_1_i/cg_fpga_0/inst/cg_axi_vdma_0/U0/AXI_LITE_REG_INTERFACE_I/GEN_AXI_LITE_IF.AXI_LITE_IF_I/GEN_LITE_IS_ASYNC.GEN_ASYNC_LITE_ACCESS.axi2ip_rdaddr_captured_s2mm_cdc_tig_reg[7]/C





Min Delay Paths
--------------------------------------------------------------------------------------
Slack:                    inf
  Source:                 design_1_i/cg_fpga_0/inst/cg_axi_vdma_0/U0/AXI_LITE_REG_INTERFACE_I/GEN_AXI_LITE_IF.AXI_LITE_IF_I/GEN_LITE_IS_ASYNC.GEN_ASYNC_LITE_ACCESS.s2mm_ip2axi_rddata_d1_reg[7]/C
                            (rising edge-triggered cell FDRE clocked by clk_fpga_0  {rise@0.000ns fall@5.000ns period=10.000ns})
  Destination:            design_1_i/cg_fpga_0/inst/cg_axi_vdma_0/U0/AXI_LITE_REG_INTERFACE_I/GEN_AXI_LITE_IF.AXI_LITE_IF_I/GEN_LITE_IS_ASYNC.GEN_ASYNC_LITE_ACCESS.ip2axi_rddata_captured_s2mm_cdc_tig_reg[7]/D
                            (rising edge-triggered cell FDRE clocked by clk_fpga_0  {rise@0.000ns fall@5.000ns period=10.000ns})
  Path Group:             (none)
  Path Type:              Hold (Min at Fast Process Corner)
  Data Path Delay:        0.197ns  (logic 0.141ns (71.611%)  route 0.056ns (28.389%))
  Logic Levels:           0  
  Clock Path Skew:        0.297ns (DCD - SCD - CPR)
    Destination Clock Delay (DCD):    1.196ns
    Source Clock Delay      (SCD):    0.899ns
    Clock Pessimism Removal (CPR):    -0.000ns
  Clock Uncertainty:      0.154ns  ((TSJ^2 + TIJ^2)^1/2 + DJ) / 2 + PE
    Total System Jitter     (TSJ):    0.071ns
    Total Input Jitter      (TIJ):    0.300ns
    Discrete Jitter          (DJ):    0.000ns
    Phase Error              (PE):    0.000ns
  Timing Exception:       False Path

    Location             Delay type                Incr(ns)  Path(ns)    Netlist Resource(s)
  -------------------------------------------------------------------    -------------------
                         (clock clk_fpga_0 rise edge)
                                                      0.000     0.000 r  
    PS7_X0Y0             PS7                          0.000     0.000 r  design_1_i/cg_fpga_0/inst/processing_system7_0/inst/PS7_i/FCLKCLK[0]
                         net (fo=1, routed)           0.310     0.310    design_1_i/cg_fpga_0/inst/processing_system7_0/inst/FCLK_CLK_unbuffered[0]
    BUFGCTRL_X0Y16       BUFG (Prop_bufg_I_O)         0.026     0.336 r  design_1_i/cg_fpga_0/inst/processing_system7_0/inst/buffer_fclk_clk_0.FCLK_CLK_0_BUFG/O
                         net (fo=6937, routed)        0.563     0.899    design_1_i/cg_fpga_0/inst/cg_axi_vdma_0/U0/AXI_LITE_REG_INTERFACE_I/GEN_AXI_LITE_IF.AXI_LITE_IF_I/s_axi_lite_aclk
    SLICE_X45Y47         FDRE                                         r  design_1_i/cg_fpga_0/inst/cg_axi_vdma_0/U0/AXI_LITE_REG_INTERFACE_I/GEN_AXI_LITE_IF.AXI_LITE_IF_I/GEN_LITE_IS_ASYNC.GEN_ASYNC_LITE_ACCESS.s2mm_ip2axi_rddata_d1_reg[7]/C
  -------------------------------------------------------------------    -------------------
    SLICE_X45Y47         FDRE (Prop_fdre_C_Q)         0.141     1.040 r  design_1_i/cg_fpga_0/inst/cg_axi_vdma_0/U0/AXI_LITE_REG_INTERFACE_I/GEN_AXI_LITE_IF.AXI_LITE_IF_I/GEN_LITE_IS_ASYNC.GEN_ASYNC_LITE_ACCESS.s2mm_ip2axi_rddata_d1_reg[7]/Q
                         net (fo=1, routed)           0.056     1.095    design_1_i/cg_fpga_0/inst/cg_axi_vdma_0/U0/AXI_LITE_REG_INTERFACE_I/GEN_AXI_LITE_IF.AXI_LITE_IF_I/s2mm_ip2axi_rddata_d1[7]
    SLICE_X45Y47         FDRE                                         r  design_1_i/cg_fpga_0/inst/cg_axi_vdma_0/U0/AXI_LITE_REG_INTERFACE_I/GEN_AXI_LITE_IF.AXI_LITE_IF_I/GEN_LITE_IS_ASYNC.GEN_ASYNC_LITE_ACCESS.ip2axi_rddata_captured_s2mm_cdc_tig_reg[7]/D
  -------------------------------------------------------------------    -------------------

                         (clock clk_fpga_0 rise edge)
                                                      0.000     0.000 r  
    PS7_X0Y0             PS7                          0.000     0.000 r  design_1_i/cg_fpga_0/inst/processing_system7_0/inst/PS7_i/FCLKCLK[0]
                         net (fo=1, routed)           0.337     0.337    design_1_i/cg_fpga_0/inst/processing_system7_0/inst/FCLK_CLK_unbuffered[0]
    BUFGCTRL_X0Y16       BUFG (Prop_bufg_I_O)         0.029     0.366 r  design_1_i/cg_fpga_0/inst/processing_system7_0/inst/buffer_fclk_clk_0.FCLK_CLK_0_BUFG/O
                         net (fo=6937, routed)        0.830     1.196    design_1_i/cg_fpga_0/inst/cg_axi_vdma_0/U0/AXI_LITE_REG_INTERFACE_I/GEN_AXI_LITE_IF.AXI_LITE_IF_I/s_axi_lite_aclk
    SLICE_X45Y47         FDRE                                         r  design_1_i/cg_fpga_0/inst/cg_axi_vdma_0/U0/AXI_LITE_REG_INTERFACE_I/GEN_AXI_LITE_IF.AXI_LITE_IF_I/GEN_LITE_IS_ASYNC.GEN_ASYNC_LITE_ACCESS.ip2axi_rddata_captured_s2mm_cdc_tig_reg[7]/C

Slack:                    inf
  Source:                 design_1_i/cg_fpga_0/inst/cg_axi_vdma_0/U0/AXI_LITE_REG_INTERFACE_I/GEN_AXI_LITE_IF.AXI_LITE_IF_I/GEN_LITE_IS_ASYNC.GEN_ASYNC_LITE_ACCESS.mm2s_ip2axi_rddata_d1_reg[6]/C
                            (rising edge-triggered cell FDRE clocked by clk_fpga_0  {rise@0.000ns fall@5.000ns period=10.000ns})
  Destination:            design_1_i/cg_fpga_0/inst/cg_axi_vdma_0/U0/AXI_LITE_REG_INTERFACE_I/GEN_AXI_LITE_IF.AXI_LITE_IF_I/GEN_LITE_IS_ASYNC.GEN_ASYNC_LITE_ACCESS.ip2axi_rddata_captured_mm2s_cdc_tig_reg[6]/D
                            (rising edge-triggered cell FDRE clocked by clk_fpga_0  {rise@0.000ns fall@5.000ns period=10.000ns})
  Path Group:             (none)
  Path Type:              Hold (Min at Fast Process Corner)
  Data Path Delay:        0.206ns  (logic 0.141ns (68.336%)  route 0.065ns (31.664%))
  Logic Levels:           0  
  Clock Path Skew:        0.299ns (DCD - SCD - CPR)
    Destination Clock Delay (DCD):    1.189ns
    Source Clock Delay      (SCD):    0.890ns
    Clock Pessimism Removal (CPR):    -0.000ns
  Clock Uncertainty:      0.154ns  ((TSJ^2 + TIJ^2)^1/2 + DJ) / 2 + PE
    Total System Jitter     (TSJ):    0.071ns
    Total Input Jitter      (TIJ):    0.300ns
    Discrete Jitter          (DJ):    0.000ns
    Phase Error              (PE):    0.000ns
  Timing Exception:       False Path

    Location             Delay type                Incr(ns)  Path(ns)    Netlist Resource(s)
  -------------------------------------------------------------------    -------------------
                         (clock clk_fpga_0 rise edge)
                                                      0.000     0.000 r  
    PS7_X0Y0             PS7                          0.000     0.000 r  design_1_i/cg_fpga_0/inst/processing_system7_0/inst/PS7_i/FCLKCLK[0]
                         net (fo=1, routed)           0.310     0.310    design_1_i/cg_fpga_0/inst/processing_system7_0/inst/FCLK_CLK_unbuffered[0]
    BUFGCTRL_X0Y16       BUFG (Prop_bufg_I_O)         0.026     0.336 r  design_1_i/cg_fpga_0/inst/processing_system7_0/inst/buffer_fclk_clk_0.FCLK_CLK_0_BUFG/O
                         net (fo=6937, routed)        0.554     0.890    design_1_i/cg_fpga_0/inst/cg_axi_vdma_0/U0/AXI_LITE_REG_INTERFACE_I/GEN_AXI_LITE_IF.AXI_LITE_IF_I/s_axi_lite_aclk
    SLICE_X48Y59         FDRE                                         r  design_1_i/cg_fpga_0/inst/cg_axi_vdma_0/U0/AXI_LITE_REG_INTERFACE_I/GEN_AXI_LITE_IF.AXI_LITE_IF_I/GEN_LITE_IS_ASYNC.GEN_ASYNC_LITE_ACCESS.mm2s_ip2axi_rddata_d1_reg[6]/C
  -------------------------------------------------------------------    -------------------
    SLICE_X48Y59         FDRE (Prop_fdre_C_Q)         0.141     1.031 r  design_1_i/cg_fpga_0/inst/cg_axi_vdma_0/U0/AXI_LITE_REG_INTERFACE_I/GEN_AXI_LITE_IF.AXI_LITE_IF_I/GEN_LITE_IS_ASYNC.GEN_ASYNC_LITE_ACCESS.mm2s_ip2axi_rddata_d1_reg[6]/Q
                         net (fo=1, routed)           0.065     1.096    design_1_i/cg_fpga_0/inst/cg_axi_vdma_0/U0/AXI_LITE_REG_INTERFACE_I/GEN_AXI_LITE_IF.AXI_LITE_IF_I/mm2s_ip2axi_rddata_d1[6]
    SLICE_X48Y59         FDRE                                         r  design_1_i/cg_fpga_0/inst/cg_axi_vdma_0/U0/AXI_LITE_REG_INTERFACE_I/GEN_AXI_LITE_IF.AXI_LITE_IF_I/GEN_LITE_IS_ASYNC.GEN_ASYNC_LITE_ACCESS.ip2axi_rddata_captured_mm2s_cdc_tig_reg[6]/D
  -------------------------------------------------------------------    -------------------

                         (clock clk_fpga_0 rise edge)
                                                      0.000     0.000 r  
    PS7_X0Y0             PS7                          0.000     0.000 r  design_1_i/cg_fpga_0/inst/processing_system7_0/inst/PS7_i/FCLKCLK[0]
                         net (fo=1, routed)           0.337     0.337    design_1_i/cg_fpga_0/inst/processing_system7_0/inst/FCLK_CLK_unbuffered[0]
    BUFGCTRL_X0Y16       BUFG (Prop_bufg_I_O)         0.029     0.366 r  design_1_i/cg_fpga_0/inst/processing_system7_0/inst/buffer_fclk_clk_0.FCLK_CLK_0_BUFG/O
                         net (fo=6937, routed)        0.823     1.189    design_1_i/cg_fpga_0/inst/cg_axi_vdma_0/U0/AXI_LITE_REG_INTERFACE_I/GEN_AXI_LITE_IF.AXI_LITE_IF_I/s_axi_lite_aclk
    SLICE_X48Y59         FDRE                                         r  design_1_i/cg_fpga_0/inst/cg_axi_vdma_0/U0/AXI_LITE_REG_INTERFACE_I/GEN_AXI_LITE_IF.AXI_LITE_IF_I/GEN_LITE_IS_ASYNC.GEN_ASYNC_LITE_ACCESS.ip2axi_rddata_captured_mm2s_cdc_tig_reg[6]/C

Slack:                    inf
  Source:                 design_1_i/cg_fpga_0/inst/cg_axi_vdma_0/U0/I_RST_MODULE/GEN_RESET_FOR_MM2S.RESET_I/GEN_RESET_FOR_ASYNC.HARD_RESET_CDC_I/GENERATE_LEVEL_P_S_CDC.SINGLE_BIT.INPUT_FLOP.REG_PLEVEL_IN_cdc_from/C
                            (rising edge-triggered cell FDRE clocked by clk_fpga_0  {rise@0.000ns fall@5.000ns period=10.000ns})
  Destination:            design_1_i/cg_fpga_0/inst/cg_axi_vdma_0/U0/I_RST_MODULE/GEN_RESET_FOR_MM2S.RESET_I/GEN_RESET_FOR_ASYNC.HARD_RESET_CDC_I/GENERATE_LEVEL_P_S_CDC.SINGLE_BIT.CROSS_PLEVEL_IN2SCNDRY_IN_cdc_to/D
                            (rising edge-triggered cell FDRE clocked by clk_fpga_0  {rise@0.000ns fall@5.000ns period=10.000ns})
  Path Group:             (none)
  Path Type:              Hold (Min at Fast Process Corner)
  Data Path Delay:        0.213ns  (logic 0.128ns (60.036%)  route 0.085ns (39.964%))
  Logic Levels:           0  
  Clock Path Skew:        0.296ns (DCD - SCD - CPR)
    Destination Clock Delay (DCD):    1.181ns
    Source Clock Delay      (SCD):    0.885ns
    Clock Pessimism Removal (CPR):    -0.000ns
  Clock Uncertainty:      0.154ns  ((TSJ^2 + TIJ^2)^1/2 + DJ) / 2 + PE
    Total System Jitter     (TSJ):    0.071ns
    Total Input Jitter      (TIJ):    0.300ns
    Discrete Jitter          (DJ):    0.000ns
    Phase Error              (PE):    0.000ns
  Timing Exception:       False Path

    Location             Delay type                Incr(ns)  Path(ns)    Netlist Resource(s)
  -------------------------------------------------------------------    -------------------
                         (clock clk_fpga_0 rise edge)
                                                      0.000     0.000 r  
    PS7_X0Y0             PS7                          0.000     0.000 r  design_1_i/cg_fpga_0/inst/processing_system7_0/inst/PS7_i/FCLKCLK[0]
                         net (fo=1, routed)           0.310     0.310    design_1_i/cg_fpga_0/inst/processing_system7_0/inst/FCLK_CLK_unbuffered[0]
    BUFGCTRL_X0Y16       BUFG (Prop_bufg_I_O)         0.026     0.336 r  design_1_i/cg_fpga_0/inst/processing_system7_0/inst/buffer_fclk_clk_0.FCLK_CLK_0_BUFG/O
                         net (fo=6937, routed)        0.549     0.885    design_1_i/cg_fpga_0/inst/cg_axi_vdma_0/U0/I_RST_MODULE/GEN_RESET_FOR_MM2S.RESET_I/GEN_RESET_FOR_ASYNC.HARD_RESET_CDC_I/s_axi_lite_aclk
    SLICE_X45Y68         FDRE                                         r  design_1_i/cg_fpga_0/inst/cg_axi_vdma_0/U0/I_RST_MODULE/GEN_RESET_FOR_MM2S.RESET_I/GEN_RESET_FOR_ASYNC.HARD_RESET_CDC_I/GENERATE_LEVEL_P_S_CDC.SINGLE_BIT.INPUT_FLOP.REG_PLEVEL_IN_cdc_from/C
  -------------------------------------------------------------------    -------------------
    SLICE_X45Y68         FDRE (Prop_fdre_C_Q)         0.128     1.013 r  design_1_i/cg_fpga_0/inst/cg_axi_vdma_0/U0/I_RST_MODULE/GEN_RESET_FOR_MM2S.RESET_I/GEN_RESET_FOR_ASYNC.HARD_RESET_CDC_I/GENERATE_LEVEL_P_S_CDC.SINGLE_BIT.INPUT_FLOP.REG_PLEVEL_IN_cdc_from/Q
                         net (fo=1, routed)           0.085     1.098    design_1_i/cg_fpga_0/inst/cg_axi_vdma_0/U0/I_RST_MODULE/GEN_RESET_FOR_MM2S.RESET_I/GEN_RESET_FOR_ASYNC.HARD_RESET_CDC_I/Q
    SLICE_X45Y68         FDRE                                         r  design_1_i/cg_fpga_0/inst/cg_axi_vdma_0/U0/I_RST_MODULE/GEN_RESET_FOR_MM2S.RESET_I/GEN_RESET_FOR_ASYNC.HARD_RESET_CDC_I/GENERATE_LEVEL_P_S_CDC.SINGLE_BIT.CROSS_PLEVEL_IN2SCNDRY_IN_cdc_to/D
  -------------------------------------------------------------------    -------------------

                         (clock clk_fpga_0 rise edge)
                                                      0.000     0.000 r  
    PS7_X0Y0             PS7                          0.000     0.000 r  design_1_i/cg_fpga_0/inst/processing_system7_0/inst/PS7_i/FCLKCLK[0]
                         net (fo=1, routed)           0.337     0.337    design_1_i/cg_fpga_0/inst/processing_system7_0/inst/FCLK_CLK_unbuffered[0]
    BUFGCTRL_X0Y16       BUFG (Prop_bufg_I_O)         0.029     0.366 r  design_1_i/cg_fpga_0/inst/processing_system7_0/inst/buffer_fclk_clk_0.FCLK_CLK_0_BUFG/O
                         net (fo=6937, routed)        0.815     1.181    design_1_i/cg_fpga_0/inst/cg_axi_vdma_0/U0/I_RST_MODULE/GEN_RESET_FOR_MM2S.RESET_I/GEN_RESET_FOR_ASYNC.HARD_RESET_CDC_I/s_axi_lite_aclk
    SLICE_X45Y68         FDRE                                         r  design_1_i/cg_fpga_0/inst/cg_axi_vdma_0/U0/I_RST_MODULE/GEN_RESET_FOR_MM2S.RESET_I/GEN_RESET_FOR_ASYNC.HARD_RESET_CDC_I/GENERATE_LEVEL_P_S_CDC.SINGLE_BIT.CROSS_PLEVEL_IN2SCNDRY_IN_cdc_to/C

Slack:                    inf
  Source:                 design_1_i/cg_fpga_0/inst/cg_axi_vdma_0/U0/AXI_LITE_REG_INTERFACE_I/GEN_AXI_LITE_IF.AXI_LITE_IF_I/GEN_LITE_IS_ASYNC.GEN_ASYNC_LITE_ACCESS.mm2s_ip2axi_rddata_d1_reg[3]/C
                            (rising edge-triggered cell FDRE clocked by clk_fpga_0  {rise@0.000ns fall@5.000ns period=10.000ns})
  Destination:            design_1_i/cg_fpga_0/inst/cg_axi_vdma_0/U0/AXI_LITE_REG_INTERFACE_I/GEN_AXI_LITE_IF.AXI_LITE_IF_I/GEN_LITE_IS_ASYNC.GEN_ASYNC_LITE_ACCESS.ip2axi_rddata_captured_mm2s_cdc_tig_reg[3]/D
                            (rising edge-triggered cell FDRE clocked by clk_fpga_0  {rise@0.000ns fall@5.000ns period=10.000ns})
  Path Group:             (none)
  Path Type:              Hold (Min at Fast Process Corner)
  Data Path Delay:        0.220ns  (logic 0.164ns (74.580%)  route 0.056ns (25.420%))
  Logic Levels:           0  
  Clock Path Skew:        0.298ns (DCD - SCD - CPR)
    Destination Clock Delay (DCD):    1.186ns
    Source Clock Delay      (SCD):    0.888ns
    Clock Pessimism Removal (CPR):    -0.000ns
  Clock Uncertainty:      0.154ns  ((TSJ^2 + TIJ^2)^1/2 + DJ) / 2 + PE
    Total System Jitter     (TSJ):    0.071ns
    Total Input Jitter      (TIJ):    0.300ns
    Discrete Jitter          (DJ):    0.000ns
    Phase Error              (PE):    0.000ns
  Timing Exception:       False Path

    Location             Delay type                Incr(ns)  Path(ns)    Netlist Resource(s)
  -------------------------------------------------------------------    -------------------
                         (clock clk_fpga_0 rise edge)
                                                      0.000     0.000 r  
    PS7_X0Y0             PS7                          0.000     0.000 r  design_1_i/cg_fpga_0/inst/processing_system7_0/inst/PS7_i/FCLKCLK[0]
                         net (fo=1, routed)           0.310     0.310    design_1_i/cg_fpga_0/inst/processing_system7_0/inst/FCLK_CLK_unbuffered[0]
    BUFGCTRL_X0Y16       BUFG (Prop_bufg_I_O)         0.026     0.336 r  design_1_i/cg_fpga_0/inst/processing_system7_0/inst/buffer_fclk_clk_0.FCLK_CLK_0_BUFG/O
                         net (fo=6937, routed)        0.552     0.888    design_1_i/cg_fpga_0/inst/cg_axi_vdma_0/U0/AXI_LITE_REG_INTERFACE_I/GEN_AXI_LITE_IF.AXI_LITE_IF_I/s_axi_lite_aclk
    SLICE_X50Y55         FDRE                                         r  design_1_i/cg_fpga_0/inst/cg_axi_vdma_0/U0/AXI_LITE_REG_INTERFACE_I/GEN_AXI_LITE_IF.AXI_LITE_IF_I/GEN_LITE_IS_ASYNC.GEN_ASYNC_LITE_ACCESS.mm2s_ip2axi_rddata_d1_reg[3]/C
  -------------------------------------------------------------------    -------------------
    SLICE_X50Y55         FDRE (Prop_fdre_C_Q)         0.164     1.052 r  design_1_i/cg_fpga_0/inst/cg_axi_vdma_0/U0/AXI_LITE_REG_INTERFACE_I/GEN_AXI_LITE_IF.AXI_LITE_IF_I/GEN_LITE_IS_ASYNC.GEN_ASYNC_LITE_ACCESS.mm2s_ip2axi_rddata_d1_reg[3]/Q
                         net (fo=1, routed)           0.056     1.107    design_1_i/cg_fpga_0/inst/cg_axi_vdma_0/U0/AXI_LITE_REG_INTERFACE_I/GEN_AXI_LITE_IF.AXI_LITE_IF_I/mm2s_ip2axi_rddata_d1[3]
    SLICE_X50Y55         FDRE                                         r  design_1_i/cg_fpga_0/inst/cg_axi_vdma_0/U0/AXI_LITE_REG_INTERFACE_I/GEN_AXI_LITE_IF.AXI_LITE_IF_I/GEN_LITE_IS_ASYNC.GEN_ASYNC_LITE_ACCESS.ip2axi_rddata_captured_mm2s_cdc_tig_reg[3]/D
  -------------------------------------------------------------------    -------------------

                         (clock clk_fpga_0 rise edge)
                                                      0.000     0.000 r  
    PS7_X0Y0             PS7                          0.000     0.000 r  design_1_i/cg_fpga_0/inst/processing_system7_0/inst/PS7_i/FCLKCLK[0]
                         net (fo=1, routed)           0.337     0.337    design_1_i/cg_fpga_0/inst/processing_system7_0/inst/FCLK_CLK_unbuffered[0]
    BUFGCTRL_X0Y16       BUFG (Prop_bufg_I_O)         0.029     0.366 r  design_1_i/cg_fpga_0/inst/processing_system7_0/inst/buffer_fclk_clk_0.FCLK_CLK_0_BUFG/O
                         net (fo=6937, routed)        0.820     1.186    design_1_i/cg_fpga_0/inst/cg_axi_vdma_0/U0/AXI_LITE_REG_INTERFACE_I/GEN_AXI_LITE_IF.AXI_LITE_IF_I/s_axi_lite_aclk
    SLICE_X50Y55         FDRE                                         r  design_1_i/cg_fpga_0/inst/cg_axi_vdma_0/U0/AXI_LITE_REG_INTERFACE_I/GEN_AXI_LITE_IF.AXI_LITE_IF_I/GEN_LITE_IS_ASYNC.GEN_ASYNC_LITE_ACCESS.ip2axi_rddata_captured_mm2s_cdc_tig_reg[3]/C

Slack:                    inf
  Source:                 design_1_i/cg_fpga_0/inst/cg_axi_vdma_0/U0/AXI_LITE_REG_INTERFACE_I/GEN_AXI_LITE_IF.AXI_LITE_IF_I/GEN_LITE_IS_ASYNC.GEN_ASYNC_LITE_ACCESS.mm2s_ip2axi_rddata_d1_reg[4]/C
                            (rising edge-triggered cell FDRE clocked by clk_fpga_0  {rise@0.000ns fall@5.000ns period=10.000ns})
  Destination:            design_1_i/cg_fpga_0/inst/cg_axi_vdma_0/U0/AXI_LITE_REG_INTERFACE_I/GEN_AXI_LITE_IF.AXI_LITE_IF_I/GEN_LITE_IS_ASYNC.GEN_ASYNC_LITE_ACCESS.ip2axi_rddata_captured_mm2s_cdc_tig_reg[4]/D
                            (rising edge-triggered cell FDRE clocked by clk_fpga_0  {rise@0.000ns fall@5.000ns period=10.000ns})
  Path Group:             (none)
  Path Type:              Hold (Min at Fast Process Corner)
  Data Path Delay:        0.197ns  (logic 0.141ns (71.611%)  route 0.056ns (28.389%))
  Logic Levels:           0  
  Clock Path Skew:        0.299ns (DCD - SCD - CPR)
    Destination Clock Delay (DCD):    1.210ns
    Source Clock Delay      (SCD):    0.911ns
    Clock Pessimism Removal (CPR):    -0.000ns
  Clock Uncertainty:      0.154ns  ((TSJ^2 + TIJ^2)^1/2 + DJ) / 2 + PE
    Total System Jitter     (TSJ):    0.071ns
    Total Input Jitter      (TIJ):    0.300ns
    Discrete Jitter          (DJ):    0.000ns
    Phase Error              (PE):    0.000ns
  Timing Exception:       False Path

    Location             Delay type                Incr(ns)  Path(ns)    Netlist Resource(s)
  -------------------------------------------------------------------    -------------------
                         (clock clk_fpga_0 rise edge)
                                                      0.000     0.000 r  
    PS7_X0Y0             PS7                          0.000     0.000 r  design_1_i/cg_fpga_0/inst/processing_system7_0/inst/PS7_i/FCLKCLK[0]
                         net (fo=1, routed)           0.310     0.310    design_1_i/cg_fpga_0/inst/processing_system7_0/inst/FCLK_CLK_unbuffered[0]
    BUFGCTRL_X0Y16       BUFG (Prop_bufg_I_O)         0.026     0.336 r  design_1_i/cg_fpga_0/inst/processing_system7_0/inst/buffer_fclk_clk_0.FCLK_CLK_0_BUFG/O
                         net (fo=6937, routed)        0.575     0.911    design_1_i/cg_fpga_0/inst/cg_axi_vdma_0/U0/AXI_LITE_REG_INTERFACE_I/GEN_AXI_LITE_IF.AXI_LITE_IF_I/s_axi_lite_aclk
    SLICE_X55Y59         FDRE                                         r  design_1_i/cg_fpga_0/inst/cg_axi_vdma_0/U0/AXI_LITE_REG_INTERFACE_I/GEN_AXI_LITE_IF.AXI_LITE_IF_I/GEN_LITE_IS_ASYNC.GEN_ASYNC_LITE_ACCESS.mm2s_ip2axi_rddata_d1_reg[4]/C
  -------------------------------------------------------------------    -------------------
    SLICE_X55Y59         FDRE (Prop_fdre_C_Q)         0.141     1.052 r  design_1_i/cg_fpga_0/inst/cg_axi_vdma_0/U0/AXI_LITE_REG_INTERFACE_I/GEN_AXI_LITE_IF.AXI_LITE_IF_I/GEN_LITE_IS_ASYNC.GEN_ASYNC_LITE_ACCESS.mm2s_ip2axi_rddata_d1_reg[4]/Q
                         net (fo=1, routed)           0.056     1.107    design_1_i/cg_fpga_0/inst/cg_axi_vdma_0/U0/AXI_LITE_REG_INTERFACE_I/GEN_AXI_LITE_IF.AXI_LITE_IF_I/mm2s_ip2axi_rddata_d1[4]
    SLICE_X55Y59         FDRE                                         r  design_1_i/cg_fpga_0/inst/cg_axi_vdma_0/U0/AXI_LITE_REG_INTERFACE_I/GEN_AXI_LITE_IF.AXI_LITE_IF_I/GEN_LITE_IS_ASYNC.GEN_ASYNC_LITE_ACCESS.ip2axi_rddata_captured_mm2s_cdc_tig_reg[4]/D
  -------------------------------------------------------------------    -------------------

                         (clock clk_fpga_0 rise edge)
                                                      0.000     0.000 r  
    PS7_X0Y0             PS7                          0.000     0.000 r  design_1_i/cg_fpga_0/inst/processing_system7_0/inst/PS7_i/FCLKCLK[0]
                         net (fo=1, routed)           0.337     0.337    design_1_i/cg_fpga_0/inst/processing_system7_0/inst/FCLK_CLK_unbuffered[0]
    BUFGCTRL_X0Y16       BUFG (Prop_bufg_I_O)         0.029     0.366 r  design_1_i/cg_fpga_0/inst/processing_system7_0/inst/buffer_fclk_clk_0.FCLK_CLK_0_BUFG/O
                         net (fo=6937, routed)        0.844     1.210    design_1_i/cg_fpga_0/inst/cg_axi_vdma_0/U0/AXI_LITE_REG_INTERFACE_I/GEN_AXI_LITE_IF.AXI_LITE_IF_I/s_axi_lite_aclk
    SLICE_X55Y59         FDRE                                         r  design_1_i/cg_fpga_0/inst/cg_axi_vdma_0/U0/AXI_LITE_REG_INTERFACE_I/GEN_AXI_LITE_IF.AXI_LITE_IF_I/GEN_LITE_IS_ASYNC.GEN_ASYNC_LITE_ACCESS.ip2axi_rddata_captured_mm2s_cdc_tig_reg[4]/C

Slack:                    inf
  Source:                 design_1_i/cg_fpga_0/inst/cg_axi_vdma_0/U0/AXI_LITE_REG_INTERFACE_I/GEN_AXI_LITE_IF.AXI_LITE_IF_I/GEN_LITE_IS_ASYNC.GEN_ASYNC_LITE_ACCESS.s2mm_ip2axi_rddata_d1_reg[8]/C
                            (rising edge-triggered cell FDRE clocked by clk_fpga_0  {rise@0.000ns fall@5.000ns period=10.000ns})
  Destination:            design_1_i/cg_fpga_0/inst/cg_axi_vdma_0/U0/AXI_LITE_REG_INTERFACE_I/GEN_AXI_LITE_IF.AXI_LITE_IF_I/GEN_LITE_IS_ASYNC.GEN_ASYNC_LITE_ACCESS.ip2axi_rddata_captured_s2mm_cdc_tig_reg[8]/D
                            (rising edge-triggered cell FDRE clocked by clk_fpga_0  {rise@0.000ns fall@5.000ns period=10.000ns})
  Path Group:             (none)
  Path Type:              Hold (Min at Fast Process Corner)
  Data Path Delay:        0.220ns  (logic 0.164ns (74.580%)  route 0.056ns (25.420%))
  Logic Levels:           0  
  Clock Path Skew:        0.297ns (DCD - SCD - CPR)
    Destination Clock Delay (DCD):    1.192ns
    Source Clock Delay      (SCD):    0.895ns
    Clock Pessimism Removal (CPR):    -0.000ns
  Clock Uncertainty:      0.154ns  ((TSJ^2 + TIJ^2)^1/2 + DJ) / 2 + PE
    Total System Jitter     (TSJ):    0.071ns
    Total Input Jitter      (TIJ):    0.300ns
    Discrete Jitter          (DJ):    0.000ns
    Phase Error              (PE):    0.000ns
  Timing Exception:       False Path

    Location             Delay type                Incr(ns)  Path(ns)    Netlist Resource(s)
  -------------------------------------------------------------------    -------------------
                         (clock clk_fpga_0 rise edge)
                                                      0.000     0.000 r  
    PS7_X0Y0             PS7                          0.000     0.000 r  design_1_i/cg_fpga_0/inst/processing_system7_0/inst/PS7_i/FCLKCLK[0]
                         net (fo=1, routed)           0.310     0.310    design_1_i/cg_fpga_0/inst/processing_system7_0/inst/FCLK_CLK_unbuffered[0]
    BUFGCTRL_X0Y16       BUFG (Prop_bufg_I_O)         0.026     0.336 r  design_1_i/cg_fpga_0/inst/processing_system7_0/inst/buffer_fclk_clk_0.FCLK_CLK_0_BUFG/O
                         net (fo=6937, routed)        0.559     0.895    design_1_i/cg_fpga_0/inst/cg_axi_vdma_0/U0/AXI_LITE_REG_INTERFACE_I/GEN_AXI_LITE_IF.AXI_LITE_IF_I/s_axi_lite_aclk
    SLICE_X50Y48         FDRE                                         r  design_1_i/cg_fpga_0/inst/cg_axi_vdma_0/U0/AXI_LITE_REG_INTERFACE_I/GEN_AXI_LITE_IF.AXI_LITE_IF_I/GEN_LITE_IS_ASYNC.GEN_ASYNC_LITE_ACCESS.s2mm_ip2axi_rddata_d1_reg[8]/C
  -------------------------------------------------------------------    -------------------
    SLICE_X50Y48         FDRE (Prop_fdre_C_Q)         0.164     1.059 r  design_1_i/cg_fpga_0/inst/cg_axi_vdma_0/U0/AXI_LITE_REG_INTERFACE_I/GEN_AXI_LITE_IF.AXI_LITE_IF_I/GEN_LITE_IS_ASYNC.GEN_ASYNC_LITE_ACCESS.s2mm_ip2axi_rddata_d1_reg[8]/Q
                         net (fo=1, routed)           0.056     1.114    design_1_i/cg_fpga_0/inst/cg_axi_vdma_0/U0/AXI_LITE_REG_INTERFACE_I/GEN_AXI_LITE_IF.AXI_LITE_IF_I/s2mm_ip2axi_rddata_d1[8]
    SLICE_X50Y48         FDRE                                         r  design_1_i/cg_fpga_0/inst/cg_axi_vdma_0/U0/AXI_LITE_REG_INTERFACE_I/GEN_AXI_LITE_IF.AXI_LITE_IF_I/GEN_LITE_IS_ASYNC.GEN_ASYNC_LITE_ACCESS.ip2axi_rddata_captured_s2mm_cdc_tig_reg[8]/D
  -------------------------------------------------------------------    -------------------

                         (clock clk_fpga_0 rise edge)
                                                      0.000     0.000 r  
    PS7_X0Y0             PS7                          0.000     0.000 r  design_1_i/cg_fpga_0/inst/processing_system7_0/inst/PS7_i/FCLKCLK[0]
                         net (fo=1, routed)           0.337     0.337    design_1_i/cg_fpga_0/inst/processing_system7_0/inst/FCLK_CLK_unbuffered[0]
    BUFGCTRL_X0Y16       BUFG (Prop_bufg_I_O)         0.029     0.366 r  design_1_i/cg_fpga_0/inst/processing_system7_0/inst/buffer_fclk_clk_0.FCLK_CLK_0_BUFG/O
                         net (fo=6937, routed)        0.826     1.192    design_1_i/cg_fpga_0/inst/cg_axi_vdma_0/U0/AXI_LITE_REG_INTERFACE_I/GEN_AXI_LITE_IF.AXI_LITE_IF_I/s_axi_lite_aclk
    SLICE_X50Y48         FDRE                                         r  design_1_i/cg_fpga_0/inst/cg_axi_vdma_0/U0/AXI_LITE_REG_INTERFACE_I/GEN_AXI_LITE_IF.AXI_LITE_IF_I/GEN_LITE_IS_ASYNC.GEN_ASYNC_LITE_ACCESS.ip2axi_rddata_captured_s2mm_cdc_tig_reg[8]/C

Slack:                    inf
  Source:                 design_1_i/cg_fpga_0/inst/cg_axi_vdma_0/U0/AXI_LITE_REG_INTERFACE_I/GEN_AXI_LITE_IF.AXI_LITE_IF_I/GEN_LITE_IS_ASYNC.GEN_ASYNC_LITE_ACCESS.mm2s_ip2axi_rddata_d1_reg[18]/C
                            (rising edge-triggered cell FDRE clocked by clk_fpga_0  {rise@0.000ns fall@5.000ns period=10.000ns})
  Destination:            design_1_i/cg_fpga_0/inst/cg_axi_vdma_0/U0/AXI_LITE_REG_INTERFACE_I/GEN_AXI_LITE_IF.AXI_LITE_IF_I/GEN_LITE_IS_ASYNC.GEN_ASYNC_LITE_ACCESS.ip2axi_rddata_captured_mm2s_cdc_tig_reg[18]/D
                            (rising edge-triggered cell FDRE clocked by clk_fpga_0  {rise@0.000ns fall@5.000ns period=10.000ns})
  Path Group:             (none)
  Path Type:              Hold (Min at Fast Process Corner)
  Data Path Delay:        0.206ns  (logic 0.141ns (68.336%)  route 0.065ns (31.664%))
  Logic Levels:           0  
  Clock Path Skew:        0.299ns (DCD - SCD - CPR)
    Destination Clock Delay (DCD):    1.209ns
    Source Clock Delay      (SCD):    0.910ns
    Clock Pessimism Removal (CPR):    -0.000ns
  Clock Uncertainty:      0.154ns  ((TSJ^2 + TIJ^2)^1/2 + DJ) / 2 + PE
    Total System Jitter     (TSJ):    0.071ns
    Total Input Jitter      (TIJ):    0.300ns
    Discrete Jitter          (DJ):    0.000ns
    Phase Error              (PE):    0.000ns
  Timing Exception:       False Path

    Location             Delay type                Incr(ns)  Path(ns)    Netlist Resource(s)
  -------------------------------------------------------------------    -------------------
                         (clock clk_fpga_0 rise edge)
                                                      0.000     0.000 r  
    PS7_X0Y0             PS7                          0.000     0.000 r  design_1_i/cg_fpga_0/inst/processing_system7_0/inst/PS7_i/FCLKCLK[0]
                         net (fo=1, routed)           0.310     0.310    design_1_i/cg_fpga_0/inst/processing_system7_0/inst/FCLK_CLK_unbuffered[0]
    BUFGCTRL_X0Y16       BUFG (Prop_bufg_I_O)         0.026     0.336 r  design_1_i/cg_fpga_0/inst/processing_system7_0/inst/buffer_fclk_clk_0.FCLK_CLK_0_BUFG/O
                         net (fo=6937, routed)        0.574     0.910    design_1_i/cg_fpga_0/inst/cg_axi_vdma_0/U0/AXI_LITE_REG_INTERFACE_I/GEN_AXI_LITE_IF.AXI_LITE_IF_I/s_axi_lite_aclk
    SLICE_X56Y62         FDRE                                         r  design_1_i/cg_fpga_0/inst/cg_axi_vdma_0/U0/AXI_LITE_REG_INTERFACE_I/GEN_AXI_LITE_IF.AXI_LITE_IF_I/GEN_LITE_IS_ASYNC.GEN_ASYNC_LITE_ACCESS.mm2s_ip2axi_rddata_d1_reg[18]/C
  -------------------------------------------------------------------    -------------------
    SLICE_X56Y62         FDRE (Prop_fdre_C_Q)         0.141     1.051 r  design_1_i/cg_fpga_0/inst/cg_axi_vdma_0/U0/AXI_LITE_REG_INTERFACE_I/GEN_AXI_LITE_IF.AXI_LITE_IF_I/GEN_LITE_IS_ASYNC.GEN_ASYNC_LITE_ACCESS.mm2s_ip2axi_rddata_d1_reg[18]/Q
                         net (fo=1, routed)           0.065     1.116    design_1_i/cg_fpga_0/inst/cg_axi_vdma_0/U0/AXI_LITE_REG_INTERFACE_I/GEN_AXI_LITE_IF.AXI_LITE_IF_I/mm2s_ip2axi_rddata_d1[18]
    SLICE_X56Y62         FDRE                                         r  design_1_i/cg_fpga_0/inst/cg_axi_vdma_0/U0/AXI_LITE_REG_INTERFACE_I/GEN_AXI_LITE_IF.AXI_LITE_IF_I/GEN_LITE_IS_ASYNC.GEN_ASYNC_LITE_ACCESS.ip2axi_rddata_captured_mm2s_cdc_tig_reg[18]/D
  -------------------------------------------------------------------    -------------------

                         (clock clk_fpga_0 rise edge)
                                                      0.000     0.000 r  
    PS7_X0Y0             PS7                          0.000     0.000 r  design_1_i/cg_fpga_0/inst/processing_system7_0/inst/PS7_i/FCLKCLK[0]
                         net (fo=1, routed)           0.337     0.337    design_1_i/cg_fpga_0/inst/processing_system7_0/inst/FCLK_CLK_unbuffered[0]
    BUFGCTRL_X0Y16       BUFG (Prop_bufg_I_O)         0.029     0.366 r  design_1_i/cg_fpga_0/inst/processing_system7_0/inst/buffer_fclk_clk_0.FCLK_CLK_0_BUFG/O
                         net (fo=6937, routed)        0.843     1.209    design_1_i/cg_fpga_0/inst/cg_axi_vdma_0/U0/AXI_LITE_REG_INTERFACE_I/GEN_AXI_LITE_IF.AXI_LITE_IF_I/s_axi_lite_aclk
    SLICE_X56Y62         FDRE                                         r  design_1_i/cg_fpga_0/inst/cg_axi_vdma_0/U0/AXI_LITE_REG_INTERFACE_I/GEN_AXI_LITE_IF.AXI_LITE_IF_I/GEN_LITE_IS_ASYNC.GEN_ASYNC_LITE_ACCESS.ip2axi_rddata_captured_mm2s_cdc_tig_reg[18]/C

Slack:                    inf
  Source:                 design_1_i/cg_fpga_0/inst/cg_axi_vdma_0/U0/I_RST_MODULE/GEN_RESET_FOR_S2MM.RESET_I/GEN_RESET_FOR_ASYNC.AXIS_RESET_CDC_I/GENERATE_LEVEL_P_S_CDC.SINGLE_BIT.INPUT_FLOP.REG_PLEVEL_IN_cdc_from/C
                            (rising edge-triggered cell FDRE clocked by clk_fpga_0  {rise@0.000ns fall@5.000ns period=10.000ns})
  Destination:            design_1_i/cg_fpga_0/inst/cg_axi_vdma_0/U0/I_RST_MODULE/GEN_RESET_FOR_S2MM.RESET_I/GEN_RESET_FOR_ASYNC.AXIS_RESET_CDC_I/GENERATE_LEVEL_P_S_CDC.SINGLE_BIT.CROSS_PLEVEL_IN2SCNDRY_IN_cdc_to/D
                            (rising edge-triggered cell FDRE clocked by clk_fpga_0  {rise@0.000ns fall@5.000ns period=10.000ns})
  Path Group:             (none)
  Path Type:              Hold (Min at Fast Process Corner)
  Data Path Delay:        0.228ns  (logic 0.141ns (61.814%)  route 0.087ns (38.186%))
  Logic Levels:           0  
  Clock Path Skew:        0.296ns (DCD - SCD - CPR)
    Destination Clock Delay (DCD):    1.187ns
    Source Clock Delay      (SCD):    0.891ns
    Clock Pessimism Removal (CPR):    -0.000ns
  Clock Uncertainty:      0.154ns  ((TSJ^2 + TIJ^2)^1/2 + DJ) / 2 + PE
    Total System Jitter     (TSJ):    0.071ns
    Total Input Jitter      (TIJ):    0.300ns
    Discrete Jitter          (DJ):    0.000ns
    Phase Error              (PE):    0.000ns
  Timing Exception:       False Path

    Location             Delay type                Incr(ns)  Path(ns)    Netlist Resource(s)
  -------------------------------------------------------------------    -------------------
                         (clock clk_fpga_0 rise edge)
                                                      0.000     0.000 r  
    PS7_X0Y0             PS7                          0.000     0.000 r  design_1_i/cg_fpga_0/inst/processing_system7_0/inst/PS7_i/FCLKCLK[0]
                         net (fo=1, routed)           0.310     0.310    design_1_i/cg_fpga_0/inst/processing_system7_0/inst/FCLK_CLK_unbuffered[0]
    BUFGCTRL_X0Y16       BUFG (Prop_bufg_I_O)         0.026     0.336 r  design_1_i/cg_fpga_0/inst/processing_system7_0/inst/buffer_fclk_clk_0.FCLK_CLK_0_BUFG/O
                         net (fo=6937, routed)        0.555     0.891    design_1_i/cg_fpga_0/inst/cg_axi_vdma_0/U0/I_RST_MODULE/GEN_RESET_FOR_S2MM.RESET_I/GEN_RESET_FOR_ASYNC.AXIS_RESET_CDC_I/s_axi_lite_aclk
    SLICE_X51Y37         FDRE                                         r  design_1_i/cg_fpga_0/inst/cg_axi_vdma_0/U0/I_RST_MODULE/GEN_RESET_FOR_S2MM.RESET_I/GEN_RESET_FOR_ASYNC.AXIS_RESET_CDC_I/GENERATE_LEVEL_P_S_CDC.SINGLE_BIT.INPUT_FLOP.REG_PLEVEL_IN_cdc_from/C
  -------------------------------------------------------------------    -------------------
    SLICE_X51Y37         FDRE (Prop_fdre_C_Q)         0.141     1.032 r  design_1_i/cg_fpga_0/inst/cg_axi_vdma_0/U0/I_RST_MODULE/GEN_RESET_FOR_S2MM.RESET_I/GEN_RESET_FOR_ASYNC.AXIS_RESET_CDC_I/GENERATE_LEVEL_P_S_CDC.SINGLE_BIT.INPUT_FLOP.REG_PLEVEL_IN_cdc_from/Q
                         net (fo=1, routed)           0.087     1.119    design_1_i/cg_fpga_0/inst/cg_axi_vdma_0/U0/I_RST_MODULE/GEN_RESET_FOR_S2MM.RESET_I/GEN_RESET_FOR_ASYNC.AXIS_RESET_CDC_I/Q
    SLICE_X50Y37         FDRE                                         r  design_1_i/cg_fpga_0/inst/cg_axi_vdma_0/U0/I_RST_MODULE/GEN_RESET_FOR_S2MM.RESET_I/GEN_RESET_FOR_ASYNC.AXIS_RESET_CDC_I/GENERATE_LEVEL_P_S_CDC.SINGLE_BIT.CROSS_PLEVEL_IN2SCNDRY_IN_cdc_to/D
  -------------------------------------------------------------------    -------------------

                         (clock clk_fpga_0 rise edge)
                                                      0.000     0.000 r  
    PS7_X0Y0             PS7                          0.000     0.000 r  design_1_i/cg_fpga_0/inst/processing_system7_0/inst/PS7_i/FCLKCLK[0]
                         net (fo=1, routed)           0.337     0.337    design_1_i/cg_fpga_0/inst/processing_system7_0/inst/FCLK_CLK_unbuffered[0]
    BUFGCTRL_X0Y16       BUFG (Prop_bufg_I_O)         0.029     0.366 r  design_1_i/cg_fpga_0/inst/processing_system7_0/inst/buffer_fclk_clk_0.FCLK_CLK_0_BUFG/O
                         net (fo=6937, routed)        0.821     1.187    design_1_i/cg_fpga_0/inst/cg_axi_vdma_0/U0/I_RST_MODULE/GEN_RESET_FOR_S2MM.RESET_I/GEN_RESET_FOR_ASYNC.AXIS_RESET_CDC_I/s_axi_lite_aclk
    SLICE_X50Y37         FDRE                                         r  design_1_i/cg_fpga_0/inst/cg_axi_vdma_0/U0/I_RST_MODULE/GEN_RESET_FOR_S2MM.RESET_I/GEN_RESET_FOR_ASYNC.AXIS_RESET_CDC_I/GENERATE_LEVEL_P_S_CDC.SINGLE_BIT.CROSS_PLEVEL_IN2SCNDRY_IN_cdc_to/C

Slack:                    inf
  Source:                 design_1_i/cg_fpga_0/inst/cg_axi_vdma_0/U0/AXI_LITE_REG_INTERFACE_I/GEN_AXI_LITE_IF.AXI_LITE_IF_I/GEN_LITE_IS_ASYNC.GEN_ASYNC_LITE_ACCESS.mm2s_ip2axi_rddata_d1_reg[26]/C
                            (rising edge-triggered cell FDRE clocked by clk_fpga_0  {rise@0.000ns fall@5.000ns period=10.000ns})
  Destination:            design_1_i/cg_fpga_0/inst/cg_axi_vdma_0/U0/AXI_LITE_REG_INTERFACE_I/GEN_AXI_LITE_IF.AXI_LITE_IF_I/GEN_LITE_IS_ASYNC.GEN_ASYNC_LITE_ACCESS.ip2axi_rddata_captured_mm2s_cdc_tig_reg[26]/D
                            (rising edge-triggered cell FDRE clocked by clk_fpga_0  {rise@0.000ns fall@5.000ns period=10.000ns})
  Path Group:             (none)
  Path Type:              Hold (Min at Fast Process Corner)
  Data Path Delay:        0.220ns  (logic 0.164ns (74.580%)  route 0.056ns (25.420%))
  Logic Levels:           0  
  Clock Path Skew:        0.297ns (DCD - SCD - CPR)
    Destination Clock Delay (DCD):    1.202ns
    Source Clock Delay      (SCD):    0.905ns
    Clock Pessimism Removal (CPR):    -0.000ns
  Clock Uncertainty:      0.154ns  ((TSJ^2 + TIJ^2)^1/2 + DJ) / 2 + PE
    Total System Jitter     (TSJ):    0.071ns
    Total Input Jitter      (TIJ):    0.300ns
    Discrete Jitter          (DJ):    0.000ns
    Phase Error              (PE):    0.000ns
  Timing Exception:       False Path

    Location             Delay type                Incr(ns)  Path(ns)    Netlist Resource(s)
  -------------------------------------------------------------------    -------------------
                         (clock clk_fpga_0 rise edge)
                                                      0.000     0.000 r  
    PS7_X0Y0             PS7                          0.000     0.000 r  design_1_i/cg_fpga_0/inst/processing_system7_0/inst/PS7_i/FCLKCLK[0]
                         net (fo=1, routed)           0.310     0.310    design_1_i/cg_fpga_0/inst/processing_system7_0/inst/FCLK_CLK_unbuffered[0]
    BUFGCTRL_X0Y16       BUFG (Prop_bufg_I_O)         0.026     0.336 r  design_1_i/cg_fpga_0/inst/processing_system7_0/inst/buffer_fclk_clk_0.FCLK_CLK_0_BUFG/O
                         net (fo=6937, routed)        0.569     0.905    design_1_i/cg_fpga_0/inst/cg_axi_vdma_0/U0/AXI_LITE_REG_INTERFACE_I/GEN_AXI_LITE_IF.AXI_LITE_IF_I/s_axi_lite_aclk
    SLICE_X54Y68         FDRE                                         r  design_1_i/cg_fpga_0/inst/cg_axi_vdma_0/U0/AXI_LITE_REG_INTERFACE_I/GEN_AXI_LITE_IF.AXI_LITE_IF_I/GEN_LITE_IS_ASYNC.GEN_ASYNC_LITE_ACCESS.mm2s_ip2axi_rddata_d1_reg[26]/C
  -------------------------------------------------------------------    -------------------
    SLICE_X54Y68         FDRE (Prop_fdre_C_Q)         0.164     1.069 r  design_1_i/cg_fpga_0/inst/cg_axi_vdma_0/U0/AXI_LITE_REG_INTERFACE_I/GEN_AXI_LITE_IF.AXI_LITE_IF_I/GEN_LITE_IS_ASYNC.GEN_ASYNC_LITE_ACCESS.mm2s_ip2axi_rddata_d1_reg[26]/Q
                         net (fo=1, routed)           0.056     1.124    design_1_i/cg_fpga_0/inst/cg_axi_vdma_0/U0/AXI_LITE_REG_INTERFACE_I/GEN_AXI_LITE_IF.AXI_LITE_IF_I/mm2s_ip2axi_rddata_d1[26]
    SLICE_X54Y68         FDRE                                         r  design_1_i/cg_fpga_0/inst/cg_axi_vdma_0/U0/AXI_LITE_REG_INTERFACE_I/GEN_AXI_LITE_IF.AXI_LITE_IF_I/GEN_LITE_IS_ASYNC.GEN_ASYNC_LITE_ACCESS.ip2axi_rddata_captured_mm2s_cdc_tig_reg[26]/D
  -------------------------------------------------------------------    -------------------

                         (clock clk_fpga_0 rise edge)
                                                      0.000     0.000 r  
    PS7_X0Y0             PS7                          0.000     0.000 r  design_1_i/cg_fpga_0/inst/processing_system7_0/inst/PS7_i/FCLKCLK[0]
                         net (fo=1, routed)           0.337     0.337    design_1_i/cg_fpga_0/inst/processing_system7_0/inst/FCLK_CLK_unbuffered[0]
    BUFGCTRL_X0Y16       BUFG (Prop_bufg_I_O)         0.029     0.366 r  design_1_i/cg_fpga_0/inst/processing_system7_0/inst/buffer_fclk_clk_0.FCLK_CLK_0_BUFG/O
                         net (fo=6937, routed)        0.836     1.202    design_1_i/cg_fpga_0/inst/cg_axi_vdma_0/U0/AXI_LITE_REG_INTERFACE_I/GEN_AXI_LITE_IF.AXI_LITE_IF_I/s_axi_lite_aclk
    SLICE_X54Y68         FDRE                                         r  design_1_i/cg_fpga_0/inst/cg_axi_vdma_0/U0/AXI_LITE_REG_INTERFACE_I/GEN_AXI_LITE_IF.AXI_LITE_IF_I/GEN_LITE_IS_ASYNC.GEN_ASYNC_LITE_ACCESS.ip2axi_rddata_captured_mm2s_cdc_tig_reg[26]/C

Slack:                    inf
  Source:                 design_1_i/cg_fpga_0/inst/cg_axi_vdma_0/U0/AXI_LITE_REG_INTERFACE_I/GEN_AXI_LITE_IF.AXI_LITE_IF_I/GEN_LITE_IS_ASYNC.GEN_ASYNC_LITE_ACCESS.mm2s_ip2axi_rddata_d1_reg[25]/C
                            (rising edge-triggered cell FDRE clocked by clk_fpga_0  {rise@0.000ns fall@5.000ns period=10.000ns})
  Destination:            design_1_i/cg_fpga_0/inst/cg_axi_vdma_0/U0/AXI_LITE_REG_INTERFACE_I/GEN_AXI_LITE_IF.AXI_LITE_IF_I/GEN_LITE_IS_ASYNC.GEN_ASYNC_LITE_ACCESS.ip2axi_rddata_captured_mm2s_cdc_tig_reg[25]/D
                            (rising edge-triggered cell FDRE clocked by clk_fpga_0  {rise@0.000ns fall@5.000ns period=10.000ns})
  Path Group:             (none)
  Path Type:              Hold (Min at Fast Process Corner)
  Data Path Delay:        0.241ns  (logic 0.141ns (58.505%)  route 0.100ns (41.495%))
  Logic Levels:           0  
  Clock Path Skew:        0.296ns (DCD - SCD - CPR)
    Destination Clock Delay (DCD):    1.182ns
    Source Clock Delay      (SCD):    0.886ns
    Clock Pessimism Removal (CPR):    -0.000ns
  Clock Uncertainty:      0.154ns  ((TSJ^2 + TIJ^2)^1/2 + DJ) / 2 + PE
    Total System Jitter     (TSJ):    0.071ns
    Total Input Jitter      (TIJ):    0.300ns
    Discrete Jitter          (DJ):    0.000ns
    Phase Error              (PE):    0.000ns
  Timing Exception:       False Path

    Location             Delay type                Incr(ns)  Path(ns)    Netlist Resource(s)
  -------------------------------------------------------------------    -------------------
                         (clock clk_fpga_0 rise edge)
                                                      0.000     0.000 r  
    PS7_X0Y0             PS7                          0.000     0.000 r  design_1_i/cg_fpga_0/inst/processing_system7_0/inst/PS7_i/FCLKCLK[0]
                         net (fo=1, routed)           0.310     0.310    design_1_i/cg_fpga_0/inst/processing_system7_0/inst/FCLK_CLK_unbuffered[0]
    BUFGCTRL_X0Y16       BUFG (Prop_bufg_I_O)         0.026     0.336 r  design_1_i/cg_fpga_0/inst/processing_system7_0/inst/buffer_fclk_clk_0.FCLK_CLK_0_BUFG/O
                         net (fo=6937, routed)        0.550     0.886    design_1_i/cg_fpga_0/inst/cg_axi_vdma_0/U0/AXI_LITE_REG_INTERFACE_I/GEN_AXI_LITE_IF.AXI_LITE_IF_I/s_axi_lite_aclk
    SLICE_X47Y67         FDRE                                         r  design_1_i/cg_fpga_0/inst/cg_axi_vdma_0/U0/AXI_LITE_REG_INTERFACE_I/GEN_AXI_LITE_IF.AXI_LITE_IF_I/GEN_LITE_IS_ASYNC.GEN_ASYNC_LITE_ACCESS.mm2s_ip2axi_rddata_d1_reg[25]/C
  -------------------------------------------------------------------    -------------------
    SLICE_X47Y67         FDRE (Prop_fdre_C_Q)         0.141     1.027 r  design_1_i/cg_fpga_0/inst/cg_axi_vdma_0/U0/AXI_LITE_REG_INTERFACE_I/GEN_AXI_LITE_IF.AXI_LITE_IF_I/GEN_LITE_IS_ASYNC.GEN_ASYNC_LITE_ACCESS.mm2s_ip2axi_rddata_d1_reg[25]/Q
                         net (fo=1, routed)           0.100     1.127    design_1_i/cg_fpga_0/inst/cg_axi_vdma_0/U0/AXI_LITE_REG_INTERFACE_I/GEN_AXI_LITE_IF.AXI_LITE_IF_I/mm2s_ip2axi_rddata_d1[25]
    SLICE_X45Y67         FDRE                                         r  design_1_i/cg_fpga_0/inst/cg_axi_vdma_0/U0/AXI_LITE_REG_INTERFACE_I/GEN_AXI_LITE_IF.AXI_LITE_IF_I/GEN_LITE_IS_ASYNC.GEN_ASYNC_LITE_ACCESS.ip2axi_rddata_captured_mm2s_cdc_tig_reg[25]/D
  -------------------------------------------------------------------    -------------------

                         (clock clk_fpga_0 rise edge)
                                                      0.000     0.000 r  
    PS7_X0Y0             PS7                          0.000     0.000 r  design_1_i/cg_fpga_0/inst/processing_system7_0/inst/PS7_i/FCLKCLK[0]
                         net (fo=1, routed)           0.337     0.337    design_1_i/cg_fpga_0/inst/processing_system7_0/inst/FCLK_CLK_unbuffered[0]
    BUFGCTRL_X0Y16       BUFG (Prop_bufg_I_O)         0.029     0.366 r  design_1_i/cg_fpga_0/inst/processing_system7_0/inst/buffer_fclk_clk_0.FCLK_CLK_0_BUFG/O
                         net (fo=6937, routed)        0.816     1.182    design_1_i/cg_fpga_0/inst/cg_axi_vdma_0/U0/AXI_LITE_REG_INTERFACE_I/GEN_AXI_LITE_IF.AXI_LITE_IF_I/s_axi_lite_aclk
    SLICE_X45Y67         FDRE                                         r  design_1_i/cg_fpga_0/inst/cg_axi_vdma_0/U0/AXI_LITE_REG_INTERFACE_I/GEN_AXI_LITE_IF.AXI_LITE_IF_I/GEN_LITE_IS_ASYNC.GEN_ASYNC_LITE_ACCESS.ip2axi_rddata_captured_mm2s_cdc_tig_reg[25]/C





--------------------------------------------------------------------------------------
Path Group:  (none)
From Clock:  
  To Clock:  

Max Delay            12 Endpoints
Min Delay            12 Endpoints
--------------------------------------------------------------------------------------


Max Delay Paths
--------------------------------------------------------------------------------------
Slack:                    inf
  Source:                 design_1_i/dff_3/inst/Q_reg_C/C
                            (rising edge-triggered cell FDCE)
  Destination:            design_1_i/ICR_0/inst/Dout_reg[4]/D
  Path Group:             (none)
  Path Type:              Max at Slow Process Corner
  Data Path Delay:        3.018ns  (logic 0.831ns (27.532%)  route 2.187ns (72.468%))
  Logic Levels:           4  (FDCE=1 LUT2=3)

    Location             Delay type                Incr(ns)  Path(ns)    Netlist Resource(s)
  -------------------------------------------------------------------    -------------------
    SLICE_X49Y71         FDCE                         0.000     0.000 r  design_1_i/dff_3/inst/Q_reg_C/C
    SLICE_X49Y71         FDCE (Prop_fdce_C_Q)         0.459     0.459 f  design_1_i/dff_3/inst/Q_reg_C/Q
                         net (fo=2, routed)           0.827     1.286    design_1_i/and2_5/B
    SLICE_X51Y71         LUT2 (Prop_lut2_I1_O)        0.124     1.410 r  design_1_i/and2_5/Y_INST_0/O
                         net (fo=2, routed)           0.681     2.090    design_1_i/and2_7/A
    SLICE_X50Y71         LUT2 (Prop_lut2_I0_O)        0.124     2.214 r  design_1_i/and2_7/Y_INST_0/O
                         net (fo=1, routed)           0.680     2.894    design_1_i/and2_8/A
    SLICE_X50Y71         LUT2 (Prop_lut2_I0_O)        0.124     3.018 r  design_1_i/and2_8/Y_INST_0/O
                         net (fo=1, routed)           0.000     3.018    design_1_i/ICR_0/inst/Din[4]
    SLICE_X50Y71         FDCE                                         r  design_1_i/ICR_0/inst/Dout_reg[4]/D
  -------------------------------------------------------------------    -------------------

Slack:                    inf
  Source:                 design_1_i/dff_3/inst/Q_reg_C/C
                            (rising edge-triggered cell FDCE)
  Destination:            design_1_i/ICR_0/inst/Dout_reg[5]/D
  Path Group:             (none)
  Path Type:              Max at Slow Process Corner
  Data Path Delay:        2.200ns  (logic 0.707ns (32.132%)  route 1.493ns (67.868%))
  Logic Levels:           3  (FDCE=1 LUT2=2)

    Location             Delay type                Incr(ns)  Path(ns)    Netlist Resource(s)
  -------------------------------------------------------------------    -------------------
    SLICE_X49Y71         FDCE                         0.000     0.000 r  design_1_i/dff_3/inst/Q_reg_C/C
    SLICE_X49Y71         FDCE (Prop_fdce_C_Q)         0.459     0.459 f  design_1_i/dff_3/inst/Q_reg_C/Q
                         net (fo=2, routed)           0.827     1.286    design_1_i/and2_5/B
    SLICE_X51Y71         LUT2 (Prop_lut2_I1_O)        0.124     1.410 r  design_1_i/and2_5/Y_INST_0/O
                         net (fo=2, routed)           0.667     2.076    design_1_i/and2_6/A
    SLICE_X50Y71         LUT2 (Prop_lut2_I0_O)        0.124     2.200 r  design_1_i/and2_6/Y_INST_0/O
                         net (fo=1, routed)           0.000     2.200    design_1_i/ICR_0/inst/Din[5]
    SLICE_X50Y71         FDCE                                         r  design_1_i/ICR_0/inst/Dout_reg[5]/D
  -------------------------------------------------------------------    -------------------

Slack:                    inf
  Source:                 design_1_i/dff_0/inst/Qn_reg_C/C
                            (rising edge-triggered cell FDCE)
  Destination:            design_1_i/dff_1/inst/Q_reg_C/D
  Path Group:             (none)
  Path Type:              Max at Slow Process Corner
  Data Path Delay:        1.456ns  (logic 0.648ns (44.497%)  route 0.808ns (55.503%))
  Logic Levels:           2  (FDCE=1 LUT2=1)

    Location             Delay type                Incr(ns)  Path(ns)    Netlist Resource(s)
  -------------------------------------------------------------------    -------------------
    SLICE_X50Y72         FDCE                         0.000     0.000 r  design_1_i/dff_0/inst/Qn_reg_C/C
    SLICE_X50Y72         FDCE (Prop_fdce_C_Q)         0.524     0.524 r  design_1_i/dff_0/inst/Qn_reg_C/Q
                         net (fo=2, routed)           0.808     1.332    design_1_i/and2_0/B
    SLICE_X51Y71         LUT2 (Prop_lut2_I1_O)        0.124     1.456 r  design_1_i/and2_0/Y_INST_0/O
                         net (fo=1, routed)           0.000     1.456    design_1_i/dff_1/inst/D
    SLICE_X51Y71         FDCE                                         r  design_1_i/dff_1/inst/Q_reg_C/D
  -------------------------------------------------------------------    -------------------

Slack:                    inf
  Source:                 design_1_i/dff_2/inst/Qn_reg_C/C
                            (rising edge-triggered cell FDCE)
  Destination:            design_1_i/dff_3/inst/Q_reg_C/D
  Path Group:             (none)
  Path Type:              Max at Slow Process Corner
  Data Path Delay:        1.392ns  (logic 0.583ns (41.874%)  route 0.809ns (58.126%))
  Logic Levels:           2  (FDCE=1 LUT2=1)

    Location             Delay type                Incr(ns)  Path(ns)    Netlist Resource(s)
  -------------------------------------------------------------------    -------------------
    SLICE_X49Y72         FDCE                         0.000     0.000 r  design_1_i/dff_2/inst/Qn_reg_C/C
    SLICE_X49Y72         FDCE (Prop_fdce_C_Q)         0.459     0.459 r  design_1_i/dff_2/inst/Qn_reg_C/Q
                         net (fo=2, routed)           0.809     1.268    design_1_i/and2_1/B
    SLICE_X49Y71         LUT2 (Prop_lut2_I1_O)        0.124     1.392 r  design_1_i/and2_1/Y_INST_0/O
                         net (fo=1, routed)           0.000     1.392    design_1_i/dff_3/inst/D
    SLICE_X49Y71         FDCE                                         r  design_1_i/dff_3/inst/Q_reg_C/D
  -------------------------------------------------------------------    -------------------

Slack:                    inf
  Source:                 design_1_i/dff_3/inst/Q_reg_C/C
                            (rising edge-triggered cell FDCE)
  Destination:            design_1_i/ICR_0/inst/Dout_reg[6]/D
  Path Group:             (none)
  Path Type:              Max at Slow Process Corner
  Data Path Delay:        1.263ns  (logic 0.583ns (46.171%)  route 0.680ns (53.829%))
  Logic Levels:           2  (FDCE=1 LUT2=1)

    Location             Delay type                Incr(ns)  Path(ns)    Netlist Resource(s)
  -------------------------------------------------------------------    -------------------
    SLICE_X49Y71         FDCE                         0.000     0.000 r  design_1_i/dff_3/inst/Q_reg_C/C
    SLICE_X49Y71         FDCE (Prop_fdce_C_Q)         0.459     0.459 r  design_1_i/dff_3/inst/Q_reg_C/Q
                         net (fo=2, routed)           0.680     1.139    design_1_i/and2_4/A
    SLICE_X50Y71         LUT2 (Prop_lut2_I0_O)        0.124     1.263 r  design_1_i/and2_4/Y_INST_0/O
                         net (fo=1, routed)           0.000     1.263    design_1_i/ICR_0/inst/Din[6]
    SLICE_X50Y71         FDCE                                         r  design_1_i/ICR_0/inst/Dout_reg[6]/D
  -------------------------------------------------------------------    -------------------

Slack:                    inf
  Source:                 design_1_i/dff_6/inst/Qn_reg_C/C
                            (rising edge-triggered cell FDCE)
  Destination:            design_1_i/dff_7/inst/Q_reg_C/D
  Path Group:             (none)
  Path Type:              Max at Slow Process Corner
  Data Path Delay:        1.234ns  (logic 0.583ns (47.234%)  route 0.651ns (52.766%))
  Logic Levels:           2  (FDCE=1 LUT2=1)

    Location             Delay type                Incr(ns)  Path(ns)    Netlist Resource(s)
  -------------------------------------------------------------------    -------------------
    SLICE_X49Y70         FDCE                         0.000     0.000 r  design_1_i/dff_6/inst/Qn_reg_C/C
    SLICE_X49Y70         FDCE (Prop_fdce_C_Q)         0.459     0.459 r  design_1_i/dff_6/inst/Qn_reg_C/Q
                         net (fo=2, routed)           0.651     1.110    design_1_i/and2_3/B
    SLICE_X49Y71         LUT2 (Prop_lut2_I1_O)        0.124     1.234 r  design_1_i/and2_3/Y_INST_0/O
                         net (fo=1, routed)           0.000     1.234    design_1_i/dff_7/inst/D
    SLICE_X49Y71         FDCE                                         r  design_1_i/dff_7/inst/Q_reg_C/D
  -------------------------------------------------------------------    -------------------

Slack:                    inf
  Source:                 design_1_i/dff_4/inst/Qn_reg_C/C
                            (rising edge-triggered cell FDCE)
  Destination:            design_1_i/dff_5/inst/Q_reg_C/D
  Path Group:             (none)
  Path Type:              Max at Slow Process Corner
  Data Path Delay:        1.228ns  (logic 0.583ns (47.465%)  route 0.645ns (52.535%))
  Logic Levels:           2  (FDCE=1 LUT2=1)

    Location             Delay type                Incr(ns)  Path(ns)    Netlist Resource(s)
  -------------------------------------------------------------------    -------------------
    SLICE_X51Y72         FDCE                         0.000     0.000 r  design_1_i/dff_4/inst/Qn_reg_C/C
    SLICE_X51Y72         FDCE (Prop_fdce_C_Q)         0.459     0.459 r  design_1_i/dff_4/inst/Qn_reg_C/Q
                         net (fo=2, routed)           0.645     1.104    design_1_i/and2_2/B
    SLICE_X51Y71         LUT2 (Prop_lut2_I1_O)        0.124     1.228 r  design_1_i/and2_2/Y_INST_0/O
                         net (fo=1, routed)           0.000     1.228    design_1_i/dff_5/inst/D
    SLICE_X51Y71         FDCE                                         r  design_1_i/dff_5/inst/Q_reg_C/D
  -------------------------------------------------------------------    -------------------

Slack:                    inf
  Source:                 design_1_i/dff_0/inst/Qn_reg_C/C
                            (rising edge-triggered cell FDCE)
  Destination:            design_1_i/dff_0/inst/Qn_reg_C/D
  Path Group:             (none)
  Path Type:              Max at Slow Process Corner
  Data Path Delay:        1.181ns  (logic 0.648ns (54.858%)  route 0.533ns (45.142%))
  Logic Levels:           2  (FDCE=1 LUT1=1)

    Location             Delay type                Incr(ns)  Path(ns)    Netlist Resource(s)
  -------------------------------------------------------------------    -------------------
    SLICE_X50Y72         FDCE                         0.000     0.000 r  design_1_i/dff_0/inst/Qn_reg_C/C
    SLICE_X50Y72         FDCE (Prop_fdce_C_Q)         0.524     0.524 f  design_1_i/dff_0/inst/Qn_reg_C/Q
                         net (fo=2, routed)           0.533     1.057    design_1_i/dff_0/inst/D
    SLICE_X50Y72         LUT1 (Prop_lut1_I0_O)        0.124     1.181 r  design_1_i/dff_0/inst/Qn_C_i_1/O
                         net (fo=1, routed)           0.000     1.181    design_1_i/dff_0/inst/p_0_in
    SLICE_X50Y72         FDCE                                         r  design_1_i/dff_0/inst/Qn_reg_C/D
  -------------------------------------------------------------------    -------------------

Slack:                    inf
  Source:                 design_1_i/dff_2/inst/Qn_reg_C/C
                            (rising edge-triggered cell FDCE)
  Destination:            design_1_i/dff_2/inst/Qn_reg_C/D
  Path Group:             (none)
  Path Type:              Max at Slow Process Corner
  Data Path Delay:        1.088ns  (logic 0.583ns (53.573%)  route 0.505ns (46.427%))
  Logic Levels:           2  (FDCE=1 LUT1=1)

    Location             Delay type                Incr(ns)  Path(ns)    Netlist Resource(s)
  -------------------------------------------------------------------    -------------------
    SLICE_X49Y72         FDCE                         0.000     0.000 r  design_1_i/dff_2/inst/Qn_reg_C/C
    SLICE_X49Y72         FDCE (Prop_fdce_C_Q)         0.459     0.459 f  design_1_i/dff_2/inst/Qn_reg_C/Q
                         net (fo=2, routed)           0.505     0.964    design_1_i/dff_2/inst/D
    SLICE_X49Y72         LUT1 (Prop_lut1_I0_O)        0.124     1.088 r  design_1_i/dff_2/inst/Qn_C_i_1/O
                         net (fo=1, routed)           0.000     1.088    design_1_i/dff_2/inst/p_0_in
    SLICE_X49Y72         FDCE                                         r  design_1_i/dff_2/inst/Qn_reg_C/D
  -------------------------------------------------------------------    -------------------

Slack:                    inf
  Source:                 design_1_i/dff_4/inst/Qn_reg_C/C
                            (rising edge-triggered cell FDCE)
  Destination:            design_1_i/dff_4/inst/Qn_reg_C/D
  Path Group:             (none)
  Path Type:              Max at Slow Process Corner
  Data Path Delay:        1.088ns  (logic 0.583ns (53.573%)  route 0.505ns (46.427%))
  Logic Levels:           2  (FDCE=1 LUT1=1)

    Location             Delay type                Incr(ns)  Path(ns)    Netlist Resource(s)
  -------------------------------------------------------------------    -------------------
    SLICE_X51Y72         FDCE                         0.000     0.000 r  design_1_i/dff_4/inst/Qn_reg_C/C
    SLICE_X51Y72         FDCE (Prop_fdce_C_Q)         0.459     0.459 f  design_1_i/dff_4/inst/Qn_reg_C/Q
                         net (fo=2, routed)           0.505     0.964    design_1_i/dff_4/inst/D
    SLICE_X51Y72         LUT1 (Prop_lut1_I0_O)        0.124     1.088 r  design_1_i/dff_4/inst/Qn_C_i_1/O
                         net (fo=1, routed)           0.000     1.088    design_1_i/dff_4/inst/p_0_in
    SLICE_X51Y72         FDCE                                         r  design_1_i/dff_4/inst/Qn_reg_C/D
  -------------------------------------------------------------------    -------------------





Min Delay Paths
--------------------------------------------------------------------------------------
Slack:                    inf
  Source:                 design_1_i/dff_1/inst/Q_reg_C/C
                            (rising edge-triggered cell FDCE)
  Destination:            design_1_i/ICR_0/inst/Dout_reg[6]/D
  Path Group:             (none)
  Path Type:              Min at Fast Process Corner
  Data Path Delay:        0.341ns  (logic 0.191ns (56.011%)  route 0.150ns (43.989%))
  Logic Levels:           2  (FDCE=1 LUT2=1)

    Location             Delay type                Incr(ns)  Path(ns)    Netlist Resource(s)
  -------------------------------------------------------------------    -------------------
    SLICE_X51Y71         FDCE                         0.000     0.000 r  design_1_i/dff_1/inst/Q_reg_C/C
    SLICE_X51Y71         FDCE (Prop_fdce_C_Q)         0.146     0.146 f  design_1_i/dff_1/inst/Q_reg_C/Q
                         net (fo=3, routed)           0.150     0.296    design_1_i/and2_4/B
    SLICE_X50Y71         LUT2 (Prop_lut2_I1_O)        0.045     0.341 r  design_1_i/and2_4/Y_INST_0/O
                         net (fo=1, routed)           0.000     0.341    design_1_i/ICR_0/inst/Din[6]
    SLICE_X50Y71         FDCE                                         r  design_1_i/ICR_0/inst/Dout_reg[6]/D
  -------------------------------------------------------------------    -------------------

Slack:                    inf
  Source:                 design_1_i/dff_1/inst/Q_reg_C/C
                            (rising edge-triggered cell FDCE)
  Destination:            design_1_i/ICR_0/inst/Dout_reg[7]/D
  Path Group:             (none)
  Path Type:              Min at Fast Process Corner
  Data Path Delay:        0.345ns  (logic 0.146ns (42.316%)  route 0.199ns (57.684%))
  Logic Levels:           1  (FDCE=1)

    Location             Delay type                Incr(ns)  Path(ns)    Netlist Resource(s)
  -------------------------------------------------------------------    -------------------
    SLICE_X51Y71         FDCE                         0.000     0.000 r  design_1_i/dff_1/inst/Q_reg_C/C
    SLICE_X51Y71         FDCE (Prop_fdce_C_Q)         0.146     0.146 r  design_1_i/dff_1/inst/Q_reg_C/Q
                         net (fo=3, routed)           0.199     0.345    design_1_i/ICR_0/inst/Din[7]
    SLICE_X50Y71         FDCE                                         r  design_1_i/ICR_0/inst/Dout_reg[7]/D
  -------------------------------------------------------------------    -------------------

Slack:                    inf
  Source:                 design_1_i/dff_2/inst/Qn_reg_C/C
                            (rising edge-triggered cell FDCE)
  Destination:            design_1_i/dff_2/inst/Qn_reg_C/D
  Path Group:             (none)
  Path Type:              Min at Fast Process Corner
  Data Path Delay:        0.359ns  (logic 0.191ns (53.168%)  route 0.168ns (46.832%))
  Logic Levels:           2  (FDCE=1 LUT1=1)

    Location             Delay type                Incr(ns)  Path(ns)    Netlist Resource(s)
  -------------------------------------------------------------------    -------------------
    SLICE_X49Y72         FDCE                         0.000     0.000 r  design_1_i/dff_2/inst/Qn_reg_C/C
    SLICE_X49Y72         FDCE (Prop_fdce_C_Q)         0.146     0.146 f  design_1_i/dff_2/inst/Qn_reg_C/Q
                         net (fo=2, routed)           0.168     0.314    design_1_i/dff_2/inst/D
    SLICE_X49Y72         LUT1 (Prop_lut1_I0_O)        0.045     0.359 r  design_1_i/dff_2/inst/Qn_C_i_1/O
                         net (fo=1, routed)           0.000     0.359    design_1_i/dff_2/inst/p_0_in
    SLICE_X49Y72         FDCE                                         r  design_1_i/dff_2/inst/Qn_reg_C/D
  -------------------------------------------------------------------    -------------------

Slack:                    inf
  Source:                 design_1_i/dff_4/inst/Qn_reg_C/C
                            (rising edge-triggered cell FDCE)
  Destination:            design_1_i/dff_4/inst/Qn_reg_C/D
  Path Group:             (none)
  Path Type:              Min at Fast Process Corner
  Data Path Delay:        0.359ns  (logic 0.191ns (53.168%)  route 0.168ns (46.832%))
  Logic Levels:           2  (FDCE=1 LUT1=1)

    Location             Delay type                Incr(ns)  Path(ns)    Netlist Resource(s)
  -------------------------------------------------------------------    -------------------
    SLICE_X51Y72         FDCE                         0.000     0.000 r  design_1_i/dff_4/inst/Qn_reg_C/C
    SLICE_X51Y72         FDCE (Prop_fdce_C_Q)         0.146     0.146 f  design_1_i/dff_4/inst/Qn_reg_C/Q
                         net (fo=2, routed)           0.168     0.314    design_1_i/dff_4/inst/D
    SLICE_X51Y72         LUT1 (Prop_lut1_I0_O)        0.045     0.359 r  design_1_i/dff_4/inst/Qn_C_i_1/O
                         net (fo=1, routed)           0.000     0.359    design_1_i/dff_4/inst/p_0_in
    SLICE_X51Y72         FDCE                                         r  design_1_i/dff_4/inst/Qn_reg_C/D
  -------------------------------------------------------------------    -------------------

Slack:                    inf
  Source:                 design_1_i/dff_6/inst/Qn_reg_C/C
                            (rising edge-triggered cell FDCE)
  Destination:            design_1_i/dff_6/inst/Qn_reg_C/D
  Path Group:             (none)
  Path Type:              Min at Fast Process Corner
  Data Path Delay:        0.359ns  (logic 0.191ns (53.168%)  route 0.168ns (46.832%))
  Logic Levels:           2  (FDCE=1 LUT1=1)

    Location             Delay type                Incr(ns)  Path(ns)    Netlist Resource(s)
  -------------------------------------------------------------------    -------------------
    SLICE_X49Y70         FDCE                         0.000     0.000 r  design_1_i/dff_6/inst/Qn_reg_C/C
    SLICE_X49Y70         FDCE (Prop_fdce_C_Q)         0.146     0.146 f  design_1_i/dff_6/inst/Qn_reg_C/Q
                         net (fo=2, routed)           0.168     0.314    design_1_i/dff_6/inst/D
    SLICE_X49Y70         LUT1 (Prop_lut1_I0_O)        0.045     0.359 r  design_1_i/dff_6/inst/Qn_C_i_1/O
                         net (fo=1, routed)           0.000     0.359    design_1_i/dff_6/inst/p_0_in
    SLICE_X49Y70         FDCE                                         r  design_1_i/dff_6/inst/Qn_reg_C/D
  -------------------------------------------------------------------    -------------------

Slack:                    inf
  Source:                 design_1_i/dff_0/inst/Qn_reg_C/C
                            (rising edge-triggered cell FDCE)
  Destination:            design_1_i/dff_0/inst/Qn_reg_C/D
  Path Group:             (none)
  Path Type:              Min at Fast Process Corner
  Data Path Delay:        0.387ns  (logic 0.212ns (54.747%)  route 0.175ns (45.253%))
  Logic Levels:           2  (FDCE=1 LUT1=1)

    Location             Delay type                Incr(ns)  Path(ns)    Netlist Resource(s)
  -------------------------------------------------------------------    -------------------
    SLICE_X50Y72         FDCE                         0.000     0.000 r  design_1_i/dff_0/inst/Qn_reg_C/C
    SLICE_X50Y72         FDCE (Prop_fdce_C_Q)         0.167     0.167 f  design_1_i/dff_0/inst/Qn_reg_C/Q
                         net (fo=2, routed)           0.175     0.342    design_1_i/dff_0/inst/D
    SLICE_X50Y72         LUT1 (Prop_lut1_I0_O)        0.045     0.387 r  design_1_i/dff_0/inst/Qn_C_i_1/O
                         net (fo=1, routed)           0.000     0.387    design_1_i/dff_0/inst/p_0_in
    SLICE_X50Y72         FDCE                                         r  design_1_i/dff_0/inst/Qn_reg_C/D
  -------------------------------------------------------------------    -------------------

Slack:                    inf
  Source:                 design_1_i/dff_7/inst/Q_reg_C/C
                            (rising edge-triggered cell FDCE)
  Destination:            design_1_i/ICR_0/inst/Dout_reg[4]/D
  Path Group:             (none)
  Path Type:              Min at Fast Process Corner
  Data Path Delay:        0.393ns  (logic 0.191ns (48.548%)  route 0.202ns (51.452%))
  Logic Levels:           2  (FDCE=1 LUT2=1)

    Location             Delay type                Incr(ns)  Path(ns)    Netlist Resource(s)
  -------------------------------------------------------------------    -------------------
    SLICE_X49Y71         FDCE                         0.000     0.000 r  design_1_i/dff_7/inst/Q_reg_C/C
    SLICE_X49Y71         FDCE (Prop_fdce_C_Q)         0.146     0.146 r  design_1_i/dff_7/inst/Q_reg_C/Q
                         net (fo=1, routed)           0.202     0.348    design_1_i/and2_8/B
    SLICE_X50Y71         LUT2 (Prop_lut2_I1_O)        0.045     0.393 r  design_1_i/and2_8/Y_INST_0/O
                         net (fo=1, routed)           0.000     0.393    design_1_i/ICR_0/inst/Din[4]
    SLICE_X50Y71         FDCE                                         r  design_1_i/ICR_0/inst/Dout_reg[4]/D
  -------------------------------------------------------------------    -------------------

Slack:                    inf
  Source:                 design_1_i/dff_4/inst/Qn_reg_C/C
                            (rising edge-triggered cell FDCE)
  Destination:            design_1_i/dff_5/inst/Q_reg_C/D
  Path Group:             (none)
  Path Type:              Min at Fast Process Corner
  Data Path Delay:        0.412ns  (logic 0.191ns (46.328%)  route 0.221ns (53.672%))
  Logic Levels:           2  (FDCE=1 LUT2=1)

    Location             Delay type                Incr(ns)  Path(ns)    Netlist Resource(s)
  -------------------------------------------------------------------    -------------------
    SLICE_X51Y72         FDCE                         0.000     0.000 r  design_1_i/dff_4/inst/Qn_reg_C/C
    SLICE_X51Y72         FDCE (Prop_fdce_C_Q)         0.146     0.146 r  design_1_i/dff_4/inst/Qn_reg_C/Q
                         net (fo=2, routed)           0.221     0.367    design_1_i/and2_2/B
    SLICE_X51Y71         LUT2 (Prop_lut2_I1_O)        0.045     0.412 r  design_1_i/and2_2/Y_INST_0/O
                         net (fo=1, routed)           0.000     0.412    design_1_i/dff_5/inst/D
    SLICE_X51Y71         FDCE                                         r  design_1_i/dff_5/inst/Q_reg_C/D
  -------------------------------------------------------------------    -------------------

Slack:                    inf
  Source:                 design_1_i/dff_6/inst/Qn_reg_C/C
                            (rising edge-triggered cell FDCE)
  Destination:            design_1_i/dff_7/inst/Q_reg_C/D
  Path Group:             (none)
  Path Type:              Min at Fast Process Corner
  Data Path Delay:        0.416ns  (logic 0.191ns (45.883%)  route 0.225ns (54.117%))
  Logic Levels:           2  (FDCE=1 LUT2=1)

    Location             Delay type                Incr(ns)  Path(ns)    Netlist Resource(s)
  -------------------------------------------------------------------    -------------------
    SLICE_X49Y70         FDCE                         0.000     0.000 r  design_1_i/dff_6/inst/Qn_reg_C/C
    SLICE_X49Y70         FDCE (Prop_fdce_C_Q)         0.146     0.146 r  design_1_i/dff_6/inst/Qn_reg_C/Q
                         net (fo=2, routed)           0.225     0.371    design_1_i/and2_3/B
    SLICE_X49Y71         LUT2 (Prop_lut2_I1_O)        0.045     0.416 r  design_1_i/and2_3/Y_INST_0/O
                         net (fo=1, routed)           0.000     0.416    design_1_i/dff_7/inst/D
    SLICE_X49Y71         FDCE                                         r  design_1_i/dff_7/inst/Q_reg_C/D
  -------------------------------------------------------------------    -------------------

Slack:                    inf
  Source:                 design_1_i/dff_5/inst/Q_reg_C/C
                            (rising edge-triggered cell FDCE)
  Destination:            design_1_i/ICR_0/inst/Dout_reg[5]/D
  Path Group:             (none)
  Path Type:              Min at Fast Process Corner
  Data Path Delay:        0.427ns  (logic 0.191ns (44.709%)  route 0.236ns (55.291%))
  Logic Levels:           2  (FDCE=1 LUT2=1)

    Location             Delay type                Incr(ns)  Path(ns)    Netlist Resource(s)
  -------------------------------------------------------------------    -------------------
    SLICE_X51Y71         FDCE                         0.000     0.000 r  design_1_i/dff_5/inst/Q_reg_C/C
    SLICE_X51Y71         FDCE (Prop_fdce_C_Q)         0.146     0.146 r  design_1_i/dff_5/inst/Q_reg_C/Q
                         net (fo=2, routed)           0.236     0.382    design_1_i/and2_6/B
    SLICE_X50Y71         LUT2 (Prop_lut2_I1_O)        0.045     0.427 r  design_1_i/and2_6/Y_INST_0/O
                         net (fo=1, routed)           0.000     0.427    design_1_i/ICR_0/inst/Din[5]
    SLICE_X50Y71         FDCE                                         r  design_1_i/ICR_0/inst/Dout_reg[5]/D
  -------------------------------------------------------------------    -------------------





--------------------------------------------------------------------------------------
Path Group:  (none)
From Clock:  clk_fpga_0
  To Clock:  

Max Delay             8 Endpoints
Min Delay             8 Endpoints
--------------------------------------------------------------------------------------


Max Delay Paths
--------------------------------------------------------------------------------------
Slack:                    inf
  Source:                 design_1_i/cg_fpga_0/inst/cg_fpga_axi_gpio_o2/U0/gpio_core_1/Dual.gpio_Data_Out_reg[22]/C
                            (rising edge-triggered cell FDRE clocked by clk_fpga_0  {rise@0.000ns fall@5.000ns period=10.000ns})
  Destination:            design_1_i/ICR_0/inst/Dout_reg[4]/CLR
  Path Group:             (none)
  Path Type:              Max at Slow Process Corner
  Data Path Delay:        1.833ns  (logic 0.642ns (35.031%)  route 1.191ns (64.969%))
  Logic Levels:           1  (LUT1=1)
  Clock Uncertainty:      0.152ns  ((TSJ^2 + TIJ^2)^1/2 + DJ) / 2 + PE
    Total System Jitter     (TSJ):    0.050ns
    Total Input Jitter      (TIJ):    0.300ns
    Discrete Jitter          (DJ):    0.000ns
    Phase Error              (PE):    0.000ns

    Location             Delay type                Incr(ns)  Path(ns)    Netlist Resource(s)
  -------------------------------------------------------------------    -------------------
                         (clock clk_fpga_0 rise edge)
                                                      0.000     0.000 r  
    PS7_X0Y0             PS7                          0.000     0.000 r  design_1_i/cg_fpga_0/inst/processing_system7_0/inst/PS7_i/FCLKCLK[0]
                         net (fo=1, routed)           1.193     1.193    design_1_i/cg_fpga_0/inst/processing_system7_0/inst/FCLK_CLK_unbuffered[0]
    BUFGCTRL_X0Y16       BUFG (Prop_bufg_I_O)         0.101     1.294 r  design_1_i/cg_fpga_0/inst/processing_system7_0/inst/buffer_fclk_clk_0.FCLK_CLK_0_BUFG/O
                         net (fo=6937, routed)        1.634     2.928    design_1_i/cg_fpga_0/inst/cg_fpga_axi_gpio_o2/U0/gpio_core_1/s_axi_aclk
    SLICE_X42Y72         FDRE                                         r  design_1_i/cg_fpga_0/inst/cg_fpga_axi_gpio_o2/U0/gpio_core_1/Dual.gpio_Data_Out_reg[22]/C
  -------------------------------------------------------------------    -------------------
    SLICE_X42Y72         FDRE (Prop_fdre_C_Q)         0.518     3.446 r  design_1_i/cg_fpga_0/inst/cg_fpga_axi_gpio_o2/U0/gpio_core_1/Dual.gpio_Data_Out_reg[22]/Q
                         net (fo=2, routed)           0.531     3.977    design_1_i/ICR_0/inst/clr
    SLICE_X42Y72         LUT1 (Prop_lut1_I0_O)        0.124     4.101 f  design_1_i/ICR_0/inst/Dout[7]_i_1/O
                         net (fo=4, routed)           0.659     4.761    design_1_i/ICR_0/inst/Dout[7]_i_1_n_0
    SLICE_X50Y71         FDCE                                         f  design_1_i/ICR_0/inst/Dout_reg[4]/CLR
  -------------------------------------------------------------------    -------------------

Slack:                    inf
  Source:                 design_1_i/cg_fpga_0/inst/cg_fpga_axi_gpio_o2/U0/gpio_core_1/Dual.gpio_Data_Out_reg[22]/C
                            (rising edge-triggered cell FDRE clocked by clk_fpga_0  {rise@0.000ns fall@5.000ns period=10.000ns})
  Destination:            design_1_i/ICR_0/inst/Dout_reg[5]/CLR
  Path Group:             (none)
  Path Type:              Max at Slow Process Corner
  Data Path Delay:        1.833ns  (logic 0.642ns (35.031%)  route 1.191ns (64.969%))
  Logic Levels:           1  (LUT1=1)
  Clock Uncertainty:      0.152ns  ((TSJ^2 + TIJ^2)^1/2 + DJ) / 2 + PE
    Total System Jitter     (TSJ):    0.050ns
    Total Input Jitter      (TIJ):    0.300ns
    Discrete Jitter          (DJ):    0.000ns
    Phase Error              (PE):    0.000ns

    Location             Delay type                Incr(ns)  Path(ns)    Netlist Resource(s)
  -------------------------------------------------------------------    -------------------
                         (clock clk_fpga_0 rise edge)
                                                      0.000     0.000 r  
    PS7_X0Y0             PS7                          0.000     0.000 r  design_1_i/cg_fpga_0/inst/processing_system7_0/inst/PS7_i/FCLKCLK[0]
                         net (fo=1, routed)           1.193     1.193    design_1_i/cg_fpga_0/inst/processing_system7_0/inst/FCLK_CLK_unbuffered[0]
    BUFGCTRL_X0Y16       BUFG (Prop_bufg_I_O)         0.101     1.294 r  design_1_i/cg_fpga_0/inst/processing_system7_0/inst/buffer_fclk_clk_0.FCLK_CLK_0_BUFG/O
                         net (fo=6937, routed)        1.634     2.928    design_1_i/cg_fpga_0/inst/cg_fpga_axi_gpio_o2/U0/gpio_core_1/s_axi_aclk
    SLICE_X42Y72         FDRE                                         r  design_1_i/cg_fpga_0/inst/cg_fpga_axi_gpio_o2/U0/gpio_core_1/Dual.gpio_Data_Out_reg[22]/C
  -------------------------------------------------------------------    -------------------
    SLICE_X42Y72         FDRE (Prop_fdre_C_Q)         0.518     3.446 r  design_1_i/cg_fpga_0/inst/cg_fpga_axi_gpio_o2/U0/gpio_core_1/Dual.gpio_Data_Out_reg[22]/Q
                         net (fo=2, routed)           0.531     3.977    design_1_i/ICR_0/inst/clr
    SLICE_X42Y72         LUT1 (Prop_lut1_I0_O)        0.124     4.101 f  design_1_i/ICR_0/inst/Dout[7]_i_1/O
                         net (fo=4, routed)           0.659     4.761    design_1_i/ICR_0/inst/Dout[7]_i_1_n_0
    SLICE_X50Y71         FDCE                                         f  design_1_i/ICR_0/inst/Dout_reg[5]/CLR
  -------------------------------------------------------------------    -------------------

Slack:                    inf
  Source:                 design_1_i/cg_fpga_0/inst/cg_fpga_axi_gpio_o2/U0/gpio_core_1/Dual.gpio_Data_Out_reg[22]/C
                            (rising edge-triggered cell FDRE clocked by clk_fpga_0  {rise@0.000ns fall@5.000ns period=10.000ns})
  Destination:            design_1_i/ICR_0/inst/Dout_reg[6]/CLR
  Path Group:             (none)
  Path Type:              Max at Slow Process Corner
  Data Path Delay:        1.833ns  (logic 0.642ns (35.031%)  route 1.191ns (64.969%))
  Logic Levels:           1  (LUT1=1)
  Clock Uncertainty:      0.152ns  ((TSJ^2 + TIJ^2)^1/2 + DJ) / 2 + PE
    Total System Jitter     (TSJ):    0.050ns
    Total Input Jitter      (TIJ):    0.300ns
    Discrete Jitter          (DJ):    0.000ns
    Phase Error              (PE):    0.000ns

    Location             Delay type                Incr(ns)  Path(ns)    Netlist Resource(s)
  -------------------------------------------------------------------    -------------------
                         (clock clk_fpga_0 rise edge)
                                                      0.000     0.000 r  
    PS7_X0Y0             PS7                          0.000     0.000 r  design_1_i/cg_fpga_0/inst/processing_system7_0/inst/PS7_i/FCLKCLK[0]
                         net (fo=1, routed)           1.193     1.193    design_1_i/cg_fpga_0/inst/processing_system7_0/inst/FCLK_CLK_unbuffered[0]
    BUFGCTRL_X0Y16       BUFG (Prop_bufg_I_O)         0.101     1.294 r  design_1_i/cg_fpga_0/inst/processing_system7_0/inst/buffer_fclk_clk_0.FCLK_CLK_0_BUFG/O
                         net (fo=6937, routed)        1.634     2.928    design_1_i/cg_fpga_0/inst/cg_fpga_axi_gpio_o2/U0/gpio_core_1/s_axi_aclk
    SLICE_X42Y72         FDRE                                         r  design_1_i/cg_fpga_0/inst/cg_fpga_axi_gpio_o2/U0/gpio_core_1/Dual.gpio_Data_Out_reg[22]/C
  -------------------------------------------------------------------    -------------------
    SLICE_X42Y72         FDRE (Prop_fdre_C_Q)         0.518     3.446 r  design_1_i/cg_fpga_0/inst/cg_fpga_axi_gpio_o2/U0/gpio_core_1/Dual.gpio_Data_Out_reg[22]/Q
                         net (fo=2, routed)           0.531     3.977    design_1_i/ICR_0/inst/clr
    SLICE_X42Y72         LUT1 (Prop_lut1_I0_O)        0.124     4.101 f  design_1_i/ICR_0/inst/Dout[7]_i_1/O
                         net (fo=4, routed)           0.659     4.761    design_1_i/ICR_0/inst/Dout[7]_i_1_n_0
    SLICE_X50Y71         FDCE                                         f  design_1_i/ICR_0/inst/Dout_reg[6]/CLR
  -------------------------------------------------------------------    -------------------

Slack:                    inf
  Source:                 design_1_i/cg_fpga_0/inst/cg_fpga_axi_gpio_o2/U0/gpio_core_1/Dual.gpio_Data_Out_reg[22]/C
                            (rising edge-triggered cell FDRE clocked by clk_fpga_0  {rise@0.000ns fall@5.000ns period=10.000ns})
  Destination:            design_1_i/ICR_0/inst/Dout_reg[7]/CLR
  Path Group:             (none)
  Path Type:              Max at Slow Process Corner
  Data Path Delay:        1.833ns  (logic 0.642ns (35.031%)  route 1.191ns (64.969%))
  Logic Levels:           1  (LUT1=1)
  Clock Uncertainty:      0.152ns  ((TSJ^2 + TIJ^2)^1/2 + DJ) / 2 + PE
    Total System Jitter     (TSJ):    0.050ns
    Total Input Jitter      (TIJ):    0.300ns
    Discrete Jitter          (DJ):    0.000ns
    Phase Error              (PE):    0.000ns

    Location             Delay type                Incr(ns)  Path(ns)    Netlist Resource(s)
  -------------------------------------------------------------------    -------------------
                         (clock clk_fpga_0 rise edge)
                                                      0.000     0.000 r  
    PS7_X0Y0             PS7                          0.000     0.000 r  design_1_i/cg_fpga_0/inst/processing_system7_0/inst/PS7_i/FCLKCLK[0]
                         net (fo=1, routed)           1.193     1.193    design_1_i/cg_fpga_0/inst/processing_system7_0/inst/FCLK_CLK_unbuffered[0]
    BUFGCTRL_X0Y16       BUFG (Prop_bufg_I_O)         0.101     1.294 r  design_1_i/cg_fpga_0/inst/processing_system7_0/inst/buffer_fclk_clk_0.FCLK_CLK_0_BUFG/O
                         net (fo=6937, routed)        1.634     2.928    design_1_i/cg_fpga_0/inst/cg_fpga_axi_gpio_o2/U0/gpio_core_1/s_axi_aclk
    SLICE_X42Y72         FDRE                                         r  design_1_i/cg_fpga_0/inst/cg_fpga_axi_gpio_o2/U0/gpio_core_1/Dual.gpio_Data_Out_reg[22]/C
  -------------------------------------------------------------------    -------------------
    SLICE_X42Y72         FDRE (Prop_fdre_C_Q)         0.518     3.446 r  design_1_i/cg_fpga_0/inst/cg_fpga_axi_gpio_o2/U0/gpio_core_1/Dual.gpio_Data_Out_reg[22]/Q
                         net (fo=2, routed)           0.531     3.977    design_1_i/ICR_0/inst/clr
    SLICE_X42Y72         LUT1 (Prop_lut1_I0_O)        0.124     4.101 f  design_1_i/ICR_0/inst/Dout[7]_i_1/O
                         net (fo=4, routed)           0.659     4.761    design_1_i/ICR_0/inst/Dout[7]_i_1_n_0
    SLICE_X50Y71         FDCE                                         f  design_1_i/ICR_0/inst/Dout_reg[7]/CLR
  -------------------------------------------------------------------    -------------------

Slack:                    inf
  Source:                 design_1_i/cg_fpga_0/inst/cg_fpga_axi_gpio_o1/U0/gpio_core_1/Dual.gpio2_Data_Out_reg[27]/C
                            (rising edge-triggered cell FDRE clocked by clk_fpga_0  {rise@0.000ns fall@5.000ns period=10.000ns})
  Destination:            design_1_i/dff_1/inst/Q_reg_C/D
  Path Group:             (none)
  Path Type:              Max at Slow Process Corner
  Data Path Delay:        1.553ns  (logic 0.580ns (37.351%)  route 0.973ns (62.649%))
  Logic Levels:           1  (LUT2=1)
  Clock Uncertainty:      0.152ns  ((TSJ^2 + TIJ^2)^1/2 + DJ) / 2 + PE
    Total System Jitter     (TSJ):    0.050ns
    Total Input Jitter      (TIJ):    0.300ns
    Discrete Jitter          (DJ):    0.000ns
    Phase Error              (PE):    0.000ns

    Location             Delay type                Incr(ns)  Path(ns)    Netlist Resource(s)
  -------------------------------------------------------------------    -------------------
                         (clock clk_fpga_0 rise edge)
                                                      0.000     0.000 r  
    PS7_X0Y0             PS7                          0.000     0.000 r  design_1_i/cg_fpga_0/inst/processing_system7_0/inst/PS7_i/FCLKCLK[0]
                         net (fo=1, routed)           1.193     1.193    design_1_i/cg_fpga_0/inst/processing_system7_0/inst/FCLK_CLK_unbuffered[0]
    BUFGCTRL_X0Y16       BUFG (Prop_bufg_I_O)         0.101     1.294 r  design_1_i/cg_fpga_0/inst/processing_system7_0/inst/buffer_fclk_clk_0.FCLK_CLK_0_BUFG/O
                         net (fo=6937, routed)        1.632     2.926    design_1_i/cg_fpga_0/inst/cg_fpga_axi_gpio_o1/U0/gpio_core_1/s_axi_aclk
    SLICE_X48Y73         FDRE                                         r  design_1_i/cg_fpga_0/inst/cg_fpga_axi_gpio_o1/U0/gpio_core_1/Dual.gpio2_Data_Out_reg[27]/C
  -------------------------------------------------------------------    -------------------
    SLICE_X48Y73         FDRE (Prop_fdre_C_Q)         0.456     3.382 f  design_1_i/cg_fpga_0/inst/cg_fpga_axi_gpio_o1/U0/gpio_core_1/Dual.gpio2_Data_Out_reg[27]/Q
                         net (fo=2, routed)           0.973     4.355    design_1_i/and2_0/A
    SLICE_X51Y71         LUT2 (Prop_lut2_I0_O)        0.124     4.479 r  design_1_i/and2_0/Y_INST_0/O
                         net (fo=1, routed)           0.000     4.479    design_1_i/dff_1/inst/D
    SLICE_X51Y71         FDCE                                         r  design_1_i/dff_1/inst/Q_reg_C/D
  -------------------------------------------------------------------    -------------------

Slack:                    inf
  Source:                 design_1_i/cg_fpga_0/inst/cg_fpga_axi_gpio_o1/U0/gpio_core_1/Dual.gpio2_Data_Out_reg[25]/C
                            (rising edge-triggered cell FDRE clocked by clk_fpga_0  {rise@0.000ns fall@5.000ns period=10.000ns})
  Destination:            design_1_i/dff_5/inst/Q_reg_C/D
  Path Group:             (none)
  Path Type:              Max at Slow Process Corner
  Data Path Delay:        1.301ns  (logic 0.580ns (44.582%)  route 0.721ns (55.418%))
  Logic Levels:           1  (LUT2=1)
  Clock Uncertainty:      0.152ns  ((TSJ^2 + TIJ^2)^1/2 + DJ) / 2 + PE
    Total System Jitter     (TSJ):    0.050ns
    Total Input Jitter      (TIJ):    0.300ns
    Discrete Jitter          (DJ):    0.000ns
    Phase Error              (PE):    0.000ns

    Location             Delay type                Incr(ns)  Path(ns)    Netlist Resource(s)
  -------------------------------------------------------------------    -------------------
                         (clock clk_fpga_0 rise edge)
                                                      0.000     0.000 r  
    PS7_X0Y0             PS7                          0.000     0.000 r  design_1_i/cg_fpga_0/inst/processing_system7_0/inst/PS7_i/FCLKCLK[0]
                         net (fo=1, routed)           1.193     1.193    design_1_i/cg_fpga_0/inst/processing_system7_0/inst/FCLK_CLK_unbuffered[0]
    BUFGCTRL_X0Y16       BUFG (Prop_bufg_I_O)         0.101     1.294 r  design_1_i/cg_fpga_0/inst/processing_system7_0/inst/buffer_fclk_clk_0.FCLK_CLK_0_BUFG/O
                         net (fo=6937, routed)        1.636     2.930    design_1_i/cg_fpga_0/inst/cg_fpga_axi_gpio_o1/U0/gpio_core_1/s_axi_aclk
    SLICE_X48Y71         FDRE                                         r  design_1_i/cg_fpga_0/inst/cg_fpga_axi_gpio_o1/U0/gpio_core_1/Dual.gpio2_Data_Out_reg[25]/C
  -------------------------------------------------------------------    -------------------
    SLICE_X48Y71         FDRE (Prop_fdre_C_Q)         0.456     3.386 f  design_1_i/cg_fpga_0/inst/cg_fpga_axi_gpio_o1/U0/gpio_core_1/Dual.gpio2_Data_Out_reg[25]/Q
                         net (fo=2, routed)           0.721     4.107    design_1_i/and2_2/A
    SLICE_X51Y71         LUT2 (Prop_lut2_I0_O)        0.124     4.231 r  design_1_i/and2_2/Y_INST_0/O
                         net (fo=1, routed)           0.000     4.231    design_1_i/dff_5/inst/D
    SLICE_X51Y71         FDCE                                         r  design_1_i/dff_5/inst/Q_reg_C/D
  -------------------------------------------------------------------    -------------------

Slack:                    inf
  Source:                 design_1_i/cg_fpga_0/inst/cg_fpga_axi_gpio_o1/U0/gpio_core_1/Dual.gpio2_Data_Out_reg[24]/C
                            (rising edge-triggered cell FDRE clocked by clk_fpga_0  {rise@0.000ns fall@5.000ns period=10.000ns})
  Destination:            design_1_i/dff_7/inst/Q_reg_C/D
  Path Group:             (none)
  Path Type:              Max at Slow Process Corner
  Data Path Delay:        0.861ns  (logic 0.580ns (67.378%)  route 0.281ns (32.622%))
  Logic Levels:           1  (LUT2=1)
  Clock Uncertainty:      0.152ns  ((TSJ^2 + TIJ^2)^1/2 + DJ) / 2 + PE
    Total System Jitter     (TSJ):    0.050ns
    Total Input Jitter      (TIJ):    0.300ns
    Discrete Jitter          (DJ):    0.000ns
    Phase Error              (PE):    0.000ns

    Location             Delay type                Incr(ns)  Path(ns)    Netlist Resource(s)
  -------------------------------------------------------------------    -------------------
                         (clock clk_fpga_0 rise edge)
                                                      0.000     0.000 r  
    PS7_X0Y0             PS7                          0.000     0.000 r  design_1_i/cg_fpga_0/inst/processing_system7_0/inst/PS7_i/FCLKCLK[0]
                         net (fo=1, routed)           1.193     1.193    design_1_i/cg_fpga_0/inst/processing_system7_0/inst/FCLK_CLK_unbuffered[0]
    BUFGCTRL_X0Y16       BUFG (Prop_bufg_I_O)         0.101     1.294 r  design_1_i/cg_fpga_0/inst/processing_system7_0/inst/buffer_fclk_clk_0.FCLK_CLK_0_BUFG/O
                         net (fo=6937, routed)        1.636     2.930    design_1_i/cg_fpga_0/inst/cg_fpga_axi_gpio_o1/U0/gpio_core_1/s_axi_aclk
    SLICE_X48Y71         FDRE                                         r  design_1_i/cg_fpga_0/inst/cg_fpga_axi_gpio_o1/U0/gpio_core_1/Dual.gpio2_Data_Out_reg[24]/C
  -------------------------------------------------------------------    -------------------
    SLICE_X48Y71         FDRE (Prop_fdre_C_Q)         0.456     3.386 f  design_1_i/cg_fpga_0/inst/cg_fpga_axi_gpio_o1/U0/gpio_core_1/Dual.gpio2_Data_Out_reg[24]/Q
                         net (fo=2, routed)           0.281     3.667    design_1_i/and2_3/A
    SLICE_X49Y71         LUT2 (Prop_lut2_I0_O)        0.124     3.791 r  design_1_i/and2_3/Y_INST_0/O
                         net (fo=1, routed)           0.000     3.791    design_1_i/dff_7/inst/D
    SLICE_X49Y71         FDCE                                         r  design_1_i/dff_7/inst/Q_reg_C/D
  -------------------------------------------------------------------    -------------------

Slack:                    inf
  Source:                 design_1_i/cg_fpga_0/inst/cg_fpga_axi_gpio_o1/U0/gpio_core_1/Dual.gpio2_Data_Out_reg[26]/C
                            (rising edge-triggered cell FDRE clocked by clk_fpga_0  {rise@0.000ns fall@5.000ns period=10.000ns})
  Destination:            design_1_i/dff_3/inst/Q_reg_C/D
  Path Group:             (none)
  Path Type:              Max at Slow Process Corner
  Data Path Delay:        0.749ns  (logic 0.580ns (77.427%)  route 0.169ns (22.573%))
  Logic Levels:           1  (LUT2=1)
  Clock Uncertainty:      0.152ns  ((TSJ^2 + TIJ^2)^1/2 + DJ) / 2 + PE
    Total System Jitter     (TSJ):    0.050ns
    Total Input Jitter      (TIJ):    0.300ns
    Discrete Jitter          (DJ):    0.000ns
    Phase Error              (PE):    0.000ns

    Location             Delay type                Incr(ns)  Path(ns)    Netlist Resource(s)
  -------------------------------------------------------------------    -------------------
                         (clock clk_fpga_0 rise edge)
                                                      0.000     0.000 r  
    PS7_X0Y0             PS7                          0.000     0.000 r  design_1_i/cg_fpga_0/inst/processing_system7_0/inst/PS7_i/FCLKCLK[0]
                         net (fo=1, routed)           1.193     1.193    design_1_i/cg_fpga_0/inst/processing_system7_0/inst/FCLK_CLK_unbuffered[0]
    BUFGCTRL_X0Y16       BUFG (Prop_bufg_I_O)         0.101     1.294 r  design_1_i/cg_fpga_0/inst/processing_system7_0/inst/buffer_fclk_clk_0.FCLK_CLK_0_BUFG/O
                         net (fo=6937, routed)        1.636     2.930    design_1_i/cg_fpga_0/inst/cg_fpga_axi_gpio_o1/U0/gpio_core_1/s_axi_aclk
    SLICE_X48Y71         FDRE                                         r  design_1_i/cg_fpga_0/inst/cg_fpga_axi_gpio_o1/U0/gpio_core_1/Dual.gpio2_Data_Out_reg[26]/C
  -------------------------------------------------------------------    -------------------
    SLICE_X48Y71         FDRE (Prop_fdre_C_Q)         0.456     3.386 f  design_1_i/cg_fpga_0/inst/cg_fpga_axi_gpio_o1/U0/gpio_core_1/Dual.gpio2_Data_Out_reg[26]/Q
                         net (fo=2, routed)           0.169     3.555    design_1_i/and2_1/A
    SLICE_X49Y71         LUT2 (Prop_lut2_I0_O)        0.124     3.679 r  design_1_i/and2_1/Y_INST_0/O
                         net (fo=1, routed)           0.000     3.679    design_1_i/dff_3/inst/D
    SLICE_X49Y71         FDCE                                         r  design_1_i/dff_3/inst/Q_reg_C/D
  -------------------------------------------------------------------    -------------------





Min Delay Paths
--------------------------------------------------------------------------------------
Slack:                    inf
  Source:                 design_1_i/cg_fpga_0/inst/cg_fpga_axi_gpio_o1/U0/gpio_core_1/Dual.gpio2_Data_Out_reg[26]/C
                            (rising edge-triggered cell FDRE clocked by clk_fpga_0  {rise@0.000ns fall@5.000ns period=10.000ns})
  Destination:            design_1_i/dff_3/inst/Q_reg_C/D
  Path Group:             (none)
  Path Type:              Min at Fast Process Corner
  Data Path Delay:        0.252ns  (logic 0.186ns (73.783%)  route 0.066ns (26.217%))
  Logic Levels:           1  (LUT2=1)
  Clock Uncertainty:      0.152ns  ((TSJ^2 + TIJ^2)^1/2 + DJ) / 2 + PE
    Total System Jitter     (TSJ):    0.050ns
    Total Input Jitter      (TIJ):    0.300ns
    Discrete Jitter          (DJ):    0.000ns
    Phase Error              (PE):    0.000ns

    Location             Delay type                Incr(ns)  Path(ns)    Netlist Resource(s)
  -------------------------------------------------------------------    -------------------
                         (clock clk_fpga_0 rise edge)
                                                      0.000     0.000 r  
    PS7_X0Y0             PS7                          0.000     0.000 r  design_1_i/cg_fpga_0/inst/processing_system7_0/inst/PS7_i/FCLKCLK[0]
                         net (fo=1, routed)           0.310     0.310    design_1_i/cg_fpga_0/inst/processing_system7_0/inst/FCLK_CLK_unbuffered[0]
    BUFGCTRL_X0Y16       BUFG (Prop_bufg_I_O)         0.026     0.336 r  design_1_i/cg_fpga_0/inst/processing_system7_0/inst/buffer_fclk_clk_0.FCLK_CLK_0_BUFG/O
                         net (fo=6937, routed)        0.545     0.881    design_1_i/cg_fpga_0/inst/cg_fpga_axi_gpio_o1/U0/gpio_core_1/s_axi_aclk
    SLICE_X48Y71         FDRE                                         r  design_1_i/cg_fpga_0/inst/cg_fpga_axi_gpio_o1/U0/gpio_core_1/Dual.gpio2_Data_Out_reg[26]/C
  -------------------------------------------------------------------    -------------------
    SLICE_X48Y71         FDRE (Prop_fdre_C_Q)         0.141     1.022 f  design_1_i/cg_fpga_0/inst/cg_fpga_axi_gpio_o1/U0/gpio_core_1/Dual.gpio2_Data_Out_reg[26]/Q
                         net (fo=2, routed)           0.066     1.088    design_1_i/and2_1/A
    SLICE_X49Y71         LUT2 (Prop_lut2_I0_O)        0.045     1.133 r  design_1_i/and2_1/Y_INST_0/O
                         net (fo=1, routed)           0.000     1.133    design_1_i/dff_3/inst/D
    SLICE_X49Y71         FDCE                                         r  design_1_i/dff_3/inst/Q_reg_C/D
  -------------------------------------------------------------------    -------------------

Slack:                    inf
  Source:                 design_1_i/cg_fpga_0/inst/cg_fpga_axi_gpio_o1/U0/gpio_core_1/Dual.gpio2_Data_Out_reg[24]/C
                            (rising edge-triggered cell FDRE clocked by clk_fpga_0  {rise@0.000ns fall@5.000ns period=10.000ns})
  Destination:            design_1_i/dff_7/inst/Q_reg_C/D
  Path Group:             (none)
  Path Type:              Min at Fast Process Corner
  Data Path Delay:        0.285ns  (logic 0.186ns (65.306%)  route 0.099ns (34.694%))
  Logic Levels:           1  (LUT2=1)
  Clock Uncertainty:      0.152ns  ((TSJ^2 + TIJ^2)^1/2 + DJ) / 2 + PE
    Total System Jitter     (TSJ):    0.050ns
    Total Input Jitter      (TIJ):    0.300ns
    Discrete Jitter          (DJ):    0.000ns
    Phase Error              (PE):    0.000ns

    Location             Delay type                Incr(ns)  Path(ns)    Netlist Resource(s)
  -------------------------------------------------------------------    -------------------
                         (clock clk_fpga_0 rise edge)
                                                      0.000     0.000 r  
    PS7_X0Y0             PS7                          0.000     0.000 r  design_1_i/cg_fpga_0/inst/processing_system7_0/inst/PS7_i/FCLKCLK[0]
                         net (fo=1, routed)           0.310     0.310    design_1_i/cg_fpga_0/inst/processing_system7_0/inst/FCLK_CLK_unbuffered[0]
    BUFGCTRL_X0Y16       BUFG (Prop_bufg_I_O)         0.026     0.336 r  design_1_i/cg_fpga_0/inst/processing_system7_0/inst/buffer_fclk_clk_0.FCLK_CLK_0_BUFG/O
                         net (fo=6937, routed)        0.545     0.881    design_1_i/cg_fpga_0/inst/cg_fpga_axi_gpio_o1/U0/gpio_core_1/s_axi_aclk
    SLICE_X48Y71         FDRE                                         r  design_1_i/cg_fpga_0/inst/cg_fpga_axi_gpio_o1/U0/gpio_core_1/Dual.gpio2_Data_Out_reg[24]/C
  -------------------------------------------------------------------    -------------------
    SLICE_X48Y71         FDRE (Prop_fdre_C_Q)         0.141     1.022 f  design_1_i/cg_fpga_0/inst/cg_fpga_axi_gpio_o1/U0/gpio_core_1/Dual.gpio2_Data_Out_reg[24]/Q
                         net (fo=2, routed)           0.099     1.120    design_1_i/and2_3/A
    SLICE_X49Y71         LUT2 (Prop_lut2_I0_O)        0.045     1.165 r  design_1_i/and2_3/Y_INST_0/O
                         net (fo=1, routed)           0.000     1.165    design_1_i/dff_7/inst/D
    SLICE_X49Y71         FDCE                                         r  design_1_i/dff_7/inst/Q_reg_C/D
  -------------------------------------------------------------------    -------------------

Slack:                    inf
  Source:                 design_1_i/cg_fpga_0/inst/cg_fpga_axi_gpio_o1/U0/gpio_core_1/Dual.gpio2_Data_Out_reg[25]/C
                            (rising edge-triggered cell FDRE clocked by clk_fpga_0  {rise@0.000ns fall@5.000ns period=10.000ns})
  Destination:            design_1_i/dff_5/inst/Q_reg_C/D
  Path Group:             (none)
  Path Type:              Min at Fast Process Corner
  Data Path Delay:        0.434ns  (logic 0.186ns (42.860%)  route 0.248ns (57.140%))
  Logic Levels:           1  (LUT2=1)
  Clock Uncertainty:      0.152ns  ((TSJ^2 + TIJ^2)^1/2 + DJ) / 2 + PE
    Total System Jitter     (TSJ):    0.050ns
    Total Input Jitter      (TIJ):    0.300ns
    Discrete Jitter          (DJ):    0.000ns
    Phase Error              (PE):    0.000ns

    Location             Delay type                Incr(ns)  Path(ns)    Netlist Resource(s)
  -------------------------------------------------------------------    -------------------
                         (clock clk_fpga_0 rise edge)
                                                      0.000     0.000 r  
    PS7_X0Y0             PS7                          0.000     0.000 r  design_1_i/cg_fpga_0/inst/processing_system7_0/inst/PS7_i/FCLKCLK[0]
                         net (fo=1, routed)           0.310     0.310    design_1_i/cg_fpga_0/inst/processing_system7_0/inst/FCLK_CLK_unbuffered[0]
    BUFGCTRL_X0Y16       BUFG (Prop_bufg_I_O)         0.026     0.336 r  design_1_i/cg_fpga_0/inst/processing_system7_0/inst/buffer_fclk_clk_0.FCLK_CLK_0_BUFG/O
                         net (fo=6937, routed)        0.545     0.881    design_1_i/cg_fpga_0/inst/cg_fpga_axi_gpio_o1/U0/gpio_core_1/s_axi_aclk
    SLICE_X48Y71         FDRE                                         r  design_1_i/cg_fpga_0/inst/cg_fpga_axi_gpio_o1/U0/gpio_core_1/Dual.gpio2_Data_Out_reg[25]/C
  -------------------------------------------------------------------    -------------------
    SLICE_X48Y71         FDRE (Prop_fdre_C_Q)         0.141     1.022 f  design_1_i/cg_fpga_0/inst/cg_fpga_axi_gpio_o1/U0/gpio_core_1/Dual.gpio2_Data_Out_reg[25]/Q
                         net (fo=2, routed)           0.248     1.270    design_1_i/and2_2/A
    SLICE_X51Y71         LUT2 (Prop_lut2_I0_O)        0.045     1.315 r  design_1_i/and2_2/Y_INST_0/O
                         net (fo=1, routed)           0.000     1.315    design_1_i/dff_5/inst/D
    SLICE_X51Y71         FDCE                                         r  design_1_i/dff_5/inst/Q_reg_C/D
  -------------------------------------------------------------------    -------------------

Slack:                    inf
  Source:                 design_1_i/cg_fpga_0/inst/cg_fpga_axi_gpio_o1/U0/gpio_core_1/Dual.gpio2_Data_Out_reg[27]/C
                            (rising edge-triggered cell FDRE clocked by clk_fpga_0  {rise@0.000ns fall@5.000ns period=10.000ns})
  Destination:            design_1_i/dff_1/inst/Q_reg_C/D
  Path Group:             (none)
  Path Type:              Min at Fast Process Corner
  Data Path Delay:        0.520ns  (logic 0.186ns (35.779%)  route 0.334ns (64.221%))
  Logic Levels:           1  (LUT2=1)
  Clock Uncertainty:      0.152ns  ((TSJ^2 + TIJ^2)^1/2 + DJ) / 2 + PE
    Total System Jitter     (TSJ):    0.050ns
    Total Input Jitter      (TIJ):    0.300ns
    Discrete Jitter          (DJ):    0.000ns
    Phase Error              (PE):    0.000ns

    Location             Delay type                Incr(ns)  Path(ns)    Netlist Resource(s)
  -------------------------------------------------------------------    -------------------
                         (clock clk_fpga_0 rise edge)
                                                      0.000     0.000 r  
    PS7_X0Y0             PS7                          0.000     0.000 r  design_1_i/cg_fpga_0/inst/processing_system7_0/inst/PS7_i/FCLKCLK[0]
                         net (fo=1, routed)           0.310     0.310    design_1_i/cg_fpga_0/inst/processing_system7_0/inst/FCLK_CLK_unbuffered[0]
    BUFGCTRL_X0Y16       BUFG (Prop_bufg_I_O)         0.026     0.336 r  design_1_i/cg_fpga_0/inst/processing_system7_0/inst/buffer_fclk_clk_0.FCLK_CLK_0_BUFG/O
                         net (fo=6937, routed)        0.543     0.879    design_1_i/cg_fpga_0/inst/cg_fpga_axi_gpio_o1/U0/gpio_core_1/s_axi_aclk
    SLICE_X48Y73         FDRE                                         r  design_1_i/cg_fpga_0/inst/cg_fpga_axi_gpio_o1/U0/gpio_core_1/Dual.gpio2_Data_Out_reg[27]/C
  -------------------------------------------------------------------    -------------------
    SLICE_X48Y73         FDRE (Prop_fdre_C_Q)         0.141     1.020 f  design_1_i/cg_fpga_0/inst/cg_fpga_axi_gpio_o1/U0/gpio_core_1/Dual.gpio2_Data_Out_reg[27]/Q
                         net (fo=2, routed)           0.334     1.353    design_1_i/and2_0/A
    SLICE_X51Y71         LUT2 (Prop_lut2_I0_O)        0.045     1.398 r  design_1_i/and2_0/Y_INST_0/O
                         net (fo=1, routed)           0.000     1.398    design_1_i/dff_1/inst/D
    SLICE_X51Y71         FDCE                                         r  design_1_i/dff_1/inst/Q_reg_C/D
  -------------------------------------------------------------------    -------------------

Slack:                    inf
  Source:                 design_1_i/cg_fpga_0/inst/cg_fpga_axi_gpio_o2/U0/gpio_core_1/Dual.gpio_Data_Out_reg[22]/C
                            (rising edge-triggered cell FDRE clocked by clk_fpga_0  {rise@0.000ns fall@5.000ns period=10.000ns})
  Destination:            design_1_i/ICR_0/inst/Dout_reg[4]/CLR
  Path Group:             (none)
  Path Type:              Min at Fast Process Corner
  Data Path Delay:        0.624ns  (logic 0.209ns (33.512%)  route 0.415ns (66.488%))
  Logic Levels:           1  (LUT1=1)
  Clock Uncertainty:      0.152ns  ((TSJ^2 + TIJ^2)^1/2 + DJ) / 2 + PE
    Total System Jitter     (TSJ):    0.050ns
    Total Input Jitter      (TIJ):    0.300ns
    Discrete Jitter          (DJ):    0.000ns
    Phase Error              (PE):    0.000ns

    Location             Delay type                Incr(ns)  Path(ns)    Netlist Resource(s)
  -------------------------------------------------------------------    -------------------
                         (clock clk_fpga_0 rise edge)
                                                      0.000     0.000 r  
    PS7_X0Y0             PS7                          0.000     0.000 r  design_1_i/cg_fpga_0/inst/processing_system7_0/inst/PS7_i/FCLKCLK[0]
                         net (fo=1, routed)           0.310     0.310    design_1_i/cg_fpga_0/inst/processing_system7_0/inst/FCLK_CLK_unbuffered[0]
    BUFGCTRL_X0Y16       BUFG (Prop_bufg_I_O)         0.026     0.336 r  design_1_i/cg_fpga_0/inst/processing_system7_0/inst/buffer_fclk_clk_0.FCLK_CLK_0_BUFG/O
                         net (fo=6937, routed)        0.546     0.882    design_1_i/cg_fpga_0/inst/cg_fpga_axi_gpio_o2/U0/gpio_core_1/s_axi_aclk
    SLICE_X42Y72         FDRE                                         r  design_1_i/cg_fpga_0/inst/cg_fpga_axi_gpio_o2/U0/gpio_core_1/Dual.gpio_Data_Out_reg[22]/C
  -------------------------------------------------------------------    -------------------
    SLICE_X42Y72         FDRE (Prop_fdre_C_Q)         0.164     1.046 r  design_1_i/cg_fpga_0/inst/cg_fpga_axi_gpio_o2/U0/gpio_core_1/Dual.gpio_Data_Out_reg[22]/Q
                         net (fo=2, routed)           0.175     1.221    design_1_i/ICR_0/inst/clr
    SLICE_X42Y72         LUT1 (Prop_lut1_I0_O)        0.045     1.266 f  design_1_i/ICR_0/inst/Dout[7]_i_1/O
                         net (fo=4, routed)           0.239     1.505    design_1_i/ICR_0/inst/Dout[7]_i_1_n_0
    SLICE_X50Y71         FDCE                                         f  design_1_i/ICR_0/inst/Dout_reg[4]/CLR
  -------------------------------------------------------------------    -------------------

Slack:                    inf
  Source:                 design_1_i/cg_fpga_0/inst/cg_fpga_axi_gpio_o2/U0/gpio_core_1/Dual.gpio_Data_Out_reg[22]/C
                            (rising edge-triggered cell FDRE clocked by clk_fpga_0  {rise@0.000ns fall@5.000ns period=10.000ns})
  Destination:            design_1_i/ICR_0/inst/Dout_reg[5]/CLR
  Path Group:             (none)
  Path Type:              Min at Fast Process Corner
  Data Path Delay:        0.624ns  (logic 0.209ns (33.512%)  route 0.415ns (66.488%))
  Logic Levels:           1  (LUT1=1)
  Clock Uncertainty:      0.152ns  ((TSJ^2 + TIJ^2)^1/2 + DJ) / 2 + PE
    Total System Jitter     (TSJ):    0.050ns
    Total Input Jitter      (TIJ):    0.300ns
    Discrete Jitter          (DJ):    0.000ns
    Phase Error              (PE):    0.000ns

    Location             Delay type                Incr(ns)  Path(ns)    Netlist Resource(s)
  -------------------------------------------------------------------    -------------------
                         (clock clk_fpga_0 rise edge)
                                                      0.000     0.000 r  
    PS7_X0Y0             PS7                          0.000     0.000 r  design_1_i/cg_fpga_0/inst/processing_system7_0/inst/PS7_i/FCLKCLK[0]
                         net (fo=1, routed)           0.310     0.310    design_1_i/cg_fpga_0/inst/processing_system7_0/inst/FCLK_CLK_unbuffered[0]
    BUFGCTRL_X0Y16       BUFG (Prop_bufg_I_O)         0.026     0.336 r  design_1_i/cg_fpga_0/inst/processing_system7_0/inst/buffer_fclk_clk_0.FCLK_CLK_0_BUFG/O
                         net (fo=6937, routed)        0.546     0.882    design_1_i/cg_fpga_0/inst/cg_fpga_axi_gpio_o2/U0/gpio_core_1/s_axi_aclk
    SLICE_X42Y72         FDRE                                         r  design_1_i/cg_fpga_0/inst/cg_fpga_axi_gpio_o2/U0/gpio_core_1/Dual.gpio_Data_Out_reg[22]/C
  -------------------------------------------------------------------    -------------------
    SLICE_X42Y72         FDRE (Prop_fdre_C_Q)         0.164     1.046 r  design_1_i/cg_fpga_0/inst/cg_fpga_axi_gpio_o2/U0/gpio_core_1/Dual.gpio_Data_Out_reg[22]/Q
                         net (fo=2, routed)           0.175     1.221    design_1_i/ICR_0/inst/clr
    SLICE_X42Y72         LUT1 (Prop_lut1_I0_O)        0.045     1.266 f  design_1_i/ICR_0/inst/Dout[7]_i_1/O
                         net (fo=4, routed)           0.239     1.505    design_1_i/ICR_0/inst/Dout[7]_i_1_n_0
    SLICE_X50Y71         FDCE                                         f  design_1_i/ICR_0/inst/Dout_reg[5]/CLR
  -------------------------------------------------------------------    -------------------

Slack:                    inf
  Source:                 design_1_i/cg_fpga_0/inst/cg_fpga_axi_gpio_o2/U0/gpio_core_1/Dual.gpio_Data_Out_reg[22]/C
                            (rising edge-triggered cell FDRE clocked by clk_fpga_0  {rise@0.000ns fall@5.000ns period=10.000ns})
  Destination:            design_1_i/ICR_0/inst/Dout_reg[6]/CLR
  Path Group:             (none)
  Path Type:              Min at Fast Process Corner
  Data Path Delay:        0.624ns  (logic 0.209ns (33.512%)  route 0.415ns (66.488%))
  Logic Levels:           1  (LUT1=1)
  Clock Uncertainty:      0.152ns  ((TSJ^2 + TIJ^2)^1/2 + DJ) / 2 + PE
    Total System Jitter     (TSJ):    0.050ns
    Total Input Jitter      (TIJ):    0.300ns
    Discrete Jitter          (DJ):    0.000ns
    Phase Error              (PE):    0.000ns

    Location             Delay type                Incr(ns)  Path(ns)    Netlist Resource(s)
  -------------------------------------------------------------------    -------------------
                         (clock clk_fpga_0 rise edge)
                                                      0.000     0.000 r  
    PS7_X0Y0             PS7                          0.000     0.000 r  design_1_i/cg_fpga_0/inst/processing_system7_0/inst/PS7_i/FCLKCLK[0]
                         net (fo=1, routed)           0.310     0.310    design_1_i/cg_fpga_0/inst/processing_system7_0/inst/FCLK_CLK_unbuffered[0]
    BUFGCTRL_X0Y16       BUFG (Prop_bufg_I_O)         0.026     0.336 r  design_1_i/cg_fpga_0/inst/processing_system7_0/inst/buffer_fclk_clk_0.FCLK_CLK_0_BUFG/O
                         net (fo=6937, routed)        0.546     0.882    design_1_i/cg_fpga_0/inst/cg_fpga_axi_gpio_o2/U0/gpio_core_1/s_axi_aclk
    SLICE_X42Y72         FDRE                                         r  design_1_i/cg_fpga_0/inst/cg_fpga_axi_gpio_o2/U0/gpio_core_1/Dual.gpio_Data_Out_reg[22]/C
  -------------------------------------------------------------------    -------------------
    SLICE_X42Y72         FDRE (Prop_fdre_C_Q)         0.164     1.046 r  design_1_i/cg_fpga_0/inst/cg_fpga_axi_gpio_o2/U0/gpio_core_1/Dual.gpio_Data_Out_reg[22]/Q
                         net (fo=2, routed)           0.175     1.221    design_1_i/ICR_0/inst/clr
    SLICE_X42Y72         LUT1 (Prop_lut1_I0_O)        0.045     1.266 f  design_1_i/ICR_0/inst/Dout[7]_i_1/O
                         net (fo=4, routed)           0.239     1.505    design_1_i/ICR_0/inst/Dout[7]_i_1_n_0
    SLICE_X50Y71         FDCE                                         f  design_1_i/ICR_0/inst/Dout_reg[6]/CLR
  -------------------------------------------------------------------    -------------------

Slack:                    inf
  Source:                 design_1_i/cg_fpga_0/inst/cg_fpga_axi_gpio_o2/U0/gpio_core_1/Dual.gpio_Data_Out_reg[22]/C
                            (rising edge-triggered cell FDRE clocked by clk_fpga_0  {rise@0.000ns fall@5.000ns period=10.000ns})
  Destination:            design_1_i/ICR_0/inst/Dout_reg[7]/CLR
  Path Group:             (none)
  Path Type:              Min at Fast Process Corner
  Data Path Delay:        0.624ns  (logic 0.209ns (33.512%)  route 0.415ns (66.488%))
  Logic Levels:           1  (LUT1=1)
  Clock Uncertainty:      0.152ns  ((TSJ^2 + TIJ^2)^1/2 + DJ) / 2 + PE
    Total System Jitter     (TSJ):    0.050ns
    Total Input Jitter      (TIJ):    0.300ns
    Discrete Jitter          (DJ):    0.000ns
    Phase Error              (PE):    0.000ns

    Location             Delay type                Incr(ns)  Path(ns)    Netlist Resource(s)
  -------------------------------------------------------------------    -------------------
                         (clock clk_fpga_0 rise edge)
                                                      0.000     0.000 r  
    PS7_X0Y0             PS7                          0.000     0.000 r  design_1_i/cg_fpga_0/inst/processing_system7_0/inst/PS7_i/FCLKCLK[0]
                         net (fo=1, routed)           0.310     0.310    design_1_i/cg_fpga_0/inst/processing_system7_0/inst/FCLK_CLK_unbuffered[0]
    BUFGCTRL_X0Y16       BUFG (Prop_bufg_I_O)         0.026     0.336 r  design_1_i/cg_fpga_0/inst/processing_system7_0/inst/buffer_fclk_clk_0.FCLK_CLK_0_BUFG/O
                         net (fo=6937, routed)        0.546     0.882    design_1_i/cg_fpga_0/inst/cg_fpga_axi_gpio_o2/U0/gpio_core_1/s_axi_aclk
    SLICE_X42Y72         FDRE                                         r  design_1_i/cg_fpga_0/inst/cg_fpga_axi_gpio_o2/U0/gpio_core_1/Dual.gpio_Data_Out_reg[22]/C
  -------------------------------------------------------------------    -------------------
    SLICE_X42Y72         FDRE (Prop_fdre_C_Q)         0.164     1.046 r  design_1_i/cg_fpga_0/inst/cg_fpga_axi_gpio_o2/U0/gpio_core_1/Dual.gpio_Data_Out_reg[22]/Q
                         net (fo=2, routed)           0.175     1.221    design_1_i/ICR_0/inst/clr
    SLICE_X42Y72         LUT1 (Prop_lut1_I0_O)        0.045     1.266 f  design_1_i/ICR_0/inst/Dout[7]_i_1/O
                         net (fo=4, routed)           0.239     1.505    design_1_i/ICR_0/inst/Dout[7]_i_1_n_0
    SLICE_X50Y71         FDCE                                         f  design_1_i/ICR_0/inst/Dout_reg[7]/CLR
  -------------------------------------------------------------------    -------------------





--------------------------------------------------------------------------------------
Path Group:  (none)
From Clock:  
  To Clock:  clk_fpga_0

Max Delay             8 Endpoints
Min Delay             8 Endpoints
--------------------------------------------------------------------------------------


Max Delay Paths
--------------------------------------------------------------------------------------
Slack:                    inf
  Source:                 design_1_i/ICR_0/inst/Dout_reg[6]/C
                            (rising edge-triggered cell FDCE)
  Destination:            <hidden>
                            (rising edge-triggered cell RAMB18E1 clocked by clk_fpga_0  {rise@0.000ns fall@5.000ns period=10.000ns})
  Path Group:             (none)
  Path Type:              Setup (Max at Slow Process Corner)
  Data Path Delay:        1.342ns  (logic 0.518ns (38.601%)  route 0.824ns (61.399%))
  Logic Levels:           1  (FDCE=1)
  Clock Uncertainty:      0.152ns  ((TSJ^2 + TIJ^2)^1/2 + DJ) / 2 + PE
    Total System Jitter     (TSJ):    0.050ns
    Total Input Jitter      (TIJ):    0.300ns
    Discrete Jitter          (DJ):    0.000ns
    Phase Error              (PE):    0.000ns

    Location             Delay type                Incr(ns)  Path(ns)    Netlist Resource(s)
  -------------------------------------------------------------------    -------------------
    SLICE_X50Y71         FDCE                         0.000     0.000 r  design_1_i/ICR_0/inst/Dout_reg[6]/C
    SLICE_X50Y71         FDCE (Prop_fdce_C_Q)         0.518     0.518 r  design_1_i/ICR_0/inst/Dout_reg[6]/Q
                         net (fo=2, routed)           0.824     1.342    <hidden>
    RAMB18_X3Y28         RAMB18E1                                     r  <hidden>
  -------------------------------------------------------------------    -------------------

                         (clock clk_fpga_0 rise edge)
                                                      0.000     0.000 r  
    PS7_X0Y0             PS7                          0.000     0.000 r  design_1_i/cg_fpga_0/inst/processing_system7_0/inst/PS7_i/FCLKCLK[0]
                         net (fo=1, routed)           1.088     1.088    design_1_i/cg_fpga_0/inst/processing_system7_0/inst/FCLK_CLK_unbuffered[0]
    BUFGCTRL_X0Y16       BUFG (Prop_bufg_I_O)         0.091     1.179 r  design_1_i/cg_fpga_0/inst/processing_system7_0/inst/buffer_fclk_clk_0.FCLK_CLK_0_BUFG/O
                         net (fo=6937, routed)        1.563     2.742    <hidden>
    RAMB18_X3Y28         RAMB18E1                                     r  <hidden>

Slack:                    inf
  Source:                 design_1_i/ICR_0/inst/Dout_reg[6]/C
                            (rising edge-triggered cell FDCE)
  Destination:            <hidden>
                            (rising edge-triggered cell RAMB18E1 clocked by clk_fpga_0  {rise@0.000ns fall@5.000ns period=10.000ns})
  Path Group:             (none)
  Path Type:              Setup (Max at Slow Process Corner)
  Data Path Delay:        1.340ns  (logic 0.518ns (38.646%)  route 0.822ns (61.354%))
  Logic Levels:           1  (FDCE=1)
  Clock Uncertainty:      0.152ns  ((TSJ^2 + TIJ^2)^1/2 + DJ) / 2 + PE
    Total System Jitter     (TSJ):    0.050ns
    Total Input Jitter      (TIJ):    0.300ns
    Discrete Jitter          (DJ):    0.000ns
    Phase Error              (PE):    0.000ns

    Location             Delay type                Incr(ns)  Path(ns)    Netlist Resource(s)
  -------------------------------------------------------------------    -------------------
    SLICE_X50Y71         FDCE                         0.000     0.000 r  design_1_i/ICR_0/inst/Dout_reg[6]/C
    SLICE_X50Y71         FDCE (Prop_fdce_C_Q)         0.518     0.518 r  design_1_i/ICR_0/inst/Dout_reg[6]/Q
                         net (fo=2, routed)           0.822     1.340    <hidden>
    RAMB18_X3Y28         RAMB18E1                                     r  <hidden>
  -------------------------------------------------------------------    -------------------

                         (clock clk_fpga_0 rise edge)
                                                      0.000     0.000 r  
    PS7_X0Y0             PS7                          0.000     0.000 r  design_1_i/cg_fpga_0/inst/processing_system7_0/inst/PS7_i/FCLKCLK[0]
                         net (fo=1, routed)           1.088     1.088    design_1_i/cg_fpga_0/inst/processing_system7_0/inst/FCLK_CLK_unbuffered[0]
    BUFGCTRL_X0Y16       BUFG (Prop_bufg_I_O)         0.091     1.179 r  design_1_i/cg_fpga_0/inst/processing_system7_0/inst/buffer_fclk_clk_0.FCLK_CLK_0_BUFG/O
                         net (fo=6937, routed)        1.566     2.745    <hidden>
    RAMB18_X3Y28         RAMB18E1                                     r  <hidden>

Slack:                    inf
  Source:                 design_1_i/ICR_0/inst/Dout_reg[4]/C
                            (rising edge-triggered cell FDCE)
  Destination:            <hidden>
                            (rising edge-triggered cell RAMB18E1 clocked by clk_fpga_0  {rise@0.000ns fall@5.000ns period=10.000ns})
  Path Group:             (none)
  Path Type:              Setup (Max at Slow Process Corner)
  Data Path Delay:        1.336ns  (logic 0.518ns (38.764%)  route 0.818ns (61.236%))
  Logic Levels:           1  (FDCE=1)
  Clock Uncertainty:      0.152ns  ((TSJ^2 + TIJ^2)^1/2 + DJ) / 2 + PE
    Total System Jitter     (TSJ):    0.050ns
    Total Input Jitter      (TIJ):    0.300ns
    Discrete Jitter          (DJ):    0.000ns
    Phase Error              (PE):    0.000ns

    Location             Delay type                Incr(ns)  Path(ns)    Netlist Resource(s)
  -------------------------------------------------------------------    -------------------
    SLICE_X50Y71         FDCE                         0.000     0.000 r  design_1_i/ICR_0/inst/Dout_reg[4]/C
    SLICE_X50Y71         FDCE (Prop_fdce_C_Q)         0.518     0.518 r  design_1_i/ICR_0/inst/Dout_reg[4]/Q
                         net (fo=2, routed)           0.818     1.336    <hidden>
    RAMB18_X3Y28         RAMB18E1                                     r  <hidden>
  -------------------------------------------------------------------    -------------------

                         (clock clk_fpga_0 rise edge)
                                                      0.000     0.000 r  
    PS7_X0Y0             PS7                          0.000     0.000 r  design_1_i/cg_fpga_0/inst/processing_system7_0/inst/PS7_i/FCLKCLK[0]
                         net (fo=1, routed)           1.088     1.088    design_1_i/cg_fpga_0/inst/processing_system7_0/inst/FCLK_CLK_unbuffered[0]
    BUFGCTRL_X0Y16       BUFG (Prop_bufg_I_O)         0.091     1.179 r  design_1_i/cg_fpga_0/inst/processing_system7_0/inst/buffer_fclk_clk_0.FCLK_CLK_0_BUFG/O
                         net (fo=6937, routed)        1.563     2.742    <hidden>
    RAMB18_X3Y28         RAMB18E1                                     r  <hidden>

Slack:                    inf
  Source:                 design_1_i/ICR_0/inst/Dout_reg[4]/C
                            (rising edge-triggered cell FDCE)
  Destination:            <hidden>
                            (rising edge-triggered cell RAMB18E1 clocked by clk_fpga_0  {rise@0.000ns fall@5.000ns period=10.000ns})
  Path Group:             (none)
  Path Type:              Setup (Max at Slow Process Corner)
  Data Path Delay:        1.335ns  (logic 0.518ns (38.809%)  route 0.817ns (61.191%))
  Logic Levels:           1  (FDCE=1)
  Clock Uncertainty:      0.152ns  ((TSJ^2 + TIJ^2)^1/2 + DJ) / 2 + PE
    Total System Jitter     (TSJ):    0.050ns
    Total Input Jitter      (TIJ):    0.300ns
    Discrete Jitter          (DJ):    0.000ns
    Phase Error              (PE):    0.000ns

    Location             Delay type                Incr(ns)  Path(ns)    Netlist Resource(s)
  -------------------------------------------------------------------    -------------------
    SLICE_X50Y71         FDCE                         0.000     0.000 r  design_1_i/ICR_0/inst/Dout_reg[4]/C
    SLICE_X50Y71         FDCE (Prop_fdce_C_Q)         0.518     0.518 r  design_1_i/ICR_0/inst/Dout_reg[4]/Q
                         net (fo=2, routed)           0.817     1.335    <hidden>
    RAMB18_X3Y28         RAMB18E1                                     r  <hidden>
  -------------------------------------------------------------------    -------------------

                         (clock clk_fpga_0 rise edge)
                                                      0.000     0.000 r  
    PS7_X0Y0             PS7                          0.000     0.000 r  design_1_i/cg_fpga_0/inst/processing_system7_0/inst/PS7_i/FCLKCLK[0]
                         net (fo=1, routed)           1.088     1.088    design_1_i/cg_fpga_0/inst/processing_system7_0/inst/FCLK_CLK_unbuffered[0]
    BUFGCTRL_X0Y16       BUFG (Prop_bufg_I_O)         0.091     1.179 r  design_1_i/cg_fpga_0/inst/processing_system7_0/inst/buffer_fclk_clk_0.FCLK_CLK_0_BUFG/O
                         net (fo=6937, routed)        1.566     2.745    <hidden>
    RAMB18_X3Y28         RAMB18E1                                     r  <hidden>

Slack:                    inf
  Source:                 design_1_i/ICR_0/inst/Dout_reg[5]/C
                            (rising edge-triggered cell FDCE)
  Destination:            <hidden>
                            (rising edge-triggered cell RAMB18E1 clocked by clk_fpga_0  {rise@0.000ns fall@5.000ns period=10.000ns})
  Path Group:             (none)
  Path Type:              Setup (Max at Slow Process Corner)
  Data Path Delay:        1.327ns  (logic 0.518ns (39.030%)  route 0.809ns (60.970%))
  Logic Levels:           1  (FDCE=1)
  Clock Uncertainty:      0.152ns  ((TSJ^2 + TIJ^2)^1/2 + DJ) / 2 + PE
    Total System Jitter     (TSJ):    0.050ns
    Total Input Jitter      (TIJ):    0.300ns
    Discrete Jitter          (DJ):    0.000ns
    Phase Error              (PE):    0.000ns

    Location             Delay type                Incr(ns)  Path(ns)    Netlist Resource(s)
  -------------------------------------------------------------------    -------------------
    SLICE_X50Y71         FDCE                         0.000     0.000 r  design_1_i/ICR_0/inst/Dout_reg[5]/C
    SLICE_X50Y71         FDCE (Prop_fdce_C_Q)         0.518     0.518 r  design_1_i/ICR_0/inst/Dout_reg[5]/Q
                         net (fo=2, routed)           0.809     1.327    <hidden>
    RAMB18_X3Y28         RAMB18E1                                     r  <hidden>
  -------------------------------------------------------------------    -------------------

                         (clock clk_fpga_0 rise edge)
                                                      0.000     0.000 r  
    PS7_X0Y0             PS7                          0.000     0.000 r  design_1_i/cg_fpga_0/inst/processing_system7_0/inst/PS7_i/FCLKCLK[0]
                         net (fo=1, routed)           1.088     1.088    design_1_i/cg_fpga_0/inst/processing_system7_0/inst/FCLK_CLK_unbuffered[0]
    BUFGCTRL_X0Y16       BUFG (Prop_bufg_I_O)         0.091     1.179 r  design_1_i/cg_fpga_0/inst/processing_system7_0/inst/buffer_fclk_clk_0.FCLK_CLK_0_BUFG/O
                         net (fo=6937, routed)        1.563     2.742    <hidden>
    RAMB18_X3Y28         RAMB18E1                                     r  <hidden>

Slack:                    inf
  Source:                 design_1_i/ICR_0/inst/Dout_reg[5]/C
                            (rising edge-triggered cell FDCE)
  Destination:            <hidden>
                            (rising edge-triggered cell RAMB18E1 clocked by clk_fpga_0  {rise@0.000ns fall@5.000ns period=10.000ns})
  Path Group:             (none)
  Path Type:              Setup (Max at Slow Process Corner)
  Data Path Delay:        1.327ns  (logic 0.518ns (39.030%)  route 0.809ns (60.970%))
  Logic Levels:           1  (FDCE=1)
  Clock Uncertainty:      0.152ns  ((TSJ^2 + TIJ^2)^1/2 + DJ) / 2 + PE
    Total System Jitter     (TSJ):    0.050ns
    Total Input Jitter      (TIJ):    0.300ns
    Discrete Jitter          (DJ):    0.000ns
    Phase Error              (PE):    0.000ns

    Location             Delay type                Incr(ns)  Path(ns)    Netlist Resource(s)
  -------------------------------------------------------------------    -------------------
    SLICE_X50Y71         FDCE                         0.000     0.000 r  design_1_i/ICR_0/inst/Dout_reg[5]/C
    SLICE_X50Y71         FDCE (Prop_fdce_C_Q)         0.518     0.518 r  design_1_i/ICR_0/inst/Dout_reg[5]/Q
                         net (fo=2, routed)           0.809     1.327    <hidden>
    RAMB18_X3Y28         RAMB18E1                                     r  <hidden>
  -------------------------------------------------------------------    -------------------

                         (clock clk_fpga_0 rise edge)
                                                      0.000     0.000 r  
    PS7_X0Y0             PS7                          0.000     0.000 r  design_1_i/cg_fpga_0/inst/processing_system7_0/inst/PS7_i/FCLKCLK[0]
                         net (fo=1, routed)           1.088     1.088    design_1_i/cg_fpga_0/inst/processing_system7_0/inst/FCLK_CLK_unbuffered[0]
    BUFGCTRL_X0Y16       BUFG (Prop_bufg_I_O)         0.091     1.179 r  design_1_i/cg_fpga_0/inst/processing_system7_0/inst/buffer_fclk_clk_0.FCLK_CLK_0_BUFG/O
                         net (fo=6937, routed)        1.566     2.745    <hidden>
    RAMB18_X3Y28         RAMB18E1                                     r  <hidden>

Slack:                    inf
  Source:                 design_1_i/ICR_0/inst/Dout_reg[7]/C
                            (rising edge-triggered cell FDCE)
  Destination:            <hidden>
                            (rising edge-triggered cell RAMB18E1 clocked by clk_fpga_0  {rise@0.000ns fall@5.000ns period=10.000ns})
  Path Group:             (none)
  Path Type:              Setup (Max at Slow Process Corner)
  Data Path Delay:        1.208ns  (logic 0.478ns (39.565%)  route 0.730ns (60.435%))
  Logic Levels:           1  (FDCE=1)
  Clock Uncertainty:      0.152ns  ((TSJ^2 + TIJ^2)^1/2 + DJ) / 2 + PE
    Total System Jitter     (TSJ):    0.050ns
    Total Input Jitter      (TIJ):    0.300ns
    Discrete Jitter          (DJ):    0.000ns
    Phase Error              (PE):    0.000ns

    Location             Delay type                Incr(ns)  Path(ns)    Netlist Resource(s)
  -------------------------------------------------------------------    -------------------
    SLICE_X50Y71         FDCE                         0.000     0.000 r  design_1_i/ICR_0/inst/Dout_reg[7]/C
    SLICE_X50Y71         FDCE (Prop_fdce_C_Q)         0.478     0.478 r  design_1_i/ICR_0/inst/Dout_reg[7]/Q
                         net (fo=2, routed)           0.730     1.208    <hidden>
    RAMB18_X3Y28         RAMB18E1                                     r  <hidden>
  -------------------------------------------------------------------    -------------------

                         (clock clk_fpga_0 rise edge)
                                                      0.000     0.000 r  
    PS7_X0Y0             PS7                          0.000     0.000 r  design_1_i/cg_fpga_0/inst/processing_system7_0/inst/PS7_i/FCLKCLK[0]
                         net (fo=1, routed)           1.088     1.088    design_1_i/cg_fpga_0/inst/processing_system7_0/inst/FCLK_CLK_unbuffered[0]
    BUFGCTRL_X0Y16       BUFG (Prop_bufg_I_O)         0.091     1.179 r  design_1_i/cg_fpga_0/inst/processing_system7_0/inst/buffer_fclk_clk_0.FCLK_CLK_0_BUFG/O
                         net (fo=6937, routed)        1.563     2.742    <hidden>
    RAMB18_X3Y28         RAMB18E1                                     r  <hidden>

Slack:                    inf
  Source:                 design_1_i/ICR_0/inst/Dout_reg[7]/C
                            (rising edge-triggered cell FDCE)
  Destination:            <hidden>
                            (rising edge-triggered cell RAMB18E1 clocked by clk_fpga_0  {rise@0.000ns fall@5.000ns period=10.000ns})
  Path Group:             (none)
  Path Type:              Setup (Max at Slow Process Corner)
  Data Path Delay:        1.207ns  (logic 0.478ns (39.616%)  route 0.729ns (60.384%))
  Logic Levels:           1  (FDCE=1)
  Clock Uncertainty:      0.152ns  ((TSJ^2 + TIJ^2)^1/2 + DJ) / 2 + PE
    Total System Jitter     (TSJ):    0.050ns
    Total Input Jitter      (TIJ):    0.300ns
    Discrete Jitter          (DJ):    0.000ns
    Phase Error              (PE):    0.000ns

    Location             Delay type                Incr(ns)  Path(ns)    Netlist Resource(s)
  -------------------------------------------------------------------    -------------------
    SLICE_X50Y71         FDCE                         0.000     0.000 r  design_1_i/ICR_0/inst/Dout_reg[7]/C
    SLICE_X50Y71         FDCE (Prop_fdce_C_Q)         0.478     0.478 r  design_1_i/ICR_0/inst/Dout_reg[7]/Q
                         net (fo=2, routed)           0.729     1.207    <hidden>
    RAMB18_X3Y28         RAMB18E1                                     r  <hidden>
  -------------------------------------------------------------------    -------------------

                         (clock clk_fpga_0 rise edge)
                                                      0.000     0.000 r  
    PS7_X0Y0             PS7                          0.000     0.000 r  design_1_i/cg_fpga_0/inst/processing_system7_0/inst/PS7_i/FCLKCLK[0]
                         net (fo=1, routed)           1.088     1.088    design_1_i/cg_fpga_0/inst/processing_system7_0/inst/FCLK_CLK_unbuffered[0]
    BUFGCTRL_X0Y16       BUFG (Prop_bufg_I_O)         0.091     1.179 r  design_1_i/cg_fpga_0/inst/processing_system7_0/inst/buffer_fclk_clk_0.FCLK_CLK_0_BUFG/O
                         net (fo=6937, routed)        1.566     2.745    <hidden>
    RAMB18_X3Y28         RAMB18E1                                     r  <hidden>





Min Delay Paths
--------------------------------------------------------------------------------------
Slack:                    inf
  Source:                 design_1_i/ICR_0/inst/Dout_reg[7]/C
                            (rising edge-triggered cell FDCE)
  Destination:            <hidden>
                            (rising edge-triggered cell RAMB18E1 clocked by clk_fpga_0  {rise@0.000ns fall@5.000ns period=10.000ns})
  Path Group:             (none)
  Path Type:              Hold (Min at Fast Process Corner)
  Data Path Delay:        0.468ns  (logic 0.148ns (31.652%)  route 0.320ns (68.348%))
  Logic Levels:           1  (FDCE=1)
  Clock Uncertainty:      0.152ns  ((TSJ^2 + TIJ^2)^1/2 + DJ) / 2 + PE
    Total System Jitter     (TSJ):    0.050ns
    Total Input Jitter      (TIJ):    0.300ns
    Discrete Jitter          (DJ):    0.000ns
    Phase Error              (PE):    0.000ns

    Location             Delay type                Incr(ns)  Path(ns)    Netlist Resource(s)
  -------------------------------------------------------------------    -------------------
    SLICE_X50Y71         FDCE                         0.000     0.000 r  design_1_i/ICR_0/inst/Dout_reg[7]/C
    SLICE_X50Y71         FDCE (Prop_fdce_C_Q)         0.148     0.148 r  design_1_i/ICR_0/inst/Dout_reg[7]/Q
                         net (fo=2, routed)           0.320     0.468    <hidden>
    RAMB18_X3Y28         RAMB18E1                                     r  <hidden>
  -------------------------------------------------------------------    -------------------

                         (clock clk_fpga_0 rise edge)
                                                      0.000     0.000 r  
    PS7_X0Y0             PS7                          0.000     0.000 r  design_1_i/cg_fpga_0/inst/processing_system7_0/inst/PS7_i/FCLKCLK[0]
                         net (fo=1, routed)           0.337     0.337    design_1_i/cg_fpga_0/inst/processing_system7_0/inst/FCLK_CLK_unbuffered[0]
    BUFGCTRL_X0Y16       BUFG (Prop_bufg_I_O)         0.029     0.366 r  design_1_i/cg_fpga_0/inst/processing_system7_0/inst/buffer_fclk_clk_0.FCLK_CLK_0_BUFG/O
                         net (fo=6937, routed)        0.875     1.241    <hidden>
    RAMB18_X3Y28         RAMB18E1                                     r  <hidden>

Slack:                    inf
  Source:                 design_1_i/ICR_0/inst/Dout_reg[7]/C
                            (rising edge-triggered cell FDCE)
  Destination:            <hidden>
                            (rising edge-triggered cell RAMB18E1 clocked by clk_fpga_0  {rise@0.000ns fall@5.000ns period=10.000ns})
  Path Group:             (none)
  Path Type:              Hold (Min at Fast Process Corner)
  Data Path Delay:        0.469ns  (logic 0.148ns (31.547%)  route 0.321ns (68.453%))
  Logic Levels:           1  (FDCE=1)
  Clock Uncertainty:      0.152ns  ((TSJ^2 + TIJ^2)^1/2 + DJ) / 2 + PE
    Total System Jitter     (TSJ):    0.050ns
    Total Input Jitter      (TIJ):    0.300ns
    Discrete Jitter          (DJ):    0.000ns
    Phase Error              (PE):    0.000ns

    Location             Delay type                Incr(ns)  Path(ns)    Netlist Resource(s)
  -------------------------------------------------------------------    -------------------
    SLICE_X50Y71         FDCE                         0.000     0.000 r  design_1_i/ICR_0/inst/Dout_reg[7]/C
    SLICE_X50Y71         FDCE (Prop_fdce_C_Q)         0.148     0.148 r  design_1_i/ICR_0/inst/Dout_reg[7]/Q
                         net (fo=2, routed)           0.321     0.469    <hidden>
    RAMB18_X3Y28         RAMB18E1                                     r  <hidden>
  -------------------------------------------------------------------    -------------------

                         (clock clk_fpga_0 rise edge)
                                                      0.000     0.000 r  
    PS7_X0Y0             PS7                          0.000     0.000 r  design_1_i/cg_fpga_0/inst/processing_system7_0/inst/PS7_i/FCLKCLK[0]
                         net (fo=1, routed)           0.337     0.337    design_1_i/cg_fpga_0/inst/processing_system7_0/inst/FCLK_CLK_unbuffered[0]
    BUFGCTRL_X0Y16       BUFG (Prop_bufg_I_O)         0.029     0.366 r  design_1_i/cg_fpga_0/inst/processing_system7_0/inst/buffer_fclk_clk_0.FCLK_CLK_0_BUFG/O
                         net (fo=6937, routed)        0.872     1.238    <hidden>
    RAMB18_X3Y28         RAMB18E1                                     r  <hidden>

Slack:                    inf
  Source:                 design_1_i/ICR_0/inst/Dout_reg[5]/C
                            (rising edge-triggered cell FDCE)
  Destination:            <hidden>
                            (rising edge-triggered cell RAMB18E1 clocked by clk_fpga_0  {rise@0.000ns fall@5.000ns period=10.000ns})
  Path Group:             (none)
  Path Type:              Hold (Min at Fast Process Corner)
  Data Path Delay:        0.514ns  (logic 0.164ns (31.896%)  route 0.350ns (68.104%))
  Logic Levels:           1  (FDCE=1)
  Clock Uncertainty:      0.152ns  ((TSJ^2 + TIJ^2)^1/2 + DJ) / 2 + PE
    Total System Jitter     (TSJ):    0.050ns
    Total Input Jitter      (TIJ):    0.300ns
    Discrete Jitter          (DJ):    0.000ns
    Phase Error              (PE):    0.000ns

    Location             Delay type                Incr(ns)  Path(ns)    Netlist Resource(s)
  -------------------------------------------------------------------    -------------------
    SLICE_X50Y71         FDCE                         0.000     0.000 r  design_1_i/ICR_0/inst/Dout_reg[5]/C
    SLICE_X50Y71         FDCE (Prop_fdce_C_Q)         0.164     0.164 r  design_1_i/ICR_0/inst/Dout_reg[5]/Q
                         net (fo=2, routed)           0.350     0.514    <hidden>
    RAMB18_X3Y28         RAMB18E1                                     r  <hidden>
  -------------------------------------------------------------------    -------------------

                         (clock clk_fpga_0 rise edge)
                                                      0.000     0.000 r  
    PS7_X0Y0             PS7                          0.000     0.000 r  design_1_i/cg_fpga_0/inst/processing_system7_0/inst/PS7_i/FCLKCLK[0]
                         net (fo=1, routed)           0.337     0.337    design_1_i/cg_fpga_0/inst/processing_system7_0/inst/FCLK_CLK_unbuffered[0]
    BUFGCTRL_X0Y16       BUFG (Prop_bufg_I_O)         0.029     0.366 r  design_1_i/cg_fpga_0/inst/processing_system7_0/inst/buffer_fclk_clk_0.FCLK_CLK_0_BUFG/O
                         net (fo=6937, routed)        0.872     1.238    <hidden>
    RAMB18_X3Y28         RAMB18E1                                     r  <hidden>

Slack:                    inf
  Source:                 design_1_i/ICR_0/inst/Dout_reg[5]/C
                            (rising edge-triggered cell FDCE)
  Destination:            <hidden>
                            (rising edge-triggered cell RAMB18E1 clocked by clk_fpga_0  {rise@0.000ns fall@5.000ns period=10.000ns})
  Path Group:             (none)
  Path Type:              Hold (Min at Fast Process Corner)
  Data Path Delay:        0.514ns  (logic 0.164ns (31.896%)  route 0.350ns (68.104%))
  Logic Levels:           1  (FDCE=1)
  Clock Uncertainty:      0.152ns  ((TSJ^2 + TIJ^2)^1/2 + DJ) / 2 + PE
    Total System Jitter     (TSJ):    0.050ns
    Total Input Jitter      (TIJ):    0.300ns
    Discrete Jitter          (DJ):    0.000ns
    Phase Error              (PE):    0.000ns

    Location             Delay type                Incr(ns)  Path(ns)    Netlist Resource(s)
  -------------------------------------------------------------------    -------------------
    SLICE_X50Y71         FDCE                         0.000     0.000 r  design_1_i/ICR_0/inst/Dout_reg[5]/C
    SLICE_X50Y71         FDCE (Prop_fdce_C_Q)         0.164     0.164 r  design_1_i/ICR_0/inst/Dout_reg[5]/Q
                         net (fo=2, routed)           0.350     0.514    <hidden>
    RAMB18_X3Y28         RAMB18E1                                     r  <hidden>
  -------------------------------------------------------------------    -------------------

                         (clock clk_fpga_0 rise edge)
                                                      0.000     0.000 r  
    PS7_X0Y0             PS7                          0.000     0.000 r  design_1_i/cg_fpga_0/inst/processing_system7_0/inst/PS7_i/FCLKCLK[0]
                         net (fo=1, routed)           0.337     0.337    design_1_i/cg_fpga_0/inst/processing_system7_0/inst/FCLK_CLK_unbuffered[0]
    BUFGCTRL_X0Y16       BUFG (Prop_bufg_I_O)         0.029     0.366 r  design_1_i/cg_fpga_0/inst/processing_system7_0/inst/buffer_fclk_clk_0.FCLK_CLK_0_BUFG/O
                         net (fo=6937, routed)        0.875     1.241    <hidden>
    RAMB18_X3Y28         RAMB18E1                                     r  <hidden>

Slack:                    inf
  Source:                 design_1_i/ICR_0/inst/Dout_reg[6]/C
                            (rising edge-triggered cell FDCE)
  Destination:            <hidden>
                            (rising edge-triggered cell RAMB18E1 clocked by clk_fpga_0  {rise@0.000ns fall@5.000ns period=10.000ns})
  Path Group:             (none)
  Path Type:              Hold (Min at Fast Process Corner)
  Data Path Delay:        0.514ns  (logic 0.164ns (31.883%)  route 0.350ns (68.117%))
  Logic Levels:           1  (FDCE=1)
  Clock Uncertainty:      0.152ns  ((TSJ^2 + TIJ^2)^1/2 + DJ) / 2 + PE
    Total System Jitter     (TSJ):    0.050ns
    Total Input Jitter      (TIJ):    0.300ns
    Discrete Jitter          (DJ):    0.000ns
    Phase Error              (PE):    0.000ns

    Location             Delay type                Incr(ns)  Path(ns)    Netlist Resource(s)
  -------------------------------------------------------------------    -------------------
    SLICE_X50Y71         FDCE                         0.000     0.000 r  design_1_i/ICR_0/inst/Dout_reg[6]/C
    SLICE_X50Y71         FDCE (Prop_fdce_C_Q)         0.164     0.164 r  design_1_i/ICR_0/inst/Dout_reg[6]/Q
                         net (fo=2, routed)           0.350     0.514    <hidden>
    RAMB18_X3Y28         RAMB18E1                                     r  <hidden>
  -------------------------------------------------------------------    -------------------

                         (clock clk_fpga_0 rise edge)
                                                      0.000     0.000 r  
    PS7_X0Y0             PS7                          0.000     0.000 r  design_1_i/cg_fpga_0/inst/processing_system7_0/inst/PS7_i/FCLKCLK[0]
                         net (fo=1, routed)           0.337     0.337    design_1_i/cg_fpga_0/inst/processing_system7_0/inst/FCLK_CLK_unbuffered[0]
    BUFGCTRL_X0Y16       BUFG (Prop_bufg_I_O)         0.029     0.366 r  design_1_i/cg_fpga_0/inst/processing_system7_0/inst/buffer_fclk_clk_0.FCLK_CLK_0_BUFG/O
                         net (fo=6937, routed)        0.875     1.241    <hidden>
    RAMB18_X3Y28         RAMB18E1                                     r  <hidden>

Slack:                    inf
  Source:                 design_1_i/ICR_0/inst/Dout_reg[6]/C
                            (rising edge-triggered cell FDCE)
  Destination:            <hidden>
                            (rising edge-triggered cell RAMB18E1 clocked by clk_fpga_0  {rise@0.000ns fall@5.000ns period=10.000ns})
  Path Group:             (none)
  Path Type:              Hold (Min at Fast Process Corner)
  Data Path Delay:        0.516ns  (logic 0.164ns (31.786%)  route 0.352ns (68.214%))
  Logic Levels:           1  (FDCE=1)
  Clock Uncertainty:      0.152ns  ((TSJ^2 + TIJ^2)^1/2 + DJ) / 2 + PE
    Total System Jitter     (TSJ):    0.050ns
    Total Input Jitter      (TIJ):    0.300ns
    Discrete Jitter          (DJ):    0.000ns
    Phase Error              (PE):    0.000ns

    Location             Delay type                Incr(ns)  Path(ns)    Netlist Resource(s)
  -------------------------------------------------------------------    -------------------
    SLICE_X50Y71         FDCE                         0.000     0.000 r  design_1_i/ICR_0/inst/Dout_reg[6]/C
    SLICE_X50Y71         FDCE (Prop_fdce_C_Q)         0.164     0.164 r  design_1_i/ICR_0/inst/Dout_reg[6]/Q
                         net (fo=2, routed)           0.352     0.516    <hidden>
    RAMB18_X3Y28         RAMB18E1                                     r  <hidden>
  -------------------------------------------------------------------    -------------------

                         (clock clk_fpga_0 rise edge)
                                                      0.000     0.000 r  
    PS7_X0Y0             PS7                          0.000     0.000 r  design_1_i/cg_fpga_0/inst/processing_system7_0/inst/PS7_i/FCLKCLK[0]
                         net (fo=1, routed)           0.337     0.337    design_1_i/cg_fpga_0/inst/processing_system7_0/inst/FCLK_CLK_unbuffered[0]
    BUFGCTRL_X0Y16       BUFG (Prop_bufg_I_O)         0.029     0.366 r  design_1_i/cg_fpga_0/inst/processing_system7_0/inst/buffer_fclk_clk_0.FCLK_CLK_0_BUFG/O
                         net (fo=6937, routed)        0.872     1.238    <hidden>
    RAMB18_X3Y28         RAMB18E1                                     r  <hidden>

Slack:                    inf
  Source:                 design_1_i/ICR_0/inst/Dout_reg[4]/C
                            (rising edge-triggered cell FDCE)
  Destination:            <hidden>
                            (rising edge-triggered cell RAMB18E1 clocked by clk_fpga_0  {rise@0.000ns fall@5.000ns period=10.000ns})
  Path Group:             (none)
  Path Type:              Hold (Min at Fast Process Corner)
  Data Path Delay:        0.527ns  (logic 0.164ns (31.134%)  route 0.363ns (68.866%))
  Logic Levels:           1  (FDCE=1)
  Clock Uncertainty:      0.152ns  ((TSJ^2 + TIJ^2)^1/2 + DJ) / 2 + PE
    Total System Jitter     (TSJ):    0.050ns
    Total Input Jitter      (TIJ):    0.300ns
    Discrete Jitter          (DJ):    0.000ns
    Phase Error              (PE):    0.000ns

    Location             Delay type                Incr(ns)  Path(ns)    Netlist Resource(s)
  -------------------------------------------------------------------    -------------------
    SLICE_X50Y71         FDCE                         0.000     0.000 r  design_1_i/ICR_0/inst/Dout_reg[4]/C
    SLICE_X50Y71         FDCE (Prop_fdce_C_Q)         0.164     0.164 r  design_1_i/ICR_0/inst/Dout_reg[4]/Q
                         net (fo=2, routed)           0.363     0.527    <hidden>
    RAMB18_X3Y28         RAMB18E1                                     r  <hidden>
  -------------------------------------------------------------------    -------------------

                         (clock clk_fpga_0 rise edge)
                                                      0.000     0.000 r  
    PS7_X0Y0             PS7                          0.000     0.000 r  design_1_i/cg_fpga_0/inst/processing_system7_0/inst/PS7_i/FCLKCLK[0]
                         net (fo=1, routed)           0.337     0.337    design_1_i/cg_fpga_0/inst/processing_system7_0/inst/FCLK_CLK_unbuffered[0]
    BUFGCTRL_X0Y16       BUFG (Prop_bufg_I_O)         0.029     0.366 r  design_1_i/cg_fpga_0/inst/processing_system7_0/inst/buffer_fclk_clk_0.FCLK_CLK_0_BUFG/O
                         net (fo=6937, routed)        0.875     1.241    <hidden>
    RAMB18_X3Y28         RAMB18E1                                     r  <hidden>

Slack:                    inf
  Source:                 design_1_i/ICR_0/inst/Dout_reg[4]/C
                            (rising edge-triggered cell FDCE)
  Destination:            <hidden>
                            (rising edge-triggered cell RAMB18E1 clocked by clk_fpga_0  {rise@0.000ns fall@5.000ns period=10.000ns})
  Path Group:             (none)
  Path Type:              Hold (Min at Fast Process Corner)
  Data Path Delay:        0.528ns  (logic 0.164ns (31.042%)  route 0.364ns (68.958%))
  Logic Levels:           1  (FDCE=1)
  Clock Uncertainty:      0.152ns  ((TSJ^2 + TIJ^2)^1/2 + DJ) / 2 + PE
    Total System Jitter     (TSJ):    0.050ns
    Total Input Jitter      (TIJ):    0.300ns
    Discrete Jitter          (DJ):    0.000ns
    Phase Error              (PE):    0.000ns

    Location             Delay type                Incr(ns)  Path(ns)    Netlist Resource(s)
  -------------------------------------------------------------------    -------------------
    SLICE_X50Y71         FDCE                         0.000     0.000 r  design_1_i/ICR_0/inst/Dout_reg[4]/C
    SLICE_X50Y71         FDCE (Prop_fdce_C_Q)         0.164     0.164 r  design_1_i/ICR_0/inst/Dout_reg[4]/Q
                         net (fo=2, routed)           0.364     0.528    <hidden>
    RAMB18_X3Y28         RAMB18E1                                     r  <hidden>
  -------------------------------------------------------------------    -------------------

                         (clock clk_fpga_0 rise edge)
                                                      0.000     0.000 r  
    PS7_X0Y0             PS7                          0.000     0.000 r  design_1_i/cg_fpga_0/inst/processing_system7_0/inst/PS7_i/FCLKCLK[0]
                         net (fo=1, routed)           0.337     0.337    design_1_i/cg_fpga_0/inst/processing_system7_0/inst/FCLK_CLK_unbuffered[0]
    BUFGCTRL_X0Y16       BUFG (Prop_bufg_I_O)         0.029     0.366 r  design_1_i/cg_fpga_0/inst/processing_system7_0/inst/buffer_fclk_clk_0.FCLK_CLK_0_BUFG/O
                         net (fo=6937, routed)        0.872     1.238    <hidden>
    RAMB18_X3Y28         RAMB18E1                                     r  <hidden>





