Copyright 1986-2022 Xilinx, Inc. All Rights Reserved. Copyright 2022-2024 Advanced Micro Devices, Inc. All Rights Reserved.
---------------------------------------------------------------------------------------------------------------------------------------------------------------------------------------------------------------------------------------------
| Tool Version : Vivado v.2024.2 (win64) Build 5239630 Fri Nov 08 22:35:27 MST 2024
| Date         : Mon Nov 10 11:12:25 2025
| Host         : vj5PC50 running 64-bit major release  (build 9200)
| Command      : report_timing_summary -max_paths 10 -report_unconstrained -file design_1_wrapper_timing_summary_routed.rpt -pb design_1_wrapper_timing_summary_routed.pb -rpx design_1_wrapper_timing_summary_routed.rpx -warn_on_violation
| Design       : design_1_wrapper
| Device       : 7z020-clg400
| Speed File   : -1  PRODUCTION 1.12 2019-11-22
| Design State : Routed
---------------------------------------------------------------------------------------------------------------------------------------------------------------------------------------------------------------------------------------------

Timing Summary Report

------------------------------------------------------------------------------------------------
| Timer Settings
| --------------
------------------------------------------------------------------------------------------------

  Enable Multi Corner Analysis               :  Yes
  Enable Pessimism Removal                   :  Yes
  Pessimism Removal Resolution               :  Nearest Common Node
  Enable Input Delay Default Clock           :  No
  Enable Preset / Clear Arcs                 :  No
  Disable Flight Delays                      :  No
  Ignore I/O Paths                           :  No
  Timing Early Launch at Borrowing Latches   :  No
  Borrow Time for Max Delay Exceptions       :  Yes
  Merge Timing Exceptions                    :  Yes
  Inter-SLR Compensation                     :  Conservative

  Corner  Analyze    Analyze    
  Name    Max Paths  Min Paths  
  ------  ---------  ---------  
  Slow    Yes        Yes        
  Fast    Yes        Yes        


------------------------------------------------------------------------------------------------
| Report Methodology
| ------------------
------------------------------------------------------------------------------------------------

Rule       Severity          Description                   Violations  
---------  ----------------  ----------------------------  ----------  
TIMING-17  Critical Warning  Non-clocked sequential cell   8           
LUTAR-1    Warning           LUT drives async reset alert  3           

Note: This report is based on the most recent report_methodology run and may not be up-to-date. Run report_methodology on the current design for the latest report.



check_timing report

Table of Contents
-----------------
1. checking no_clock (8)
2. checking constant_clock (0)
3. checking pulse_width_clock (0)
4. checking unconstrained_internal_endpoints (24)
5. checking no_input_delay (0)
6. checking no_output_delay (0)
7. checking multiple_clock (0)
8. checking generated_clocks (0)
9. checking loops (0)
10. checking partial_input_delay (0)
11. checking partial_output_delay (0)
12. checking latch_loops (0)

1. checking no_clock (8)
------------------------
 There are 8 register/latch pins with no clock driven by root clock pin: design_1_i/cg_fpga_0/inst/cg_fpga_axi_gpio_o2/U0/gpio_core_1/Dual.gpio_Data_Out_reg[19]/Q (HIGH)


2. checking constant_clock (0)
------------------------------
 There are 0 register/latch pins with constant_clock.


3. checking pulse_width_clock (0)
---------------------------------
 There are 0 register/latch pins which need pulse_width check


4. checking unconstrained_internal_endpoints (24)
-------------------------------------------------
 There are 24 pins that are not constrained for maximum delay. (HIGH)

 There are 0 pins that are not constrained for maximum delay due to constant clock.


5. checking no_input_delay (0)
------------------------------
 There are 0 input ports with no input delay specified.

 There are 0 input ports with no input delay but user has a false path constraint.


6. checking no_output_delay (0)
-------------------------------
 There are 0 ports with no output delay specified.

 There are 0 ports with no output delay but user has a false path constraint

 There are 0 ports with no output delay but with a timing clock defined on it or propagating through it


7. checking multiple_clock (0)
------------------------------
 There are 0 register/latch pins with multiple clocks.


8. checking generated_clocks (0)
--------------------------------
 There are 0 generated clocks that are not connected to a clock source.


9. checking loops (0)
---------------------
 There are 0 combinational loops in the design.


10. checking partial_input_delay (0)
------------------------------------
 There are 0 input ports with partial input delay specified.


11. checking partial_output_delay (0)
-------------------------------------
 There are 0 ports with partial output delay specified.


12. checking latch_loops (0)
----------------------------
 There are 0 combinational latch loops in the design through latch input



------------------------------------------------------------------------------------------------
| Design Timing Summary
| ---------------------
------------------------------------------------------------------------------------------------

    WNS(ns)      TNS(ns)  TNS Failing Endpoints  TNS Total Endpoints      WHS(ns)      THS(ns)  THS Failing Endpoints  THS Total Endpoints     WPWS(ns)     TPWS(ns)  TPWS Failing Endpoints  TPWS Total Endpoints  
    -------      -------  ---------------------  -------------------      -------      -------  ---------------------  -------------------     --------     --------  ----------------------  --------------------  
      2.708        0.000                      0                15916        0.028        0.000                      0                15916        3.750        0.000                       0                  6955  


All user specified timing constraints are met.


------------------------------------------------------------------------------------------------
| Clock Summary
| -------------
------------------------------------------------------------------------------------------------

Clock       Waveform(ns)       Period(ns)      Frequency(MHz)
-----       ------------       ----------      --------------
clk_fpga_0  {0.000 5.000}      10.000          100.000         


------------------------------------------------------------------------------------------------
| Intra Clock Table
| -----------------
------------------------------------------------------------------------------------------------

Clock             WNS(ns)      TNS(ns)  TNS Failing Endpoints  TNS Total Endpoints      WHS(ns)      THS(ns)  THS Failing Endpoints  THS Total Endpoints     WPWS(ns)     TPWS(ns)  TPWS Failing Endpoints  TPWS Total Endpoints  
-----             -------      -------  ---------------------  -------------------      -------      -------  ---------------------  -------------------     --------     --------  ----------------------  --------------------  
clk_fpga_0          2.708        0.000                      0                15820        0.028        0.000                      0                15820        3.750        0.000                       0                  6955  


------------------------------------------------------------------------------------------------
| Inter Clock Table
| -----------------
------------------------------------------------------------------------------------------------

From Clock    To Clock          WNS(ns)      TNS(ns)  TNS Failing Endpoints  TNS Total Endpoints      WHS(ns)      THS(ns)  THS Failing Endpoints  THS Total Endpoints  
----------    --------          -------      -------  ---------------------  -------------------      -------      -------  ---------------------  -------------------  


------------------------------------------------------------------------------------------------
| Other Path Groups Table
| -----------------------
------------------------------------------------------------------------------------------------

Path Group         From Clock         To Clock               WNS(ns)      TNS(ns)  TNS Failing Endpoints  TNS Total Endpoints      WHS(ns)      THS(ns)  THS Failing Endpoints  THS Total Endpoints  
----------         ----------         --------               -------      -------  ---------------------  -------------------      -------      -------  ---------------------  -------------------  
**async_default**  clk_fpga_0         clk_fpga_0               6.792        0.000                      0                   96        0.609        0.000                      0                   96  


------------------------------------------------------------------------------------------------
| User Ignored Path Table
| -----------------------
------------------------------------------------------------------------------------------------

Path Group    From Clock    To Clock    
----------    ----------    --------    
(none)                      clk_fpga_0    
(none)        clk_fpga_0    clk_fpga_0    


------------------------------------------------------------------------------------------------
| Unconstrained Path Table
| ------------------------
------------------------------------------------------------------------------------------------

Path Group    From Clock    To Clock    
----------    ----------    --------    
(none)                                    
(none)        clk_fpga_0                  


------------------------------------------------------------------------------------------------
| Timing Details
| --------------
------------------------------------------------------------------------------------------------


---------------------------------------------------------------------------------------------------
From Clock:  clk_fpga_0
  To Clock:  clk_fpga_0

Setup :            0  Failing Endpoints,  Worst Slack        2.708ns,  Total Violation        0.000ns
Hold  :            0  Failing Endpoints,  Worst Slack        0.028ns,  Total Violation        0.000ns
PW    :            0  Failing Endpoints,  Worst Slack        3.750ns,  Total Violation        0.000ns
---------------------------------------------------------------------------------------------------


Max Delay Paths
--------------------------------------------------------------------------------------
Slack (MET) :             2.708ns  (required time - arrival time)
  Source:                 design_1_i/cg_fpga_0/inst/cg_axi_vdma_0/U0/I_PRMRY_DATAMOVER/GEN_S2MM_FULL.I_S2MM_FULL_WRAPPER/GEN_INCLUDE_REALIGNER.I_S2MM_REALIGNER/GEN_INCLUDE_SCATTER.I_S2MM_SCATTER/sig_max_first_increment_reg[2]/C
                            (rising edge-triggered cell FDRE clocked by clk_fpga_0  {rise@0.000ns fall@5.000ns period=10.000ns})
  Destination:            design_1_i/cg_fpga_0/inst/cg_axi_vdma_0/U0/I_PRMRY_DATAMOVER/GEN_S2MM_FULL.I_S2MM_FULL_WRAPPER/GEN_INCLUDE_REALIGNER.I_S2MM_REALIGNER/GEN_INCLUDE_SCATTER.I_S2MM_SCATTER/sig_btt_eq_0_reg/D
                            (rising edge-triggered cell FDRE clocked by clk_fpga_0  {rise@0.000ns fall@5.000ns period=10.000ns})
  Path Group:             clk_fpga_0
  Path Type:              Setup (Max at Slow Process Corner)
  Requirement:            10.000ns  (clk_fpga_0 rise@10.000ns - clk_fpga_0 rise@0.000ns)
  Data Path Delay:        7.082ns  (logic 2.807ns (39.637%)  route 4.275ns (60.363%))
  Logic Levels:           10  (CARRY4=5 LUT3=1 LUT4=2 LUT6=2)
  Clock Path Skew:        -0.133ns (DCD - SCD + CPR)
    Destination Clock Delay (DCD):    2.667ns = ( 12.667 - 10.000 ) 
    Source Clock Delay      (SCD):    3.030ns
    Clock Pessimism Removal (CPR):    0.230ns
  Clock Uncertainty:      0.154ns  ((TSJ^2 + TIJ^2)^1/2 + DJ) / 2 + PE
    Total System Jitter     (TSJ):    0.071ns
    Total Input Jitter      (TIJ):    0.300ns
    Discrete Jitter          (DJ):    0.000ns
    Phase Error              (PE):    0.000ns

    Location             Delay type                Incr(ns)  Path(ns)    Netlist Resource(s)
  -------------------------------------------------------------------    -------------------
                         (clock clk_fpga_0 rise edge)
                                                      0.000     0.000 r  
    PS7_X0Y0             PS7                          0.000     0.000 r  design_1_i/cg_fpga_0/inst/processing_system7_0/inst/PS7_i/FCLKCLK[0]
                         net (fo=1, routed)           1.193     1.193    design_1_i/cg_fpga_0/inst/processing_system7_0/inst/FCLK_CLK_unbuffered[0]
    BUFGCTRL_X0Y16       BUFG (Prop_bufg_I_O)         0.101     1.294 r  design_1_i/cg_fpga_0/inst/processing_system7_0/inst/buffer_fclk_clk_0.FCLK_CLK_0_BUFG/O
                         net (fo=6956, routed)        1.736     3.030    design_1_i/cg_fpga_0/inst/cg_axi_vdma_0/U0/I_PRMRY_DATAMOVER/GEN_S2MM_FULL.I_S2MM_FULL_WRAPPER/GEN_INCLUDE_REALIGNER.I_S2MM_REALIGNER/GEN_INCLUDE_SCATTER.I_S2MM_SCATTER/s_axi_lite_aclk
    SLICE_X29Y31         FDRE                                         r  design_1_i/cg_fpga_0/inst/cg_axi_vdma_0/U0/I_PRMRY_DATAMOVER/GEN_S2MM_FULL.I_S2MM_FULL_WRAPPER/GEN_INCLUDE_REALIGNER.I_S2MM_REALIGNER/GEN_INCLUDE_SCATTER.I_S2MM_SCATTER/sig_max_first_increment_reg[2]/C
  -------------------------------------------------------------------    -------------------
    SLICE_X29Y31         FDRE (Prop_fdre_C_Q)         0.456     3.486 r  design_1_i/cg_fpga_0/inst/cg_axi_vdma_0/U0/I_PRMRY_DATAMOVER/GEN_S2MM_FULL.I_S2MM_FULL_WRAPPER/GEN_INCLUDE_REALIGNER.I_S2MM_REALIGNER/GEN_INCLUDE_SCATTER.I_S2MM_SCATTER/sig_max_first_increment_reg[2]/Q
                         net (fo=4, routed)           0.836     4.322    design_1_i/cg_fpga_0/inst/cg_axi_vdma_0/U0/I_PRMRY_DATAMOVER/GEN_S2MM_FULL.I_S2MM_FULL_WRAPPER/GEN_INCLUDE_REALIGNER.I_S2MM_REALIGNER/GEN_INCLUDE_SCATTER.I_S2MM_SCATTER/sig_max_first_increment_reg_n_0_[2]
    SLICE_X32Y31         LUT3 (Prop_lut3_I2_O)        0.124     4.446 r  design_1_i/cg_fpga_0/inst/cg_axi_vdma_0/U0/I_PRMRY_DATAMOVER/GEN_S2MM_FULL.I_S2MM_FULL_WRAPPER/GEN_INCLUDE_REALIGNER.I_S2MM_REALIGNER/GEN_INCLUDE_SCATTER.I_S2MM_SCATTER/sig_btt_lteq_max_first_incr0_carry_i_5/O
                         net (fo=1, routed)           0.000     4.446    design_1_i/cg_fpga_0/inst/cg_axi_vdma_0/U0/I_PRMRY_DATAMOVER/GEN_S2MM_FULL.I_S2MM_FULL_WRAPPER/GEN_INCLUDE_REALIGNER.I_S2MM_REALIGNER/GEN_INCLUDE_SCATTER.I_S2MM_SCATTER/sig_btt_lteq_max_first_incr0_carry_i_5_n_0
    SLICE_X32Y31         CARRY4 (Prop_carry4_S[1]_CO[3])
                                                      0.533     4.979 r  design_1_i/cg_fpga_0/inst/cg_axi_vdma_0/U0/I_PRMRY_DATAMOVER/GEN_S2MM_FULL.I_S2MM_FULL_WRAPPER/GEN_INCLUDE_REALIGNER.I_S2MM_REALIGNER/GEN_INCLUDE_SCATTER.I_S2MM_SCATTER/sig_btt_lteq_max_first_incr0_carry/CO[3]
                         net (fo=1, routed)           0.000     4.979    design_1_i/cg_fpga_0/inst/cg_axi_vdma_0/U0/I_PRMRY_DATAMOVER/GEN_S2MM_FULL.I_S2MM_FULL_WRAPPER/GEN_INCLUDE_REALIGNER.I_S2MM_REALIGNER/GEN_INCLUDE_SCATTER.I_S2MM_SCATTER/sig_btt_lteq_max_first_incr0_carry_n_0
    SLICE_X32Y32         CARRY4 (Prop_carry4_CI_CO[3])
                                                      0.117     5.096 r  design_1_i/cg_fpga_0/inst/cg_axi_vdma_0/U0/I_PRMRY_DATAMOVER/GEN_S2MM_FULL.I_S2MM_FULL_WRAPPER/GEN_INCLUDE_REALIGNER.I_S2MM_REALIGNER/GEN_INCLUDE_SCATTER.I_S2MM_SCATTER/sig_btt_lteq_max_first_incr0_carry__0/CO[3]
                         net (fo=23, routed)          0.977     6.073    design_1_i/cg_fpga_0/inst/cg_axi_vdma_0/U0/I_PRMRY_DATAMOVER/GEN_S2MM_FULL.I_S2MM_FULL_WRAPPER/GEN_INCLUDE_REALIGNER.I_S2MM_REALIGNER/GEN_INCLUDE_SCATTER.I_S2MM_SCATTER/sig_btt_lteq_max_first_incr
    SLICE_X33Y31         LUT4 (Prop_lut4_I2_O)        0.124     6.197 r  design_1_i/cg_fpga_0/inst/cg_axi_vdma_0/U0/I_PRMRY_DATAMOVER/GEN_S2MM_FULL.I_S2MM_FULL_WRAPPER/GEN_INCLUDE_REALIGNER.I_S2MM_REALIGNER/GEN_INCLUDE_SCATTER.I_S2MM_SCATTER/sig_btt_cntr_prv0_carry_i_3/O
                         net (fo=1, routed)           0.000     6.197    design_1_i/cg_fpga_0/inst/cg_axi_vdma_0/U0/I_PRMRY_DATAMOVER/GEN_S2MM_FULL.I_S2MM_FULL_WRAPPER/GEN_INCLUDE_REALIGNER.I_S2MM_REALIGNER/GEN_INCLUDE_SCATTER.I_S2MM_SCATTER/sig_btt_cntr_prv0_carry_i_3_n_0
    SLICE_X33Y31         CARRY4 (Prop_carry4_S[1]_CO[3])
                                                      0.550     6.747 r  design_1_i/cg_fpga_0/inst/cg_axi_vdma_0/U0/I_PRMRY_DATAMOVER/GEN_S2MM_FULL.I_S2MM_FULL_WRAPPER/GEN_INCLUDE_REALIGNER.I_S2MM_REALIGNER/GEN_INCLUDE_SCATTER.I_S2MM_SCATTER/sig_btt_cntr_prv0_carry/CO[3]
                         net (fo=1, routed)           0.000     6.747    design_1_i/cg_fpga_0/inst/cg_axi_vdma_0/U0/I_PRMRY_DATAMOVER/GEN_S2MM_FULL.I_S2MM_FULL_WRAPPER/GEN_INCLUDE_REALIGNER.I_S2MM_REALIGNER/GEN_INCLUDE_SCATTER.I_S2MM_SCATTER/sig_btt_cntr_prv0_carry_n_0
    SLICE_X33Y32         CARRY4 (Prop_carry4_CI_CO[3])
                                                      0.114     6.861 r  design_1_i/cg_fpga_0/inst/cg_axi_vdma_0/U0/I_PRMRY_DATAMOVER/GEN_S2MM_FULL.I_S2MM_FULL_WRAPPER/GEN_INCLUDE_REALIGNER.I_S2MM_REALIGNER/GEN_INCLUDE_SCATTER.I_S2MM_SCATTER/sig_btt_cntr_prv0_carry__0/CO[3]
                         net (fo=1, routed)           0.000     6.861    design_1_i/cg_fpga_0/inst/cg_axi_vdma_0/U0/I_PRMRY_DATAMOVER/GEN_S2MM_FULL.I_S2MM_FULL_WRAPPER/GEN_INCLUDE_REALIGNER.I_S2MM_REALIGNER/GEN_INCLUDE_SCATTER.I_S2MM_SCATTER/sig_btt_cntr_prv0_carry__0_n_0
    SLICE_X33Y33         CARRY4 (Prop_carry4_CI_O[2])
                                                      0.239     7.100 f  design_1_i/cg_fpga_0/inst/cg_axi_vdma_0/U0/I_PRMRY_DATAMOVER/GEN_S2MM_FULL.I_S2MM_FULL_WRAPPER/GEN_INCLUDE_REALIGNER.I_S2MM_REALIGNER/GEN_INCLUDE_SCATTER.I_S2MM_SCATTER/sig_btt_cntr_prv0_carry__1/O[2]
                         net (fo=1, routed)           0.682     7.781    design_1_i/cg_fpga_0/inst/cg_axi_vdma_0/U0/I_PRMRY_DATAMOVER/GEN_S2MM_FULL.I_S2MM_FULL_WRAPPER/GEN_INCLUDE_REALIGNER.I_S2MM_REALIGNER/GEN_INCLUDE_SCATTER.I_S2MM_SCATTER/sig_btt_cntr_prv0[10]
    SLICE_X26Y33         LUT4 (Prop_lut4_I3_O)        0.302     8.083 f  design_1_i/cg_fpga_0/inst/cg_axi_vdma_0/U0/I_PRMRY_DATAMOVER/GEN_S2MM_FULL.I_S2MM_FULL_WRAPPER/GEN_INCLUDE_REALIGNER.I_S2MM_REALIGNER/GEN_INCLUDE_SCATTER.I_S2MM_SCATTER/sig_btt_cntr[10]_i_1/O
                         net (fo=3, routed)           1.355     9.439    design_1_i/cg_fpga_0/inst/cg_axi_vdma_0/U0/I_PRMRY_DATAMOVER/GEN_S2MM_FULL.I_S2MM_FULL_WRAPPER/GEN_INCLUDE_REALIGNER.I_S2MM_REALIGNER/GEN_INCLUDE_SCATTER.I_S2MM_SCATTER/sel0[10]
    SLICE_X34Y33         LUT6 (Prop_lut6_I0_O)        0.124     9.563 f  design_1_i/cg_fpga_0/inst/cg_axi_vdma_0/U0/I_PRMRY_DATAMOVER/GEN_S2MM_FULL.I_S2MM_FULL_WRAPPER/GEN_INCLUDE_REALIGNER.I_S2MM_REALIGNER/GEN_INCLUDE_SCATTER.I_S2MM_SCATTER/sig_btt_eq_0_i_2/O
                         net (fo=1, routed)           0.425     9.988    design_1_i/cg_fpga_0/inst/cg_axi_vdma_0/U0/I_PRMRY_DATAMOVER/GEN_S2MM_FULL.I_S2MM_FULL_WRAPPER/GEN_INCLUDE_REALIGNER.I_S2MM_REALIGNER/GEN_INCLUDE_SCATTER.I_S2MM_SCATTER/I_MSSAI_SKID_BUF/sig_btt_eq_0_reg_0
    SLICE_X32Y33         LUT6 (Prop_lut6_I2_O)        0.124    10.112 r  design_1_i/cg_fpga_0/inst/cg_axi_vdma_0/U0/I_PRMRY_DATAMOVER/GEN_S2MM_FULL.I_S2MM_FULL_WRAPPER/GEN_INCLUDE_REALIGNER.I_S2MM_REALIGNER/GEN_INCLUDE_SCATTER.I_S2MM_SCATTER/I_MSSAI_SKID_BUF/sig_btt_eq_0_i_1/O
                         net (fo=1, routed)           0.000    10.112    design_1_i/cg_fpga_0/inst/cg_axi_vdma_0/U0/I_PRMRY_DATAMOVER/GEN_S2MM_FULL.I_S2MM_FULL_WRAPPER/GEN_INCLUDE_REALIGNER.I_S2MM_REALIGNER/GEN_INCLUDE_SCATTER.I_S2MM_SCATTER/I_MSSAI_SKID_BUF_n_54
    SLICE_X32Y33         FDRE                                         r  design_1_i/cg_fpga_0/inst/cg_axi_vdma_0/U0/I_PRMRY_DATAMOVER/GEN_S2MM_FULL.I_S2MM_FULL_WRAPPER/GEN_INCLUDE_REALIGNER.I_S2MM_REALIGNER/GEN_INCLUDE_SCATTER.I_S2MM_SCATTER/sig_btt_eq_0_reg/D
  -------------------------------------------------------------------    -------------------

                         (clock clk_fpga_0 rise edge)
                                                     10.000    10.000 r  
    PS7_X0Y0             PS7                          0.000    10.000 r  design_1_i/cg_fpga_0/inst/processing_system7_0/inst/PS7_i/FCLKCLK[0]
                         net (fo=1, routed)           1.088    11.088    design_1_i/cg_fpga_0/inst/processing_system7_0/inst/FCLK_CLK_unbuffered[0]
    BUFGCTRL_X0Y16       BUFG (Prop_bufg_I_O)         0.091    11.179 r  design_1_i/cg_fpga_0/inst/processing_system7_0/inst/buffer_fclk_clk_0.FCLK_CLK_0_BUFG/O
                         net (fo=6956, routed)        1.488    12.667    design_1_i/cg_fpga_0/inst/cg_axi_vdma_0/U0/I_PRMRY_DATAMOVER/GEN_S2MM_FULL.I_S2MM_FULL_WRAPPER/GEN_INCLUDE_REALIGNER.I_S2MM_REALIGNER/GEN_INCLUDE_SCATTER.I_S2MM_SCATTER/s_axi_lite_aclk
    SLICE_X32Y33         FDRE                                         r  design_1_i/cg_fpga_0/inst/cg_axi_vdma_0/U0/I_PRMRY_DATAMOVER/GEN_S2MM_FULL.I_S2MM_FULL_WRAPPER/GEN_INCLUDE_REALIGNER.I_S2MM_REALIGNER/GEN_INCLUDE_SCATTER.I_S2MM_SCATTER/sig_btt_eq_0_reg/C
                         clock pessimism              0.230    12.897    
                         clock uncertainty           -0.154    12.743    
    SLICE_X32Y33         FDRE (Setup_fdre_C_D)        0.077    12.820    design_1_i/cg_fpga_0/inst/cg_axi_vdma_0/U0/I_PRMRY_DATAMOVER/GEN_S2MM_FULL.I_S2MM_FULL_WRAPPER/GEN_INCLUDE_REALIGNER.I_S2MM_REALIGNER/GEN_INCLUDE_SCATTER.I_S2MM_SCATTER/sig_btt_eq_0_reg
  -------------------------------------------------------------------
                         required time                         12.820    
                         arrival time                         -10.112    
  -------------------------------------------------------------------
                         slack                                  2.708    

Slack (MET) :             2.891ns  (required time - arrival time)
  Source:                 design_1_i/cg_fpga_0/inst/axi_mem_intercon/xbar/inst/gen_samd.crossbar_samd/gen_master_slots[0].gen_mi_write.wdata_mux_w/gen_wmux.wmux_aw_fifo/storage_data1_reg[0]/C
                            (rising edge-triggered cell FDRE clocked by clk_fpga_0  {rise@0.000ns fall@5.000ns period=10.000ns})
  Destination:            design_1_i/cg_fpga_0/inst/cg_axi_vdma_0/U0/I_PRMRY_DATAMOVER/GEN_S2MM_FULL.I_S2MM_FULL_WRAPPER/I_S2MM_MMAP_SKID_BUF/sig_data_reg_out_reg[31]/CE
                            (rising edge-triggered cell FDRE clocked by clk_fpga_0  {rise@0.000ns fall@5.000ns period=10.000ns})
  Path Group:             clk_fpga_0
  Path Type:              Setup (Max at Slow Process Corner)
  Requirement:            10.000ns  (clk_fpga_0 rise@10.000ns - clk_fpga_0 rise@0.000ns)
  Data Path Delay:        6.729ns  (logic 1.502ns (22.320%)  route 5.227ns (77.680%))
  Logic Levels:           5  (LUT2=1 LUT3=1 LUT4=1 LUT5=1 LUT6=1)
  Clock Path Skew:        -0.057ns (DCD - SCD + CPR)
    Destination Clock Delay (DCD):    2.760ns = ( 12.760 - 10.000 ) 
    Source Clock Delay      (SCD):    3.047ns
    Clock Pessimism Removal (CPR):    0.230ns
  Clock Uncertainty:      0.154ns  ((TSJ^2 + TIJ^2)^1/2 + DJ) / 2 + PE
    Total System Jitter     (TSJ):    0.071ns
    Total Input Jitter      (TIJ):    0.300ns
    Discrete Jitter          (DJ):    0.000ns
    Phase Error              (PE):    0.000ns

    Location             Delay type                Incr(ns)  Path(ns)    Netlist Resource(s)
  -------------------------------------------------------------------    -------------------
                         (clock clk_fpga_0 rise edge)
                                                      0.000     0.000 r  
    PS7_X0Y0             PS7                          0.000     0.000 r  design_1_i/cg_fpga_0/inst/processing_system7_0/inst/PS7_i/FCLKCLK[0]
                         net (fo=1, routed)           1.193     1.193    design_1_i/cg_fpga_0/inst/processing_system7_0/inst/FCLK_CLK_unbuffered[0]
    BUFGCTRL_X0Y16       BUFG (Prop_bufg_I_O)         0.101     1.294 r  design_1_i/cg_fpga_0/inst/processing_system7_0/inst/buffer_fclk_clk_0.FCLK_CLK_0_BUFG/O
                         net (fo=6956, routed)        1.753     3.047    design_1_i/cg_fpga_0/inst/axi_mem_intercon/xbar/inst/gen_samd.crossbar_samd/gen_master_slots[0].gen_mi_write.wdata_mux_w/gen_wmux.wmux_aw_fifo/aclk
    SLICE_X23Y46         FDRE                                         r  design_1_i/cg_fpga_0/inst/axi_mem_intercon/xbar/inst/gen_samd.crossbar_samd/gen_master_slots[0].gen_mi_write.wdata_mux_w/gen_wmux.wmux_aw_fifo/storage_data1_reg[0]/C
  -------------------------------------------------------------------    -------------------
    SLICE_X23Y46         FDRE (Prop_fdre_C_Q)         0.456     3.503 r  design_1_i/cg_fpga_0/inst/axi_mem_intercon/xbar/inst/gen_samd.crossbar_samd/gen_master_slots[0].gen_mi_write.wdata_mux_w/gen_wmux.wmux_aw_fifo/storage_data1_reg[0]/Q
                         net (fo=77, routed)          1.194     4.697    design_1_i/cg_fpga_0/inst/axi_mem_intercon/xbar/inst/gen_samd.crossbar_samd/gen_master_slots[0].gen_mi_write.wdata_mux_w/gen_wmux.wmux_aw_fifo/gen_srls[0].gen_rep[0].srl_nx1/gen_primitive_shifter.gen_srls[0].srl_inst_0
    SLICE_X25Y49         LUT5 (Prop_lut5_I0_O)        0.124     4.821 r  design_1_i/cg_fpga_0/inst/axi_mem_intercon/xbar/inst/gen_samd.crossbar_samd/gen_master_slots[0].gen_mi_write.wdata_mux_w/gen_wmux.wmux_aw_fifo/gen_srls[0].gen_rep[0].srl_nx1/m_axi_wvalid[0]_INST_0/O
                         net (fo=5, routed)           0.835     5.656    design_1_i/cg_fpga_0/inst/axi_mem_intercon/m00_couplers/auto_pc/inst/gen_axi4_axi3.axi3_conv_inst/USE_WRITE.write_addr_inst/USE_BURSTS.cmd_queue/inst/s_axi_wvalid
    SLICE_X26Y54         LUT3 (Prop_lut3_I2_O)        0.150     5.806 r  design_1_i/cg_fpga_0/inst/axi_mem_intercon/m00_couplers/auto_pc/inst/gen_axi4_axi3.axi3_conv_inst/USE_WRITE.write_addr_inst/USE_BURSTS.cmd_queue/inst/s_axi_wready_INST_0/O
                         net (fo=12, routed)          0.782     6.588    design_1_i/cg_fpga_0/inst/axi_mem_intercon/xbar/inst/gen_samd.crossbar_samd/gen_master_slots[0].gen_mi_write.wdata_mux_w/gen_wmux.wmux_aw_fifo/m_axi_wready[0]
    SLICE_X25Y49         LUT4 (Prop_lut4_I2_O)        0.322     6.910 r  design_1_i/cg_fpga_0/inst/axi_mem_intercon/xbar/inst/gen_samd.crossbar_samd/gen_master_slots[0].gen_mi_write.wdata_mux_w/gen_wmux.wmux_aw_fifo/s_axi_wready[1]_INST_0_i_1/O
                         net (fo=7, routed)           0.640     7.550    design_1_i/cg_fpga_0/inst/axi_mem_intercon/xbar/inst/gen_samd.crossbar_samd/gen_slave_slots[1].gen_si_write.wdata_router_w/wrouter_aw_fifo/gen_primitive_shifter.gen_srls[0].srl_inst_1
    SLICE_X27Y46         LUT6 (Prop_lut6_I1_O)        0.326     7.876 r  design_1_i/cg_fpga_0/inst/axi_mem_intercon/xbar/inst/gen_samd.crossbar_samd/gen_slave_slots[1].gen_si_write.wdata_router_w/wrouter_aw_fifo/s_axi_wready[1]_INST_0/O
                         net (fo=3, routed)           0.512     8.388    design_1_i/cg_fpga_0/inst/cg_axi_vdma_0/U0/I_PRMRY_DATAMOVER/GEN_S2MM_FULL.I_S2MM_FULL_WRAPPER/I_S2MM_MMAP_SKID_BUF/m_axi_s2mm_wready
    SLICE_X25Y40         LUT2 (Prop_lut2_I0_O)        0.124     8.512 r  design_1_i/cg_fpga_0/inst/cg_axi_vdma_0/U0/I_PRMRY_DATAMOVER/GEN_S2MM_FULL.I_S2MM_FULL_WRAPPER/I_S2MM_MMAP_SKID_BUF/sig_data_reg_out[63]_i_1/O
                         net (fo=73, routed)          1.264     9.776    design_1_i/cg_fpga_0/inst/cg_axi_vdma_0/U0/I_PRMRY_DATAMOVER/GEN_S2MM_FULL.I_S2MM_FULL_WRAPPER/I_S2MM_MMAP_SKID_BUF/sig_data_reg_out_en
    SLICE_X10Y45         FDRE                                         r  design_1_i/cg_fpga_0/inst/cg_axi_vdma_0/U0/I_PRMRY_DATAMOVER/GEN_S2MM_FULL.I_S2MM_FULL_WRAPPER/I_S2MM_MMAP_SKID_BUF/sig_data_reg_out_reg[31]/CE
  -------------------------------------------------------------------    -------------------

                         (clock clk_fpga_0 rise edge)
                                                     10.000    10.000 r  
    PS7_X0Y0             PS7                          0.000    10.000 r  design_1_i/cg_fpga_0/inst/processing_system7_0/inst/PS7_i/FCLKCLK[0]
                         net (fo=1, routed)           1.088    11.088    design_1_i/cg_fpga_0/inst/processing_system7_0/inst/FCLK_CLK_unbuffered[0]
    BUFGCTRL_X0Y16       BUFG (Prop_bufg_I_O)         0.091    11.179 r  design_1_i/cg_fpga_0/inst/processing_system7_0/inst/buffer_fclk_clk_0.FCLK_CLK_0_BUFG/O
                         net (fo=6956, routed)        1.581    12.760    design_1_i/cg_fpga_0/inst/cg_axi_vdma_0/U0/I_PRMRY_DATAMOVER/GEN_S2MM_FULL.I_S2MM_FULL_WRAPPER/I_S2MM_MMAP_SKID_BUF/s_axi_lite_aclk
    SLICE_X10Y45         FDRE                                         r  design_1_i/cg_fpga_0/inst/cg_axi_vdma_0/U0/I_PRMRY_DATAMOVER/GEN_S2MM_FULL.I_S2MM_FULL_WRAPPER/I_S2MM_MMAP_SKID_BUF/sig_data_reg_out_reg[31]/C
                         clock pessimism              0.230    12.990    
                         clock uncertainty           -0.154    12.836    
    SLICE_X10Y45         FDRE (Setup_fdre_C_CE)      -0.169    12.667    design_1_i/cg_fpga_0/inst/cg_axi_vdma_0/U0/I_PRMRY_DATAMOVER/GEN_S2MM_FULL.I_S2MM_FULL_WRAPPER/I_S2MM_MMAP_SKID_BUF/sig_data_reg_out_reg[31]
  -------------------------------------------------------------------
                         required time                         12.667    
                         arrival time                          -9.776    
  -------------------------------------------------------------------
                         slack                                  2.891    

Slack (MET) :             2.891ns  (required time - arrival time)
  Source:                 design_1_i/cg_fpga_0/inst/axi_mem_intercon/xbar/inst/gen_samd.crossbar_samd/gen_master_slots[0].gen_mi_write.wdata_mux_w/gen_wmux.wmux_aw_fifo/storage_data1_reg[0]/C
                            (rising edge-triggered cell FDRE clocked by clk_fpga_0  {rise@0.000ns fall@5.000ns period=10.000ns})
  Destination:            design_1_i/cg_fpga_0/inst/cg_axi_vdma_0/U0/I_PRMRY_DATAMOVER/GEN_S2MM_FULL.I_S2MM_FULL_WRAPPER/I_S2MM_MMAP_SKID_BUF/sig_data_reg_out_reg[41]/CE
                            (rising edge-triggered cell FDRE clocked by clk_fpga_0  {rise@0.000ns fall@5.000ns period=10.000ns})
  Path Group:             clk_fpga_0
  Path Type:              Setup (Max at Slow Process Corner)
  Requirement:            10.000ns  (clk_fpga_0 rise@10.000ns - clk_fpga_0 rise@0.000ns)
  Data Path Delay:        6.729ns  (logic 1.502ns (22.320%)  route 5.227ns (77.680%))
  Logic Levels:           5  (LUT2=1 LUT3=1 LUT4=1 LUT5=1 LUT6=1)
  Clock Path Skew:        -0.057ns (DCD - SCD + CPR)
    Destination Clock Delay (DCD):    2.760ns = ( 12.760 - 10.000 ) 
    Source Clock Delay      (SCD):    3.047ns
    Clock Pessimism Removal (CPR):    0.230ns
  Clock Uncertainty:      0.154ns  ((TSJ^2 + TIJ^2)^1/2 + DJ) / 2 + PE
    Total System Jitter     (TSJ):    0.071ns
    Total Input Jitter      (TIJ):    0.300ns
    Discrete Jitter          (DJ):    0.000ns
    Phase Error              (PE):    0.000ns

    Location             Delay type                Incr(ns)  Path(ns)    Netlist Resource(s)
  -------------------------------------------------------------------    -------------------
                         (clock clk_fpga_0 rise edge)
                                                      0.000     0.000 r  
    PS7_X0Y0             PS7                          0.000     0.000 r  design_1_i/cg_fpga_0/inst/processing_system7_0/inst/PS7_i/FCLKCLK[0]
                         net (fo=1, routed)           1.193     1.193    design_1_i/cg_fpga_0/inst/processing_system7_0/inst/FCLK_CLK_unbuffered[0]
    BUFGCTRL_X0Y16       BUFG (Prop_bufg_I_O)         0.101     1.294 r  design_1_i/cg_fpga_0/inst/processing_system7_0/inst/buffer_fclk_clk_0.FCLK_CLK_0_BUFG/O
                         net (fo=6956, routed)        1.753     3.047    design_1_i/cg_fpga_0/inst/axi_mem_intercon/xbar/inst/gen_samd.crossbar_samd/gen_master_slots[0].gen_mi_write.wdata_mux_w/gen_wmux.wmux_aw_fifo/aclk
    SLICE_X23Y46         FDRE                                         r  design_1_i/cg_fpga_0/inst/axi_mem_intercon/xbar/inst/gen_samd.crossbar_samd/gen_master_slots[0].gen_mi_write.wdata_mux_w/gen_wmux.wmux_aw_fifo/storage_data1_reg[0]/C
  -------------------------------------------------------------------    -------------------
    SLICE_X23Y46         FDRE (Prop_fdre_C_Q)         0.456     3.503 r  design_1_i/cg_fpga_0/inst/axi_mem_intercon/xbar/inst/gen_samd.crossbar_samd/gen_master_slots[0].gen_mi_write.wdata_mux_w/gen_wmux.wmux_aw_fifo/storage_data1_reg[0]/Q
                         net (fo=77, routed)          1.194     4.697    design_1_i/cg_fpga_0/inst/axi_mem_intercon/xbar/inst/gen_samd.crossbar_samd/gen_master_slots[0].gen_mi_write.wdata_mux_w/gen_wmux.wmux_aw_fifo/gen_srls[0].gen_rep[0].srl_nx1/gen_primitive_shifter.gen_srls[0].srl_inst_0
    SLICE_X25Y49         LUT5 (Prop_lut5_I0_O)        0.124     4.821 r  design_1_i/cg_fpga_0/inst/axi_mem_intercon/xbar/inst/gen_samd.crossbar_samd/gen_master_slots[0].gen_mi_write.wdata_mux_w/gen_wmux.wmux_aw_fifo/gen_srls[0].gen_rep[0].srl_nx1/m_axi_wvalid[0]_INST_0/O
                         net (fo=5, routed)           0.835     5.656    design_1_i/cg_fpga_0/inst/axi_mem_intercon/m00_couplers/auto_pc/inst/gen_axi4_axi3.axi3_conv_inst/USE_WRITE.write_addr_inst/USE_BURSTS.cmd_queue/inst/s_axi_wvalid
    SLICE_X26Y54         LUT3 (Prop_lut3_I2_O)        0.150     5.806 r  design_1_i/cg_fpga_0/inst/axi_mem_intercon/m00_couplers/auto_pc/inst/gen_axi4_axi3.axi3_conv_inst/USE_WRITE.write_addr_inst/USE_BURSTS.cmd_queue/inst/s_axi_wready_INST_0/O
                         net (fo=12, routed)          0.782     6.588    design_1_i/cg_fpga_0/inst/axi_mem_intercon/xbar/inst/gen_samd.crossbar_samd/gen_master_slots[0].gen_mi_write.wdata_mux_w/gen_wmux.wmux_aw_fifo/m_axi_wready[0]
    SLICE_X25Y49         LUT4 (Prop_lut4_I2_O)        0.322     6.910 r  design_1_i/cg_fpga_0/inst/axi_mem_intercon/xbar/inst/gen_samd.crossbar_samd/gen_master_slots[0].gen_mi_write.wdata_mux_w/gen_wmux.wmux_aw_fifo/s_axi_wready[1]_INST_0_i_1/O
                         net (fo=7, routed)           0.640     7.550    design_1_i/cg_fpga_0/inst/axi_mem_intercon/xbar/inst/gen_samd.crossbar_samd/gen_slave_slots[1].gen_si_write.wdata_router_w/wrouter_aw_fifo/gen_primitive_shifter.gen_srls[0].srl_inst_1
    SLICE_X27Y46         LUT6 (Prop_lut6_I1_O)        0.326     7.876 r  design_1_i/cg_fpga_0/inst/axi_mem_intercon/xbar/inst/gen_samd.crossbar_samd/gen_slave_slots[1].gen_si_write.wdata_router_w/wrouter_aw_fifo/s_axi_wready[1]_INST_0/O
                         net (fo=3, routed)           0.512     8.388    design_1_i/cg_fpga_0/inst/cg_axi_vdma_0/U0/I_PRMRY_DATAMOVER/GEN_S2MM_FULL.I_S2MM_FULL_WRAPPER/I_S2MM_MMAP_SKID_BUF/m_axi_s2mm_wready
    SLICE_X25Y40         LUT2 (Prop_lut2_I0_O)        0.124     8.512 r  design_1_i/cg_fpga_0/inst/cg_axi_vdma_0/U0/I_PRMRY_DATAMOVER/GEN_S2MM_FULL.I_S2MM_FULL_WRAPPER/I_S2MM_MMAP_SKID_BUF/sig_data_reg_out[63]_i_1/O
                         net (fo=73, routed)          1.264     9.776    design_1_i/cg_fpga_0/inst/cg_axi_vdma_0/U0/I_PRMRY_DATAMOVER/GEN_S2MM_FULL.I_S2MM_FULL_WRAPPER/I_S2MM_MMAP_SKID_BUF/sig_data_reg_out_en
    SLICE_X10Y45         FDRE                                         r  design_1_i/cg_fpga_0/inst/cg_axi_vdma_0/U0/I_PRMRY_DATAMOVER/GEN_S2MM_FULL.I_S2MM_FULL_WRAPPER/I_S2MM_MMAP_SKID_BUF/sig_data_reg_out_reg[41]/CE
  -------------------------------------------------------------------    -------------------

                         (clock clk_fpga_0 rise edge)
                                                     10.000    10.000 r  
    PS7_X0Y0             PS7                          0.000    10.000 r  design_1_i/cg_fpga_0/inst/processing_system7_0/inst/PS7_i/FCLKCLK[0]
                         net (fo=1, routed)           1.088    11.088    design_1_i/cg_fpga_0/inst/processing_system7_0/inst/FCLK_CLK_unbuffered[0]
    BUFGCTRL_X0Y16       BUFG (Prop_bufg_I_O)         0.091    11.179 r  design_1_i/cg_fpga_0/inst/processing_system7_0/inst/buffer_fclk_clk_0.FCLK_CLK_0_BUFG/O
                         net (fo=6956, routed)        1.581    12.760    design_1_i/cg_fpga_0/inst/cg_axi_vdma_0/U0/I_PRMRY_DATAMOVER/GEN_S2MM_FULL.I_S2MM_FULL_WRAPPER/I_S2MM_MMAP_SKID_BUF/s_axi_lite_aclk
    SLICE_X10Y45         FDRE                                         r  design_1_i/cg_fpga_0/inst/cg_axi_vdma_0/U0/I_PRMRY_DATAMOVER/GEN_S2MM_FULL.I_S2MM_FULL_WRAPPER/I_S2MM_MMAP_SKID_BUF/sig_data_reg_out_reg[41]/C
                         clock pessimism              0.230    12.990    
                         clock uncertainty           -0.154    12.836    
    SLICE_X10Y45         FDRE (Setup_fdre_C_CE)      -0.169    12.667    design_1_i/cg_fpga_0/inst/cg_axi_vdma_0/U0/I_PRMRY_DATAMOVER/GEN_S2MM_FULL.I_S2MM_FULL_WRAPPER/I_S2MM_MMAP_SKID_BUF/sig_data_reg_out_reg[41]
  -------------------------------------------------------------------
                         required time                         12.667    
                         arrival time                          -9.776    
  -------------------------------------------------------------------
                         slack                                  2.891    

Slack (MET) :             2.891ns  (required time - arrival time)
  Source:                 design_1_i/cg_fpga_0/inst/axi_mem_intercon/xbar/inst/gen_samd.crossbar_samd/gen_master_slots[0].gen_mi_write.wdata_mux_w/gen_wmux.wmux_aw_fifo/storage_data1_reg[0]/C
                            (rising edge-triggered cell FDRE clocked by clk_fpga_0  {rise@0.000ns fall@5.000ns period=10.000ns})
  Destination:            design_1_i/cg_fpga_0/inst/cg_axi_vdma_0/U0/I_PRMRY_DATAMOVER/GEN_S2MM_FULL.I_S2MM_FULL_WRAPPER/I_S2MM_MMAP_SKID_BUF/sig_data_reg_out_reg[43]/CE
                            (rising edge-triggered cell FDRE clocked by clk_fpga_0  {rise@0.000ns fall@5.000ns period=10.000ns})
  Path Group:             clk_fpga_0
  Path Type:              Setup (Max at Slow Process Corner)
  Requirement:            10.000ns  (clk_fpga_0 rise@10.000ns - clk_fpga_0 rise@0.000ns)
  Data Path Delay:        6.729ns  (logic 1.502ns (22.320%)  route 5.227ns (77.680%))
  Logic Levels:           5  (LUT2=1 LUT3=1 LUT4=1 LUT5=1 LUT6=1)
  Clock Path Skew:        -0.057ns (DCD - SCD + CPR)
    Destination Clock Delay (DCD):    2.760ns = ( 12.760 - 10.000 ) 
    Source Clock Delay      (SCD):    3.047ns
    Clock Pessimism Removal (CPR):    0.230ns
  Clock Uncertainty:      0.154ns  ((TSJ^2 + TIJ^2)^1/2 + DJ) / 2 + PE
    Total System Jitter     (TSJ):    0.071ns
    Total Input Jitter      (TIJ):    0.300ns
    Discrete Jitter          (DJ):    0.000ns
    Phase Error              (PE):    0.000ns

    Location             Delay type                Incr(ns)  Path(ns)    Netlist Resource(s)
  -------------------------------------------------------------------    -------------------
                         (clock clk_fpga_0 rise edge)
                                                      0.000     0.000 r  
    PS7_X0Y0             PS7                          0.000     0.000 r  design_1_i/cg_fpga_0/inst/processing_system7_0/inst/PS7_i/FCLKCLK[0]
                         net (fo=1, routed)           1.193     1.193    design_1_i/cg_fpga_0/inst/processing_system7_0/inst/FCLK_CLK_unbuffered[0]
    BUFGCTRL_X0Y16       BUFG (Prop_bufg_I_O)         0.101     1.294 r  design_1_i/cg_fpga_0/inst/processing_system7_0/inst/buffer_fclk_clk_0.FCLK_CLK_0_BUFG/O
                         net (fo=6956, routed)        1.753     3.047    design_1_i/cg_fpga_0/inst/axi_mem_intercon/xbar/inst/gen_samd.crossbar_samd/gen_master_slots[0].gen_mi_write.wdata_mux_w/gen_wmux.wmux_aw_fifo/aclk
    SLICE_X23Y46         FDRE                                         r  design_1_i/cg_fpga_0/inst/axi_mem_intercon/xbar/inst/gen_samd.crossbar_samd/gen_master_slots[0].gen_mi_write.wdata_mux_w/gen_wmux.wmux_aw_fifo/storage_data1_reg[0]/C
  -------------------------------------------------------------------    -------------------
    SLICE_X23Y46         FDRE (Prop_fdre_C_Q)         0.456     3.503 r  design_1_i/cg_fpga_0/inst/axi_mem_intercon/xbar/inst/gen_samd.crossbar_samd/gen_master_slots[0].gen_mi_write.wdata_mux_w/gen_wmux.wmux_aw_fifo/storage_data1_reg[0]/Q
                         net (fo=77, routed)          1.194     4.697    design_1_i/cg_fpga_0/inst/axi_mem_intercon/xbar/inst/gen_samd.crossbar_samd/gen_master_slots[0].gen_mi_write.wdata_mux_w/gen_wmux.wmux_aw_fifo/gen_srls[0].gen_rep[0].srl_nx1/gen_primitive_shifter.gen_srls[0].srl_inst_0
    SLICE_X25Y49         LUT5 (Prop_lut5_I0_O)        0.124     4.821 r  design_1_i/cg_fpga_0/inst/axi_mem_intercon/xbar/inst/gen_samd.crossbar_samd/gen_master_slots[0].gen_mi_write.wdata_mux_w/gen_wmux.wmux_aw_fifo/gen_srls[0].gen_rep[0].srl_nx1/m_axi_wvalid[0]_INST_0/O
                         net (fo=5, routed)           0.835     5.656    design_1_i/cg_fpga_0/inst/axi_mem_intercon/m00_couplers/auto_pc/inst/gen_axi4_axi3.axi3_conv_inst/USE_WRITE.write_addr_inst/USE_BURSTS.cmd_queue/inst/s_axi_wvalid
    SLICE_X26Y54         LUT3 (Prop_lut3_I2_O)        0.150     5.806 r  design_1_i/cg_fpga_0/inst/axi_mem_intercon/m00_couplers/auto_pc/inst/gen_axi4_axi3.axi3_conv_inst/USE_WRITE.write_addr_inst/USE_BURSTS.cmd_queue/inst/s_axi_wready_INST_0/O
                         net (fo=12, routed)          0.782     6.588    design_1_i/cg_fpga_0/inst/axi_mem_intercon/xbar/inst/gen_samd.crossbar_samd/gen_master_slots[0].gen_mi_write.wdata_mux_w/gen_wmux.wmux_aw_fifo/m_axi_wready[0]
    SLICE_X25Y49         LUT4 (Prop_lut4_I2_O)        0.322     6.910 r  design_1_i/cg_fpga_0/inst/axi_mem_intercon/xbar/inst/gen_samd.crossbar_samd/gen_master_slots[0].gen_mi_write.wdata_mux_w/gen_wmux.wmux_aw_fifo/s_axi_wready[1]_INST_0_i_1/O
                         net (fo=7, routed)           0.640     7.550    design_1_i/cg_fpga_0/inst/axi_mem_intercon/xbar/inst/gen_samd.crossbar_samd/gen_slave_slots[1].gen_si_write.wdata_router_w/wrouter_aw_fifo/gen_primitive_shifter.gen_srls[0].srl_inst_1
    SLICE_X27Y46         LUT6 (Prop_lut6_I1_O)        0.326     7.876 r  design_1_i/cg_fpga_0/inst/axi_mem_intercon/xbar/inst/gen_samd.crossbar_samd/gen_slave_slots[1].gen_si_write.wdata_router_w/wrouter_aw_fifo/s_axi_wready[1]_INST_0/O
                         net (fo=3, routed)           0.512     8.388    design_1_i/cg_fpga_0/inst/cg_axi_vdma_0/U0/I_PRMRY_DATAMOVER/GEN_S2MM_FULL.I_S2MM_FULL_WRAPPER/I_S2MM_MMAP_SKID_BUF/m_axi_s2mm_wready
    SLICE_X25Y40         LUT2 (Prop_lut2_I0_O)        0.124     8.512 r  design_1_i/cg_fpga_0/inst/cg_axi_vdma_0/U0/I_PRMRY_DATAMOVER/GEN_S2MM_FULL.I_S2MM_FULL_WRAPPER/I_S2MM_MMAP_SKID_BUF/sig_data_reg_out[63]_i_1/O
                         net (fo=73, routed)          1.264     9.776    design_1_i/cg_fpga_0/inst/cg_axi_vdma_0/U0/I_PRMRY_DATAMOVER/GEN_S2MM_FULL.I_S2MM_FULL_WRAPPER/I_S2MM_MMAP_SKID_BUF/sig_data_reg_out_en
    SLICE_X10Y45         FDRE                                         r  design_1_i/cg_fpga_0/inst/cg_axi_vdma_0/U0/I_PRMRY_DATAMOVER/GEN_S2MM_FULL.I_S2MM_FULL_WRAPPER/I_S2MM_MMAP_SKID_BUF/sig_data_reg_out_reg[43]/CE
  -------------------------------------------------------------------    -------------------

                         (clock clk_fpga_0 rise edge)
                                                     10.000    10.000 r  
    PS7_X0Y0             PS7                          0.000    10.000 r  design_1_i/cg_fpga_0/inst/processing_system7_0/inst/PS7_i/FCLKCLK[0]
                         net (fo=1, routed)           1.088    11.088    design_1_i/cg_fpga_0/inst/processing_system7_0/inst/FCLK_CLK_unbuffered[0]
    BUFGCTRL_X0Y16       BUFG (Prop_bufg_I_O)         0.091    11.179 r  design_1_i/cg_fpga_0/inst/processing_system7_0/inst/buffer_fclk_clk_0.FCLK_CLK_0_BUFG/O
                         net (fo=6956, routed)        1.581    12.760    design_1_i/cg_fpga_0/inst/cg_axi_vdma_0/U0/I_PRMRY_DATAMOVER/GEN_S2MM_FULL.I_S2MM_FULL_WRAPPER/I_S2MM_MMAP_SKID_BUF/s_axi_lite_aclk
    SLICE_X10Y45         FDRE                                         r  design_1_i/cg_fpga_0/inst/cg_axi_vdma_0/U0/I_PRMRY_DATAMOVER/GEN_S2MM_FULL.I_S2MM_FULL_WRAPPER/I_S2MM_MMAP_SKID_BUF/sig_data_reg_out_reg[43]/C
                         clock pessimism              0.230    12.990    
                         clock uncertainty           -0.154    12.836    
    SLICE_X10Y45         FDRE (Setup_fdre_C_CE)      -0.169    12.667    design_1_i/cg_fpga_0/inst/cg_axi_vdma_0/U0/I_PRMRY_DATAMOVER/GEN_S2MM_FULL.I_S2MM_FULL_WRAPPER/I_S2MM_MMAP_SKID_BUF/sig_data_reg_out_reg[43]
  -------------------------------------------------------------------
                         required time                         12.667    
                         arrival time                          -9.776    
  -------------------------------------------------------------------
                         slack                                  2.891    

Slack (MET) :             2.891ns  (required time - arrival time)
  Source:                 design_1_i/cg_fpga_0/inst/axi_mem_intercon/xbar/inst/gen_samd.crossbar_samd/gen_master_slots[0].gen_mi_write.wdata_mux_w/gen_wmux.wmux_aw_fifo/storage_data1_reg[0]/C
                            (rising edge-triggered cell FDRE clocked by clk_fpga_0  {rise@0.000ns fall@5.000ns period=10.000ns})
  Destination:            design_1_i/cg_fpga_0/inst/cg_axi_vdma_0/U0/I_PRMRY_DATAMOVER/GEN_S2MM_FULL.I_S2MM_FULL_WRAPPER/I_S2MM_MMAP_SKID_BUF/sig_data_reg_out_reg[58]/CE
                            (rising edge-triggered cell FDRE clocked by clk_fpga_0  {rise@0.000ns fall@5.000ns period=10.000ns})
  Path Group:             clk_fpga_0
  Path Type:              Setup (Max at Slow Process Corner)
  Requirement:            10.000ns  (clk_fpga_0 rise@10.000ns - clk_fpga_0 rise@0.000ns)
  Data Path Delay:        6.729ns  (logic 1.502ns (22.320%)  route 5.227ns (77.680%))
  Logic Levels:           5  (LUT2=1 LUT3=1 LUT4=1 LUT5=1 LUT6=1)
  Clock Path Skew:        -0.057ns (DCD - SCD + CPR)
    Destination Clock Delay (DCD):    2.760ns = ( 12.760 - 10.000 ) 
    Source Clock Delay      (SCD):    3.047ns
    Clock Pessimism Removal (CPR):    0.230ns
  Clock Uncertainty:      0.154ns  ((TSJ^2 + TIJ^2)^1/2 + DJ) / 2 + PE
    Total System Jitter     (TSJ):    0.071ns
    Total Input Jitter      (TIJ):    0.300ns
    Discrete Jitter          (DJ):    0.000ns
    Phase Error              (PE):    0.000ns

    Location             Delay type                Incr(ns)  Path(ns)    Netlist Resource(s)
  -------------------------------------------------------------------    -------------------
                         (clock clk_fpga_0 rise edge)
                                                      0.000     0.000 r  
    PS7_X0Y0             PS7                          0.000     0.000 r  design_1_i/cg_fpga_0/inst/processing_system7_0/inst/PS7_i/FCLKCLK[0]
                         net (fo=1, routed)           1.193     1.193    design_1_i/cg_fpga_0/inst/processing_system7_0/inst/FCLK_CLK_unbuffered[0]
    BUFGCTRL_X0Y16       BUFG (Prop_bufg_I_O)         0.101     1.294 r  design_1_i/cg_fpga_0/inst/processing_system7_0/inst/buffer_fclk_clk_0.FCLK_CLK_0_BUFG/O
                         net (fo=6956, routed)        1.753     3.047    design_1_i/cg_fpga_0/inst/axi_mem_intercon/xbar/inst/gen_samd.crossbar_samd/gen_master_slots[0].gen_mi_write.wdata_mux_w/gen_wmux.wmux_aw_fifo/aclk
    SLICE_X23Y46         FDRE                                         r  design_1_i/cg_fpga_0/inst/axi_mem_intercon/xbar/inst/gen_samd.crossbar_samd/gen_master_slots[0].gen_mi_write.wdata_mux_w/gen_wmux.wmux_aw_fifo/storage_data1_reg[0]/C
  -------------------------------------------------------------------    -------------------
    SLICE_X23Y46         FDRE (Prop_fdre_C_Q)         0.456     3.503 r  design_1_i/cg_fpga_0/inst/axi_mem_intercon/xbar/inst/gen_samd.crossbar_samd/gen_master_slots[0].gen_mi_write.wdata_mux_w/gen_wmux.wmux_aw_fifo/storage_data1_reg[0]/Q
                         net (fo=77, routed)          1.194     4.697    design_1_i/cg_fpga_0/inst/axi_mem_intercon/xbar/inst/gen_samd.crossbar_samd/gen_master_slots[0].gen_mi_write.wdata_mux_w/gen_wmux.wmux_aw_fifo/gen_srls[0].gen_rep[0].srl_nx1/gen_primitive_shifter.gen_srls[0].srl_inst_0
    SLICE_X25Y49         LUT5 (Prop_lut5_I0_O)        0.124     4.821 r  design_1_i/cg_fpga_0/inst/axi_mem_intercon/xbar/inst/gen_samd.crossbar_samd/gen_master_slots[0].gen_mi_write.wdata_mux_w/gen_wmux.wmux_aw_fifo/gen_srls[0].gen_rep[0].srl_nx1/m_axi_wvalid[0]_INST_0/O
                         net (fo=5, routed)           0.835     5.656    design_1_i/cg_fpga_0/inst/axi_mem_intercon/m00_couplers/auto_pc/inst/gen_axi4_axi3.axi3_conv_inst/USE_WRITE.write_addr_inst/USE_BURSTS.cmd_queue/inst/s_axi_wvalid
    SLICE_X26Y54         LUT3 (Prop_lut3_I2_O)        0.150     5.806 r  design_1_i/cg_fpga_0/inst/axi_mem_intercon/m00_couplers/auto_pc/inst/gen_axi4_axi3.axi3_conv_inst/USE_WRITE.write_addr_inst/USE_BURSTS.cmd_queue/inst/s_axi_wready_INST_0/O
                         net (fo=12, routed)          0.782     6.588    design_1_i/cg_fpga_0/inst/axi_mem_intercon/xbar/inst/gen_samd.crossbar_samd/gen_master_slots[0].gen_mi_write.wdata_mux_w/gen_wmux.wmux_aw_fifo/m_axi_wready[0]
    SLICE_X25Y49         LUT4 (Prop_lut4_I2_O)        0.322     6.910 r  design_1_i/cg_fpga_0/inst/axi_mem_intercon/xbar/inst/gen_samd.crossbar_samd/gen_master_slots[0].gen_mi_write.wdata_mux_w/gen_wmux.wmux_aw_fifo/s_axi_wready[1]_INST_0_i_1/O
                         net (fo=7, routed)           0.640     7.550    design_1_i/cg_fpga_0/inst/axi_mem_intercon/xbar/inst/gen_samd.crossbar_samd/gen_slave_slots[1].gen_si_write.wdata_router_w/wrouter_aw_fifo/gen_primitive_shifter.gen_srls[0].srl_inst_1
    SLICE_X27Y46         LUT6 (Prop_lut6_I1_O)        0.326     7.876 r  design_1_i/cg_fpga_0/inst/axi_mem_intercon/xbar/inst/gen_samd.crossbar_samd/gen_slave_slots[1].gen_si_write.wdata_router_w/wrouter_aw_fifo/s_axi_wready[1]_INST_0/O
                         net (fo=3, routed)           0.512     8.388    design_1_i/cg_fpga_0/inst/cg_axi_vdma_0/U0/I_PRMRY_DATAMOVER/GEN_S2MM_FULL.I_S2MM_FULL_WRAPPER/I_S2MM_MMAP_SKID_BUF/m_axi_s2mm_wready
    SLICE_X25Y40         LUT2 (Prop_lut2_I0_O)        0.124     8.512 r  design_1_i/cg_fpga_0/inst/cg_axi_vdma_0/U0/I_PRMRY_DATAMOVER/GEN_S2MM_FULL.I_S2MM_FULL_WRAPPER/I_S2MM_MMAP_SKID_BUF/sig_data_reg_out[63]_i_1/O
                         net (fo=73, routed)          1.264     9.776    design_1_i/cg_fpga_0/inst/cg_axi_vdma_0/U0/I_PRMRY_DATAMOVER/GEN_S2MM_FULL.I_S2MM_FULL_WRAPPER/I_S2MM_MMAP_SKID_BUF/sig_data_reg_out_en
    SLICE_X10Y45         FDRE                                         r  design_1_i/cg_fpga_0/inst/cg_axi_vdma_0/U0/I_PRMRY_DATAMOVER/GEN_S2MM_FULL.I_S2MM_FULL_WRAPPER/I_S2MM_MMAP_SKID_BUF/sig_data_reg_out_reg[58]/CE
  -------------------------------------------------------------------    -------------------

                         (clock clk_fpga_0 rise edge)
                                                     10.000    10.000 r  
    PS7_X0Y0             PS7                          0.000    10.000 r  design_1_i/cg_fpga_0/inst/processing_system7_0/inst/PS7_i/FCLKCLK[0]
                         net (fo=1, routed)           1.088    11.088    design_1_i/cg_fpga_0/inst/processing_system7_0/inst/FCLK_CLK_unbuffered[0]
    BUFGCTRL_X0Y16       BUFG (Prop_bufg_I_O)         0.091    11.179 r  design_1_i/cg_fpga_0/inst/processing_system7_0/inst/buffer_fclk_clk_0.FCLK_CLK_0_BUFG/O
                         net (fo=6956, routed)        1.581    12.760    design_1_i/cg_fpga_0/inst/cg_axi_vdma_0/U0/I_PRMRY_DATAMOVER/GEN_S2MM_FULL.I_S2MM_FULL_WRAPPER/I_S2MM_MMAP_SKID_BUF/s_axi_lite_aclk
    SLICE_X10Y45         FDRE                                         r  design_1_i/cg_fpga_0/inst/cg_axi_vdma_0/U0/I_PRMRY_DATAMOVER/GEN_S2MM_FULL.I_S2MM_FULL_WRAPPER/I_S2MM_MMAP_SKID_BUF/sig_data_reg_out_reg[58]/C
                         clock pessimism              0.230    12.990    
                         clock uncertainty           -0.154    12.836    
    SLICE_X10Y45         FDRE (Setup_fdre_C_CE)      -0.169    12.667    design_1_i/cg_fpga_0/inst/cg_axi_vdma_0/U0/I_PRMRY_DATAMOVER/GEN_S2MM_FULL.I_S2MM_FULL_WRAPPER/I_S2MM_MMAP_SKID_BUF/sig_data_reg_out_reg[58]
  -------------------------------------------------------------------
                         required time                         12.667    
                         arrival time                          -9.776    
  -------------------------------------------------------------------
                         slack                                  2.891    

Slack (MET) :             2.938ns  (required time - arrival time)
  Source:                 design_1_i/cg_fpga_0/inst/axi_mem_intercon/xbar/inst/gen_samd.crossbar_samd/gen_master_slots[0].gen_mi_write.wdata_mux_w/gen_wmux.wmux_aw_fifo/storage_data1_reg[0]/C
                            (rising edge-triggered cell FDRE clocked by clk_fpga_0  {rise@0.000ns fall@5.000ns period=10.000ns})
  Destination:            design_1_i/cg_fpga_0/inst/cg_axi_vdma_0/U0/I_PRMRY_DATAMOVER/GEN_S2MM_FULL.I_S2MM_FULL_WRAPPER/I_S2MM_MMAP_SKID_BUF/sig_data_reg_out_reg[20]/CE
                            (rising edge-triggered cell FDRE clocked by clk_fpga_0  {rise@0.000ns fall@5.000ns period=10.000ns})
  Path Group:             clk_fpga_0
  Path Type:              Setup (Max at Slow Process Corner)
  Requirement:            10.000ns  (clk_fpga_0 rise@10.000ns - clk_fpga_0 rise@0.000ns)
  Data Path Delay:        6.680ns  (logic 1.502ns (22.484%)  route 5.178ns (77.516%))
  Logic Levels:           5  (LUT2=1 LUT3=1 LUT4=1 LUT5=1 LUT6=1)
  Clock Path Skew:        -0.059ns (DCD - SCD + CPR)
    Destination Clock Delay (DCD):    2.758ns = ( 12.759 - 10.000 ) 
    Source Clock Delay      (SCD):    3.047ns
    Clock Pessimism Removal (CPR):    0.230ns
  Clock Uncertainty:      0.154ns  ((TSJ^2 + TIJ^2)^1/2 + DJ) / 2 + PE
    Total System Jitter     (TSJ):    0.071ns
    Total Input Jitter      (TIJ):    0.300ns
    Discrete Jitter          (DJ):    0.000ns
    Phase Error              (PE):    0.000ns

    Location             Delay type                Incr(ns)  Path(ns)    Netlist Resource(s)
  -------------------------------------------------------------------    -------------------
                         (clock clk_fpga_0 rise edge)
                                                      0.000     0.000 r  
    PS7_X0Y0             PS7                          0.000     0.000 r  design_1_i/cg_fpga_0/inst/processing_system7_0/inst/PS7_i/FCLKCLK[0]
                         net (fo=1, routed)           1.193     1.193    design_1_i/cg_fpga_0/inst/processing_system7_0/inst/FCLK_CLK_unbuffered[0]
    BUFGCTRL_X0Y16       BUFG (Prop_bufg_I_O)         0.101     1.294 r  design_1_i/cg_fpga_0/inst/processing_system7_0/inst/buffer_fclk_clk_0.FCLK_CLK_0_BUFG/O
                         net (fo=6956, routed)        1.753     3.047    design_1_i/cg_fpga_0/inst/axi_mem_intercon/xbar/inst/gen_samd.crossbar_samd/gen_master_slots[0].gen_mi_write.wdata_mux_w/gen_wmux.wmux_aw_fifo/aclk
    SLICE_X23Y46         FDRE                                         r  design_1_i/cg_fpga_0/inst/axi_mem_intercon/xbar/inst/gen_samd.crossbar_samd/gen_master_slots[0].gen_mi_write.wdata_mux_w/gen_wmux.wmux_aw_fifo/storage_data1_reg[0]/C
  -------------------------------------------------------------------    -------------------
    SLICE_X23Y46         FDRE (Prop_fdre_C_Q)         0.456     3.503 r  design_1_i/cg_fpga_0/inst/axi_mem_intercon/xbar/inst/gen_samd.crossbar_samd/gen_master_slots[0].gen_mi_write.wdata_mux_w/gen_wmux.wmux_aw_fifo/storage_data1_reg[0]/Q
                         net (fo=77, routed)          1.194     4.697    design_1_i/cg_fpga_0/inst/axi_mem_intercon/xbar/inst/gen_samd.crossbar_samd/gen_master_slots[0].gen_mi_write.wdata_mux_w/gen_wmux.wmux_aw_fifo/gen_srls[0].gen_rep[0].srl_nx1/gen_primitive_shifter.gen_srls[0].srl_inst_0
    SLICE_X25Y49         LUT5 (Prop_lut5_I0_O)        0.124     4.821 r  design_1_i/cg_fpga_0/inst/axi_mem_intercon/xbar/inst/gen_samd.crossbar_samd/gen_master_slots[0].gen_mi_write.wdata_mux_w/gen_wmux.wmux_aw_fifo/gen_srls[0].gen_rep[0].srl_nx1/m_axi_wvalid[0]_INST_0/O
                         net (fo=5, routed)           0.835     5.656    design_1_i/cg_fpga_0/inst/axi_mem_intercon/m00_couplers/auto_pc/inst/gen_axi4_axi3.axi3_conv_inst/USE_WRITE.write_addr_inst/USE_BURSTS.cmd_queue/inst/s_axi_wvalid
    SLICE_X26Y54         LUT3 (Prop_lut3_I2_O)        0.150     5.806 r  design_1_i/cg_fpga_0/inst/axi_mem_intercon/m00_couplers/auto_pc/inst/gen_axi4_axi3.axi3_conv_inst/USE_WRITE.write_addr_inst/USE_BURSTS.cmd_queue/inst/s_axi_wready_INST_0/O
                         net (fo=12, routed)          0.782     6.588    design_1_i/cg_fpga_0/inst/axi_mem_intercon/xbar/inst/gen_samd.crossbar_samd/gen_master_slots[0].gen_mi_write.wdata_mux_w/gen_wmux.wmux_aw_fifo/m_axi_wready[0]
    SLICE_X25Y49         LUT4 (Prop_lut4_I2_O)        0.322     6.910 r  design_1_i/cg_fpga_0/inst/axi_mem_intercon/xbar/inst/gen_samd.crossbar_samd/gen_master_slots[0].gen_mi_write.wdata_mux_w/gen_wmux.wmux_aw_fifo/s_axi_wready[1]_INST_0_i_1/O
                         net (fo=7, routed)           0.640     7.550    design_1_i/cg_fpga_0/inst/axi_mem_intercon/xbar/inst/gen_samd.crossbar_samd/gen_slave_slots[1].gen_si_write.wdata_router_w/wrouter_aw_fifo/gen_primitive_shifter.gen_srls[0].srl_inst_1
    SLICE_X27Y46         LUT6 (Prop_lut6_I1_O)        0.326     7.876 r  design_1_i/cg_fpga_0/inst/axi_mem_intercon/xbar/inst/gen_samd.crossbar_samd/gen_slave_slots[1].gen_si_write.wdata_router_w/wrouter_aw_fifo/s_axi_wready[1]_INST_0/O
                         net (fo=3, routed)           0.512     8.388    design_1_i/cg_fpga_0/inst/cg_axi_vdma_0/U0/I_PRMRY_DATAMOVER/GEN_S2MM_FULL.I_S2MM_FULL_WRAPPER/I_S2MM_MMAP_SKID_BUF/m_axi_s2mm_wready
    SLICE_X25Y40         LUT2 (Prop_lut2_I0_O)        0.124     8.512 r  design_1_i/cg_fpga_0/inst/cg_axi_vdma_0/U0/I_PRMRY_DATAMOVER/GEN_S2MM_FULL.I_S2MM_FULL_WRAPPER/I_S2MM_MMAP_SKID_BUF/sig_data_reg_out[63]_i_1/O
                         net (fo=73, routed)          1.215     9.727    design_1_i/cg_fpga_0/inst/cg_axi_vdma_0/U0/I_PRMRY_DATAMOVER/GEN_S2MM_FULL.I_S2MM_FULL_WRAPPER/I_S2MM_MMAP_SKID_BUF/sig_data_reg_out_en
    SLICE_X8Y42          FDRE                                         r  design_1_i/cg_fpga_0/inst/cg_axi_vdma_0/U0/I_PRMRY_DATAMOVER/GEN_S2MM_FULL.I_S2MM_FULL_WRAPPER/I_S2MM_MMAP_SKID_BUF/sig_data_reg_out_reg[20]/CE
  -------------------------------------------------------------------    -------------------

                         (clock clk_fpga_0 rise edge)
                                                     10.000    10.000 r  
    PS7_X0Y0             PS7                          0.000    10.000 r  design_1_i/cg_fpga_0/inst/processing_system7_0/inst/PS7_i/FCLKCLK[0]
                         net (fo=1, routed)           1.088    11.088    design_1_i/cg_fpga_0/inst/processing_system7_0/inst/FCLK_CLK_unbuffered[0]
    BUFGCTRL_X0Y16       BUFG (Prop_bufg_I_O)         0.091    11.179 r  design_1_i/cg_fpga_0/inst/processing_system7_0/inst/buffer_fclk_clk_0.FCLK_CLK_0_BUFG/O
                         net (fo=6956, routed)        1.579    12.759    design_1_i/cg_fpga_0/inst/cg_axi_vdma_0/U0/I_PRMRY_DATAMOVER/GEN_S2MM_FULL.I_S2MM_FULL_WRAPPER/I_S2MM_MMAP_SKID_BUF/s_axi_lite_aclk
    SLICE_X8Y42          FDRE                                         r  design_1_i/cg_fpga_0/inst/cg_axi_vdma_0/U0/I_PRMRY_DATAMOVER/GEN_S2MM_FULL.I_S2MM_FULL_WRAPPER/I_S2MM_MMAP_SKID_BUF/sig_data_reg_out_reg[20]/C
                         clock pessimism              0.230    12.988    
                         clock uncertainty           -0.154    12.834    
    SLICE_X8Y42          FDRE (Setup_fdre_C_CE)      -0.169    12.665    design_1_i/cg_fpga_0/inst/cg_axi_vdma_0/U0/I_PRMRY_DATAMOVER/GEN_S2MM_FULL.I_S2MM_FULL_WRAPPER/I_S2MM_MMAP_SKID_BUF/sig_data_reg_out_reg[20]
  -------------------------------------------------------------------
                         required time                         12.665    
                         arrival time                          -9.727    
  -------------------------------------------------------------------
                         slack                                  2.938    

Slack (MET) :             2.938ns  (required time - arrival time)
  Source:                 design_1_i/cg_fpga_0/inst/axi_mem_intercon/xbar/inst/gen_samd.crossbar_samd/gen_master_slots[0].gen_mi_write.wdata_mux_w/gen_wmux.wmux_aw_fifo/storage_data1_reg[0]/C
                            (rising edge-triggered cell FDRE clocked by clk_fpga_0  {rise@0.000ns fall@5.000ns period=10.000ns})
  Destination:            design_1_i/cg_fpga_0/inst/cg_axi_vdma_0/U0/I_PRMRY_DATAMOVER/GEN_S2MM_FULL.I_S2MM_FULL_WRAPPER/I_S2MM_MMAP_SKID_BUF/sig_data_reg_out_reg[4]/CE
                            (rising edge-triggered cell FDRE clocked by clk_fpga_0  {rise@0.000ns fall@5.000ns period=10.000ns})
  Path Group:             clk_fpga_0
  Path Type:              Setup (Max at Slow Process Corner)
  Requirement:            10.000ns  (clk_fpga_0 rise@10.000ns - clk_fpga_0 rise@0.000ns)
  Data Path Delay:        6.680ns  (logic 1.502ns (22.484%)  route 5.178ns (77.516%))
  Logic Levels:           5  (LUT2=1 LUT3=1 LUT4=1 LUT5=1 LUT6=1)
  Clock Path Skew:        -0.059ns (DCD - SCD + CPR)
    Destination Clock Delay (DCD):    2.758ns = ( 12.759 - 10.000 ) 
    Source Clock Delay      (SCD):    3.047ns
    Clock Pessimism Removal (CPR):    0.230ns
  Clock Uncertainty:      0.154ns  ((TSJ^2 + TIJ^2)^1/2 + DJ) / 2 + PE
    Total System Jitter     (TSJ):    0.071ns
    Total Input Jitter      (TIJ):    0.300ns
    Discrete Jitter          (DJ):    0.000ns
    Phase Error              (PE):    0.000ns

    Location             Delay type                Incr(ns)  Path(ns)    Netlist Resource(s)
  -------------------------------------------------------------------    -------------------
                         (clock clk_fpga_0 rise edge)
                                                      0.000     0.000 r  
    PS7_X0Y0             PS7                          0.000     0.000 r  design_1_i/cg_fpga_0/inst/processing_system7_0/inst/PS7_i/FCLKCLK[0]
                         net (fo=1, routed)           1.193     1.193    design_1_i/cg_fpga_0/inst/processing_system7_0/inst/FCLK_CLK_unbuffered[0]
    BUFGCTRL_X0Y16       BUFG (Prop_bufg_I_O)         0.101     1.294 r  design_1_i/cg_fpga_0/inst/processing_system7_0/inst/buffer_fclk_clk_0.FCLK_CLK_0_BUFG/O
                         net (fo=6956, routed)        1.753     3.047    design_1_i/cg_fpga_0/inst/axi_mem_intercon/xbar/inst/gen_samd.crossbar_samd/gen_master_slots[0].gen_mi_write.wdata_mux_w/gen_wmux.wmux_aw_fifo/aclk
    SLICE_X23Y46         FDRE                                         r  design_1_i/cg_fpga_0/inst/axi_mem_intercon/xbar/inst/gen_samd.crossbar_samd/gen_master_slots[0].gen_mi_write.wdata_mux_w/gen_wmux.wmux_aw_fifo/storage_data1_reg[0]/C
  -------------------------------------------------------------------    -------------------
    SLICE_X23Y46         FDRE (Prop_fdre_C_Q)         0.456     3.503 r  design_1_i/cg_fpga_0/inst/axi_mem_intercon/xbar/inst/gen_samd.crossbar_samd/gen_master_slots[0].gen_mi_write.wdata_mux_w/gen_wmux.wmux_aw_fifo/storage_data1_reg[0]/Q
                         net (fo=77, routed)          1.194     4.697    design_1_i/cg_fpga_0/inst/axi_mem_intercon/xbar/inst/gen_samd.crossbar_samd/gen_master_slots[0].gen_mi_write.wdata_mux_w/gen_wmux.wmux_aw_fifo/gen_srls[0].gen_rep[0].srl_nx1/gen_primitive_shifter.gen_srls[0].srl_inst_0
    SLICE_X25Y49         LUT5 (Prop_lut5_I0_O)        0.124     4.821 r  design_1_i/cg_fpga_0/inst/axi_mem_intercon/xbar/inst/gen_samd.crossbar_samd/gen_master_slots[0].gen_mi_write.wdata_mux_w/gen_wmux.wmux_aw_fifo/gen_srls[0].gen_rep[0].srl_nx1/m_axi_wvalid[0]_INST_0/O
                         net (fo=5, routed)           0.835     5.656    design_1_i/cg_fpga_0/inst/axi_mem_intercon/m00_couplers/auto_pc/inst/gen_axi4_axi3.axi3_conv_inst/USE_WRITE.write_addr_inst/USE_BURSTS.cmd_queue/inst/s_axi_wvalid
    SLICE_X26Y54         LUT3 (Prop_lut3_I2_O)        0.150     5.806 r  design_1_i/cg_fpga_0/inst/axi_mem_intercon/m00_couplers/auto_pc/inst/gen_axi4_axi3.axi3_conv_inst/USE_WRITE.write_addr_inst/USE_BURSTS.cmd_queue/inst/s_axi_wready_INST_0/O
                         net (fo=12, routed)          0.782     6.588    design_1_i/cg_fpga_0/inst/axi_mem_intercon/xbar/inst/gen_samd.crossbar_samd/gen_master_slots[0].gen_mi_write.wdata_mux_w/gen_wmux.wmux_aw_fifo/m_axi_wready[0]
    SLICE_X25Y49         LUT4 (Prop_lut4_I2_O)        0.322     6.910 r  design_1_i/cg_fpga_0/inst/axi_mem_intercon/xbar/inst/gen_samd.crossbar_samd/gen_master_slots[0].gen_mi_write.wdata_mux_w/gen_wmux.wmux_aw_fifo/s_axi_wready[1]_INST_0_i_1/O
                         net (fo=7, routed)           0.640     7.550    design_1_i/cg_fpga_0/inst/axi_mem_intercon/xbar/inst/gen_samd.crossbar_samd/gen_slave_slots[1].gen_si_write.wdata_router_w/wrouter_aw_fifo/gen_primitive_shifter.gen_srls[0].srl_inst_1
    SLICE_X27Y46         LUT6 (Prop_lut6_I1_O)        0.326     7.876 r  design_1_i/cg_fpga_0/inst/axi_mem_intercon/xbar/inst/gen_samd.crossbar_samd/gen_slave_slots[1].gen_si_write.wdata_router_w/wrouter_aw_fifo/s_axi_wready[1]_INST_0/O
                         net (fo=3, routed)           0.512     8.388    design_1_i/cg_fpga_0/inst/cg_axi_vdma_0/U0/I_PRMRY_DATAMOVER/GEN_S2MM_FULL.I_S2MM_FULL_WRAPPER/I_S2MM_MMAP_SKID_BUF/m_axi_s2mm_wready
    SLICE_X25Y40         LUT2 (Prop_lut2_I0_O)        0.124     8.512 r  design_1_i/cg_fpga_0/inst/cg_axi_vdma_0/U0/I_PRMRY_DATAMOVER/GEN_S2MM_FULL.I_S2MM_FULL_WRAPPER/I_S2MM_MMAP_SKID_BUF/sig_data_reg_out[63]_i_1/O
                         net (fo=73, routed)          1.215     9.727    design_1_i/cg_fpga_0/inst/cg_axi_vdma_0/U0/I_PRMRY_DATAMOVER/GEN_S2MM_FULL.I_S2MM_FULL_WRAPPER/I_S2MM_MMAP_SKID_BUF/sig_data_reg_out_en
    SLICE_X8Y42          FDRE                                         r  design_1_i/cg_fpga_0/inst/cg_axi_vdma_0/U0/I_PRMRY_DATAMOVER/GEN_S2MM_FULL.I_S2MM_FULL_WRAPPER/I_S2MM_MMAP_SKID_BUF/sig_data_reg_out_reg[4]/CE
  -------------------------------------------------------------------    -------------------

                         (clock clk_fpga_0 rise edge)
                                                     10.000    10.000 r  
    PS7_X0Y0             PS7                          0.000    10.000 r  design_1_i/cg_fpga_0/inst/processing_system7_0/inst/PS7_i/FCLKCLK[0]
                         net (fo=1, routed)           1.088    11.088    design_1_i/cg_fpga_0/inst/processing_system7_0/inst/FCLK_CLK_unbuffered[0]
    BUFGCTRL_X0Y16       BUFG (Prop_bufg_I_O)         0.091    11.179 r  design_1_i/cg_fpga_0/inst/processing_system7_0/inst/buffer_fclk_clk_0.FCLK_CLK_0_BUFG/O
                         net (fo=6956, routed)        1.579    12.759    design_1_i/cg_fpga_0/inst/cg_axi_vdma_0/U0/I_PRMRY_DATAMOVER/GEN_S2MM_FULL.I_S2MM_FULL_WRAPPER/I_S2MM_MMAP_SKID_BUF/s_axi_lite_aclk
    SLICE_X8Y42          FDRE                                         r  design_1_i/cg_fpga_0/inst/cg_axi_vdma_0/U0/I_PRMRY_DATAMOVER/GEN_S2MM_FULL.I_S2MM_FULL_WRAPPER/I_S2MM_MMAP_SKID_BUF/sig_data_reg_out_reg[4]/C
                         clock pessimism              0.230    12.988    
                         clock uncertainty           -0.154    12.834    
    SLICE_X8Y42          FDRE (Setup_fdre_C_CE)      -0.169    12.665    design_1_i/cg_fpga_0/inst/cg_axi_vdma_0/U0/I_PRMRY_DATAMOVER/GEN_S2MM_FULL.I_S2MM_FULL_WRAPPER/I_S2MM_MMAP_SKID_BUF/sig_data_reg_out_reg[4]
  -------------------------------------------------------------------
                         required time                         12.665    
                         arrival time                          -9.727    
  -------------------------------------------------------------------
                         slack                                  2.938    

Slack (MET) :             3.021ns  (required time - arrival time)
  Source:                 design_1_i/cg_fpga_0/inst/axi_mem_intercon/xbar/inst/gen_samd.crossbar_samd/gen_master_slots[0].gen_mi_write.wdata_mux_w/gen_wmux.wmux_aw_fifo/storage_data1_reg[0]/C
                            (rising edge-triggered cell FDRE clocked by clk_fpga_0  {rise@0.000ns fall@5.000ns period=10.000ns})
  Destination:            design_1_i/cg_fpga_0/inst/cg_axi_vdma_0/U0/I_PRMRY_DATAMOVER/GEN_S2MM_FULL.I_S2MM_FULL_WRAPPER/I_S2MM_MMAP_SKID_BUF/sig_data_reg_out_reg[11]/CE
                            (rising edge-triggered cell FDRE clocked by clk_fpga_0  {rise@0.000ns fall@5.000ns period=10.000ns})
  Path Group:             clk_fpga_0
  Path Type:              Setup (Max at Slow Process Corner)
  Requirement:            10.000ns  (clk_fpga_0 rise@10.000ns - clk_fpga_0 rise@0.000ns)
  Data Path Delay:        6.562ns  (logic 1.502ns (22.888%)  route 5.060ns (77.112%))
  Logic Levels:           5  (LUT2=1 LUT3=1 LUT4=1 LUT5=1 LUT6=1)
  Clock Path Skew:        -0.058ns (DCD - SCD + CPR)
    Destination Clock Delay (DCD):    2.759ns = ( 12.759 - 10.000 ) 
    Source Clock Delay      (SCD):    3.047ns
    Clock Pessimism Removal (CPR):    0.230ns
  Clock Uncertainty:      0.154ns  ((TSJ^2 + TIJ^2)^1/2 + DJ) / 2 + PE
    Total System Jitter     (TSJ):    0.071ns
    Total Input Jitter      (TIJ):    0.300ns
    Discrete Jitter          (DJ):    0.000ns
    Phase Error              (PE):    0.000ns

    Location             Delay type                Incr(ns)  Path(ns)    Netlist Resource(s)
  -------------------------------------------------------------------    -------------------
                         (clock clk_fpga_0 rise edge)
                                                      0.000     0.000 r  
    PS7_X0Y0             PS7                          0.000     0.000 r  design_1_i/cg_fpga_0/inst/processing_system7_0/inst/PS7_i/FCLKCLK[0]
                         net (fo=1, routed)           1.193     1.193    design_1_i/cg_fpga_0/inst/processing_system7_0/inst/FCLK_CLK_unbuffered[0]
    BUFGCTRL_X0Y16       BUFG (Prop_bufg_I_O)         0.101     1.294 r  design_1_i/cg_fpga_0/inst/processing_system7_0/inst/buffer_fclk_clk_0.FCLK_CLK_0_BUFG/O
                         net (fo=6956, routed)        1.753     3.047    design_1_i/cg_fpga_0/inst/axi_mem_intercon/xbar/inst/gen_samd.crossbar_samd/gen_master_slots[0].gen_mi_write.wdata_mux_w/gen_wmux.wmux_aw_fifo/aclk
    SLICE_X23Y46         FDRE                                         r  design_1_i/cg_fpga_0/inst/axi_mem_intercon/xbar/inst/gen_samd.crossbar_samd/gen_master_slots[0].gen_mi_write.wdata_mux_w/gen_wmux.wmux_aw_fifo/storage_data1_reg[0]/C
  -------------------------------------------------------------------    -------------------
    SLICE_X23Y46         FDRE (Prop_fdre_C_Q)         0.456     3.503 r  design_1_i/cg_fpga_0/inst/axi_mem_intercon/xbar/inst/gen_samd.crossbar_samd/gen_master_slots[0].gen_mi_write.wdata_mux_w/gen_wmux.wmux_aw_fifo/storage_data1_reg[0]/Q
                         net (fo=77, routed)          1.194     4.697    design_1_i/cg_fpga_0/inst/axi_mem_intercon/xbar/inst/gen_samd.crossbar_samd/gen_master_slots[0].gen_mi_write.wdata_mux_w/gen_wmux.wmux_aw_fifo/gen_srls[0].gen_rep[0].srl_nx1/gen_primitive_shifter.gen_srls[0].srl_inst_0
    SLICE_X25Y49         LUT5 (Prop_lut5_I0_O)        0.124     4.821 r  design_1_i/cg_fpga_0/inst/axi_mem_intercon/xbar/inst/gen_samd.crossbar_samd/gen_master_slots[0].gen_mi_write.wdata_mux_w/gen_wmux.wmux_aw_fifo/gen_srls[0].gen_rep[0].srl_nx1/m_axi_wvalid[0]_INST_0/O
                         net (fo=5, routed)           0.835     5.656    design_1_i/cg_fpga_0/inst/axi_mem_intercon/m00_couplers/auto_pc/inst/gen_axi4_axi3.axi3_conv_inst/USE_WRITE.write_addr_inst/USE_BURSTS.cmd_queue/inst/s_axi_wvalid
    SLICE_X26Y54         LUT3 (Prop_lut3_I2_O)        0.150     5.806 r  design_1_i/cg_fpga_0/inst/axi_mem_intercon/m00_couplers/auto_pc/inst/gen_axi4_axi3.axi3_conv_inst/USE_WRITE.write_addr_inst/USE_BURSTS.cmd_queue/inst/s_axi_wready_INST_0/O
                         net (fo=12, routed)          0.782     6.588    design_1_i/cg_fpga_0/inst/axi_mem_intercon/xbar/inst/gen_samd.crossbar_samd/gen_master_slots[0].gen_mi_write.wdata_mux_w/gen_wmux.wmux_aw_fifo/m_axi_wready[0]
    SLICE_X25Y49         LUT4 (Prop_lut4_I2_O)        0.322     6.910 r  design_1_i/cg_fpga_0/inst/axi_mem_intercon/xbar/inst/gen_samd.crossbar_samd/gen_master_slots[0].gen_mi_write.wdata_mux_w/gen_wmux.wmux_aw_fifo/s_axi_wready[1]_INST_0_i_1/O
                         net (fo=7, routed)           0.640     7.550    design_1_i/cg_fpga_0/inst/axi_mem_intercon/xbar/inst/gen_samd.crossbar_samd/gen_slave_slots[1].gen_si_write.wdata_router_w/wrouter_aw_fifo/gen_primitive_shifter.gen_srls[0].srl_inst_1
    SLICE_X27Y46         LUT6 (Prop_lut6_I1_O)        0.326     7.876 r  design_1_i/cg_fpga_0/inst/axi_mem_intercon/xbar/inst/gen_samd.crossbar_samd/gen_slave_slots[1].gen_si_write.wdata_router_w/wrouter_aw_fifo/s_axi_wready[1]_INST_0/O
                         net (fo=3, routed)           0.512     8.388    design_1_i/cg_fpga_0/inst/cg_axi_vdma_0/U0/I_PRMRY_DATAMOVER/GEN_S2MM_FULL.I_S2MM_FULL_WRAPPER/I_S2MM_MMAP_SKID_BUF/m_axi_s2mm_wready
    SLICE_X25Y40         LUT2 (Prop_lut2_I0_O)        0.124     8.512 r  design_1_i/cg_fpga_0/inst/cg_axi_vdma_0/U0/I_PRMRY_DATAMOVER/GEN_S2MM_FULL.I_S2MM_FULL_WRAPPER/I_S2MM_MMAP_SKID_BUF/sig_data_reg_out[63]_i_1/O
                         net (fo=73, routed)          1.097     9.609    design_1_i/cg_fpga_0/inst/cg_axi_vdma_0/U0/I_PRMRY_DATAMOVER/GEN_S2MM_FULL.I_S2MM_FULL_WRAPPER/I_S2MM_MMAP_SKID_BUF/sig_data_reg_out_en
    SLICE_X13Y45         FDRE                                         r  design_1_i/cg_fpga_0/inst/cg_axi_vdma_0/U0/I_PRMRY_DATAMOVER/GEN_S2MM_FULL.I_S2MM_FULL_WRAPPER/I_S2MM_MMAP_SKID_BUF/sig_data_reg_out_reg[11]/CE
  -------------------------------------------------------------------    -------------------

                         (clock clk_fpga_0 rise edge)
                                                     10.000    10.000 r  
    PS7_X0Y0             PS7                          0.000    10.000 r  design_1_i/cg_fpga_0/inst/processing_system7_0/inst/PS7_i/FCLKCLK[0]
                         net (fo=1, routed)           1.088    11.088    design_1_i/cg_fpga_0/inst/processing_system7_0/inst/FCLK_CLK_unbuffered[0]
    BUFGCTRL_X0Y16       BUFG (Prop_bufg_I_O)         0.091    11.179 r  design_1_i/cg_fpga_0/inst/processing_system7_0/inst/buffer_fclk_clk_0.FCLK_CLK_0_BUFG/O
                         net (fo=6956, routed)        1.580    12.759    design_1_i/cg_fpga_0/inst/cg_axi_vdma_0/U0/I_PRMRY_DATAMOVER/GEN_S2MM_FULL.I_S2MM_FULL_WRAPPER/I_S2MM_MMAP_SKID_BUF/s_axi_lite_aclk
    SLICE_X13Y45         FDRE                                         r  design_1_i/cg_fpga_0/inst/cg_axi_vdma_0/U0/I_PRMRY_DATAMOVER/GEN_S2MM_FULL.I_S2MM_FULL_WRAPPER/I_S2MM_MMAP_SKID_BUF/sig_data_reg_out_reg[11]/C
                         clock pessimism              0.230    12.989    
                         clock uncertainty           -0.154    12.835    
    SLICE_X13Y45         FDRE (Setup_fdre_C_CE)      -0.205    12.630    design_1_i/cg_fpga_0/inst/cg_axi_vdma_0/U0/I_PRMRY_DATAMOVER/GEN_S2MM_FULL.I_S2MM_FULL_WRAPPER/I_S2MM_MMAP_SKID_BUF/sig_data_reg_out_reg[11]
  -------------------------------------------------------------------
                         required time                         12.630    
                         arrival time                          -9.609    
  -------------------------------------------------------------------
                         slack                                  3.021    

Slack (MET) :             3.021ns  (required time - arrival time)
  Source:                 design_1_i/cg_fpga_0/inst/axi_mem_intercon/xbar/inst/gen_samd.crossbar_samd/gen_master_slots[0].gen_mi_write.wdata_mux_w/gen_wmux.wmux_aw_fifo/storage_data1_reg[0]/C
                            (rising edge-triggered cell FDRE clocked by clk_fpga_0  {rise@0.000ns fall@5.000ns period=10.000ns})
  Destination:            design_1_i/cg_fpga_0/inst/cg_axi_vdma_0/U0/I_PRMRY_DATAMOVER/GEN_S2MM_FULL.I_S2MM_FULL_WRAPPER/I_S2MM_MMAP_SKID_BUF/sig_data_reg_out_reg[35]/CE
                            (rising edge-triggered cell FDRE clocked by clk_fpga_0  {rise@0.000ns fall@5.000ns period=10.000ns})
  Path Group:             clk_fpga_0
  Path Type:              Setup (Max at Slow Process Corner)
  Requirement:            10.000ns  (clk_fpga_0 rise@10.000ns - clk_fpga_0 rise@0.000ns)
  Data Path Delay:        6.562ns  (logic 1.502ns (22.888%)  route 5.060ns (77.112%))
  Logic Levels:           5  (LUT2=1 LUT3=1 LUT4=1 LUT5=1 LUT6=1)
  Clock Path Skew:        -0.058ns (DCD - SCD + CPR)
    Destination Clock Delay (DCD):    2.759ns = ( 12.759 - 10.000 ) 
    Source Clock Delay      (SCD):    3.047ns
    Clock Pessimism Removal (CPR):    0.230ns
  Clock Uncertainty:      0.154ns  ((TSJ^2 + TIJ^2)^1/2 + DJ) / 2 + PE
    Total System Jitter     (TSJ):    0.071ns
    Total Input Jitter      (TIJ):    0.300ns
    Discrete Jitter          (DJ):    0.000ns
    Phase Error              (PE):    0.000ns

    Location             Delay type                Incr(ns)  Path(ns)    Netlist Resource(s)
  -------------------------------------------------------------------    -------------------
                         (clock clk_fpga_0 rise edge)
                                                      0.000     0.000 r  
    PS7_X0Y0             PS7                          0.000     0.000 r  design_1_i/cg_fpga_0/inst/processing_system7_0/inst/PS7_i/FCLKCLK[0]
                         net (fo=1, routed)           1.193     1.193    design_1_i/cg_fpga_0/inst/processing_system7_0/inst/FCLK_CLK_unbuffered[0]
    BUFGCTRL_X0Y16       BUFG (Prop_bufg_I_O)         0.101     1.294 r  design_1_i/cg_fpga_0/inst/processing_system7_0/inst/buffer_fclk_clk_0.FCLK_CLK_0_BUFG/O
                         net (fo=6956, routed)        1.753     3.047    design_1_i/cg_fpga_0/inst/axi_mem_intercon/xbar/inst/gen_samd.crossbar_samd/gen_master_slots[0].gen_mi_write.wdata_mux_w/gen_wmux.wmux_aw_fifo/aclk
    SLICE_X23Y46         FDRE                                         r  design_1_i/cg_fpga_0/inst/axi_mem_intercon/xbar/inst/gen_samd.crossbar_samd/gen_master_slots[0].gen_mi_write.wdata_mux_w/gen_wmux.wmux_aw_fifo/storage_data1_reg[0]/C
  -------------------------------------------------------------------    -------------------
    SLICE_X23Y46         FDRE (Prop_fdre_C_Q)         0.456     3.503 r  design_1_i/cg_fpga_0/inst/axi_mem_intercon/xbar/inst/gen_samd.crossbar_samd/gen_master_slots[0].gen_mi_write.wdata_mux_w/gen_wmux.wmux_aw_fifo/storage_data1_reg[0]/Q
                         net (fo=77, routed)          1.194     4.697    design_1_i/cg_fpga_0/inst/axi_mem_intercon/xbar/inst/gen_samd.crossbar_samd/gen_master_slots[0].gen_mi_write.wdata_mux_w/gen_wmux.wmux_aw_fifo/gen_srls[0].gen_rep[0].srl_nx1/gen_primitive_shifter.gen_srls[0].srl_inst_0
    SLICE_X25Y49         LUT5 (Prop_lut5_I0_O)        0.124     4.821 r  design_1_i/cg_fpga_0/inst/axi_mem_intercon/xbar/inst/gen_samd.crossbar_samd/gen_master_slots[0].gen_mi_write.wdata_mux_w/gen_wmux.wmux_aw_fifo/gen_srls[0].gen_rep[0].srl_nx1/m_axi_wvalid[0]_INST_0/O
                         net (fo=5, routed)           0.835     5.656    design_1_i/cg_fpga_0/inst/axi_mem_intercon/m00_couplers/auto_pc/inst/gen_axi4_axi3.axi3_conv_inst/USE_WRITE.write_addr_inst/USE_BURSTS.cmd_queue/inst/s_axi_wvalid
    SLICE_X26Y54         LUT3 (Prop_lut3_I2_O)        0.150     5.806 r  design_1_i/cg_fpga_0/inst/axi_mem_intercon/m00_couplers/auto_pc/inst/gen_axi4_axi3.axi3_conv_inst/USE_WRITE.write_addr_inst/USE_BURSTS.cmd_queue/inst/s_axi_wready_INST_0/O
                         net (fo=12, routed)          0.782     6.588    design_1_i/cg_fpga_0/inst/axi_mem_intercon/xbar/inst/gen_samd.crossbar_samd/gen_master_slots[0].gen_mi_write.wdata_mux_w/gen_wmux.wmux_aw_fifo/m_axi_wready[0]
    SLICE_X25Y49         LUT4 (Prop_lut4_I2_O)        0.322     6.910 r  design_1_i/cg_fpga_0/inst/axi_mem_intercon/xbar/inst/gen_samd.crossbar_samd/gen_master_slots[0].gen_mi_write.wdata_mux_w/gen_wmux.wmux_aw_fifo/s_axi_wready[1]_INST_0_i_1/O
                         net (fo=7, routed)           0.640     7.550    design_1_i/cg_fpga_0/inst/axi_mem_intercon/xbar/inst/gen_samd.crossbar_samd/gen_slave_slots[1].gen_si_write.wdata_router_w/wrouter_aw_fifo/gen_primitive_shifter.gen_srls[0].srl_inst_1
    SLICE_X27Y46         LUT6 (Prop_lut6_I1_O)        0.326     7.876 r  design_1_i/cg_fpga_0/inst/axi_mem_intercon/xbar/inst/gen_samd.crossbar_samd/gen_slave_slots[1].gen_si_write.wdata_router_w/wrouter_aw_fifo/s_axi_wready[1]_INST_0/O
                         net (fo=3, routed)           0.512     8.388    design_1_i/cg_fpga_0/inst/cg_axi_vdma_0/U0/I_PRMRY_DATAMOVER/GEN_S2MM_FULL.I_S2MM_FULL_WRAPPER/I_S2MM_MMAP_SKID_BUF/m_axi_s2mm_wready
    SLICE_X25Y40         LUT2 (Prop_lut2_I0_O)        0.124     8.512 r  design_1_i/cg_fpga_0/inst/cg_axi_vdma_0/U0/I_PRMRY_DATAMOVER/GEN_S2MM_FULL.I_S2MM_FULL_WRAPPER/I_S2MM_MMAP_SKID_BUF/sig_data_reg_out[63]_i_1/O
                         net (fo=73, routed)          1.097     9.609    design_1_i/cg_fpga_0/inst/cg_axi_vdma_0/U0/I_PRMRY_DATAMOVER/GEN_S2MM_FULL.I_S2MM_FULL_WRAPPER/I_S2MM_MMAP_SKID_BUF/sig_data_reg_out_en
    SLICE_X13Y45         FDRE                                         r  design_1_i/cg_fpga_0/inst/cg_axi_vdma_0/U0/I_PRMRY_DATAMOVER/GEN_S2MM_FULL.I_S2MM_FULL_WRAPPER/I_S2MM_MMAP_SKID_BUF/sig_data_reg_out_reg[35]/CE
  -------------------------------------------------------------------    -------------------

                         (clock clk_fpga_0 rise edge)
                                                     10.000    10.000 r  
    PS7_X0Y0             PS7                          0.000    10.000 r  design_1_i/cg_fpga_0/inst/processing_system7_0/inst/PS7_i/FCLKCLK[0]
                         net (fo=1, routed)           1.088    11.088    design_1_i/cg_fpga_0/inst/processing_system7_0/inst/FCLK_CLK_unbuffered[0]
    BUFGCTRL_X0Y16       BUFG (Prop_bufg_I_O)         0.091    11.179 r  design_1_i/cg_fpga_0/inst/processing_system7_0/inst/buffer_fclk_clk_0.FCLK_CLK_0_BUFG/O
                         net (fo=6956, routed)        1.580    12.759    design_1_i/cg_fpga_0/inst/cg_axi_vdma_0/U0/I_PRMRY_DATAMOVER/GEN_S2MM_FULL.I_S2MM_FULL_WRAPPER/I_S2MM_MMAP_SKID_BUF/s_axi_lite_aclk
    SLICE_X13Y45         FDRE                                         r  design_1_i/cg_fpga_0/inst/cg_axi_vdma_0/U0/I_PRMRY_DATAMOVER/GEN_S2MM_FULL.I_S2MM_FULL_WRAPPER/I_S2MM_MMAP_SKID_BUF/sig_data_reg_out_reg[35]/C
                         clock pessimism              0.230    12.989    
                         clock uncertainty           -0.154    12.835    
    SLICE_X13Y45         FDRE (Setup_fdre_C_CE)      -0.205    12.630    design_1_i/cg_fpga_0/inst/cg_axi_vdma_0/U0/I_PRMRY_DATAMOVER/GEN_S2MM_FULL.I_S2MM_FULL_WRAPPER/I_S2MM_MMAP_SKID_BUF/sig_data_reg_out_reg[35]
  -------------------------------------------------------------------
                         required time                         12.630    
                         arrival time                          -9.609    
  -------------------------------------------------------------------
                         slack                                  3.021    

Slack (MET) :             3.021ns  (required time - arrival time)
  Source:                 design_1_i/cg_fpga_0/inst/axi_mem_intercon/xbar/inst/gen_samd.crossbar_samd/gen_master_slots[0].gen_mi_write.wdata_mux_w/gen_wmux.wmux_aw_fifo/storage_data1_reg[0]/C
                            (rising edge-triggered cell FDRE clocked by clk_fpga_0  {rise@0.000ns fall@5.000ns period=10.000ns})
  Destination:            design_1_i/cg_fpga_0/inst/cg_axi_vdma_0/U0/I_PRMRY_DATAMOVER/GEN_S2MM_FULL.I_S2MM_FULL_WRAPPER/I_S2MM_MMAP_SKID_BUF/sig_data_reg_out_reg[5]/CE
                            (rising edge-triggered cell FDRE clocked by clk_fpga_0  {rise@0.000ns fall@5.000ns period=10.000ns})
  Path Group:             clk_fpga_0
  Path Type:              Setup (Max at Slow Process Corner)
  Requirement:            10.000ns  (clk_fpga_0 rise@10.000ns - clk_fpga_0 rise@0.000ns)
  Data Path Delay:        6.562ns  (logic 1.502ns (22.888%)  route 5.060ns (77.112%))
  Logic Levels:           5  (LUT2=1 LUT3=1 LUT4=1 LUT5=1 LUT6=1)
  Clock Path Skew:        -0.058ns (DCD - SCD + CPR)
    Destination Clock Delay (DCD):    2.759ns = ( 12.759 - 10.000 ) 
    Source Clock Delay      (SCD):    3.047ns
    Clock Pessimism Removal (CPR):    0.230ns
  Clock Uncertainty:      0.154ns  ((TSJ^2 + TIJ^2)^1/2 + DJ) / 2 + PE
    Total System Jitter     (TSJ):    0.071ns
    Total Input Jitter      (TIJ):    0.300ns
    Discrete Jitter          (DJ):    0.000ns
    Phase Error              (PE):    0.000ns

    Location             Delay type                Incr(ns)  Path(ns)    Netlist Resource(s)
  -------------------------------------------------------------------    -------------------
                         (clock clk_fpga_0 rise edge)
                                                      0.000     0.000 r  
    PS7_X0Y0             PS7                          0.000     0.000 r  design_1_i/cg_fpga_0/inst/processing_system7_0/inst/PS7_i/FCLKCLK[0]
                         net (fo=1, routed)           1.193     1.193    design_1_i/cg_fpga_0/inst/processing_system7_0/inst/FCLK_CLK_unbuffered[0]
    BUFGCTRL_X0Y16       BUFG (Prop_bufg_I_O)         0.101     1.294 r  design_1_i/cg_fpga_0/inst/processing_system7_0/inst/buffer_fclk_clk_0.FCLK_CLK_0_BUFG/O
                         net (fo=6956, routed)        1.753     3.047    design_1_i/cg_fpga_0/inst/axi_mem_intercon/xbar/inst/gen_samd.crossbar_samd/gen_master_slots[0].gen_mi_write.wdata_mux_w/gen_wmux.wmux_aw_fifo/aclk
    SLICE_X23Y46         FDRE                                         r  design_1_i/cg_fpga_0/inst/axi_mem_intercon/xbar/inst/gen_samd.crossbar_samd/gen_master_slots[0].gen_mi_write.wdata_mux_w/gen_wmux.wmux_aw_fifo/storage_data1_reg[0]/C
  -------------------------------------------------------------------    -------------------
    SLICE_X23Y46         FDRE (Prop_fdre_C_Q)         0.456     3.503 r  design_1_i/cg_fpga_0/inst/axi_mem_intercon/xbar/inst/gen_samd.crossbar_samd/gen_master_slots[0].gen_mi_write.wdata_mux_w/gen_wmux.wmux_aw_fifo/storage_data1_reg[0]/Q
                         net (fo=77, routed)          1.194     4.697    design_1_i/cg_fpga_0/inst/axi_mem_intercon/xbar/inst/gen_samd.crossbar_samd/gen_master_slots[0].gen_mi_write.wdata_mux_w/gen_wmux.wmux_aw_fifo/gen_srls[0].gen_rep[0].srl_nx1/gen_primitive_shifter.gen_srls[0].srl_inst_0
    SLICE_X25Y49         LUT5 (Prop_lut5_I0_O)        0.124     4.821 r  design_1_i/cg_fpga_0/inst/axi_mem_intercon/xbar/inst/gen_samd.crossbar_samd/gen_master_slots[0].gen_mi_write.wdata_mux_w/gen_wmux.wmux_aw_fifo/gen_srls[0].gen_rep[0].srl_nx1/m_axi_wvalid[0]_INST_0/O
                         net (fo=5, routed)           0.835     5.656    design_1_i/cg_fpga_0/inst/axi_mem_intercon/m00_couplers/auto_pc/inst/gen_axi4_axi3.axi3_conv_inst/USE_WRITE.write_addr_inst/USE_BURSTS.cmd_queue/inst/s_axi_wvalid
    SLICE_X26Y54         LUT3 (Prop_lut3_I2_O)        0.150     5.806 r  design_1_i/cg_fpga_0/inst/axi_mem_intercon/m00_couplers/auto_pc/inst/gen_axi4_axi3.axi3_conv_inst/USE_WRITE.write_addr_inst/USE_BURSTS.cmd_queue/inst/s_axi_wready_INST_0/O
                         net (fo=12, routed)          0.782     6.588    design_1_i/cg_fpga_0/inst/axi_mem_intercon/xbar/inst/gen_samd.crossbar_samd/gen_master_slots[0].gen_mi_write.wdata_mux_w/gen_wmux.wmux_aw_fifo/m_axi_wready[0]
    SLICE_X25Y49         LUT4 (Prop_lut4_I2_O)        0.322     6.910 r  design_1_i/cg_fpga_0/inst/axi_mem_intercon/xbar/inst/gen_samd.crossbar_samd/gen_master_slots[0].gen_mi_write.wdata_mux_w/gen_wmux.wmux_aw_fifo/s_axi_wready[1]_INST_0_i_1/O
                         net (fo=7, routed)           0.640     7.550    design_1_i/cg_fpga_0/inst/axi_mem_intercon/xbar/inst/gen_samd.crossbar_samd/gen_slave_slots[1].gen_si_write.wdata_router_w/wrouter_aw_fifo/gen_primitive_shifter.gen_srls[0].srl_inst_1
    SLICE_X27Y46         LUT6 (Prop_lut6_I1_O)        0.326     7.876 r  design_1_i/cg_fpga_0/inst/axi_mem_intercon/xbar/inst/gen_samd.crossbar_samd/gen_slave_slots[1].gen_si_write.wdata_router_w/wrouter_aw_fifo/s_axi_wready[1]_INST_0/O
                         net (fo=3, routed)           0.512     8.388    design_1_i/cg_fpga_0/inst/cg_axi_vdma_0/U0/I_PRMRY_DATAMOVER/GEN_S2MM_FULL.I_S2MM_FULL_WRAPPER/I_S2MM_MMAP_SKID_BUF/m_axi_s2mm_wready
    SLICE_X25Y40         LUT2 (Prop_lut2_I0_O)        0.124     8.512 r  design_1_i/cg_fpga_0/inst/cg_axi_vdma_0/U0/I_PRMRY_DATAMOVER/GEN_S2MM_FULL.I_S2MM_FULL_WRAPPER/I_S2MM_MMAP_SKID_BUF/sig_data_reg_out[63]_i_1/O
                         net (fo=73, routed)          1.097     9.609    design_1_i/cg_fpga_0/inst/cg_axi_vdma_0/U0/I_PRMRY_DATAMOVER/GEN_S2MM_FULL.I_S2MM_FULL_WRAPPER/I_S2MM_MMAP_SKID_BUF/sig_data_reg_out_en
    SLICE_X13Y45         FDRE                                         r  design_1_i/cg_fpga_0/inst/cg_axi_vdma_0/U0/I_PRMRY_DATAMOVER/GEN_S2MM_FULL.I_S2MM_FULL_WRAPPER/I_S2MM_MMAP_SKID_BUF/sig_data_reg_out_reg[5]/CE
  -------------------------------------------------------------------    -------------------

                         (clock clk_fpga_0 rise edge)
                                                     10.000    10.000 r  
    PS7_X0Y0             PS7                          0.000    10.000 r  design_1_i/cg_fpga_0/inst/processing_system7_0/inst/PS7_i/FCLKCLK[0]
                         net (fo=1, routed)           1.088    11.088    design_1_i/cg_fpga_0/inst/processing_system7_0/inst/FCLK_CLK_unbuffered[0]
    BUFGCTRL_X0Y16       BUFG (Prop_bufg_I_O)         0.091    11.179 r  design_1_i/cg_fpga_0/inst/processing_system7_0/inst/buffer_fclk_clk_0.FCLK_CLK_0_BUFG/O
                         net (fo=6956, routed)        1.580    12.759    design_1_i/cg_fpga_0/inst/cg_axi_vdma_0/U0/I_PRMRY_DATAMOVER/GEN_S2MM_FULL.I_S2MM_FULL_WRAPPER/I_S2MM_MMAP_SKID_BUF/s_axi_lite_aclk
    SLICE_X13Y45         FDRE                                         r  design_1_i/cg_fpga_0/inst/cg_axi_vdma_0/U0/I_PRMRY_DATAMOVER/GEN_S2MM_FULL.I_S2MM_FULL_WRAPPER/I_S2MM_MMAP_SKID_BUF/sig_data_reg_out_reg[5]/C
                         clock pessimism              0.230    12.989    
                         clock uncertainty           -0.154    12.835    
    SLICE_X13Y45         FDRE (Setup_fdre_C_CE)      -0.205    12.630    design_1_i/cg_fpga_0/inst/cg_axi_vdma_0/U0/I_PRMRY_DATAMOVER/GEN_S2MM_FULL.I_S2MM_FULL_WRAPPER/I_S2MM_MMAP_SKID_BUF/sig_data_reg_out_reg[5]
  -------------------------------------------------------------------
                         required time                         12.630    
                         arrival time                          -9.609    
  -------------------------------------------------------------------
                         slack                                  3.021    





Min Delay Paths
--------------------------------------------------------------------------------------
Slack (MET) :             0.028ns  (arrival time - required time)
  Source:                 design_1_i/cg_fpga_0/inst/cg_axi_vdma_0/U0/GEN_SPRT_FOR_MM2S.MM2S_REGISTER_MODULE_I/GEN_REG_DIRECT_MODE.REGDIRECT_I/DS_GEN_DLYSTRIDE_REGISTER.reg_module_strid_reg[4]/C
                            (rising edge-triggered cell FDRE clocked by clk_fpga_0  {rise@0.000ns fall@5.000ns period=10.000ns})
  Destination:            design_1_i/cg_fpga_0/inst/cg_axi_vdma_0/U0/GEN_SPRT_FOR_MM2S.ADDR32.I_MM2S_DMA_MNGR/VIDEO_REG_I/GEN_REGISTER_DIRECT.GEN_REGDIRECT_DRES.VIDREGISTER_I/stride_vid_reg[4]/D
                            (rising edge-triggered cell FDRE clocked by clk_fpga_0  {rise@0.000ns fall@5.000ns period=10.000ns})
  Path Group:             clk_fpga_0
  Path Type:              Hold (Min at Fast Process Corner)
  Requirement:            0.000ns  (clk_fpga_0 rise@0.000ns - clk_fpga_0 rise@0.000ns)
  Data Path Delay:        0.368ns  (logic 0.141ns (38.330%)  route 0.227ns (61.670%))
  Logic Levels:           0  
  Clock Path Skew:        0.268ns (DCD - SCD - CPR)
    Destination Clock Delay (DCD):    1.190ns
    Source Clock Delay      (SCD):    0.887ns
    Clock Pessimism Removal (CPR):    0.035ns

    Location             Delay type                Incr(ns)  Path(ns)    Netlist Resource(s)
  -------------------------------------------------------------------    -------------------
                         (clock clk_fpga_0 rise edge)
                                                      0.000     0.000 r  
    PS7_X0Y0             PS7                          0.000     0.000 r  design_1_i/cg_fpga_0/inst/processing_system7_0/inst/PS7_i/FCLKCLK[0]
                         net (fo=1, routed)           0.310     0.310    design_1_i/cg_fpga_0/inst/processing_system7_0/inst/FCLK_CLK_unbuffered[0]
    BUFGCTRL_X0Y16       BUFG (Prop_bufg_I_O)         0.026     0.336 r  design_1_i/cg_fpga_0/inst/processing_system7_0/inst/buffer_fclk_clk_0.FCLK_CLK_0_BUFG/O
                         net (fo=6956, routed)        0.551     0.887    design_1_i/cg_fpga_0/inst/cg_axi_vdma_0/U0/GEN_SPRT_FOR_MM2S.MM2S_REGISTER_MODULE_I/GEN_REG_DIRECT_MODE.REGDIRECT_I/s_axi_lite_aclk
    SLICE_X51Y58         FDRE                                         r  design_1_i/cg_fpga_0/inst/cg_axi_vdma_0/U0/GEN_SPRT_FOR_MM2S.MM2S_REGISTER_MODULE_I/GEN_REG_DIRECT_MODE.REGDIRECT_I/DS_GEN_DLYSTRIDE_REGISTER.reg_module_strid_reg[4]/C
  -------------------------------------------------------------------    -------------------
    SLICE_X51Y58         FDRE (Prop_fdre_C_Q)         0.141     1.028 r  design_1_i/cg_fpga_0/inst/cg_axi_vdma_0/U0/GEN_SPRT_FOR_MM2S.MM2S_REGISTER_MODULE_I/GEN_REG_DIRECT_MODE.REGDIRECT_I/DS_GEN_DLYSTRIDE_REGISTER.reg_module_strid_reg[4]/Q
                         net (fo=2, routed)           0.227     1.254    design_1_i/cg_fpga_0/inst/cg_axi_vdma_0/U0/GEN_SPRT_FOR_MM2S.ADDR32.I_MM2S_DMA_MNGR/VIDEO_REG_I/GEN_REGISTER_DIRECT.GEN_REGDIRECT_DRES.VIDREGISTER_I/stride_vid_reg[15]_1[4]
    SLICE_X47Y56         FDRE                                         r  design_1_i/cg_fpga_0/inst/cg_axi_vdma_0/U0/GEN_SPRT_FOR_MM2S.ADDR32.I_MM2S_DMA_MNGR/VIDEO_REG_I/GEN_REGISTER_DIRECT.GEN_REGDIRECT_DRES.VIDREGISTER_I/stride_vid_reg[4]/D
  -------------------------------------------------------------------    -------------------

                         (clock clk_fpga_0 rise edge)
                                                      0.000     0.000 r  
    PS7_X0Y0             PS7                          0.000     0.000 r  design_1_i/cg_fpga_0/inst/processing_system7_0/inst/PS7_i/FCLKCLK[0]
                         net (fo=1, routed)           0.337     0.337    design_1_i/cg_fpga_0/inst/processing_system7_0/inst/FCLK_CLK_unbuffered[0]
    BUFGCTRL_X0Y16       BUFG (Prop_bufg_I_O)         0.029     0.366 r  design_1_i/cg_fpga_0/inst/processing_system7_0/inst/buffer_fclk_clk_0.FCLK_CLK_0_BUFG/O
                         net (fo=6956, routed)        0.824     1.190    design_1_i/cg_fpga_0/inst/cg_axi_vdma_0/U0/GEN_SPRT_FOR_MM2S.ADDR32.I_MM2S_DMA_MNGR/VIDEO_REG_I/GEN_REGISTER_DIRECT.GEN_REGDIRECT_DRES.VIDREGISTER_I/s_axi_lite_aclk
    SLICE_X47Y56         FDRE                                         r  design_1_i/cg_fpga_0/inst/cg_axi_vdma_0/U0/GEN_SPRT_FOR_MM2S.ADDR32.I_MM2S_DMA_MNGR/VIDEO_REG_I/GEN_REGISTER_DIRECT.GEN_REGDIRECT_DRES.VIDREGISTER_I/stride_vid_reg[4]/C
                         clock pessimism             -0.035     1.155    
    SLICE_X47Y56         FDRE (Hold_fdre_C_D)         0.072     1.227    design_1_i/cg_fpga_0/inst/cg_axi_vdma_0/U0/GEN_SPRT_FOR_MM2S.ADDR32.I_MM2S_DMA_MNGR/VIDEO_REG_I/GEN_REGISTER_DIRECT.GEN_REGDIRECT_DRES.VIDREGISTER_I/stride_vid_reg[4]
  -------------------------------------------------------------------
                         required time                         -1.227    
                         arrival time                           1.254    
  -------------------------------------------------------------------
                         slack                                  0.028    

Slack (MET) :             0.029ns  (arrival time - required time)
  Source:                 design_1_i/cg_fpga_0/inst/ps7_0_axi_periph/s00_couplers/auto_pc/inst/gen_axilite.gen_b2s_conv.axilite_b2s/SI_REG/aw.aw_pipe/m_payload_i_reg[51]/C
                            (rising edge-triggered cell FDRE clocked by clk_fpga_0  {rise@0.000ns fall@5.000ns period=10.000ns})
  Destination:            design_1_i/cg_fpga_0/inst/ps7_0_axi_periph/s00_couplers/auto_pc/inst/gen_axilite.gen_b2s_conv.axilite_b2s/WR.aw_channel_0/s_awid_r_reg[1]/D
                            (rising edge-triggered cell FDRE clocked by clk_fpga_0  {rise@0.000ns fall@5.000ns period=10.000ns})
  Path Group:             clk_fpga_0
  Path Type:              Hold (Min at Fast Process Corner)
  Requirement:            0.000ns  (clk_fpga_0 rise@0.000ns - clk_fpga_0 rise@0.000ns)
  Data Path Delay:        0.372ns  (logic 0.128ns (34.412%)  route 0.244ns (65.588%))
  Logic Levels:           0  
  Clock Path Skew:        0.350ns (DCD - SCD - CPR)
    Destination Clock Delay (DCD):    1.297ns
    Source Clock Delay      (SCD):    0.912ns
    Clock Pessimism Removal (CPR):    0.035ns

    Location             Delay type                Incr(ns)  Path(ns)    Netlist Resource(s)
  -------------------------------------------------------------------    -------------------
                         (clock clk_fpga_0 rise edge)
                                                      0.000     0.000 r  
    PS7_X0Y0             PS7                          0.000     0.000 r  design_1_i/cg_fpga_0/inst/processing_system7_0/inst/PS7_i/FCLKCLK[0]
                         net (fo=1, routed)           0.310     0.310    design_1_i/cg_fpga_0/inst/processing_system7_0/inst/FCLK_CLK_unbuffered[0]
    BUFGCTRL_X0Y16       BUFG (Prop_bufg_I_O)         0.026     0.336 r  design_1_i/cg_fpga_0/inst/processing_system7_0/inst/buffer_fclk_clk_0.FCLK_CLK_0_BUFG/O
                         net (fo=6956, routed)        0.576     0.912    design_1_i/cg_fpga_0/inst/ps7_0_axi_periph/s00_couplers/auto_pc/inst/gen_axilite.gen_b2s_conv.axilite_b2s/SI_REG/aw.aw_pipe/aclk
    SLICE_X28Y96         FDRE                                         r  design_1_i/cg_fpga_0/inst/ps7_0_axi_periph/s00_couplers/auto_pc/inst/gen_axilite.gen_b2s_conv.axilite_b2s/SI_REG/aw.aw_pipe/m_payload_i_reg[51]/C
  -------------------------------------------------------------------    -------------------
    SLICE_X28Y96         FDRE (Prop_fdre_C_Q)         0.128     1.040 r  design_1_i/cg_fpga_0/inst/ps7_0_axi_periph/s00_couplers/auto_pc/inst/gen_axilite.gen_b2s_conv.axilite_b2s/SI_REG/aw.aw_pipe/m_payload_i_reg[51]/Q
                         net (fo=1, routed)           0.244     1.284    design_1_i/cg_fpga_0/inst/ps7_0_axi_periph/s00_couplers/auto_pc/inst/gen_axilite.gen_b2s_conv.axilite_b2s/WR.aw_channel_0/s_awid_r_reg[11]_0[18]
    SLICE_X31Y101        FDRE                                         r  design_1_i/cg_fpga_0/inst/ps7_0_axi_periph/s00_couplers/auto_pc/inst/gen_axilite.gen_b2s_conv.axilite_b2s/WR.aw_channel_0/s_awid_r_reg[1]/D
  -------------------------------------------------------------------    -------------------

                         (clock clk_fpga_0 rise edge)
                                                      0.000     0.000 r  
    PS7_X0Y0             PS7                          0.000     0.000 r  design_1_i/cg_fpga_0/inst/processing_system7_0/inst/PS7_i/FCLKCLK[0]
                         net (fo=1, routed)           0.337     0.337    design_1_i/cg_fpga_0/inst/processing_system7_0/inst/FCLK_CLK_unbuffered[0]
    BUFGCTRL_X0Y16       BUFG (Prop_bufg_I_O)         0.029     0.366 r  design_1_i/cg_fpga_0/inst/processing_system7_0/inst/buffer_fclk_clk_0.FCLK_CLK_0_BUFG/O
                         net (fo=6956, routed)        0.931     1.297    design_1_i/cg_fpga_0/inst/ps7_0_axi_periph/s00_couplers/auto_pc/inst/gen_axilite.gen_b2s_conv.axilite_b2s/WR.aw_channel_0/aclk
    SLICE_X31Y101        FDRE                                         r  design_1_i/cg_fpga_0/inst/ps7_0_axi_periph/s00_couplers/auto_pc/inst/gen_axilite.gen_b2s_conv.axilite_b2s/WR.aw_channel_0/s_awid_r_reg[1]/C
                         clock pessimism             -0.035     1.262    
    SLICE_X31Y101        FDRE (Hold_fdre_C_D)        -0.007     1.255    design_1_i/cg_fpga_0/inst/ps7_0_axi_periph/s00_couplers/auto_pc/inst/gen_axilite.gen_b2s_conv.axilite_b2s/WR.aw_channel_0/s_awid_r_reg[1]
  -------------------------------------------------------------------
                         required time                         -1.255    
                         arrival time                           1.284    
  -------------------------------------------------------------------
                         slack                                  0.029    

Slack (MET) :             0.030ns  (arrival time - required time)
  Source:                 design_1_i/cg_fpga_0/inst/cg_axi_vdma_0/U0/I_PRMRY_DATAMOVER/GEN_S2MM_FULL.I_S2MM_FULL_WRAPPER/GEN_ENABLE_INDET_BTT_SF.I_INDET_BTT/INCLUDE_PACKING.DO_REG_SLICES[1].lsig_data_slice_reg_reg[1][9]/C
                            (rising edge-triggered cell FDRE clocked by clk_fpga_0  {rise@0.000ns fall@5.000ns period=10.000ns})
  Destination:            design_1_i/cg_fpga_0/inst/cg_axi_vdma_0/U0/I_PRMRY_DATAMOVER/GEN_S2MM_FULL.I_S2MM_FULL_WRAPPER/GEN_ENABLE_INDET_BTT_SF.I_INDET_BTT/I_DATA_FIFO/BLK_MEM.I_SYNC_FIFOGEN_FIFO/xpm_fifo_instance.xpm_fifo_sync_inst/xpm_fifo_base_inst/gen_sdpram.xpm_memory_base_inst/gen_wr_a.gen_word_narrow.mem_reg_0/DIBDI[9]
                            (rising edge-triggered cell RAMB36E1 clocked by clk_fpga_0  {rise@0.000ns fall@5.000ns period=10.000ns})
  Path Group:             clk_fpga_0
  Path Type:              Hold (Min at Fast Process Corner)
  Requirement:            0.000ns  (clk_fpga_0 rise@0.000ns - clk_fpga_0 rise@0.000ns)
  Data Path Delay:        0.351ns  (logic 0.128ns (36.518%)  route 0.223ns (63.482%))
  Logic Levels:           0  
  Clock Path Skew:        0.077ns (DCD - SCD - CPR)
    Destination Clock Delay (DCD):    1.268ns
    Source Clock Delay      (SCD):    0.928ns
    Clock Pessimism Removal (CPR):    0.263ns

    Location             Delay type                Incr(ns)  Path(ns)    Netlist Resource(s)
  -------------------------------------------------------------------    -------------------
                         (clock clk_fpga_0 rise edge)
                                                      0.000     0.000 r  
    PS7_X0Y0             PS7                          0.000     0.000 r  design_1_i/cg_fpga_0/inst/processing_system7_0/inst/PS7_i/FCLKCLK[0]
                         net (fo=1, routed)           0.310     0.310    design_1_i/cg_fpga_0/inst/processing_system7_0/inst/FCLK_CLK_unbuffered[0]
    BUFGCTRL_X0Y16       BUFG (Prop_bufg_I_O)         0.026     0.336 r  design_1_i/cg_fpga_0/inst/processing_system7_0/inst/buffer_fclk_clk_0.FCLK_CLK_0_BUFG/O
                         net (fo=6956, routed)        0.592     0.928    design_1_i/cg_fpga_0/inst/cg_axi_vdma_0/U0/I_PRMRY_DATAMOVER/GEN_S2MM_FULL.I_S2MM_FULL_WRAPPER/GEN_ENABLE_INDET_BTT_SF.I_INDET_BTT/s_axi_lite_aclk
    SLICE_X11Y36         FDRE                                         r  design_1_i/cg_fpga_0/inst/cg_axi_vdma_0/U0/I_PRMRY_DATAMOVER/GEN_S2MM_FULL.I_S2MM_FULL_WRAPPER/GEN_ENABLE_INDET_BTT_SF.I_INDET_BTT/INCLUDE_PACKING.DO_REG_SLICES[1].lsig_data_slice_reg_reg[1][9]/C
  -------------------------------------------------------------------    -------------------
    SLICE_X11Y36         FDRE (Prop_fdre_C_Q)         0.128     1.056 r  design_1_i/cg_fpga_0/inst/cg_axi_vdma_0/U0/I_PRMRY_DATAMOVER/GEN_S2MM_FULL.I_S2MM_FULL_WRAPPER/GEN_ENABLE_INDET_BTT_SF.I_INDET_BTT/INCLUDE_PACKING.DO_REG_SLICES[1].lsig_data_slice_reg_reg[1][9]/Q
                         net (fo=1, routed)           0.223     1.278    design_1_i/cg_fpga_0/inst/cg_axi_vdma_0/U0/I_PRMRY_DATAMOVER/GEN_S2MM_FULL.I_S2MM_FULL_WRAPPER/GEN_ENABLE_INDET_BTT_SF.I_INDET_BTT/I_DATA_FIFO/BLK_MEM.I_SYNC_FIFOGEN_FIFO/xpm_fifo_instance.xpm_fifo_sync_inst/xpm_fifo_base_inst/gen_sdpram.xpm_memory_base_inst/dina[41]
    RAMB36_X0Y7          RAMB36E1                                     r  design_1_i/cg_fpga_0/inst/cg_axi_vdma_0/U0/I_PRMRY_DATAMOVER/GEN_S2MM_FULL.I_S2MM_FULL_WRAPPER/GEN_ENABLE_INDET_BTT_SF.I_INDET_BTT/I_DATA_FIFO/BLK_MEM.I_SYNC_FIFOGEN_FIFO/xpm_fifo_instance.xpm_fifo_sync_inst/xpm_fifo_base_inst/gen_sdpram.xpm_memory_base_inst/gen_wr_a.gen_word_narrow.mem_reg_0/DIBDI[9]
  -------------------------------------------------------------------    -------------------

                         (clock clk_fpga_0 rise edge)
                                                      0.000     0.000 r  
    PS7_X0Y0             PS7                          0.000     0.000 r  design_1_i/cg_fpga_0/inst/processing_system7_0/inst/PS7_i/FCLKCLK[0]
                         net (fo=1, routed)           0.337     0.337    design_1_i/cg_fpga_0/inst/processing_system7_0/inst/FCLK_CLK_unbuffered[0]
    BUFGCTRL_X0Y16       BUFG (Prop_bufg_I_O)         0.029     0.366 r  design_1_i/cg_fpga_0/inst/processing_system7_0/inst/buffer_fclk_clk_0.FCLK_CLK_0_BUFG/O
                         net (fo=6956, routed)        0.902     1.268    design_1_i/cg_fpga_0/inst/cg_axi_vdma_0/U0/I_PRMRY_DATAMOVER/GEN_S2MM_FULL.I_S2MM_FULL_WRAPPER/GEN_ENABLE_INDET_BTT_SF.I_INDET_BTT/I_DATA_FIFO/BLK_MEM.I_SYNC_FIFOGEN_FIFO/xpm_fifo_instance.xpm_fifo_sync_inst/xpm_fifo_base_inst/gen_sdpram.xpm_memory_base_inst/clka
    RAMB36_X0Y7          RAMB36E1                                     r  design_1_i/cg_fpga_0/inst/cg_axi_vdma_0/U0/I_PRMRY_DATAMOVER/GEN_S2MM_FULL.I_S2MM_FULL_WRAPPER/GEN_ENABLE_INDET_BTT_SF.I_INDET_BTT/I_DATA_FIFO/BLK_MEM.I_SYNC_FIFOGEN_FIFO/xpm_fifo_instance.xpm_fifo_sync_inst/xpm_fifo_base_inst/gen_sdpram.xpm_memory_base_inst/gen_wr_a.gen_word_narrow.mem_reg_0/CLKBWRCLK
                         clock pessimism             -0.263     1.005    
    RAMB36_X0Y7          RAMB36E1 (Hold_ramb36e1_CLKBWRCLK_DIBDI[9])
                                                      0.243     1.248    design_1_i/cg_fpga_0/inst/cg_axi_vdma_0/U0/I_PRMRY_DATAMOVER/GEN_S2MM_FULL.I_S2MM_FULL_WRAPPER/GEN_ENABLE_INDET_BTT_SF.I_INDET_BTT/I_DATA_FIFO/BLK_MEM.I_SYNC_FIFOGEN_FIFO/xpm_fifo_instance.xpm_fifo_sync_inst/xpm_fifo_base_inst/gen_sdpram.xpm_memory_base_inst/gen_wr_a.gen_word_narrow.mem_reg_0
  -------------------------------------------------------------------
                         required time                         -1.248    
                         arrival time                           1.278    
  -------------------------------------------------------------------
                         slack                                  0.030    

Slack (MET) :             0.033ns  (arrival time - required time)
  Source:                 design_1_i/cg_fpga_0/inst/cg_axi_vdma_0/U0/AXI_LITE_REG_INTERFACE_I/GEN_AXI_LITE_IF.AXI_LITE_IF_I/GEN_LITE_IS_ASYNC.GEN_ASYNC_LITE_ACCESS.s2mm_axi2ip_wrdata_cdc_tig_reg[13]/C
                            (rising edge-triggered cell FDRE clocked by clk_fpga_0  {rise@0.000ns fall@5.000ns period=10.000ns})
  Destination:            design_1_i/cg_fpga_0/inst/cg_axi_vdma_0/U0/GEN_SPRT_FOR_S2MM.S2MM_REGISTER_MODULE_I/GEN_REG_DIRECT_MODE.REGDIRECT_I/DM_GEN_DLYSTRIDE_REGISTER.reg_module_strid_reg[13]/D
                            (rising edge-triggered cell FDRE clocked by clk_fpga_0  {rise@0.000ns fall@5.000ns period=10.000ns})
  Path Group:             clk_fpga_0
  Path Type:              Hold (Min at Fast Process Corner)
  Requirement:            0.000ns  (clk_fpga_0 rise@0.000ns - clk_fpga_0 rise@0.000ns)
  Data Path Delay:        0.377ns  (logic 0.141ns (37.449%)  route 0.236ns (62.551%))
  Logic Levels:           0  
  Clock Path Skew:        0.273ns (DCD - SCD - CPR)
    Destination Clock Delay (DCD):    1.196ns
    Source Clock Delay      (SCD):    0.893ns
    Clock Pessimism Removal (CPR):    0.030ns

    Location             Delay type                Incr(ns)  Path(ns)    Netlist Resource(s)
  -------------------------------------------------------------------    -------------------
                         (clock clk_fpga_0 rise edge)
                                                      0.000     0.000 r  
    PS7_X0Y0             PS7                          0.000     0.000 r  design_1_i/cg_fpga_0/inst/processing_system7_0/inst/PS7_i/FCLKCLK[0]
                         net (fo=1, routed)           0.310     0.310    design_1_i/cg_fpga_0/inst/processing_system7_0/inst/FCLK_CLK_unbuffered[0]
    BUFGCTRL_X0Y16       BUFG (Prop_bufg_I_O)         0.026     0.336 r  design_1_i/cg_fpga_0/inst/processing_system7_0/inst/buffer_fclk_clk_0.FCLK_CLK_0_BUFG/O
                         net (fo=6956, routed)        0.557     0.893    design_1_i/cg_fpga_0/inst/cg_axi_vdma_0/U0/AXI_LITE_REG_INTERFACE_I/GEN_AXI_LITE_IF.AXI_LITE_IF_I/s_axi_lite_aclk
    SLICE_X44Y50         FDRE                                         r  design_1_i/cg_fpga_0/inst/cg_axi_vdma_0/U0/AXI_LITE_REG_INTERFACE_I/GEN_AXI_LITE_IF.AXI_LITE_IF_I/GEN_LITE_IS_ASYNC.GEN_ASYNC_LITE_ACCESS.s2mm_axi2ip_wrdata_cdc_tig_reg[13]/C
  -------------------------------------------------------------------    -------------------
    SLICE_X44Y50         FDRE (Prop_fdre_C_Q)         0.141     1.034 r  design_1_i/cg_fpga_0/inst/cg_axi_vdma_0/U0/AXI_LITE_REG_INTERFACE_I/GEN_AXI_LITE_IF.AXI_LITE_IF_I/GEN_LITE_IS_ASYNC.GEN_ASYNC_LITE_ACCESS.s2mm_axi2ip_wrdata_cdc_tig_reg[13]/Q
                         net (fo=7, routed)           0.236     1.269    design_1_i/cg_fpga_0/inst/cg_axi_vdma_0/U0/GEN_SPRT_FOR_S2MM.S2MM_REGISTER_MODULE_I/GEN_REG_DIRECT_MODE.REGDIRECT_I/D[13]
    SLICE_X44Y49         FDRE                                         r  design_1_i/cg_fpga_0/inst/cg_axi_vdma_0/U0/GEN_SPRT_FOR_S2MM.S2MM_REGISTER_MODULE_I/GEN_REG_DIRECT_MODE.REGDIRECT_I/DM_GEN_DLYSTRIDE_REGISTER.reg_module_strid_reg[13]/D
  -------------------------------------------------------------------    -------------------

                         (clock clk_fpga_0 rise edge)
                                                      0.000     0.000 r  
    PS7_X0Y0             PS7                          0.000     0.000 r  design_1_i/cg_fpga_0/inst/processing_system7_0/inst/PS7_i/FCLKCLK[0]
                         net (fo=1, routed)           0.337     0.337    design_1_i/cg_fpga_0/inst/processing_system7_0/inst/FCLK_CLK_unbuffered[0]
    BUFGCTRL_X0Y16       BUFG (Prop_bufg_I_O)         0.029     0.366 r  design_1_i/cg_fpga_0/inst/processing_system7_0/inst/buffer_fclk_clk_0.FCLK_CLK_0_BUFG/O
                         net (fo=6956, routed)        0.830     1.196    design_1_i/cg_fpga_0/inst/cg_axi_vdma_0/U0/GEN_SPRT_FOR_S2MM.S2MM_REGISTER_MODULE_I/GEN_REG_DIRECT_MODE.REGDIRECT_I/s_axi_lite_aclk
    SLICE_X44Y49         FDRE                                         r  design_1_i/cg_fpga_0/inst/cg_axi_vdma_0/U0/GEN_SPRT_FOR_S2MM.S2MM_REGISTER_MODULE_I/GEN_REG_DIRECT_MODE.REGDIRECT_I/DM_GEN_DLYSTRIDE_REGISTER.reg_module_strid_reg[13]/C
                         clock pessimism             -0.030     1.166    
    SLICE_X44Y49         FDRE (Hold_fdre_C_D)         0.070     1.236    design_1_i/cg_fpga_0/inst/cg_axi_vdma_0/U0/GEN_SPRT_FOR_S2MM.S2MM_REGISTER_MODULE_I/GEN_REG_DIRECT_MODE.REGDIRECT_I/DM_GEN_DLYSTRIDE_REGISTER.reg_module_strid_reg[13]
  -------------------------------------------------------------------
                         required time                         -1.236    
                         arrival time                           1.269    
  -------------------------------------------------------------------
                         slack                                  0.033    

Slack (MET) :             0.034ns  (arrival time - required time)
  Source:                 design_1_i/cg_fpga_0/inst/cg_axi_vdma_0/U0/GEN_SPRT_FOR_MM2S.MM2S_REGISTER_MODULE_I/GEN_REG_DIRECT_MODE.REGDIRECT_I/DS_GEN_DLYSTRIDE_REGISTER.reg_module_strid_reg[6]/C
                            (rising edge-triggered cell FDRE clocked by clk_fpga_0  {rise@0.000ns fall@5.000ns period=10.000ns})
  Destination:            design_1_i/cg_fpga_0/inst/cg_axi_vdma_0/U0/GEN_SPRT_FOR_MM2S.ADDR32.I_MM2S_DMA_MNGR/VIDEO_REG_I/GEN_REGISTER_DIRECT.GEN_REGDIRECT_DRES.VIDREGISTER_I/stride_vid_reg[6]/D
                            (rising edge-triggered cell FDRE clocked by clk_fpga_0  {rise@0.000ns fall@5.000ns period=10.000ns})
  Path Group:             clk_fpga_0
  Path Type:              Hold (Min at Fast Process Corner)
  Requirement:            0.000ns  (clk_fpga_0 rise@0.000ns - clk_fpga_0 rise@0.000ns)
  Data Path Delay:        0.372ns  (logic 0.141ns (37.917%)  route 0.231ns (62.083%))
  Logic Levels:           0  
  Clock Path Skew:        0.267ns (DCD - SCD - CPR)
    Destination Clock Delay (DCD):    1.189ns
    Source Clock Delay      (SCD):    0.887ns
    Clock Pessimism Removal (CPR):    0.035ns

    Location             Delay type                Incr(ns)  Path(ns)    Netlist Resource(s)
  -------------------------------------------------------------------    -------------------
                         (clock clk_fpga_0 rise edge)
                                                      0.000     0.000 r  
    PS7_X0Y0             PS7                          0.000     0.000 r  design_1_i/cg_fpga_0/inst/processing_system7_0/inst/PS7_i/FCLKCLK[0]
                         net (fo=1, routed)           0.310     0.310    design_1_i/cg_fpga_0/inst/processing_system7_0/inst/FCLK_CLK_unbuffered[0]
    BUFGCTRL_X0Y16       BUFG (Prop_bufg_I_O)         0.026     0.336 r  design_1_i/cg_fpga_0/inst/processing_system7_0/inst/buffer_fclk_clk_0.FCLK_CLK_0_BUFG/O
                         net (fo=6956, routed)        0.551     0.887    design_1_i/cg_fpga_0/inst/cg_axi_vdma_0/U0/GEN_SPRT_FOR_MM2S.MM2S_REGISTER_MODULE_I/GEN_REG_DIRECT_MODE.REGDIRECT_I/s_axi_lite_aclk
    SLICE_X51Y58         FDRE                                         r  design_1_i/cg_fpga_0/inst/cg_axi_vdma_0/U0/GEN_SPRT_FOR_MM2S.MM2S_REGISTER_MODULE_I/GEN_REG_DIRECT_MODE.REGDIRECT_I/DS_GEN_DLYSTRIDE_REGISTER.reg_module_strid_reg[6]/C
  -------------------------------------------------------------------    -------------------
    SLICE_X51Y58         FDRE (Prop_fdre_C_Q)         0.141     1.028 r  design_1_i/cg_fpga_0/inst/cg_axi_vdma_0/U0/GEN_SPRT_FOR_MM2S.MM2S_REGISTER_MODULE_I/GEN_REG_DIRECT_MODE.REGDIRECT_I/DS_GEN_DLYSTRIDE_REGISTER.reg_module_strid_reg[6]/Q
                         net (fo=2, routed)           0.231     1.258    design_1_i/cg_fpga_0/inst/cg_axi_vdma_0/U0/GEN_SPRT_FOR_MM2S.ADDR32.I_MM2S_DMA_MNGR/VIDEO_REG_I/GEN_REGISTER_DIRECT.GEN_REGDIRECT_DRES.VIDREGISTER_I/stride_vid_reg[15]_1[6]
    SLICE_X45Y58         FDRE                                         r  design_1_i/cg_fpga_0/inst/cg_axi_vdma_0/U0/GEN_SPRT_FOR_MM2S.ADDR32.I_MM2S_DMA_MNGR/VIDEO_REG_I/GEN_REGISTER_DIRECT.GEN_REGDIRECT_DRES.VIDREGISTER_I/stride_vid_reg[6]/D
  -------------------------------------------------------------------    -------------------

                         (clock clk_fpga_0 rise edge)
                                                      0.000     0.000 r  
    PS7_X0Y0             PS7                          0.000     0.000 r  design_1_i/cg_fpga_0/inst/processing_system7_0/inst/PS7_i/FCLKCLK[0]
                         net (fo=1, routed)           0.337     0.337    design_1_i/cg_fpga_0/inst/processing_system7_0/inst/FCLK_CLK_unbuffered[0]
    BUFGCTRL_X0Y16       BUFG (Prop_bufg_I_O)         0.029     0.366 r  design_1_i/cg_fpga_0/inst/processing_system7_0/inst/buffer_fclk_clk_0.FCLK_CLK_0_BUFG/O
                         net (fo=6956, routed)        0.823     1.189    design_1_i/cg_fpga_0/inst/cg_axi_vdma_0/U0/GEN_SPRT_FOR_MM2S.ADDR32.I_MM2S_DMA_MNGR/VIDEO_REG_I/GEN_REGISTER_DIRECT.GEN_REGDIRECT_DRES.VIDREGISTER_I/s_axi_lite_aclk
    SLICE_X45Y58         FDRE                                         r  design_1_i/cg_fpga_0/inst/cg_axi_vdma_0/U0/GEN_SPRT_FOR_MM2S.ADDR32.I_MM2S_DMA_MNGR/VIDEO_REG_I/GEN_REGISTER_DIRECT.GEN_REGDIRECT_DRES.VIDREGISTER_I/stride_vid_reg[6]/C
                         clock pessimism             -0.035     1.154    
    SLICE_X45Y58         FDRE (Hold_fdre_C_D)         0.071     1.225    design_1_i/cg_fpga_0/inst/cg_axi_vdma_0/U0/GEN_SPRT_FOR_MM2S.ADDR32.I_MM2S_DMA_MNGR/VIDEO_REG_I/GEN_REGISTER_DIRECT.GEN_REGDIRECT_DRES.VIDREGISTER_I/stride_vid_reg[6]
  -------------------------------------------------------------------
                         required time                         -1.225    
                         arrival time                           1.258    
  -------------------------------------------------------------------
                         slack                                  0.034    

Slack (MET) :             0.038ns  (arrival time - required time)
  Source:                 design_1_i/cg_fpga_0/inst/axi_mem_intercon/xbar/inst/gen_samd.crossbar_samd/addr_arbiter_aw/gen_arbiter.m_mesg_i_reg[32]/C
                            (rising edge-triggered cell FDRE clocked by clk_fpga_0  {rise@0.000ns fall@5.000ns period=10.000ns})
  Destination:            design_1_i/cg_fpga_0/inst/axi_mem_intercon/m00_couplers/auto_pc/inst/gen_axi4_axi3.axi3_conv_inst/USE_WRITE.write_addr_inst/S_AXI_AADDR_Q_reg[31]/D
                            (rising edge-triggered cell FDRE clocked by clk_fpga_0  {rise@0.000ns fall@5.000ns period=10.000ns})
  Path Group:             clk_fpga_0
  Path Type:              Hold (Min at Fast Process Corner)
  Requirement:            0.000ns  (clk_fpga_0 rise@0.000ns - clk_fpga_0 rise@0.000ns)
  Data Path Delay:        0.342ns  (logic 0.141ns (41.205%)  route 0.201ns (58.795%))
  Logic Levels:           0  
  Clock Path Skew:        0.252ns (DCD - SCD - CPR)
    Destination Clock Delay (DCD):    1.209ns
    Source Clock Delay      (SCD):    0.927ns
    Clock Pessimism Removal (CPR):    0.030ns

    Location             Delay type                Incr(ns)  Path(ns)    Netlist Resource(s)
  -------------------------------------------------------------------    -------------------
                         (clock clk_fpga_0 rise edge)
                                                      0.000     0.000 r  
    PS7_X0Y0             PS7                          0.000     0.000 r  design_1_i/cg_fpga_0/inst/processing_system7_0/inst/PS7_i/FCLKCLK[0]
                         net (fo=1, routed)           0.310     0.310    design_1_i/cg_fpga_0/inst/processing_system7_0/inst/FCLK_CLK_unbuffered[0]
    BUFGCTRL_X0Y16       BUFG (Prop_bufg_I_O)         0.026     0.336 r  design_1_i/cg_fpga_0/inst/processing_system7_0/inst/buffer_fclk_clk_0.FCLK_CLK_0_BUFG/O
                         net (fo=6956, routed)        0.591     0.927    design_1_i/cg_fpga_0/inst/axi_mem_intercon/xbar/inst/gen_samd.crossbar_samd/addr_arbiter_aw/aclk
    SLICE_X28Y49         FDRE                                         r  design_1_i/cg_fpga_0/inst/axi_mem_intercon/xbar/inst/gen_samd.crossbar_samd/addr_arbiter_aw/gen_arbiter.m_mesg_i_reg[32]/C
  -------------------------------------------------------------------    -------------------
    SLICE_X28Y49         FDRE (Prop_fdre_C_Q)         0.141     1.068 r  design_1_i/cg_fpga_0/inst/axi_mem_intercon/xbar/inst/gen_samd.crossbar_samd/addr_arbiter_aw/gen_arbiter.m_mesg_i_reg[32]/Q
                         net (fo=1, routed)           0.201     1.269    design_1_i/cg_fpga_0/inst/axi_mem_intercon/m00_couplers/auto_pc/inst/gen_axi4_axi3.axi3_conv_inst/USE_WRITE.write_addr_inst/s_axi_awaddr[31]
    SLICE_X26Y56         FDRE                                         r  design_1_i/cg_fpga_0/inst/axi_mem_intercon/m00_couplers/auto_pc/inst/gen_axi4_axi3.axi3_conv_inst/USE_WRITE.write_addr_inst/S_AXI_AADDR_Q_reg[31]/D
  -------------------------------------------------------------------    -------------------

                         (clock clk_fpga_0 rise edge)
                                                      0.000     0.000 r  
    PS7_X0Y0             PS7                          0.000     0.000 r  design_1_i/cg_fpga_0/inst/processing_system7_0/inst/PS7_i/FCLKCLK[0]
                         net (fo=1, routed)           0.337     0.337    design_1_i/cg_fpga_0/inst/processing_system7_0/inst/FCLK_CLK_unbuffered[0]
    BUFGCTRL_X0Y16       BUFG (Prop_bufg_I_O)         0.029     0.366 r  design_1_i/cg_fpga_0/inst/processing_system7_0/inst/buffer_fclk_clk_0.FCLK_CLK_0_BUFG/O
                         net (fo=6956, routed)        0.843     1.209    design_1_i/cg_fpga_0/inst/axi_mem_intercon/m00_couplers/auto_pc/inst/gen_axi4_axi3.axi3_conv_inst/USE_WRITE.write_addr_inst/aclk
    SLICE_X26Y56         FDRE                                         r  design_1_i/cg_fpga_0/inst/axi_mem_intercon/m00_couplers/auto_pc/inst/gen_axi4_axi3.axi3_conv_inst/USE_WRITE.write_addr_inst/S_AXI_AADDR_Q_reg[31]/C
                         clock pessimism             -0.030     1.179    
    SLICE_X26Y56         FDRE (Hold_fdre_C_D)         0.052     1.231    design_1_i/cg_fpga_0/inst/axi_mem_intercon/m00_couplers/auto_pc/inst/gen_axi4_axi3.axi3_conv_inst/USE_WRITE.write_addr_inst/S_AXI_AADDR_Q_reg[31]
  -------------------------------------------------------------------
                         required time                         -1.231    
                         arrival time                           1.269    
  -------------------------------------------------------------------
                         slack                                  0.038    

Slack (MET) :             0.038ns  (arrival time - required time)
  Source:                 design_1_i/cg_fpga_0/inst/cg_axi_vdma_0/U0/I_PRMRY_DATAMOVER/GEN_S2MM_FULL.I_S2MM_FULL_WRAPPER/GEN_ENABLE_INDET_BTT_SF.I_INDET_BTT/INCLUDE_PACKING.DO_REG_SLICES[1].lsig_data_slice_reg_reg[1][27]/C
                            (rising edge-triggered cell FDRE clocked by clk_fpga_0  {rise@0.000ns fall@5.000ns period=10.000ns})
  Destination:            design_1_i/cg_fpga_0/inst/cg_axi_vdma_0/U0/I_PRMRY_DATAMOVER/GEN_S2MM_FULL.I_S2MM_FULL_WRAPPER/GEN_ENABLE_INDET_BTT_SF.I_INDET_BTT/I_DATA_FIFO/BLK_MEM.I_SYNC_FIFOGEN_FIFO/xpm_fifo_instance.xpm_fifo_sync_inst/xpm_fifo_base_inst/gen_sdpram.xpm_memory_base_inst/gen_wr_a.gen_word_narrow.mem_reg_0/DIBDI[27]
                            (rising edge-triggered cell RAMB36E1 clocked by clk_fpga_0  {rise@0.000ns fall@5.000ns period=10.000ns})
  Path Group:             clk_fpga_0
  Path Type:              Hold (Min at Fast Process Corner)
  Requirement:            0.000ns  (clk_fpga_0 rise@0.000ns - clk_fpga_0 rise@0.000ns)
  Data Path Delay:        0.359ns  (logic 0.128ns (35.703%)  route 0.231ns (64.297%))
  Logic Levels:           0  
  Clock Path Skew:        0.077ns (DCD - SCD - CPR)
    Destination Clock Delay (DCD):    1.268ns
    Source Clock Delay      (SCD):    0.928ns
    Clock Pessimism Removal (CPR):    0.263ns

    Location             Delay type                Incr(ns)  Path(ns)    Netlist Resource(s)
  -------------------------------------------------------------------    -------------------
                         (clock clk_fpga_0 rise edge)
                                                      0.000     0.000 r  
    PS7_X0Y0             PS7                          0.000     0.000 r  design_1_i/cg_fpga_0/inst/processing_system7_0/inst/PS7_i/FCLKCLK[0]
                         net (fo=1, routed)           0.310     0.310    design_1_i/cg_fpga_0/inst/processing_system7_0/inst/FCLK_CLK_unbuffered[0]
    BUFGCTRL_X0Y16       BUFG (Prop_bufg_I_O)         0.026     0.336 r  design_1_i/cg_fpga_0/inst/processing_system7_0/inst/buffer_fclk_clk_0.FCLK_CLK_0_BUFG/O
                         net (fo=6956, routed)        0.592     0.928    design_1_i/cg_fpga_0/inst/cg_axi_vdma_0/U0/I_PRMRY_DATAMOVER/GEN_S2MM_FULL.I_S2MM_FULL_WRAPPER/GEN_ENABLE_INDET_BTT_SF.I_INDET_BTT/s_axi_lite_aclk
    SLICE_X11Y36         FDRE                                         r  design_1_i/cg_fpga_0/inst/cg_axi_vdma_0/U0/I_PRMRY_DATAMOVER/GEN_S2MM_FULL.I_S2MM_FULL_WRAPPER/GEN_ENABLE_INDET_BTT_SF.I_INDET_BTT/INCLUDE_PACKING.DO_REG_SLICES[1].lsig_data_slice_reg_reg[1][27]/C
  -------------------------------------------------------------------    -------------------
    SLICE_X11Y36         FDRE (Prop_fdre_C_Q)         0.128     1.056 r  design_1_i/cg_fpga_0/inst/cg_axi_vdma_0/U0/I_PRMRY_DATAMOVER/GEN_S2MM_FULL.I_S2MM_FULL_WRAPPER/GEN_ENABLE_INDET_BTT_SF.I_INDET_BTT/INCLUDE_PACKING.DO_REG_SLICES[1].lsig_data_slice_reg_reg[1][27]/Q
                         net (fo=1, routed)           0.231     1.286    design_1_i/cg_fpga_0/inst/cg_axi_vdma_0/U0/I_PRMRY_DATAMOVER/GEN_S2MM_FULL.I_S2MM_FULL_WRAPPER/GEN_ENABLE_INDET_BTT_SF.I_INDET_BTT/I_DATA_FIFO/BLK_MEM.I_SYNC_FIFOGEN_FIFO/xpm_fifo_instance.xpm_fifo_sync_inst/xpm_fifo_base_inst/gen_sdpram.xpm_memory_base_inst/dina[59]
    RAMB36_X0Y7          RAMB36E1                                     r  design_1_i/cg_fpga_0/inst/cg_axi_vdma_0/U0/I_PRMRY_DATAMOVER/GEN_S2MM_FULL.I_S2MM_FULL_WRAPPER/GEN_ENABLE_INDET_BTT_SF.I_INDET_BTT/I_DATA_FIFO/BLK_MEM.I_SYNC_FIFOGEN_FIFO/xpm_fifo_instance.xpm_fifo_sync_inst/xpm_fifo_base_inst/gen_sdpram.xpm_memory_base_inst/gen_wr_a.gen_word_narrow.mem_reg_0/DIBDI[27]
  -------------------------------------------------------------------    -------------------

                         (clock clk_fpga_0 rise edge)
                                                      0.000     0.000 r  
    PS7_X0Y0             PS7                          0.000     0.000 r  design_1_i/cg_fpga_0/inst/processing_system7_0/inst/PS7_i/FCLKCLK[0]
                         net (fo=1, routed)           0.337     0.337    design_1_i/cg_fpga_0/inst/processing_system7_0/inst/FCLK_CLK_unbuffered[0]
    BUFGCTRL_X0Y16       BUFG (Prop_bufg_I_O)         0.029     0.366 r  design_1_i/cg_fpga_0/inst/processing_system7_0/inst/buffer_fclk_clk_0.FCLK_CLK_0_BUFG/O
                         net (fo=6956, routed)        0.902     1.268    design_1_i/cg_fpga_0/inst/cg_axi_vdma_0/U0/I_PRMRY_DATAMOVER/GEN_S2MM_FULL.I_S2MM_FULL_WRAPPER/GEN_ENABLE_INDET_BTT_SF.I_INDET_BTT/I_DATA_FIFO/BLK_MEM.I_SYNC_FIFOGEN_FIFO/xpm_fifo_instance.xpm_fifo_sync_inst/xpm_fifo_base_inst/gen_sdpram.xpm_memory_base_inst/clka
    RAMB36_X0Y7          RAMB36E1                                     r  design_1_i/cg_fpga_0/inst/cg_axi_vdma_0/U0/I_PRMRY_DATAMOVER/GEN_S2MM_FULL.I_S2MM_FULL_WRAPPER/GEN_ENABLE_INDET_BTT_SF.I_INDET_BTT/I_DATA_FIFO/BLK_MEM.I_SYNC_FIFOGEN_FIFO/xpm_fifo_instance.xpm_fifo_sync_inst/xpm_fifo_base_inst/gen_sdpram.xpm_memory_base_inst/gen_wr_a.gen_word_narrow.mem_reg_0/CLKBWRCLK
                         clock pessimism             -0.263     1.005    
    RAMB36_X0Y7          RAMB36E1 (Hold_ramb36e1_CLKBWRCLK_DIBDI[27])
                                                      0.243     1.248    design_1_i/cg_fpga_0/inst/cg_axi_vdma_0/U0/I_PRMRY_DATAMOVER/GEN_S2MM_FULL.I_S2MM_FULL_WRAPPER/GEN_ENABLE_INDET_BTT_SF.I_INDET_BTT/I_DATA_FIFO/BLK_MEM.I_SYNC_FIFOGEN_FIFO/xpm_fifo_instance.xpm_fifo_sync_inst/xpm_fifo_base_inst/gen_sdpram.xpm_memory_base_inst/gen_wr_a.gen_word_narrow.mem_reg_0
  -------------------------------------------------------------------
                         required time                         -1.248    
                         arrival time                           1.286    
  -------------------------------------------------------------------
                         slack                                  0.038    

Slack (MET) :             0.039ns  (arrival time - required time)
  Source:                 design_1_i/cg_fpga_0/inst/cg_axi_vdma_0/U0/I_PRMRY_DATAMOVER/GEN_S2MM_FULL.I_S2MM_FULL_WRAPPER/GEN_INCLUDE_REALIGNER.I_S2MM_REALIGNER/GEN_INCLUDE_SCATTER.I_S2MM_SCATTER/SLICE_INSERTION/storage_data_reg[1]/C
                            (rising edge-triggered cell FDRE clocked by clk_fpga_0  {rise@0.000ns fall@5.000ns period=10.000ns})
  Destination:            design_1_i/cg_fpga_0/inst/cg_axi_vdma_0/U0/I_PRMRY_DATAMOVER/GEN_S2MM_FULL.I_S2MM_FULL_WRAPPER/GEN_INCLUDE_REALIGNER.I_S2MM_REALIGNER/GEN_INCLUDE_SCATTER.I_S2MM_SCATTER/I_TSTRB_FIFO/USE_SRL_FIFO.I_SYNC_FIFO/I_SRL_FIFO_RBU_F/DYNSHREG_F_I/INFERRED_GEN.data_reg[15][7]_srl16/D
                            (rising edge-triggered cell SRL16E clocked by clk_fpga_0  {rise@0.000ns fall@5.000ns period=10.000ns})
  Path Group:             clk_fpga_0
  Path Type:              Hold (Min at Fast Process Corner)
  Requirement:            0.000ns  (clk_fpga_0 rise@0.000ns - clk_fpga_0 rise@0.000ns)
  Data Path Delay:        0.256ns  (logic 0.141ns (55.071%)  route 0.115ns (44.929%))
  Logic Levels:           0  
  Clock Path Skew:        0.034ns (DCD - SCD - CPR)
    Destination Clock Delay (DCD):    1.217ns
    Source Clock Delay      (SCD):    0.920ns
    Clock Pessimism Removal (CPR):    0.263ns

    Location             Delay type                Incr(ns)  Path(ns)    Netlist Resource(s)
  -------------------------------------------------------------------    -------------------
                         (clock clk_fpga_0 rise edge)
                                                      0.000     0.000 r  
    PS7_X0Y0             PS7                          0.000     0.000 r  design_1_i/cg_fpga_0/inst/processing_system7_0/inst/PS7_i/FCLKCLK[0]
                         net (fo=1, routed)           0.310     0.310    design_1_i/cg_fpga_0/inst/processing_system7_0/inst/FCLK_CLK_unbuffered[0]
    BUFGCTRL_X0Y16       BUFG (Prop_bufg_I_O)         0.026     0.336 r  design_1_i/cg_fpga_0/inst/processing_system7_0/inst/buffer_fclk_clk_0.FCLK_CLK_0_BUFG/O
                         net (fo=6956, routed)        0.584     0.920    design_1_i/cg_fpga_0/inst/cg_axi_vdma_0/U0/I_PRMRY_DATAMOVER/GEN_S2MM_FULL.I_S2MM_FULL_WRAPPER/GEN_INCLUDE_REALIGNER.I_S2MM_REALIGNER/GEN_INCLUDE_SCATTER.I_S2MM_SCATTER/SLICE_INSERTION/s_axi_lite_aclk
    SLICE_X29Y32         FDRE                                         r  design_1_i/cg_fpga_0/inst/cg_axi_vdma_0/U0/I_PRMRY_DATAMOVER/GEN_S2MM_FULL.I_S2MM_FULL_WRAPPER/GEN_INCLUDE_REALIGNER.I_S2MM_REALIGNER/GEN_INCLUDE_SCATTER.I_S2MM_SCATTER/SLICE_INSERTION/storage_data_reg[1]/C
  -------------------------------------------------------------------    -------------------
    SLICE_X29Y32         FDRE (Prop_fdre_C_Q)         0.141     1.061 r  design_1_i/cg_fpga_0/inst/cg_axi_vdma_0/U0/I_PRMRY_DATAMOVER/GEN_S2MM_FULL.I_S2MM_FULL_WRAPPER/GEN_INCLUDE_REALIGNER.I_S2MM_REALIGNER/GEN_INCLUDE_SCATTER.I_S2MM_SCATTER/SLICE_INSERTION/storage_data_reg[1]/Q
                         net (fo=1, routed)           0.115     1.176    design_1_i/cg_fpga_0/inst/cg_axi_vdma_0/U0/I_PRMRY_DATAMOVER/GEN_S2MM_FULL.I_S2MM_FULL_WRAPPER/GEN_INCLUDE_REALIGNER.I_S2MM_REALIGNER/GEN_INCLUDE_SCATTER.I_S2MM_SCATTER/I_TSTRB_FIFO/USE_SRL_FIFO.I_SYNC_FIFO/I_SRL_FIFO_RBU_F/DYNSHREG_F_I/sig_dre2ibtt_tlast_reg_reg[1]
    SLICE_X26Y32         SRL16E                                       r  design_1_i/cg_fpga_0/inst/cg_axi_vdma_0/U0/I_PRMRY_DATAMOVER/GEN_S2MM_FULL.I_S2MM_FULL_WRAPPER/GEN_INCLUDE_REALIGNER.I_S2MM_REALIGNER/GEN_INCLUDE_SCATTER.I_S2MM_SCATTER/I_TSTRB_FIFO/USE_SRL_FIFO.I_SYNC_FIFO/I_SRL_FIFO_RBU_F/DYNSHREG_F_I/INFERRED_GEN.data_reg[15][7]_srl16/D
  -------------------------------------------------------------------    -------------------

                         (clock clk_fpga_0 rise edge)
                                                      0.000     0.000 r  
    PS7_X0Y0             PS7                          0.000     0.000 r  design_1_i/cg_fpga_0/inst/processing_system7_0/inst/PS7_i/FCLKCLK[0]
                         net (fo=1, routed)           0.337     0.337    design_1_i/cg_fpga_0/inst/processing_system7_0/inst/FCLK_CLK_unbuffered[0]
    BUFGCTRL_X0Y16       BUFG (Prop_bufg_I_O)         0.029     0.366 r  design_1_i/cg_fpga_0/inst/processing_system7_0/inst/buffer_fclk_clk_0.FCLK_CLK_0_BUFG/O
                         net (fo=6956, routed)        0.851     1.217    design_1_i/cg_fpga_0/inst/cg_axi_vdma_0/U0/I_PRMRY_DATAMOVER/GEN_S2MM_FULL.I_S2MM_FULL_WRAPPER/GEN_INCLUDE_REALIGNER.I_S2MM_REALIGNER/GEN_INCLUDE_SCATTER.I_S2MM_SCATTER/I_TSTRB_FIFO/USE_SRL_FIFO.I_SYNC_FIFO/I_SRL_FIFO_RBU_F/DYNSHREG_F_I/s_axi_lite_aclk
    SLICE_X26Y32         SRL16E                                       r  design_1_i/cg_fpga_0/inst/cg_axi_vdma_0/U0/I_PRMRY_DATAMOVER/GEN_S2MM_FULL.I_S2MM_FULL_WRAPPER/GEN_INCLUDE_REALIGNER.I_S2MM_REALIGNER/GEN_INCLUDE_SCATTER.I_S2MM_SCATTER/I_TSTRB_FIFO/USE_SRL_FIFO.I_SYNC_FIFO/I_SRL_FIFO_RBU_F/DYNSHREG_F_I/INFERRED_GEN.data_reg[15][7]_srl16/CLK
                         clock pessimism             -0.263     0.954    
    SLICE_X26Y32         SRL16E (Hold_srl16e_CLK_D)
                                                      0.183     1.137    design_1_i/cg_fpga_0/inst/cg_axi_vdma_0/U0/I_PRMRY_DATAMOVER/GEN_S2MM_FULL.I_S2MM_FULL_WRAPPER/GEN_INCLUDE_REALIGNER.I_S2MM_REALIGNER/GEN_INCLUDE_SCATTER.I_S2MM_SCATTER/I_TSTRB_FIFO/USE_SRL_FIFO.I_SYNC_FIFO/I_SRL_FIFO_RBU_F/DYNSHREG_F_I/INFERRED_GEN.data_reg[15][7]_srl16
  -------------------------------------------------------------------
                         required time                         -1.137    
                         arrival time                           1.176    
  -------------------------------------------------------------------
                         slack                                  0.039    

Slack (MET) :             0.042ns  (arrival time - required time)
  Source:                 design_1_i/cg_fpga_0/inst/cg_fpga_axi_gpio_i1/U0/ip2bus_data_i_D1_reg[22]/C
                            (rising edge-triggered cell FDRE clocked by clk_fpga_0  {rise@0.000ns fall@5.000ns period=10.000ns})
  Destination:            design_1_i/cg_fpga_0/inst/cg_fpga_axi_gpio_i1/U0/AXI_LITE_IPIF_I/I_SLAVE_ATTACHMENT/s_axi_rdata_i_reg[9]/D
                            (rising edge-triggered cell FDRE clocked by clk_fpga_0  {rise@0.000ns fall@5.000ns period=10.000ns})
  Path Group:             clk_fpga_0
  Path Type:              Hold (Min at Fast Process Corner)
  Requirement:            0.000ns  (clk_fpga_0 rise@0.000ns - clk_fpga_0 rise@0.000ns)
  Data Path Delay:        0.385ns  (logic 0.164ns (42.638%)  route 0.221ns (57.362%))
  Logic Levels:           0  
  Clock Path Skew:        0.264ns (DCD - SCD - CPR)
    Destination Clock Delay (DCD):    1.178ns
    Source Clock Delay      (SCD):    0.879ns
    Clock Pessimism Removal (CPR):    0.035ns

    Location             Delay type                Incr(ns)  Path(ns)    Netlist Resource(s)
  -------------------------------------------------------------------    -------------------
                         (clock clk_fpga_0 rise edge)
                                                      0.000     0.000 r  
    PS7_X0Y0             PS7                          0.000     0.000 r  design_1_i/cg_fpga_0/inst/processing_system7_0/inst/PS7_i/FCLKCLK[0]
                         net (fo=1, routed)           0.310     0.310    design_1_i/cg_fpga_0/inst/processing_system7_0/inst/FCLK_CLK_unbuffered[0]
    BUFGCTRL_X0Y16       BUFG (Prop_bufg_I_O)         0.026     0.336 r  design_1_i/cg_fpga_0/inst/processing_system7_0/inst/buffer_fclk_clk_0.FCLK_CLK_0_BUFG/O
                         net (fo=6956, routed)        0.543     0.879    design_1_i/cg_fpga_0/inst/cg_fpga_axi_gpio_i1/U0/s_axi_aclk
    SLICE_X50Y79         FDRE                                         r  design_1_i/cg_fpga_0/inst/cg_fpga_axi_gpio_i1/U0/ip2bus_data_i_D1_reg[22]/C
  -------------------------------------------------------------------    -------------------
    SLICE_X50Y79         FDRE (Prop_fdre_C_Q)         0.164     1.043 r  design_1_i/cg_fpga_0/inst/cg_fpga_axi_gpio_i1/U0/ip2bus_data_i_D1_reg[22]/Q
                         net (fo=1, routed)           0.221     1.263    design_1_i/cg_fpga_0/inst/cg_fpga_axi_gpio_i1/U0/AXI_LITE_IPIF_I/I_SLAVE_ATTACHMENT/s_axi_rdata_i_reg[31]_0[9]
    SLICE_X44Y78         FDRE                                         r  design_1_i/cg_fpga_0/inst/cg_fpga_axi_gpio_i1/U0/AXI_LITE_IPIF_I/I_SLAVE_ATTACHMENT/s_axi_rdata_i_reg[9]/D
  -------------------------------------------------------------------    -------------------

                         (clock clk_fpga_0 rise edge)
                                                      0.000     0.000 r  
    PS7_X0Y0             PS7                          0.000     0.000 r  design_1_i/cg_fpga_0/inst/processing_system7_0/inst/PS7_i/FCLKCLK[0]
                         net (fo=1, routed)           0.337     0.337    design_1_i/cg_fpga_0/inst/processing_system7_0/inst/FCLK_CLK_unbuffered[0]
    BUFGCTRL_X0Y16       BUFG (Prop_bufg_I_O)         0.029     0.366 r  design_1_i/cg_fpga_0/inst/processing_system7_0/inst/buffer_fclk_clk_0.FCLK_CLK_0_BUFG/O
                         net (fo=6956, routed)        0.812     1.178    design_1_i/cg_fpga_0/inst/cg_fpga_axi_gpio_i1/U0/AXI_LITE_IPIF_I/I_SLAVE_ATTACHMENT/s_axi_aclk
    SLICE_X44Y78         FDRE                                         r  design_1_i/cg_fpga_0/inst/cg_fpga_axi_gpio_i1/U0/AXI_LITE_IPIF_I/I_SLAVE_ATTACHMENT/s_axi_rdata_i_reg[9]/C
                         clock pessimism             -0.035     1.143    
    SLICE_X44Y78         FDRE (Hold_fdre_C_D)         0.078     1.221    design_1_i/cg_fpga_0/inst/cg_fpga_axi_gpio_i1/U0/AXI_LITE_IPIF_I/I_SLAVE_ATTACHMENT/s_axi_rdata_i_reg[9]
  -------------------------------------------------------------------
                         required time                         -1.221    
                         arrival time                           1.263    
  -------------------------------------------------------------------
                         slack                                  0.042    

Slack (MET) :             0.043ns  (arrival time - required time)
  Source:                 design_1_i/cg_fpga_0/inst/cg_axi_vdma_0/U0/GEN_SPRT_FOR_MM2S.ADDR32.I_MM2S_DMA_MNGR/I_CMDSTS/s_axis_cmd_tdata_reg[2]/C
                            (rising edge-triggered cell FDRE clocked by clk_fpga_0  {rise@0.000ns fall@5.000ns period=10.000ns})
  Destination:            design_1_i/cg_fpga_0/inst/cg_axi_vdma_0/U0/I_PRMRY_DATAMOVER/GEN_MM2S_FULL.I_MM2S_FULL_WRAPPER/I_CMD_STATUS/I_CMD_FIFO/USE_SRL_FIFO.I_SYNC_FIFO/I_SRL_FIFO_RBU_F/DYNSHREG_F_I/INFERRED_GEN.data_reg[3][65]_srl4/D
                            (rising edge-triggered cell SRL16E clocked by clk_fpga_0  {rise@0.000ns fall@5.000ns period=10.000ns})
  Path Group:             clk_fpga_0
  Path Type:              Hold (Min at Fast Process Corner)
  Requirement:            0.000ns  (clk_fpga_0 rise@0.000ns - clk_fpga_0 rise@0.000ns)
  Data Path Delay:        0.260ns  (logic 0.141ns (54.313%)  route 0.119ns (45.687%))
  Logic Levels:           0  
  Clock Path Skew:        0.034ns (DCD - SCD - CPR)
    Destination Clock Delay (DCD):    1.190ns
    Source Clock Delay      (SCD):    0.892ns
    Clock Pessimism Removal (CPR):    0.264ns

    Location             Delay type                Incr(ns)  Path(ns)    Netlist Resource(s)
  -------------------------------------------------------------------    -------------------
                         (clock clk_fpga_0 rise edge)
                                                      0.000     0.000 r  
    PS7_X0Y0             PS7                          0.000     0.000 r  design_1_i/cg_fpga_0/inst/processing_system7_0/inst/PS7_i/FCLKCLK[0]
                         net (fo=1, routed)           0.310     0.310    design_1_i/cg_fpga_0/inst/processing_system7_0/inst/FCLK_CLK_unbuffered[0]
    BUFGCTRL_X0Y16       BUFG (Prop_bufg_I_O)         0.026     0.336 r  design_1_i/cg_fpga_0/inst/processing_system7_0/inst/buffer_fclk_clk_0.FCLK_CLK_0_BUFG/O
                         net (fo=6956, routed)        0.556     0.892    design_1_i/cg_fpga_0/inst/cg_axi_vdma_0/U0/GEN_SPRT_FOR_MM2S.ADDR32.I_MM2S_DMA_MNGR/I_CMDSTS/s_axi_lite_aclk
    SLICE_X44Y55         FDRE                                         r  design_1_i/cg_fpga_0/inst/cg_axi_vdma_0/U0/GEN_SPRT_FOR_MM2S.ADDR32.I_MM2S_DMA_MNGR/I_CMDSTS/s_axis_cmd_tdata_reg[2]/C
  -------------------------------------------------------------------    -------------------
    SLICE_X44Y55         FDRE (Prop_fdre_C_Q)         0.141     1.033 r  design_1_i/cg_fpga_0/inst/cg_axi_vdma_0/U0/GEN_SPRT_FOR_MM2S.ADDR32.I_MM2S_DMA_MNGR/I_CMDSTS/s_axis_cmd_tdata_reg[2]/Q
                         net (fo=1, routed)           0.119     1.151    design_1_i/cg_fpga_0/inst/cg_axi_vdma_0/U0/I_PRMRY_DATAMOVER/GEN_MM2S_FULL.I_MM2S_FULL_WRAPPER/I_CMD_STATUS/I_CMD_FIFO/USE_SRL_FIFO.I_SYNC_FIFO/I_SRL_FIFO_RBU_F/DYNSHREG_F_I/in[2]
    SLICE_X42Y55         SRL16E                                       r  design_1_i/cg_fpga_0/inst/cg_axi_vdma_0/U0/I_PRMRY_DATAMOVER/GEN_MM2S_FULL.I_MM2S_FULL_WRAPPER/I_CMD_STATUS/I_CMD_FIFO/USE_SRL_FIFO.I_SYNC_FIFO/I_SRL_FIFO_RBU_F/DYNSHREG_F_I/INFERRED_GEN.data_reg[3][65]_srl4/D
  -------------------------------------------------------------------    -------------------

                         (clock clk_fpga_0 rise edge)
                                                      0.000     0.000 r  
    PS7_X0Y0             PS7                          0.000     0.000 r  design_1_i/cg_fpga_0/inst/processing_system7_0/inst/PS7_i/FCLKCLK[0]
                         net (fo=1, routed)           0.337     0.337    design_1_i/cg_fpga_0/inst/processing_system7_0/inst/FCLK_CLK_unbuffered[0]
    BUFGCTRL_X0Y16       BUFG (Prop_bufg_I_O)         0.029     0.366 r  design_1_i/cg_fpga_0/inst/processing_system7_0/inst/buffer_fclk_clk_0.FCLK_CLK_0_BUFG/O
                         net (fo=6956, routed)        0.824     1.190    design_1_i/cg_fpga_0/inst/cg_axi_vdma_0/U0/I_PRMRY_DATAMOVER/GEN_MM2S_FULL.I_MM2S_FULL_WRAPPER/I_CMD_STATUS/I_CMD_FIFO/USE_SRL_FIFO.I_SYNC_FIFO/I_SRL_FIFO_RBU_F/DYNSHREG_F_I/s_axi_lite_aclk
    SLICE_X42Y55         SRL16E                                       r  design_1_i/cg_fpga_0/inst/cg_axi_vdma_0/U0/I_PRMRY_DATAMOVER/GEN_MM2S_FULL.I_MM2S_FULL_WRAPPER/I_CMD_STATUS/I_CMD_FIFO/USE_SRL_FIFO.I_SYNC_FIFO/I_SRL_FIFO_RBU_F/DYNSHREG_F_I/INFERRED_GEN.data_reg[3][65]_srl4/CLK
                         clock pessimism             -0.264     0.926    
    SLICE_X42Y55         SRL16E (Hold_srl16e_CLK_D)
                                                      0.183     1.109    design_1_i/cg_fpga_0/inst/cg_axi_vdma_0/U0/I_PRMRY_DATAMOVER/GEN_MM2S_FULL.I_MM2S_FULL_WRAPPER/I_CMD_STATUS/I_CMD_FIFO/USE_SRL_FIFO.I_SYNC_FIFO/I_SRL_FIFO_RBU_F/DYNSHREG_F_I/INFERRED_GEN.data_reg[3][65]_srl4
  -------------------------------------------------------------------
                         required time                         -1.109    
                         arrival time                           1.151    
  -------------------------------------------------------------------
                         slack                                  0.043    





Pulse Width Checks
--------------------------------------------------------------------------------------
Clock Name:         clk_fpga_0
Waveform(ns):       { 0.000 5.000 }
Period(ns):         10.000
Sources:            { design_1_i/cg_fpga_0/inst/processing_system7_0/inst/PS7_i/FCLKCLK[0] }

Check Type        Corner  Lib Pin             Reference Pin  Required(ns)  Actual(ns)  Slack(ns)  Location      Pin
Min Period        n/a     RAMB18E1/CLKARDCLK  n/a            2.944         10.000      7.056      RAMB18_X1Y16  design_1_i/cg_fpga_0/inst/cg_axi_vdma_0/U0/GEN_SPRT_FOR_MM2S.MM2S_LINEBUFFER_I/GEN_LINEBUF_NO_SOF.GEN_LINEBUFFER.GEN_SYNC_FIFO.I_LINEBUFFER_FIFO/xpm_fifo_sync_inst/xpm_fifo_base_inst/gen_sdpram.xpm_memory_base_inst/gen_wr_a.gen_word_narrow.mem_reg/CLKARDCLK
Min Period        n/a     RAMB18E1/CLKBWRCLK  n/a            2.944         10.000      7.056      RAMB18_X1Y16  design_1_i/cg_fpga_0/inst/cg_axi_vdma_0/U0/GEN_SPRT_FOR_MM2S.MM2S_LINEBUFFER_I/GEN_LINEBUF_NO_SOF.GEN_LINEBUFFER.GEN_SYNC_FIFO.I_LINEBUFFER_FIFO/xpm_fifo_sync_inst/xpm_fifo_base_inst/gen_sdpram.xpm_memory_base_inst/gen_wr_a.gen_word_narrow.mem_reg/CLKBWRCLK
Min Period        n/a     RAMB36E1/CLKARDCLK  n/a            2.944         10.000      7.056      RAMB36_X1Y5   design_1_i/cg_fpga_0/inst/cg_axi_vdma_0/U0/GEN_SPRT_FOR_S2MM.S2MM_LINEBUFFER_I/GEN_S2MM_FLUSH_SOF_LOGIC.GEN_LINEBUFFER_FLUSH_SOF.GEN_SYNC_FIFO_FLUSH_SOF.I_LINEBUFFER_FIFO/xpm_fifo_sync_inst/xpm_fifo_base_inst/gen_sdpram.xpm_memory_base_inst/gen_wr_a.gen_word_narrow.mem_reg/CLKARDCLK
Min Period        n/a     RAMB36E1/CLKBWRCLK  n/a            2.944         10.000      7.056      RAMB36_X1Y5   design_1_i/cg_fpga_0/inst/cg_axi_vdma_0/U0/GEN_SPRT_FOR_S2MM.S2MM_LINEBUFFER_I/GEN_S2MM_FLUSH_SOF_LOGIC.GEN_LINEBUFFER_FLUSH_SOF.GEN_SYNC_FIFO_FLUSH_SOF.I_LINEBUFFER_FIFO/xpm_fifo_sync_inst/xpm_fifo_base_inst/gen_sdpram.xpm_memory_base_inst/gen_wr_a.gen_word_narrow.mem_reg/CLKBWRCLK
Min Period        n/a     RAMB36E1/CLKARDCLK  n/a            2.576         10.000      7.424      RAMB36_X1Y9   design_1_i/cg_fpga_0/inst/cg_axi_vdma_0/U0/I_PRMRY_DATAMOVER/GEN_MM2S_FULL.I_MM2S_FULL_WRAPPER/GEN_INCLUDE_MM2S_SF.I_RD_SF/I_DATA_FIFO/BLK_MEM.I_SYNC_FIFOGEN_FIFO/xpm_fifo_instance.xpm_fifo_sync_inst/xpm_fifo_base_inst/gen_sdpram.xpm_memory_base_inst/gen_wr_a.gen_word_narrow.mem_reg/CLKARDCLK
Min Period        n/a     RAMB36E1/CLKBWRCLK  n/a            2.576         10.000      7.424      RAMB36_X1Y9   design_1_i/cg_fpga_0/inst/cg_axi_vdma_0/U0/I_PRMRY_DATAMOVER/GEN_MM2S_FULL.I_MM2S_FULL_WRAPPER/GEN_INCLUDE_MM2S_SF.I_RD_SF/I_DATA_FIFO/BLK_MEM.I_SYNC_FIFOGEN_FIFO/xpm_fifo_instance.xpm_fifo_sync_inst/xpm_fifo_base_inst/gen_sdpram.xpm_memory_base_inst/gen_wr_a.gen_word_narrow.mem_reg/CLKBWRCLK
Min Period        n/a     RAMB36E1/CLKARDCLK  n/a            2.576         10.000      7.424      RAMB36_X0Y7   design_1_i/cg_fpga_0/inst/cg_axi_vdma_0/U0/I_PRMRY_DATAMOVER/GEN_S2MM_FULL.I_S2MM_FULL_WRAPPER/GEN_ENABLE_INDET_BTT_SF.I_INDET_BTT/I_DATA_FIFO/BLK_MEM.I_SYNC_FIFOGEN_FIFO/xpm_fifo_instance.xpm_fifo_sync_inst/xpm_fifo_base_inst/gen_sdpram.xpm_memory_base_inst/gen_wr_a.gen_word_narrow.mem_reg_0/CLKARDCLK
Min Period        n/a     RAMB36E1/CLKBWRCLK  n/a            2.576         10.000      7.424      RAMB36_X0Y7   design_1_i/cg_fpga_0/inst/cg_axi_vdma_0/U0/I_PRMRY_DATAMOVER/GEN_S2MM_FULL.I_S2MM_FULL_WRAPPER/GEN_ENABLE_INDET_BTT_SF.I_INDET_BTT/I_DATA_FIFO/BLK_MEM.I_SYNC_FIFOGEN_FIFO/xpm_fifo_instance.xpm_fifo_sync_inst/xpm_fifo_base_inst/gen_sdpram.xpm_memory_base_inst/gen_wr_a.gen_word_narrow.mem_reg_0/CLKBWRCLK
Min Period        n/a     RAMB18E1/CLKARDCLK  n/a            2.576         10.000      7.424      RAMB18_X0Y12  design_1_i/cg_fpga_0/inst/cg_axi_vdma_0/U0/I_PRMRY_DATAMOVER/GEN_S2MM_FULL.I_S2MM_FULL_WRAPPER/GEN_ENABLE_INDET_BTT_SF.I_INDET_BTT/I_DATA_FIFO/BLK_MEM.I_SYNC_FIFOGEN_FIFO/xpm_fifo_instance.xpm_fifo_sync_inst/xpm_fifo_base_inst/gen_sdpram.xpm_memory_base_inst/gen_wr_a.gen_word_narrow.mem_reg_1/CLKARDCLK
Min Period        n/a     RAMB18E1/CLKBWRCLK  n/a            2.576         10.000      7.424      RAMB18_X0Y12  design_1_i/cg_fpga_0/inst/cg_axi_vdma_0/U0/I_PRMRY_DATAMOVER/GEN_S2MM_FULL.I_S2MM_FULL_WRAPPER/GEN_ENABLE_INDET_BTT_SF.I_INDET_BTT/I_DATA_FIFO/BLK_MEM.I_SYNC_FIFOGEN_FIFO/xpm_fifo_instance.xpm_fifo_sync_inst/xpm_fifo_base_inst/gen_sdpram.xpm_memory_base_inst/gen_wr_a.gen_word_narrow.mem_reg_1/CLKBWRCLK
Low Pulse Width   Slow    RAMD32/CLK          n/a            1.250         5.000       3.750      SLICE_X30Y66  <hidden>
Low Pulse Width   Fast    RAMD32/CLK          n/a            1.250         5.000       3.750      SLICE_X30Y66  <hidden>
Low Pulse Width   Slow    RAMD32/CLK          n/a            1.250         5.000       3.750      SLICE_X30Y66  <hidden>
Low Pulse Width   Fast    RAMD32/CLK          n/a            1.250         5.000       3.750      SLICE_X30Y66  <hidden>
Low Pulse Width   Slow    RAMD32/CLK          n/a            1.250         5.000       3.750      SLICE_X30Y66  <hidden>
Low Pulse Width   Fast    RAMD32/CLK          n/a            1.250         5.000       3.750      SLICE_X30Y66  <hidden>
Low Pulse Width   Slow    RAMD32/CLK          n/a            1.250         5.000       3.750      SLICE_X30Y66  <hidden>
Low Pulse Width   Fast    RAMD32/CLK          n/a            1.250         5.000       3.750      SLICE_X30Y66  <hidden>
Low Pulse Width   Slow    RAMD32/CLK          n/a            1.250         5.000       3.750      SLICE_X30Y66  <hidden>
Low Pulse Width   Fast    RAMD32/CLK          n/a            1.250         5.000       3.750      SLICE_X30Y66  <hidden>
High Pulse Width  Slow    RAMD32/CLK          n/a            1.250         5.000       3.750      SLICE_X30Y66  <hidden>
High Pulse Width  Fast    RAMD32/CLK          n/a            1.250         5.000       3.750      SLICE_X30Y66  <hidden>
High Pulse Width  Slow    RAMD32/CLK          n/a            1.250         5.000       3.750      SLICE_X30Y66  <hidden>
High Pulse Width  Fast    RAMD32/CLK          n/a            1.250         5.000       3.750      SLICE_X30Y66  <hidden>
High Pulse Width  Slow    RAMD32/CLK          n/a            1.250         5.000       3.750      SLICE_X30Y66  <hidden>
High Pulse Width  Fast    RAMD32/CLK          n/a            1.250         5.000       3.750      SLICE_X30Y66  <hidden>
High Pulse Width  Slow    RAMD32/CLK          n/a            1.250         5.000       3.750      SLICE_X30Y66  <hidden>
High Pulse Width  Fast    RAMD32/CLK          n/a            1.250         5.000       3.750      SLICE_X30Y66  <hidden>
High Pulse Width  Slow    RAMD32/CLK          n/a            1.250         5.000       3.750      SLICE_X30Y66  <hidden>
High Pulse Width  Fast    RAMD32/CLK          n/a            1.250         5.000       3.750      SLICE_X30Y66  <hidden>



---------------------------------------------------------------------------------------------------
Path Group:  **async_default**
From Clock:  clk_fpga_0
  To Clock:  clk_fpga_0

Setup :            0  Failing Endpoints,  Worst Slack        6.792ns,  Total Violation        0.000ns
Hold  :            0  Failing Endpoints,  Worst Slack        0.609ns,  Total Violation        0.000ns
---------------------------------------------------------------------------------------------------


Max Delay Paths
--------------------------------------------------------------------------------------
Slack (MET) :             6.792ns  (required time - arrival time)
  Source:                 <hidden>
                            (rising edge-triggered cell FDPE clocked by clk_fpga_0  {rise@0.000ns fall@5.000ns period=10.000ns})
  Destination:            <hidden>
                            (recovery check against rising-edge clock clk_fpga_0  {rise@0.000ns fall@5.000ns period=10.000ns})
  Path Group:             **async_default**
  Path Type:              Recovery (Max at Slow Process Corner)
  Requirement:            10.000ns  (clk_fpga_0 rise@10.000ns - clk_fpga_0 rise@0.000ns)
  Data Path Delay:        2.591ns  (logic 0.718ns (27.712%)  route 1.873ns (72.288%))
  Logic Levels:           1  (LUT3=1)
  Clock Path Skew:        -0.058ns (DCD - SCD + CPR)
    Destination Clock Delay (DCD):    2.693ns = ( 12.693 - 10.000 ) 
    Source Clock Delay      (SCD):    2.980ns
    Clock Pessimism Removal (CPR):    0.229ns
  Clock Uncertainty:      0.154ns  ((TSJ^2 + TIJ^2)^1/2 + DJ) / 2 + PE
    Total System Jitter     (TSJ):    0.071ns
    Total Input Jitter      (TIJ):    0.300ns
    Discrete Jitter          (DJ):    0.000ns
    Phase Error              (PE):    0.000ns

    Location             Delay type                Incr(ns)  Path(ns)    Netlist Resource(s)
  -------------------------------------------------------------------    -------------------
                         (clock clk_fpga_0 rise edge)
                                                      0.000     0.000 r  
    PS7_X0Y0             PS7                          0.000     0.000 r  design_1_i/cg_fpga_0/inst/processing_system7_0/inst/PS7_i/FCLKCLK[0]
                         net (fo=1, routed)           1.193     1.193    design_1_i/cg_fpga_0/inst/processing_system7_0/inst/FCLK_CLK_unbuffered[0]
    BUFGCTRL_X0Y16       BUFG (Prop_bufg_I_O)         0.101     1.294 r  design_1_i/cg_fpga_0/inst/processing_system7_0/inst/buffer_fclk_clk_0.FCLK_CLK_0_BUFG/O
                         net (fo=6956, routed)        1.686     2.980    <hidden>
    SLICE_X27Y67         FDPE                                         r  <hidden>
  -------------------------------------------------------------------    -------------------
    SLICE_X27Y67         FDPE (Prop_fdpe_C_Q)         0.419     3.399 f  <hidden>
                         net (fo=2, routed)           0.725     4.124    <hidden>
    SLICE_X26Y67         LUT3 (Prop_lut3_I2_O)        0.299     4.423 f  <hidden>
                         net (fo=32, routed)          1.148     5.571    <hidden>
    SLICE_X31Y70         FDCE                                         f  <hidden>
  -------------------------------------------------------------------    -------------------

                         (clock clk_fpga_0 rise edge)
                                                     10.000    10.000 r  
    PS7_X0Y0             PS7                          0.000    10.000 r  design_1_i/cg_fpga_0/inst/processing_system7_0/inst/PS7_i/FCLKCLK[0]
                         net (fo=1, routed)           1.088    11.088    design_1_i/cg_fpga_0/inst/processing_system7_0/inst/FCLK_CLK_unbuffered[0]
    BUFGCTRL_X0Y16       BUFG (Prop_bufg_I_O)         0.091    11.179 r  design_1_i/cg_fpga_0/inst/processing_system7_0/inst/buffer_fclk_clk_0.FCLK_CLK_0_BUFG/O
                         net (fo=6956, routed)        1.514    12.693    <hidden>
    SLICE_X31Y70         FDCE                                         r  <hidden>
                         clock pessimism              0.229    12.922    
                         clock uncertainty           -0.154    12.768    
    SLICE_X31Y70         FDCE (Recov_fdce_C_CLR)     -0.405    12.363    <hidden>
  -------------------------------------------------------------------
                         required time                         12.363    
                         arrival time                          -5.571    
  -------------------------------------------------------------------
                         slack                                  6.792    

Slack (MET) :             6.792ns  (required time - arrival time)
  Source:                 <hidden>
                            (rising edge-triggered cell FDPE clocked by clk_fpga_0  {rise@0.000ns fall@5.000ns period=10.000ns})
  Destination:            <hidden>
                            (recovery check against rising-edge clock clk_fpga_0  {rise@0.000ns fall@5.000ns period=10.000ns})
  Path Group:             **async_default**
  Path Type:              Recovery (Max at Slow Process Corner)
  Requirement:            10.000ns  (clk_fpga_0 rise@10.000ns - clk_fpga_0 rise@0.000ns)
  Data Path Delay:        2.591ns  (logic 0.718ns (27.712%)  route 1.873ns (72.288%))
  Logic Levels:           1  (LUT3=1)
  Clock Path Skew:        -0.058ns (DCD - SCD + CPR)
    Destination Clock Delay (DCD):    2.693ns = ( 12.693 - 10.000 ) 
    Source Clock Delay      (SCD):    2.980ns
    Clock Pessimism Removal (CPR):    0.229ns
  Clock Uncertainty:      0.154ns  ((TSJ^2 + TIJ^2)^1/2 + DJ) / 2 + PE
    Total System Jitter     (TSJ):    0.071ns
    Total Input Jitter      (TIJ):    0.300ns
    Discrete Jitter          (DJ):    0.000ns
    Phase Error              (PE):    0.000ns

    Location             Delay type                Incr(ns)  Path(ns)    Netlist Resource(s)
  -------------------------------------------------------------------    -------------------
                         (clock clk_fpga_0 rise edge)
                                                      0.000     0.000 r  
    PS7_X0Y0             PS7                          0.000     0.000 r  design_1_i/cg_fpga_0/inst/processing_system7_0/inst/PS7_i/FCLKCLK[0]
                         net (fo=1, routed)           1.193     1.193    design_1_i/cg_fpga_0/inst/processing_system7_0/inst/FCLK_CLK_unbuffered[0]
    BUFGCTRL_X0Y16       BUFG (Prop_bufg_I_O)         0.101     1.294 r  design_1_i/cg_fpga_0/inst/processing_system7_0/inst/buffer_fclk_clk_0.FCLK_CLK_0_BUFG/O
                         net (fo=6956, routed)        1.686     2.980    <hidden>
    SLICE_X27Y67         FDPE                                         r  <hidden>
  -------------------------------------------------------------------    -------------------
    SLICE_X27Y67         FDPE (Prop_fdpe_C_Q)         0.419     3.399 f  <hidden>
                         net (fo=2, routed)           0.725     4.124    <hidden>
    SLICE_X26Y67         LUT3 (Prop_lut3_I2_O)        0.299     4.423 f  <hidden>
                         net (fo=32, routed)          1.148     5.571    <hidden>
    SLICE_X31Y70         FDCE                                         f  <hidden>
  -------------------------------------------------------------------    -------------------

                         (clock clk_fpga_0 rise edge)
                                                     10.000    10.000 r  
    PS7_X0Y0             PS7                          0.000    10.000 r  design_1_i/cg_fpga_0/inst/processing_system7_0/inst/PS7_i/FCLKCLK[0]
                         net (fo=1, routed)           1.088    11.088    design_1_i/cg_fpga_0/inst/processing_system7_0/inst/FCLK_CLK_unbuffered[0]
    BUFGCTRL_X0Y16       BUFG (Prop_bufg_I_O)         0.091    11.179 r  design_1_i/cg_fpga_0/inst/processing_system7_0/inst/buffer_fclk_clk_0.FCLK_CLK_0_BUFG/O
                         net (fo=6956, routed)        1.514    12.693    <hidden>
    SLICE_X31Y70         FDCE                                         r  <hidden>
                         clock pessimism              0.229    12.922    
                         clock uncertainty           -0.154    12.768    
    SLICE_X31Y70         FDCE (Recov_fdce_C_CLR)     -0.405    12.363    <hidden>
  -------------------------------------------------------------------
                         required time                         12.363    
                         arrival time                          -5.571    
  -------------------------------------------------------------------
                         slack                                  6.792    

Slack (MET) :             6.836ns  (required time - arrival time)
  Source:                 <hidden>
                            (rising edge-triggered cell FDPE clocked by clk_fpga_0  {rise@0.000ns fall@5.000ns period=10.000ns})
  Destination:            <hidden>
                            (recovery check against rising-edge clock clk_fpga_0  {rise@0.000ns fall@5.000ns period=10.000ns})
  Path Group:             **async_default**
  Path Type:              Recovery (Max at Slow Process Corner)
  Requirement:            10.000ns  (clk_fpga_0 rise@10.000ns - clk_fpga_0 rise@0.000ns)
  Data Path Delay:        2.591ns  (logic 0.718ns (27.712%)  route 1.873ns (72.288%))
  Logic Levels:           1  (LUT3=1)
  Clock Path Skew:        -0.058ns (DCD - SCD + CPR)
    Destination Clock Delay (DCD):    2.693ns = ( 12.693 - 10.000 ) 
    Source Clock Delay      (SCD):    2.980ns
    Clock Pessimism Removal (CPR):    0.229ns
  Clock Uncertainty:      0.154ns  ((TSJ^2 + TIJ^2)^1/2 + DJ) / 2 + PE
    Total System Jitter     (TSJ):    0.071ns
    Total Input Jitter      (TIJ):    0.300ns
    Discrete Jitter          (DJ):    0.000ns
    Phase Error              (PE):    0.000ns

    Location             Delay type                Incr(ns)  Path(ns)    Netlist Resource(s)
  -------------------------------------------------------------------    -------------------
                         (clock clk_fpga_0 rise edge)
                                                      0.000     0.000 r  
    PS7_X0Y0             PS7                          0.000     0.000 r  design_1_i/cg_fpga_0/inst/processing_system7_0/inst/PS7_i/FCLKCLK[0]
                         net (fo=1, routed)           1.193     1.193    design_1_i/cg_fpga_0/inst/processing_system7_0/inst/FCLK_CLK_unbuffered[0]
    BUFGCTRL_X0Y16       BUFG (Prop_bufg_I_O)         0.101     1.294 r  design_1_i/cg_fpga_0/inst/processing_system7_0/inst/buffer_fclk_clk_0.FCLK_CLK_0_BUFG/O
                         net (fo=6956, routed)        1.686     2.980    <hidden>
    SLICE_X27Y67         FDPE                                         r  <hidden>
  -------------------------------------------------------------------    -------------------
    SLICE_X27Y67         FDPE (Prop_fdpe_C_Q)         0.419     3.399 f  <hidden>
                         net (fo=2, routed)           0.725     4.124    <hidden>
    SLICE_X26Y67         LUT3 (Prop_lut3_I2_O)        0.299     4.423 f  <hidden>
                         net (fo=32, routed)          1.148     5.571    <hidden>
    SLICE_X30Y70         FDCE                                         f  <hidden>
  -------------------------------------------------------------------    -------------------

                         (clock clk_fpga_0 rise edge)
                                                     10.000    10.000 r  
    PS7_X0Y0             PS7                          0.000    10.000 r  design_1_i/cg_fpga_0/inst/processing_system7_0/inst/PS7_i/FCLKCLK[0]
                         net (fo=1, routed)           1.088    11.088    design_1_i/cg_fpga_0/inst/processing_system7_0/inst/FCLK_CLK_unbuffered[0]
    BUFGCTRL_X0Y16       BUFG (Prop_bufg_I_O)         0.091    11.179 r  design_1_i/cg_fpga_0/inst/processing_system7_0/inst/buffer_fclk_clk_0.FCLK_CLK_0_BUFG/O
                         net (fo=6956, routed)        1.514    12.693    <hidden>
    SLICE_X30Y70         FDCE                                         r  <hidden>
                         clock pessimism              0.229    12.922    
                         clock uncertainty           -0.154    12.768    
    SLICE_X30Y70         FDCE (Recov_fdce_C_CLR)     -0.361    12.407    <hidden>
  -------------------------------------------------------------------
                         required time                         12.407    
                         arrival time                          -5.571    
  -------------------------------------------------------------------
                         slack                                  6.836    

Slack (MET) :             6.836ns  (required time - arrival time)
  Source:                 <hidden>
                            (rising edge-triggered cell FDPE clocked by clk_fpga_0  {rise@0.000ns fall@5.000ns period=10.000ns})
  Destination:            <hidden>
                            (recovery check against rising-edge clock clk_fpga_0  {rise@0.000ns fall@5.000ns period=10.000ns})
  Path Group:             **async_default**
  Path Type:              Recovery (Max at Slow Process Corner)
  Requirement:            10.000ns  (clk_fpga_0 rise@10.000ns - clk_fpga_0 rise@0.000ns)
  Data Path Delay:        2.591ns  (logic 0.718ns (27.712%)  route 1.873ns (72.288%))
  Logic Levels:           1  (LUT3=1)
  Clock Path Skew:        -0.058ns (DCD - SCD + CPR)
    Destination Clock Delay (DCD):    2.693ns = ( 12.693 - 10.000 ) 
    Source Clock Delay      (SCD):    2.980ns
    Clock Pessimism Removal (CPR):    0.229ns
  Clock Uncertainty:      0.154ns  ((TSJ^2 + TIJ^2)^1/2 + DJ) / 2 + PE
    Total System Jitter     (TSJ):    0.071ns
    Total Input Jitter      (TIJ):    0.300ns
    Discrete Jitter          (DJ):    0.000ns
    Phase Error              (PE):    0.000ns

    Location             Delay type                Incr(ns)  Path(ns)    Netlist Resource(s)
  -------------------------------------------------------------------    -------------------
                         (clock clk_fpga_0 rise edge)
                                                      0.000     0.000 r  
    PS7_X0Y0             PS7                          0.000     0.000 r  design_1_i/cg_fpga_0/inst/processing_system7_0/inst/PS7_i/FCLKCLK[0]
                         net (fo=1, routed)           1.193     1.193    design_1_i/cg_fpga_0/inst/processing_system7_0/inst/FCLK_CLK_unbuffered[0]
    BUFGCTRL_X0Y16       BUFG (Prop_bufg_I_O)         0.101     1.294 r  design_1_i/cg_fpga_0/inst/processing_system7_0/inst/buffer_fclk_clk_0.FCLK_CLK_0_BUFG/O
                         net (fo=6956, routed)        1.686     2.980    <hidden>
    SLICE_X27Y67         FDPE                                         r  <hidden>
  -------------------------------------------------------------------    -------------------
    SLICE_X27Y67         FDPE (Prop_fdpe_C_Q)         0.419     3.399 f  <hidden>
                         net (fo=2, routed)           0.725     4.124    <hidden>
    SLICE_X26Y67         LUT3 (Prop_lut3_I2_O)        0.299     4.423 f  <hidden>
                         net (fo=32, routed)          1.148     5.571    <hidden>
    SLICE_X30Y70         FDCE                                         f  <hidden>
  -------------------------------------------------------------------    -------------------

                         (clock clk_fpga_0 rise edge)
                                                     10.000    10.000 r  
    PS7_X0Y0             PS7                          0.000    10.000 r  design_1_i/cg_fpga_0/inst/processing_system7_0/inst/PS7_i/FCLKCLK[0]
                         net (fo=1, routed)           1.088    11.088    design_1_i/cg_fpga_0/inst/processing_system7_0/inst/FCLK_CLK_unbuffered[0]
    BUFGCTRL_X0Y16       BUFG (Prop_bufg_I_O)         0.091    11.179 r  design_1_i/cg_fpga_0/inst/processing_system7_0/inst/buffer_fclk_clk_0.FCLK_CLK_0_BUFG/O
                         net (fo=6956, routed)        1.514    12.693    <hidden>
    SLICE_X30Y70         FDCE                                         r  <hidden>
                         clock pessimism              0.229    12.922    
                         clock uncertainty           -0.154    12.768    
    SLICE_X30Y70         FDCE (Recov_fdce_C_CLR)     -0.361    12.407    <hidden>
  -------------------------------------------------------------------
                         required time                         12.407    
                         arrival time                          -5.571    
  -------------------------------------------------------------------
                         slack                                  6.836    

Slack (MET) :             6.878ns  (required time - arrival time)
  Source:                 <hidden>
                            (rising edge-triggered cell FDPE clocked by clk_fpga_0  {rise@0.000ns fall@5.000ns period=10.000ns})
  Destination:            <hidden>
                            (recovery check against rising-edge clock clk_fpga_0  {rise@0.000ns fall@5.000ns period=10.000ns})
  Path Group:             **async_default**
  Path Type:              Recovery (Max at Slow Process Corner)
  Requirement:            10.000ns  (clk_fpga_0 rise@10.000ns - clk_fpga_0 rise@0.000ns)
  Data Path Delay:        2.591ns  (logic 0.718ns (27.712%)  route 1.873ns (72.288%))
  Logic Levels:           1  (LUT3=1)
  Clock Path Skew:        -0.058ns (DCD - SCD + CPR)
    Destination Clock Delay (DCD):    2.693ns = ( 12.693 - 10.000 ) 
    Source Clock Delay      (SCD):    2.980ns
    Clock Pessimism Removal (CPR):    0.229ns
  Clock Uncertainty:      0.154ns  ((TSJ^2 + TIJ^2)^1/2 + DJ) / 2 + PE
    Total System Jitter     (TSJ):    0.071ns
    Total Input Jitter      (TIJ):    0.300ns
    Discrete Jitter          (DJ):    0.000ns
    Phase Error              (PE):    0.000ns

    Location             Delay type                Incr(ns)  Path(ns)    Netlist Resource(s)
  -------------------------------------------------------------------    -------------------
                         (clock clk_fpga_0 rise edge)
                                                      0.000     0.000 r  
    PS7_X0Y0             PS7                          0.000     0.000 r  design_1_i/cg_fpga_0/inst/processing_system7_0/inst/PS7_i/FCLKCLK[0]
                         net (fo=1, routed)           1.193     1.193    design_1_i/cg_fpga_0/inst/processing_system7_0/inst/FCLK_CLK_unbuffered[0]
    BUFGCTRL_X0Y16       BUFG (Prop_bufg_I_O)         0.101     1.294 r  design_1_i/cg_fpga_0/inst/processing_system7_0/inst/buffer_fclk_clk_0.FCLK_CLK_0_BUFG/O
                         net (fo=6956, routed)        1.686     2.980    <hidden>
    SLICE_X27Y67         FDPE                                         r  <hidden>
  -------------------------------------------------------------------    -------------------
    SLICE_X27Y67         FDPE (Prop_fdpe_C_Q)         0.419     3.399 f  <hidden>
                         net (fo=2, routed)           0.725     4.124    <hidden>
    SLICE_X26Y67         LUT3 (Prop_lut3_I2_O)        0.299     4.423 f  <hidden>
                         net (fo=32, routed)          1.148     5.571    <hidden>
    SLICE_X30Y70         FDCE                                         f  <hidden>
  -------------------------------------------------------------------    -------------------

                         (clock clk_fpga_0 rise edge)
                                                     10.000    10.000 r  
    PS7_X0Y0             PS7                          0.000    10.000 r  design_1_i/cg_fpga_0/inst/processing_system7_0/inst/PS7_i/FCLKCLK[0]
                         net (fo=1, routed)           1.088    11.088    design_1_i/cg_fpga_0/inst/processing_system7_0/inst/FCLK_CLK_unbuffered[0]
    BUFGCTRL_X0Y16       BUFG (Prop_bufg_I_O)         0.091    11.179 r  design_1_i/cg_fpga_0/inst/processing_system7_0/inst/buffer_fclk_clk_0.FCLK_CLK_0_BUFG/O
                         net (fo=6956, routed)        1.514    12.693    <hidden>
    SLICE_X30Y70         FDCE                                         r  <hidden>
                         clock pessimism              0.229    12.922    
                         clock uncertainty           -0.154    12.768    
    SLICE_X30Y70         FDCE (Recov_fdce_C_CLR)     -0.319    12.449    <hidden>
  -------------------------------------------------------------------
                         required time                         12.449    
                         arrival time                          -5.571    
  -------------------------------------------------------------------
                         slack                                  6.878    

Slack (MET) :             6.878ns  (required time - arrival time)
  Source:                 <hidden>
                            (rising edge-triggered cell FDPE clocked by clk_fpga_0  {rise@0.000ns fall@5.000ns period=10.000ns})
  Destination:            <hidden>
                            (recovery check against rising-edge clock clk_fpga_0  {rise@0.000ns fall@5.000ns period=10.000ns})
  Path Group:             **async_default**
  Path Type:              Recovery (Max at Slow Process Corner)
  Requirement:            10.000ns  (clk_fpga_0 rise@10.000ns - clk_fpga_0 rise@0.000ns)
  Data Path Delay:        2.591ns  (logic 0.718ns (27.712%)  route 1.873ns (72.288%))
  Logic Levels:           1  (LUT3=1)
  Clock Path Skew:        -0.058ns (DCD - SCD + CPR)
    Destination Clock Delay (DCD):    2.693ns = ( 12.693 - 10.000 ) 
    Source Clock Delay      (SCD):    2.980ns
    Clock Pessimism Removal (CPR):    0.229ns
  Clock Uncertainty:      0.154ns  ((TSJ^2 + TIJ^2)^1/2 + DJ) / 2 + PE
    Total System Jitter     (TSJ):    0.071ns
    Total Input Jitter      (TIJ):    0.300ns
    Discrete Jitter          (DJ):    0.000ns
    Phase Error              (PE):    0.000ns

    Location             Delay type                Incr(ns)  Path(ns)    Netlist Resource(s)
  -------------------------------------------------------------------    -------------------
                         (clock clk_fpga_0 rise edge)
                                                      0.000     0.000 r  
    PS7_X0Y0             PS7                          0.000     0.000 r  design_1_i/cg_fpga_0/inst/processing_system7_0/inst/PS7_i/FCLKCLK[0]
                         net (fo=1, routed)           1.193     1.193    design_1_i/cg_fpga_0/inst/processing_system7_0/inst/FCLK_CLK_unbuffered[0]
    BUFGCTRL_X0Y16       BUFG (Prop_bufg_I_O)         0.101     1.294 r  design_1_i/cg_fpga_0/inst/processing_system7_0/inst/buffer_fclk_clk_0.FCLK_CLK_0_BUFG/O
                         net (fo=6956, routed)        1.686     2.980    <hidden>
    SLICE_X27Y67         FDPE                                         r  <hidden>
  -------------------------------------------------------------------    -------------------
    SLICE_X27Y67         FDPE (Prop_fdpe_C_Q)         0.419     3.399 f  <hidden>
                         net (fo=2, routed)           0.725     4.124    <hidden>
    SLICE_X26Y67         LUT3 (Prop_lut3_I2_O)        0.299     4.423 f  <hidden>
                         net (fo=32, routed)          1.148     5.571    <hidden>
    SLICE_X30Y70         FDCE                                         f  <hidden>
  -------------------------------------------------------------------    -------------------

                         (clock clk_fpga_0 rise edge)
                                                     10.000    10.000 r  
    PS7_X0Y0             PS7                          0.000    10.000 r  design_1_i/cg_fpga_0/inst/processing_system7_0/inst/PS7_i/FCLKCLK[0]
                         net (fo=1, routed)           1.088    11.088    design_1_i/cg_fpga_0/inst/processing_system7_0/inst/FCLK_CLK_unbuffered[0]
    BUFGCTRL_X0Y16       BUFG (Prop_bufg_I_O)         0.091    11.179 r  design_1_i/cg_fpga_0/inst/processing_system7_0/inst/buffer_fclk_clk_0.FCLK_CLK_0_BUFG/O
                         net (fo=6956, routed)        1.514    12.693    <hidden>
    SLICE_X30Y70         FDCE                                         r  <hidden>
                         clock pessimism              0.229    12.922    
                         clock uncertainty           -0.154    12.768    
    SLICE_X30Y70         FDCE (Recov_fdce_C_CLR)     -0.319    12.449    <hidden>
  -------------------------------------------------------------------
                         required time                         12.449    
                         arrival time                          -5.571    
  -------------------------------------------------------------------
                         slack                                  6.878    

Slack (MET) :             6.905ns  (required time - arrival time)
  Source:                 <hidden>
                            (rising edge-triggered cell FDPE clocked by clk_fpga_0  {rise@0.000ns fall@5.000ns period=10.000ns})
  Destination:            <hidden>
                            (recovery check against rising-edge clock clk_fpga_0  {rise@0.000ns fall@5.000ns period=10.000ns})
  Path Group:             **async_default**
  Path Type:              Recovery (Max at Slow Process Corner)
  Requirement:            10.000ns  (clk_fpga_0 rise@10.000ns - clk_fpga_0 rise@0.000ns)
  Data Path Delay:        2.477ns  (logic 0.718ns (28.983%)  route 1.759ns (71.017%))
  Logic Levels:           1  (LUT3=1)
  Clock Path Skew:        -0.059ns (DCD - SCD + CPR)
    Destination Clock Delay (DCD):    2.692ns = ( 12.692 - 10.000 ) 
    Source Clock Delay      (SCD):    2.980ns
    Clock Pessimism Removal (CPR):    0.229ns
  Clock Uncertainty:      0.154ns  ((TSJ^2 + TIJ^2)^1/2 + DJ) / 2 + PE
    Total System Jitter     (TSJ):    0.071ns
    Total Input Jitter      (TIJ):    0.300ns
    Discrete Jitter          (DJ):    0.000ns
    Phase Error              (PE):    0.000ns

    Location             Delay type                Incr(ns)  Path(ns)    Netlist Resource(s)
  -------------------------------------------------------------------    -------------------
                         (clock clk_fpga_0 rise edge)
                                                      0.000     0.000 r  
    PS7_X0Y0             PS7                          0.000     0.000 r  design_1_i/cg_fpga_0/inst/processing_system7_0/inst/PS7_i/FCLKCLK[0]
                         net (fo=1, routed)           1.193     1.193    design_1_i/cg_fpga_0/inst/processing_system7_0/inst/FCLK_CLK_unbuffered[0]
    BUFGCTRL_X0Y16       BUFG (Prop_bufg_I_O)         0.101     1.294 r  design_1_i/cg_fpga_0/inst/processing_system7_0/inst/buffer_fclk_clk_0.FCLK_CLK_0_BUFG/O
                         net (fo=6956, routed)        1.686     2.980    <hidden>
    SLICE_X27Y67         FDPE                                         r  <hidden>
  -------------------------------------------------------------------    -------------------
    SLICE_X27Y67         FDPE (Prop_fdpe_C_Q)         0.419     3.399 f  <hidden>
                         net (fo=2, routed)           0.725     4.124    <hidden>
    SLICE_X26Y67         LUT3 (Prop_lut3_I2_O)        0.299     4.423 f  <hidden>
                         net (fo=32, routed)          1.034     5.457    <hidden>
    SLICE_X29Y71         FDCE                                         f  <hidden>
  -------------------------------------------------------------------    -------------------

                         (clock clk_fpga_0 rise edge)
                                                     10.000    10.000 r  
    PS7_X0Y0             PS7                          0.000    10.000 r  design_1_i/cg_fpga_0/inst/processing_system7_0/inst/PS7_i/FCLKCLK[0]
                         net (fo=1, routed)           1.088    11.088    design_1_i/cg_fpga_0/inst/processing_system7_0/inst/FCLK_CLK_unbuffered[0]
    BUFGCTRL_X0Y16       BUFG (Prop_bufg_I_O)         0.091    11.179 r  design_1_i/cg_fpga_0/inst/processing_system7_0/inst/buffer_fclk_clk_0.FCLK_CLK_0_BUFG/O
                         net (fo=6956, routed)        1.513    12.692    <hidden>
    SLICE_X29Y71         FDCE                                         r  <hidden>
                         clock pessimism              0.229    12.921    
                         clock uncertainty           -0.154    12.767    
    SLICE_X29Y71         FDCE (Recov_fdce_C_CLR)     -0.405    12.362    <hidden>
  -------------------------------------------------------------------
                         required time                         12.362    
                         arrival time                          -5.457    
  -------------------------------------------------------------------
                         slack                                  6.905    

Slack (MET) :             6.905ns  (required time - arrival time)
  Source:                 <hidden>
                            (rising edge-triggered cell FDPE clocked by clk_fpga_0  {rise@0.000ns fall@5.000ns period=10.000ns})
  Destination:            <hidden>
                            (recovery check against rising-edge clock clk_fpga_0  {rise@0.000ns fall@5.000ns period=10.000ns})
  Path Group:             **async_default**
  Path Type:              Recovery (Max at Slow Process Corner)
  Requirement:            10.000ns  (clk_fpga_0 rise@10.000ns - clk_fpga_0 rise@0.000ns)
  Data Path Delay:        2.477ns  (logic 0.718ns (28.983%)  route 1.759ns (71.017%))
  Logic Levels:           1  (LUT3=1)
  Clock Path Skew:        -0.059ns (DCD - SCD + CPR)
    Destination Clock Delay (DCD):    2.692ns = ( 12.692 - 10.000 ) 
    Source Clock Delay      (SCD):    2.980ns
    Clock Pessimism Removal (CPR):    0.229ns
  Clock Uncertainty:      0.154ns  ((TSJ^2 + TIJ^2)^1/2 + DJ) / 2 + PE
    Total System Jitter     (TSJ):    0.071ns
    Total Input Jitter      (TIJ):    0.300ns
    Discrete Jitter          (DJ):    0.000ns
    Phase Error              (PE):    0.000ns

    Location             Delay type                Incr(ns)  Path(ns)    Netlist Resource(s)
  -------------------------------------------------------------------    -------------------
                         (clock clk_fpga_0 rise edge)
                                                      0.000     0.000 r  
    PS7_X0Y0             PS7                          0.000     0.000 r  design_1_i/cg_fpga_0/inst/processing_system7_0/inst/PS7_i/FCLKCLK[0]
                         net (fo=1, routed)           1.193     1.193    design_1_i/cg_fpga_0/inst/processing_system7_0/inst/FCLK_CLK_unbuffered[0]
    BUFGCTRL_X0Y16       BUFG (Prop_bufg_I_O)         0.101     1.294 r  design_1_i/cg_fpga_0/inst/processing_system7_0/inst/buffer_fclk_clk_0.FCLK_CLK_0_BUFG/O
                         net (fo=6956, routed)        1.686     2.980    <hidden>
    SLICE_X27Y67         FDPE                                         r  <hidden>
  -------------------------------------------------------------------    -------------------
    SLICE_X27Y67         FDPE (Prop_fdpe_C_Q)         0.419     3.399 f  <hidden>
                         net (fo=2, routed)           0.725     4.124    <hidden>
    SLICE_X26Y67         LUT3 (Prop_lut3_I2_O)        0.299     4.423 f  <hidden>
                         net (fo=32, routed)          1.034     5.457    <hidden>
    SLICE_X29Y71         FDCE                                         f  <hidden>
  -------------------------------------------------------------------    -------------------

                         (clock clk_fpga_0 rise edge)
                                                     10.000    10.000 r  
    PS7_X0Y0             PS7                          0.000    10.000 r  design_1_i/cg_fpga_0/inst/processing_system7_0/inst/PS7_i/FCLKCLK[0]
                         net (fo=1, routed)           1.088    11.088    design_1_i/cg_fpga_0/inst/processing_system7_0/inst/FCLK_CLK_unbuffered[0]
    BUFGCTRL_X0Y16       BUFG (Prop_bufg_I_O)         0.091    11.179 r  design_1_i/cg_fpga_0/inst/processing_system7_0/inst/buffer_fclk_clk_0.FCLK_CLK_0_BUFG/O
                         net (fo=6956, routed)        1.513    12.692    <hidden>
    SLICE_X29Y71         FDCE                                         r  <hidden>
                         clock pessimism              0.229    12.921    
                         clock uncertainty           -0.154    12.767    
    SLICE_X29Y71         FDCE (Recov_fdce_C_CLR)     -0.405    12.362    <hidden>
  -------------------------------------------------------------------
                         required time                         12.362    
                         arrival time                          -5.457    
  -------------------------------------------------------------------
                         slack                                  6.905    

Slack (MET) :             6.905ns  (required time - arrival time)
  Source:                 <hidden>
                            (rising edge-triggered cell FDPE clocked by clk_fpga_0  {rise@0.000ns fall@5.000ns period=10.000ns})
  Destination:            <hidden>
                            (recovery check against rising-edge clock clk_fpga_0  {rise@0.000ns fall@5.000ns period=10.000ns})
  Path Group:             **async_default**
  Path Type:              Recovery (Max at Slow Process Corner)
  Requirement:            10.000ns  (clk_fpga_0 rise@10.000ns - clk_fpga_0 rise@0.000ns)
  Data Path Delay:        2.477ns  (logic 0.718ns (28.983%)  route 1.759ns (71.017%))
  Logic Levels:           1  (LUT3=1)
  Clock Path Skew:        -0.059ns (DCD - SCD + CPR)
    Destination Clock Delay (DCD):    2.692ns = ( 12.692 - 10.000 ) 
    Source Clock Delay      (SCD):    2.980ns
    Clock Pessimism Removal (CPR):    0.229ns
  Clock Uncertainty:      0.154ns  ((TSJ^2 + TIJ^2)^1/2 + DJ) / 2 + PE
    Total System Jitter     (TSJ):    0.071ns
    Total Input Jitter      (TIJ):    0.300ns
    Discrete Jitter          (DJ):    0.000ns
    Phase Error              (PE):    0.000ns

    Location             Delay type                Incr(ns)  Path(ns)    Netlist Resource(s)
  -------------------------------------------------------------------    -------------------
                         (clock clk_fpga_0 rise edge)
                                                      0.000     0.000 r  
    PS7_X0Y0             PS7                          0.000     0.000 r  design_1_i/cg_fpga_0/inst/processing_system7_0/inst/PS7_i/FCLKCLK[0]
                         net (fo=1, routed)           1.193     1.193    design_1_i/cg_fpga_0/inst/processing_system7_0/inst/FCLK_CLK_unbuffered[0]
    BUFGCTRL_X0Y16       BUFG (Prop_bufg_I_O)         0.101     1.294 r  design_1_i/cg_fpga_0/inst/processing_system7_0/inst/buffer_fclk_clk_0.FCLK_CLK_0_BUFG/O
                         net (fo=6956, routed)        1.686     2.980    <hidden>
    SLICE_X27Y67         FDPE                                         r  <hidden>
  -------------------------------------------------------------------    -------------------
    SLICE_X27Y67         FDPE (Prop_fdpe_C_Q)         0.419     3.399 f  <hidden>
                         net (fo=2, routed)           0.725     4.124    <hidden>
    SLICE_X26Y67         LUT3 (Prop_lut3_I2_O)        0.299     4.423 f  <hidden>
                         net (fo=32, routed)          1.034     5.457    <hidden>
    SLICE_X29Y71         FDCE                                         f  <hidden>
  -------------------------------------------------------------------    -------------------

                         (clock clk_fpga_0 rise edge)
                                                     10.000    10.000 r  
    PS7_X0Y0             PS7                          0.000    10.000 r  design_1_i/cg_fpga_0/inst/processing_system7_0/inst/PS7_i/FCLKCLK[0]
                         net (fo=1, routed)           1.088    11.088    design_1_i/cg_fpga_0/inst/processing_system7_0/inst/FCLK_CLK_unbuffered[0]
    BUFGCTRL_X0Y16       BUFG (Prop_bufg_I_O)         0.091    11.179 r  design_1_i/cg_fpga_0/inst/processing_system7_0/inst/buffer_fclk_clk_0.FCLK_CLK_0_BUFG/O
                         net (fo=6956, routed)        1.513    12.692    <hidden>
    SLICE_X29Y71         FDCE                                         r  <hidden>
                         clock pessimism              0.229    12.921    
                         clock uncertainty           -0.154    12.767    
    SLICE_X29Y71         FDCE (Recov_fdce_C_CLR)     -0.405    12.362    <hidden>
  -------------------------------------------------------------------
                         required time                         12.362    
                         arrival time                          -5.457    
  -------------------------------------------------------------------
                         slack                                  6.905    

Slack (MET) :             6.965ns  (required time - arrival time)
  Source:                 <hidden>
                            (rising edge-triggered cell FDRE clocked by clk_fpga_0  {rise@0.000ns fall@5.000ns period=10.000ns})
  Destination:            <hidden>
                            (recovery check against rising-edge clock clk_fpga_0  {rise@0.000ns fall@5.000ns period=10.000ns})
  Path Group:             **async_default**
  Path Type:              Recovery (Max at Slow Process Corner)
  Requirement:            10.000ns  (clk_fpga_0 rise@10.000ns - clk_fpga_0 rise@0.000ns)
  Data Path Delay:        2.424ns  (logic 0.642ns (26.488%)  route 1.782ns (73.512%))
  Logic Levels:           1  (LUT3=1)
  Clock Path Skew:        -0.052ns (DCD - SCD + CPR)
    Destination Clock Delay (DCD):    2.699ns = ( 12.699 - 10.000 ) 
    Source Clock Delay      (SCD):    2.980ns
    Clock Pessimism Removal (CPR):    0.229ns
  Clock Uncertainty:      0.154ns  ((TSJ^2 + TIJ^2)^1/2 + DJ) / 2 + PE
    Total System Jitter     (TSJ):    0.071ns
    Total Input Jitter      (TIJ):    0.300ns
    Discrete Jitter          (DJ):    0.000ns
    Phase Error              (PE):    0.000ns

    Location             Delay type                Incr(ns)  Path(ns)    Netlist Resource(s)
  -------------------------------------------------------------------    -------------------
                         (clock clk_fpga_0 rise edge)
                                                      0.000     0.000 r  
    PS7_X0Y0             PS7                          0.000     0.000 r  design_1_i/cg_fpga_0/inst/processing_system7_0/inst/PS7_i/FCLKCLK[0]
                         net (fo=1, routed)           1.193     1.193    design_1_i/cg_fpga_0/inst/processing_system7_0/inst/FCLK_CLK_unbuffered[0]
    BUFGCTRL_X0Y16       BUFG (Prop_bufg_I_O)         0.101     1.294 r  design_1_i/cg_fpga_0/inst/processing_system7_0/inst/buffer_fclk_clk_0.FCLK_CLK_0_BUFG/O
                         net (fo=6956, routed)        1.686     2.980    <hidden>
    SLICE_X26Y67         FDRE                                         r  <hidden>
  -------------------------------------------------------------------    -------------------
    SLICE_X26Y67         FDRE (Prop_fdre_C_Q)         0.518     3.498 f  <hidden>
                         net (fo=3, routed)           0.971     4.469    <hidden>
    SLICE_X27Y67         LUT3 (Prop_lut3_I1_O)        0.124     4.593 f  <hidden>
                         net (fo=32, routed)          0.811     5.404    <hidden>
    SLICE_X28Y64         FDCE                                         f  <hidden>
  -------------------------------------------------------------------    -------------------

                         (clock clk_fpga_0 rise edge)
                                                     10.000    10.000 r  
    PS7_X0Y0             PS7                          0.000    10.000 r  design_1_i/cg_fpga_0/inst/processing_system7_0/inst/PS7_i/FCLKCLK[0]
                         net (fo=1, routed)           1.088    11.088    design_1_i/cg_fpga_0/inst/processing_system7_0/inst/FCLK_CLK_unbuffered[0]
    BUFGCTRL_X0Y16       BUFG (Prop_bufg_I_O)         0.091    11.179 r  design_1_i/cg_fpga_0/inst/processing_system7_0/inst/buffer_fclk_clk_0.FCLK_CLK_0_BUFG/O
                         net (fo=6956, routed)        1.520    12.699    <hidden>
    SLICE_X28Y64         FDCE                                         r  <hidden>
                         clock pessimism              0.229    12.928    
                         clock uncertainty           -0.154    12.774    
    SLICE_X28Y64         FDCE (Recov_fdce_C_CLR)     -0.405    12.369    <hidden>
  -------------------------------------------------------------------
                         required time                         12.369    
                         arrival time                          -5.404    
  -------------------------------------------------------------------
                         slack                                  6.965    





Min Delay Paths
--------------------------------------------------------------------------------------
Slack (MET) :             0.609ns  (arrival time - required time)
  Source:                 <hidden>
                            (rising edge-triggered cell FDRE clocked by clk_fpga_0  {rise@0.000ns fall@5.000ns period=10.000ns})
  Destination:            <hidden>
                            (removal check against rising-edge clock clk_fpga_0  {rise@0.000ns fall@5.000ns period=10.000ns})
  Path Group:             **async_default**
  Path Type:              Removal (Min at Fast Process Corner)
  Requirement:            0.000ns  (clk_fpga_0 rise@0.000ns - clk_fpga_0 rise@0.000ns)
  Data Path Delay:        0.550ns  (logic 0.186ns (33.825%)  route 0.364ns (66.175%))
  Logic Levels:           1  (LUT3=1)
  Clock Path Skew:        0.036ns (DCD - SCD - CPR)
    Destination Clock Delay (DCD):    1.232ns
    Source Clock Delay      (SCD):    0.933ns
    Clock Pessimism Removal (CPR):    0.263ns

    Location             Delay type                Incr(ns)  Path(ns)    Netlist Resource(s)
  -------------------------------------------------------------------    -------------------
                         (clock clk_fpga_0 rise edge)
                                                      0.000     0.000 r  
    PS7_X0Y0             PS7                          0.000     0.000 r  design_1_i/cg_fpga_0/inst/processing_system7_0/inst/PS7_i/FCLKCLK[0]
                         net (fo=1, routed)           0.310     0.310    design_1_i/cg_fpga_0/inst/processing_system7_0/inst/FCLK_CLK_unbuffered[0]
    BUFGCTRL_X0Y16       BUFG (Prop_bufg_I_O)         0.026     0.336 r  design_1_i/cg_fpga_0/inst/processing_system7_0/inst/buffer_fclk_clk_0.FCLK_CLK_0_BUFG/O
                         net (fo=6956, routed)        0.597     0.933    <hidden>
    SLICE_X11Y48         FDRE                                         r  <hidden>
  -------------------------------------------------------------------    -------------------
    SLICE_X11Y48         FDRE (Prop_fdre_C_Q)         0.141     1.074 f  <hidden>
                         net (fo=2, routed)           0.168     1.242    <hidden>
    SLICE_X11Y48         LUT3 (Prop_lut3_I1_O)        0.045     1.287 f  <hidden>
                         net (fo=32, routed)          0.196     1.482    <hidden>
    SLICE_X13Y48         FDPE                                         f  <hidden>
  -------------------------------------------------------------------    -------------------

                         (clock clk_fpga_0 rise edge)
                                                      0.000     0.000 r  
    PS7_X0Y0             PS7                          0.000     0.000 r  design_1_i/cg_fpga_0/inst/processing_system7_0/inst/PS7_i/FCLKCLK[0]
                         net (fo=1, routed)           0.337     0.337    design_1_i/cg_fpga_0/inst/processing_system7_0/inst/FCLK_CLK_unbuffered[0]
    BUFGCTRL_X0Y16       BUFG (Prop_bufg_I_O)         0.029     0.366 r  design_1_i/cg_fpga_0/inst/processing_system7_0/inst/buffer_fclk_clk_0.FCLK_CLK_0_BUFG/O
                         net (fo=6956, routed)        0.866     1.232    <hidden>
    SLICE_X13Y48         FDPE                                         r  <hidden>
                         clock pessimism             -0.263     0.969    
    SLICE_X13Y48         FDPE (Remov_fdpe_C_PRE)     -0.095     0.874    <hidden>
  -------------------------------------------------------------------
                         required time                         -0.874    
                         arrival time                           1.482    
  -------------------------------------------------------------------
                         slack                                  0.609    

Slack (MET) :             0.653ns  (arrival time - required time)
  Source:                 <hidden>
                            (rising edge-triggered cell FDRE clocked by clk_fpga_0  {rise@0.000ns fall@5.000ns period=10.000ns})
  Destination:            <hidden>
                            (removal check against rising-edge clock clk_fpga_0  {rise@0.000ns fall@5.000ns period=10.000ns})
  Path Group:             **async_default**
  Path Type:              Removal (Min at Fast Process Corner)
  Requirement:            0.000ns  (clk_fpga_0 rise@0.000ns - clk_fpga_0 rise@0.000ns)
  Data Path Delay:        0.622ns  (logic 0.186ns (29.917%)  route 0.436ns (70.083%))
  Logic Levels:           1  (LUT3=1)
  Clock Path Skew:        0.036ns (DCD - SCD - CPR)
    Destination Clock Delay (DCD):    1.232ns
    Source Clock Delay      (SCD):    0.933ns
    Clock Pessimism Removal (CPR):    0.263ns

    Location             Delay type                Incr(ns)  Path(ns)    Netlist Resource(s)
  -------------------------------------------------------------------    -------------------
                         (clock clk_fpga_0 rise edge)
                                                      0.000     0.000 r  
    PS7_X0Y0             PS7                          0.000     0.000 r  design_1_i/cg_fpga_0/inst/processing_system7_0/inst/PS7_i/FCLKCLK[0]
                         net (fo=1, routed)           0.310     0.310    design_1_i/cg_fpga_0/inst/processing_system7_0/inst/FCLK_CLK_unbuffered[0]
    BUFGCTRL_X0Y16       BUFG (Prop_bufg_I_O)         0.026     0.336 r  design_1_i/cg_fpga_0/inst/processing_system7_0/inst/buffer_fclk_clk_0.FCLK_CLK_0_BUFG/O
                         net (fo=6956, routed)        0.597     0.933    <hidden>
    SLICE_X11Y48         FDRE                                         r  <hidden>
  -------------------------------------------------------------------    -------------------
    SLICE_X11Y48         FDRE (Prop_fdre_C_Q)         0.141     1.074 f  <hidden>
                         net (fo=2, routed)           0.168     1.242    <hidden>
    SLICE_X11Y48         LUT3 (Prop_lut3_I1_O)        0.045     1.287 f  <hidden>
                         net (fo=32, routed)          0.267     1.554    <hidden>
    SLICE_X12Y47         FDCE                                         f  <hidden>
  -------------------------------------------------------------------    -------------------

                         (clock clk_fpga_0 rise edge)
                                                      0.000     0.000 r  
    PS7_X0Y0             PS7                          0.000     0.000 r  design_1_i/cg_fpga_0/inst/processing_system7_0/inst/PS7_i/FCLKCLK[0]
                         net (fo=1, routed)           0.337     0.337    design_1_i/cg_fpga_0/inst/processing_system7_0/inst/FCLK_CLK_unbuffered[0]
    BUFGCTRL_X0Y16       BUFG (Prop_bufg_I_O)         0.029     0.366 r  design_1_i/cg_fpga_0/inst/processing_system7_0/inst/buffer_fclk_clk_0.FCLK_CLK_0_BUFG/O
                         net (fo=6956, routed)        0.866     1.232    <hidden>
    SLICE_X12Y47         FDCE                                         r  <hidden>
                         clock pessimism             -0.263     0.969    
    SLICE_X12Y47         FDCE (Remov_fdce_C_CLR)     -0.067     0.901    <hidden>
  -------------------------------------------------------------------
                         required time                         -0.902    
                         arrival time                           1.554    
  -------------------------------------------------------------------
                         slack                                  0.653    

Slack (MET) :             0.653ns  (arrival time - required time)
  Source:                 <hidden>
                            (rising edge-triggered cell FDRE clocked by clk_fpga_0  {rise@0.000ns fall@5.000ns period=10.000ns})
  Destination:            <hidden>
                            (removal check against rising-edge clock clk_fpga_0  {rise@0.000ns fall@5.000ns period=10.000ns})
  Path Group:             **async_default**
  Path Type:              Removal (Min at Fast Process Corner)
  Requirement:            0.000ns  (clk_fpga_0 rise@0.000ns - clk_fpga_0 rise@0.000ns)
  Data Path Delay:        0.622ns  (logic 0.186ns (29.917%)  route 0.436ns (70.083%))
  Logic Levels:           1  (LUT3=1)
  Clock Path Skew:        0.036ns (DCD - SCD - CPR)
    Destination Clock Delay (DCD):    1.232ns
    Source Clock Delay      (SCD):    0.933ns
    Clock Pessimism Removal (CPR):    0.263ns

    Location             Delay type                Incr(ns)  Path(ns)    Netlist Resource(s)
  -------------------------------------------------------------------    -------------------
                         (clock clk_fpga_0 rise edge)
                                                      0.000     0.000 r  
    PS7_X0Y0             PS7                          0.000     0.000 r  design_1_i/cg_fpga_0/inst/processing_system7_0/inst/PS7_i/FCLKCLK[0]
                         net (fo=1, routed)           0.310     0.310    design_1_i/cg_fpga_0/inst/processing_system7_0/inst/FCLK_CLK_unbuffered[0]
    BUFGCTRL_X0Y16       BUFG (Prop_bufg_I_O)         0.026     0.336 r  design_1_i/cg_fpga_0/inst/processing_system7_0/inst/buffer_fclk_clk_0.FCLK_CLK_0_BUFG/O
                         net (fo=6956, routed)        0.597     0.933    <hidden>
    SLICE_X11Y48         FDRE                                         r  <hidden>
  -------------------------------------------------------------------    -------------------
    SLICE_X11Y48         FDRE (Prop_fdre_C_Q)         0.141     1.074 f  <hidden>
                         net (fo=2, routed)           0.168     1.242    <hidden>
    SLICE_X11Y48         LUT3 (Prop_lut3_I1_O)        0.045     1.287 f  <hidden>
                         net (fo=32, routed)          0.267     1.554    <hidden>
    SLICE_X12Y47         FDCE                                         f  <hidden>
  -------------------------------------------------------------------    -------------------

                         (clock clk_fpga_0 rise edge)
                                                      0.000     0.000 r  
    PS7_X0Y0             PS7                          0.000     0.000 r  design_1_i/cg_fpga_0/inst/processing_system7_0/inst/PS7_i/FCLKCLK[0]
                         net (fo=1, routed)           0.337     0.337    design_1_i/cg_fpga_0/inst/processing_system7_0/inst/FCLK_CLK_unbuffered[0]
    BUFGCTRL_X0Y16       BUFG (Prop_bufg_I_O)         0.029     0.366 r  design_1_i/cg_fpga_0/inst/processing_system7_0/inst/buffer_fclk_clk_0.FCLK_CLK_0_BUFG/O
                         net (fo=6956, routed)        0.866     1.232    <hidden>
    SLICE_X12Y47         FDCE                                         r  <hidden>
                         clock pessimism             -0.263     0.969    
    SLICE_X12Y47         FDCE (Remov_fdce_C_CLR)     -0.067     0.901    <hidden>
  -------------------------------------------------------------------
                         required time                         -0.902    
                         arrival time                           1.554    
  -------------------------------------------------------------------
                         slack                                  0.653    

Slack (MET) :             0.653ns  (arrival time - required time)
  Source:                 <hidden>
                            (rising edge-triggered cell FDRE clocked by clk_fpga_0  {rise@0.000ns fall@5.000ns period=10.000ns})
  Destination:            <hidden>
                            (removal check against rising-edge clock clk_fpga_0  {rise@0.000ns fall@5.000ns period=10.000ns})
  Path Group:             **async_default**
  Path Type:              Removal (Min at Fast Process Corner)
  Requirement:            0.000ns  (clk_fpga_0 rise@0.000ns - clk_fpga_0 rise@0.000ns)
  Data Path Delay:        0.622ns  (logic 0.186ns (29.917%)  route 0.436ns (70.083%))
  Logic Levels:           1  (LUT3=1)
  Clock Path Skew:        0.036ns (DCD - SCD - CPR)
    Destination Clock Delay (DCD):    1.232ns
    Source Clock Delay      (SCD):    0.933ns
    Clock Pessimism Removal (CPR):    0.263ns

    Location             Delay type                Incr(ns)  Path(ns)    Netlist Resource(s)
  -------------------------------------------------------------------    -------------------
                         (clock clk_fpga_0 rise edge)
                                                      0.000     0.000 r  
    PS7_X0Y0             PS7                          0.000     0.000 r  design_1_i/cg_fpga_0/inst/processing_system7_0/inst/PS7_i/FCLKCLK[0]
                         net (fo=1, routed)           0.310     0.310    design_1_i/cg_fpga_0/inst/processing_system7_0/inst/FCLK_CLK_unbuffered[0]
    BUFGCTRL_X0Y16       BUFG (Prop_bufg_I_O)         0.026     0.336 r  design_1_i/cg_fpga_0/inst/processing_system7_0/inst/buffer_fclk_clk_0.FCLK_CLK_0_BUFG/O
                         net (fo=6956, routed)        0.597     0.933    <hidden>
    SLICE_X11Y48         FDRE                                         r  <hidden>
  -------------------------------------------------------------------    -------------------
    SLICE_X11Y48         FDRE (Prop_fdre_C_Q)         0.141     1.074 f  <hidden>
                         net (fo=2, routed)           0.168     1.242    <hidden>
    SLICE_X11Y48         LUT3 (Prop_lut3_I1_O)        0.045     1.287 f  <hidden>
                         net (fo=32, routed)          0.267     1.554    <hidden>
    SLICE_X12Y47         FDCE                                         f  <hidden>
  -------------------------------------------------------------------    -------------------

                         (clock clk_fpga_0 rise edge)
                                                      0.000     0.000 r  
    PS7_X0Y0             PS7                          0.000     0.000 r  design_1_i/cg_fpga_0/inst/processing_system7_0/inst/PS7_i/FCLKCLK[0]
                         net (fo=1, routed)           0.337     0.337    design_1_i/cg_fpga_0/inst/processing_system7_0/inst/FCLK_CLK_unbuffered[0]
    BUFGCTRL_X0Y16       BUFG (Prop_bufg_I_O)         0.029     0.366 r  design_1_i/cg_fpga_0/inst/processing_system7_0/inst/buffer_fclk_clk_0.FCLK_CLK_0_BUFG/O
                         net (fo=6956, routed)        0.866     1.232    <hidden>
    SLICE_X12Y47         FDCE                                         r  <hidden>
                         clock pessimism             -0.263     0.969    
    SLICE_X12Y47         FDCE (Remov_fdce_C_CLR)     -0.067     0.901    <hidden>
  -------------------------------------------------------------------
                         required time                         -0.902    
                         arrival time                           1.554    
  -------------------------------------------------------------------
                         slack                                  0.653    

Slack (MET) :             0.653ns  (arrival time - required time)
  Source:                 <hidden>
                            (rising edge-triggered cell FDRE clocked by clk_fpga_0  {rise@0.000ns fall@5.000ns period=10.000ns})
  Destination:            <hidden>
                            (removal check against rising-edge clock clk_fpga_0  {rise@0.000ns fall@5.000ns period=10.000ns})
  Path Group:             **async_default**
  Path Type:              Removal (Min at Fast Process Corner)
  Requirement:            0.000ns  (clk_fpga_0 rise@0.000ns - clk_fpga_0 rise@0.000ns)
  Data Path Delay:        0.622ns  (logic 0.186ns (29.917%)  route 0.436ns (70.083%))
  Logic Levels:           1  (LUT3=1)
  Clock Path Skew:        0.036ns (DCD - SCD - CPR)
    Destination Clock Delay (DCD):    1.232ns
    Source Clock Delay      (SCD):    0.933ns
    Clock Pessimism Removal (CPR):    0.263ns

    Location             Delay type                Incr(ns)  Path(ns)    Netlist Resource(s)
  -------------------------------------------------------------------    -------------------
                         (clock clk_fpga_0 rise edge)
                                                      0.000     0.000 r  
    PS7_X0Y0             PS7                          0.000     0.000 r  design_1_i/cg_fpga_0/inst/processing_system7_0/inst/PS7_i/FCLKCLK[0]
                         net (fo=1, routed)           0.310     0.310    design_1_i/cg_fpga_0/inst/processing_system7_0/inst/FCLK_CLK_unbuffered[0]
    BUFGCTRL_X0Y16       BUFG (Prop_bufg_I_O)         0.026     0.336 r  design_1_i/cg_fpga_0/inst/processing_system7_0/inst/buffer_fclk_clk_0.FCLK_CLK_0_BUFG/O
                         net (fo=6956, routed)        0.597     0.933    <hidden>
    SLICE_X11Y48         FDRE                                         r  <hidden>
  -------------------------------------------------------------------    -------------------
    SLICE_X11Y48         FDRE (Prop_fdre_C_Q)         0.141     1.074 f  <hidden>
                         net (fo=2, routed)           0.168     1.242    <hidden>
    SLICE_X11Y48         LUT3 (Prop_lut3_I1_O)        0.045     1.287 f  <hidden>
                         net (fo=32, routed)          0.267     1.554    <hidden>
    SLICE_X12Y47         FDCE                                         f  <hidden>
  -------------------------------------------------------------------    -------------------

                         (clock clk_fpga_0 rise edge)
                                                      0.000     0.000 r  
    PS7_X0Y0             PS7                          0.000     0.000 r  design_1_i/cg_fpga_0/inst/processing_system7_0/inst/PS7_i/FCLKCLK[0]
                         net (fo=1, routed)           0.337     0.337    design_1_i/cg_fpga_0/inst/processing_system7_0/inst/FCLK_CLK_unbuffered[0]
    BUFGCTRL_X0Y16       BUFG (Prop_bufg_I_O)         0.029     0.366 r  design_1_i/cg_fpga_0/inst/processing_system7_0/inst/buffer_fclk_clk_0.FCLK_CLK_0_BUFG/O
                         net (fo=6956, routed)        0.866     1.232    <hidden>
    SLICE_X12Y47         FDCE                                         r  <hidden>
                         clock pessimism             -0.263     0.969    
    SLICE_X12Y47         FDCE (Remov_fdce_C_CLR)     -0.067     0.901    <hidden>
  -------------------------------------------------------------------
                         required time                         -0.902    
                         arrival time                           1.554    
  -------------------------------------------------------------------
                         slack                                  0.653    

Slack (MET) :             0.660ns  (arrival time - required time)
  Source:                 <hidden>
                            (rising edge-triggered cell FDRE clocked by clk_fpga_0  {rise@0.000ns fall@5.000ns period=10.000ns})
  Destination:            <hidden>
                            (removal check against rising-edge clock clk_fpga_0  {rise@0.000ns fall@5.000ns period=10.000ns})
  Path Group:             **async_default**
  Path Type:              Removal (Min at Fast Process Corner)
  Requirement:            0.000ns  (clk_fpga_0 rise@0.000ns - clk_fpga_0 rise@0.000ns)
  Data Path Delay:        0.609ns  (logic 0.186ns (30.520%)  route 0.423ns (69.480%))
  Logic Levels:           1  (LUT3=1)
  Clock Path Skew:        0.016ns (DCD - SCD - CPR)
    Destination Clock Delay (DCD):    1.232ns
    Source Clock Delay      (SCD):    0.933ns
    Clock Pessimism Removal (CPR):    0.283ns

    Location             Delay type                Incr(ns)  Path(ns)    Netlist Resource(s)
  -------------------------------------------------------------------    -------------------
                         (clock clk_fpga_0 rise edge)
                                                      0.000     0.000 r  
    PS7_X0Y0             PS7                          0.000     0.000 r  design_1_i/cg_fpga_0/inst/processing_system7_0/inst/PS7_i/FCLKCLK[0]
                         net (fo=1, routed)           0.310     0.310    design_1_i/cg_fpga_0/inst/processing_system7_0/inst/FCLK_CLK_unbuffered[0]
    BUFGCTRL_X0Y16       BUFG (Prop_bufg_I_O)         0.026     0.336 r  design_1_i/cg_fpga_0/inst/processing_system7_0/inst/buffer_fclk_clk_0.FCLK_CLK_0_BUFG/O
                         net (fo=6956, routed)        0.597     0.933    <hidden>
    SLICE_X11Y48         FDRE                                         r  <hidden>
  -------------------------------------------------------------------    -------------------
    SLICE_X11Y48         FDRE (Prop_fdre_C_Q)         0.141     1.074 f  <hidden>
                         net (fo=2, routed)           0.168     1.242    <hidden>
    SLICE_X11Y48         LUT3 (Prop_lut3_I1_O)        0.045     1.287 f  <hidden>
                         net (fo=32, routed)          0.255     1.542    <hidden>
    SLICE_X10Y47         FDCE                                         f  <hidden>
  -------------------------------------------------------------------    -------------------

                         (clock clk_fpga_0 rise edge)
                                                      0.000     0.000 r  
    PS7_X0Y0             PS7                          0.000     0.000 r  design_1_i/cg_fpga_0/inst/processing_system7_0/inst/PS7_i/FCLKCLK[0]
                         net (fo=1, routed)           0.337     0.337    design_1_i/cg_fpga_0/inst/processing_system7_0/inst/FCLK_CLK_unbuffered[0]
    BUFGCTRL_X0Y16       BUFG (Prop_bufg_I_O)         0.029     0.366 r  design_1_i/cg_fpga_0/inst/processing_system7_0/inst/buffer_fclk_clk_0.FCLK_CLK_0_BUFG/O
                         net (fo=6956, routed)        0.866     1.232    <hidden>
    SLICE_X10Y47         FDCE                                         r  <hidden>
                         clock pessimism             -0.283     0.949    
    SLICE_X10Y47         FDCE (Remov_fdce_C_CLR)     -0.067     0.882    <hidden>
  -------------------------------------------------------------------
                         required time                         -0.882    
                         arrival time                           1.542    
  -------------------------------------------------------------------
                         slack                                  0.660    

Slack (MET) :             0.660ns  (arrival time - required time)
  Source:                 <hidden>
                            (rising edge-triggered cell FDRE clocked by clk_fpga_0  {rise@0.000ns fall@5.000ns period=10.000ns})
  Destination:            <hidden>
                            (removal check against rising-edge clock clk_fpga_0  {rise@0.000ns fall@5.000ns period=10.000ns})
  Path Group:             **async_default**
  Path Type:              Removal (Min at Fast Process Corner)
  Requirement:            0.000ns  (clk_fpga_0 rise@0.000ns - clk_fpga_0 rise@0.000ns)
  Data Path Delay:        0.609ns  (logic 0.186ns (30.520%)  route 0.423ns (69.480%))
  Logic Levels:           1  (LUT3=1)
  Clock Path Skew:        0.016ns (DCD - SCD - CPR)
    Destination Clock Delay (DCD):    1.232ns
    Source Clock Delay      (SCD):    0.933ns
    Clock Pessimism Removal (CPR):    0.283ns

    Location             Delay type                Incr(ns)  Path(ns)    Netlist Resource(s)
  -------------------------------------------------------------------    -------------------
                         (clock clk_fpga_0 rise edge)
                                                      0.000     0.000 r  
    PS7_X0Y0             PS7                          0.000     0.000 r  design_1_i/cg_fpga_0/inst/processing_system7_0/inst/PS7_i/FCLKCLK[0]
                         net (fo=1, routed)           0.310     0.310    design_1_i/cg_fpga_0/inst/processing_system7_0/inst/FCLK_CLK_unbuffered[0]
    BUFGCTRL_X0Y16       BUFG (Prop_bufg_I_O)         0.026     0.336 r  design_1_i/cg_fpga_0/inst/processing_system7_0/inst/buffer_fclk_clk_0.FCLK_CLK_0_BUFG/O
                         net (fo=6956, routed)        0.597     0.933    <hidden>
    SLICE_X11Y48         FDRE                                         r  <hidden>
  -------------------------------------------------------------------    -------------------
    SLICE_X11Y48         FDRE (Prop_fdre_C_Q)         0.141     1.074 f  <hidden>
                         net (fo=2, routed)           0.168     1.242    <hidden>
    SLICE_X11Y48         LUT3 (Prop_lut3_I1_O)        0.045     1.287 f  <hidden>
                         net (fo=32, routed)          0.255     1.542    <hidden>
    SLICE_X10Y47         FDCE                                         f  <hidden>
  -------------------------------------------------------------------    -------------------

                         (clock clk_fpga_0 rise edge)
                                                      0.000     0.000 r  
    PS7_X0Y0             PS7                          0.000     0.000 r  design_1_i/cg_fpga_0/inst/processing_system7_0/inst/PS7_i/FCLKCLK[0]
                         net (fo=1, routed)           0.337     0.337    design_1_i/cg_fpga_0/inst/processing_system7_0/inst/FCLK_CLK_unbuffered[0]
    BUFGCTRL_X0Y16       BUFG (Prop_bufg_I_O)         0.029     0.366 r  design_1_i/cg_fpga_0/inst/processing_system7_0/inst/buffer_fclk_clk_0.FCLK_CLK_0_BUFG/O
                         net (fo=6956, routed)        0.866     1.232    <hidden>
    SLICE_X10Y47         FDCE                                         r  <hidden>
                         clock pessimism             -0.283     0.949    
    SLICE_X10Y47         FDCE (Remov_fdce_C_CLR)     -0.067     0.882    <hidden>
  -------------------------------------------------------------------
                         required time                         -0.882    
                         arrival time                           1.542    
  -------------------------------------------------------------------
                         slack                                  0.660    

Slack (MET) :             0.660ns  (arrival time - required time)
  Source:                 <hidden>
                            (rising edge-triggered cell FDRE clocked by clk_fpga_0  {rise@0.000ns fall@5.000ns period=10.000ns})
  Destination:            <hidden>
                            (removal check against rising-edge clock clk_fpga_0  {rise@0.000ns fall@5.000ns period=10.000ns})
  Path Group:             **async_default**
  Path Type:              Removal (Min at Fast Process Corner)
  Requirement:            0.000ns  (clk_fpga_0 rise@0.000ns - clk_fpga_0 rise@0.000ns)
  Data Path Delay:        0.609ns  (logic 0.186ns (30.520%)  route 0.423ns (69.480%))
  Logic Levels:           1  (LUT3=1)
  Clock Path Skew:        0.016ns (DCD - SCD - CPR)
    Destination Clock Delay (DCD):    1.232ns
    Source Clock Delay      (SCD):    0.933ns
    Clock Pessimism Removal (CPR):    0.283ns

    Location             Delay type                Incr(ns)  Path(ns)    Netlist Resource(s)
  -------------------------------------------------------------------    -------------------
                         (clock clk_fpga_0 rise edge)
                                                      0.000     0.000 r  
    PS7_X0Y0             PS7                          0.000     0.000 r  design_1_i/cg_fpga_0/inst/processing_system7_0/inst/PS7_i/FCLKCLK[0]
                         net (fo=1, routed)           0.310     0.310    design_1_i/cg_fpga_0/inst/processing_system7_0/inst/FCLK_CLK_unbuffered[0]
    BUFGCTRL_X0Y16       BUFG (Prop_bufg_I_O)         0.026     0.336 r  design_1_i/cg_fpga_0/inst/processing_system7_0/inst/buffer_fclk_clk_0.FCLK_CLK_0_BUFG/O
                         net (fo=6956, routed)        0.597     0.933    <hidden>
    SLICE_X11Y48         FDRE                                         r  <hidden>
  -------------------------------------------------------------------    -------------------
    SLICE_X11Y48         FDRE (Prop_fdre_C_Q)         0.141     1.074 f  <hidden>
                         net (fo=2, routed)           0.168     1.242    <hidden>
    SLICE_X11Y48         LUT3 (Prop_lut3_I1_O)        0.045     1.287 f  <hidden>
                         net (fo=32, routed)          0.255     1.542    <hidden>
    SLICE_X10Y47         FDCE                                         f  <hidden>
  -------------------------------------------------------------------    -------------------

                         (clock clk_fpga_0 rise edge)
                                                      0.000     0.000 r  
    PS7_X0Y0             PS7                          0.000     0.000 r  design_1_i/cg_fpga_0/inst/processing_system7_0/inst/PS7_i/FCLKCLK[0]
                         net (fo=1, routed)           0.337     0.337    design_1_i/cg_fpga_0/inst/processing_system7_0/inst/FCLK_CLK_unbuffered[0]
    BUFGCTRL_X0Y16       BUFG (Prop_bufg_I_O)         0.029     0.366 r  design_1_i/cg_fpga_0/inst/processing_system7_0/inst/buffer_fclk_clk_0.FCLK_CLK_0_BUFG/O
                         net (fo=6956, routed)        0.866     1.232    <hidden>
    SLICE_X10Y47         FDCE                                         r  <hidden>
                         clock pessimism             -0.283     0.949    
    SLICE_X10Y47         FDCE (Remov_fdce_C_CLR)     -0.067     0.882    <hidden>
  -------------------------------------------------------------------
                         required time                         -0.882    
                         arrival time                           1.542    
  -------------------------------------------------------------------
                         slack                                  0.660    

Slack (MET) :             0.664ns  (arrival time - required time)
  Source:                 <hidden>
                            (rising edge-triggered cell FDRE clocked by clk_fpga_0  {rise@0.000ns fall@5.000ns period=10.000ns})
  Destination:            <hidden>
                            (removal check against rising-edge clock clk_fpga_0  {rise@0.000ns fall@5.000ns period=10.000ns})
  Path Group:             **async_default**
  Path Type:              Removal (Min at Fast Process Corner)
  Requirement:            0.000ns  (clk_fpga_0 rise@0.000ns - clk_fpga_0 rise@0.000ns)
  Data Path Delay:        0.609ns  (logic 0.186ns (30.520%)  route 0.423ns (69.480%))
  Logic Levels:           1  (LUT3=1)
  Clock Path Skew:        0.016ns (DCD - SCD - CPR)
    Destination Clock Delay (DCD):    1.232ns
    Source Clock Delay      (SCD):    0.933ns
    Clock Pessimism Removal (CPR):    0.283ns

    Location             Delay type                Incr(ns)  Path(ns)    Netlist Resource(s)
  -------------------------------------------------------------------    -------------------
                         (clock clk_fpga_0 rise edge)
                                                      0.000     0.000 r  
    PS7_X0Y0             PS7                          0.000     0.000 r  design_1_i/cg_fpga_0/inst/processing_system7_0/inst/PS7_i/FCLKCLK[0]
                         net (fo=1, routed)           0.310     0.310    design_1_i/cg_fpga_0/inst/processing_system7_0/inst/FCLK_CLK_unbuffered[0]
    BUFGCTRL_X0Y16       BUFG (Prop_bufg_I_O)         0.026     0.336 r  design_1_i/cg_fpga_0/inst/processing_system7_0/inst/buffer_fclk_clk_0.FCLK_CLK_0_BUFG/O
                         net (fo=6956, routed)        0.597     0.933    <hidden>
    SLICE_X11Y48         FDRE                                         r  <hidden>
  -------------------------------------------------------------------    -------------------
    SLICE_X11Y48         FDRE (Prop_fdre_C_Q)         0.141     1.074 f  <hidden>
                         net (fo=2, routed)           0.168     1.242    <hidden>
    SLICE_X11Y48         LUT3 (Prop_lut3_I1_O)        0.045     1.287 f  <hidden>
                         net (fo=32, routed)          0.255     1.542    <hidden>
    SLICE_X10Y47         FDPE                                         f  <hidden>
  -------------------------------------------------------------------    -------------------

                         (clock clk_fpga_0 rise edge)
                                                      0.000     0.000 r  
    PS7_X0Y0             PS7                          0.000     0.000 r  design_1_i/cg_fpga_0/inst/processing_system7_0/inst/PS7_i/FCLKCLK[0]
                         net (fo=1, routed)           0.337     0.337    design_1_i/cg_fpga_0/inst/processing_system7_0/inst/FCLK_CLK_unbuffered[0]
    BUFGCTRL_X0Y16       BUFG (Prop_bufg_I_O)         0.029     0.366 r  design_1_i/cg_fpga_0/inst/processing_system7_0/inst/buffer_fclk_clk_0.FCLK_CLK_0_BUFG/O
                         net (fo=6956, routed)        0.866     1.232    <hidden>
    SLICE_X10Y47         FDPE                                         r  <hidden>
                         clock pessimism             -0.283     0.949    
    SLICE_X10Y47         FDPE (Remov_fdpe_C_PRE)     -0.071     0.878    <hidden>
  -------------------------------------------------------------------
                         required time                         -0.878    
                         arrival time                           1.542    
  -------------------------------------------------------------------
                         slack                                  0.664    

Slack (MET) :             0.664ns  (arrival time - required time)
  Source:                 <hidden>
                            (rising edge-triggered cell FDRE clocked by clk_fpga_0  {rise@0.000ns fall@5.000ns period=10.000ns})
  Destination:            <hidden>
                            (removal check against rising-edge clock clk_fpga_0  {rise@0.000ns fall@5.000ns period=10.000ns})
  Path Group:             **async_default**
  Path Type:              Removal (Min at Fast Process Corner)
  Requirement:            0.000ns  (clk_fpga_0 rise@0.000ns - clk_fpga_0 rise@0.000ns)
  Data Path Delay:        0.609ns  (logic 0.186ns (30.520%)  route 0.423ns (69.480%))
  Logic Levels:           1  (LUT3=1)
  Clock Path Skew:        0.016ns (DCD - SCD - CPR)
    Destination Clock Delay (DCD):    1.232ns
    Source Clock Delay      (SCD):    0.933ns
    Clock Pessimism Removal (CPR):    0.283ns

    Location             Delay type                Incr(ns)  Path(ns)    Netlist Resource(s)
  -------------------------------------------------------------------    -------------------
                         (clock clk_fpga_0 rise edge)
                                                      0.000     0.000 r  
    PS7_X0Y0             PS7                          0.000     0.000 r  design_1_i/cg_fpga_0/inst/processing_system7_0/inst/PS7_i/FCLKCLK[0]
                         net (fo=1, routed)           0.310     0.310    design_1_i/cg_fpga_0/inst/processing_system7_0/inst/FCLK_CLK_unbuffered[0]
    BUFGCTRL_X0Y16       BUFG (Prop_bufg_I_O)         0.026     0.336 r  design_1_i/cg_fpga_0/inst/processing_system7_0/inst/buffer_fclk_clk_0.FCLK_CLK_0_BUFG/O
                         net (fo=6956, routed)        0.597     0.933    <hidden>
    SLICE_X11Y48         FDRE                                         r  <hidden>
  -------------------------------------------------------------------    -------------------
    SLICE_X11Y48         FDRE (Prop_fdre_C_Q)         0.141     1.074 f  <hidden>
                         net (fo=2, routed)           0.168     1.242    <hidden>
    SLICE_X11Y48         LUT3 (Prop_lut3_I1_O)        0.045     1.287 f  <hidden>
                         net (fo=32, routed)          0.255     1.542    <hidden>
    SLICE_X10Y47         FDPE                                         f  <hidden>
  -------------------------------------------------------------------    -------------------

                         (clock clk_fpga_0 rise edge)
                                                      0.000     0.000 r  
    PS7_X0Y0             PS7                          0.000     0.000 r  design_1_i/cg_fpga_0/inst/processing_system7_0/inst/PS7_i/FCLKCLK[0]
                         net (fo=1, routed)           0.337     0.337    design_1_i/cg_fpga_0/inst/processing_system7_0/inst/FCLK_CLK_unbuffered[0]
    BUFGCTRL_X0Y16       BUFG (Prop_bufg_I_O)         0.029     0.366 r  design_1_i/cg_fpga_0/inst/processing_system7_0/inst/buffer_fclk_clk_0.FCLK_CLK_0_BUFG/O
                         net (fo=6956, routed)        0.866     1.232    <hidden>
    SLICE_X10Y47         FDPE                                         r  <hidden>
                         clock pessimism             -0.283     0.949    
    SLICE_X10Y47         FDPE (Remov_fdpe_C_PRE)     -0.071     0.878    <hidden>
  -------------------------------------------------------------------
                         required time                         -0.878    
                         arrival time                           1.542    
  -------------------------------------------------------------------
                         slack                                  0.664    





--------------------------------------------------------------------------------------
Path Group:  (none)
From Clock:  
  To Clock:  clk_fpga_0

Max Delay            14 Endpoints
Min Delay            14 Endpoints
--------------------------------------------------------------------------------------


Max Delay Paths
--------------------------------------------------------------------------------------
Slack:                    inf
  Source:                 <hidden>
                            (rising edge-triggered cell RAMB18E1)
  Destination:            design_1_i/cg_fpga_0/inst/cg_fpga_axi_gpio_i1/U0/gpio_core_1/Dual.INPUT_DOUBLE_REGS5/GENERATE_LEVEL_P_S_CDC.MULTI_BIT.FOR_IN_cdc_to[2].CROSS2_PLEVEL_IN2SCNDRY_IN_cdc_to/D
                            (rising edge-triggered cell FDRE clocked by clk_fpga_0  {rise@0.000ns fall@5.000ns period=10.000ns})
  Path Group:             (none)
  Path Type:              Setup (Max at Slow Process Corner)
  Data Path Delay:        6.242ns  (logic 2.826ns (45.272%)  route 3.416ns (54.728%))
  Logic Levels:           4  (LUT4=1 LUT6=2 RAMB18E1=1)
  Clock Uncertainty:      0.152ns  ((TSJ^2 + TIJ^2)^1/2 + DJ) / 2 + PE
    Total System Jitter     (TSJ):    0.050ns
    Total Input Jitter      (TIJ):    0.300ns
    Discrete Jitter          (DJ):    0.000ns
    Phase Error              (PE):    0.000ns
  Timing Exception:       False Path

    Location             Delay type                Incr(ns)  Path(ns)    Netlist Resource(s)
  -------------------------------------------------------------------    -------------------
    RAMB18_X3Y28         RAMB18E1                     0.000     0.000 r  <hidden>
    RAMB18_X3Y28         RAMB18E1 (Prop_ramb18e1_CLKARDCLK_DOADO[10])
                                                      2.454     2.454 f  <hidden>
                         net (fo=1, routed)           1.205     3.659    design_1_i/adpt_out_0/inst/data[8]
    SLICE_X54Y70         LUT6 (Prop_lut6_I1_O)        0.124     3.783 f  design_1_i/adpt_out_0/inst/seg_data[6]_INST_0_i_8/O
                         net (fo=1, routed)           0.303     4.086    design_1_i/adpt_out_0/inst/seg_data[6]_INST_0_i_8_n_0
    SLICE_X54Y71         LUT6 (Prop_lut6_I4_O)        0.124     4.210 f  design_1_i/adpt_out_0/inst/seg_data[6]_INST_0_i_2/O
                         net (fo=7, routed)           1.055     5.266    design_1_i/adpt_out_0/inst/seg_data[6]_INST_0_i_2_n_0
    SLICE_X54Y72         LUT4 (Prop_lut4_I1_O)        0.124     5.390 r  design_1_i/adpt_out_0/inst/seg_data[2]_INST_0/O
                         net (fo=1, routed)           0.853     6.242    design_1_i/cg_fpga_0/inst/cg_fpga_axi_gpio_i1/U0/gpio_core_1/Dual.INPUT_DOUBLE_REGS5/gpio2_io_i[2]
    SLICE_X54Y80         FDRE                                         r  design_1_i/cg_fpga_0/inst/cg_fpga_axi_gpio_i1/U0/gpio_core_1/Dual.INPUT_DOUBLE_REGS5/GENERATE_LEVEL_P_S_CDC.MULTI_BIT.FOR_IN_cdc_to[2].CROSS2_PLEVEL_IN2SCNDRY_IN_cdc_to/D
  -------------------------------------------------------------------    -------------------

                         (clock clk_fpga_0 rise edge)
                                                      0.000     0.000 r  
    PS7_X0Y0             PS7                          0.000     0.000 r  design_1_i/cg_fpga_0/inst/processing_system7_0/inst/PS7_i/FCLKCLK[0]
                         net (fo=1, routed)           1.088     1.088    design_1_i/cg_fpga_0/inst/processing_system7_0/inst/FCLK_CLK_unbuffered[0]
    BUFGCTRL_X0Y16       BUFG (Prop_bufg_I_O)         0.091     1.179 r  design_1_i/cg_fpga_0/inst/processing_system7_0/inst/buffer_fclk_clk_0.FCLK_CLK_0_BUFG/O
                         net (fo=6956, routed)        1.525     2.704    design_1_i/cg_fpga_0/inst/cg_fpga_axi_gpio_i1/U0/gpio_core_1/Dual.INPUT_DOUBLE_REGS5/s_axi_aclk
    SLICE_X54Y80         FDRE                                         r  design_1_i/cg_fpga_0/inst/cg_fpga_axi_gpio_i1/U0/gpio_core_1/Dual.INPUT_DOUBLE_REGS5/GENERATE_LEVEL_P_S_CDC.MULTI_BIT.FOR_IN_cdc_to[2].CROSS2_PLEVEL_IN2SCNDRY_IN_cdc_to/C

Slack:                    inf
  Source:                 <hidden>
                            (rising edge-triggered cell RAMB18E1)
  Destination:            design_1_i/cg_fpga_0/inst/cg_fpga_axi_gpio_i1/U0/gpio_core_1/Dual.INPUT_DOUBLE_REGS5/GENERATE_LEVEL_P_S_CDC.MULTI_BIT.FOR_IN_cdc_to[0].CROSS2_PLEVEL_IN2SCNDRY_IN_cdc_to/D
                            (rising edge-triggered cell FDRE clocked by clk_fpga_0  {rise@0.000ns fall@5.000ns period=10.000ns})
  Path Group:             (none)
  Path Type:              Setup (Max at Slow Process Corner)
  Data Path Delay:        6.185ns  (logic 2.855ns (46.159%)  route 3.330ns (53.841%))
  Logic Levels:           4  (LUT4=1 LUT6=2 RAMB18E1=1)
  Clock Uncertainty:      0.152ns  ((TSJ^2 + TIJ^2)^1/2 + DJ) / 2 + PE
    Total System Jitter     (TSJ):    0.050ns
    Total Input Jitter      (TIJ):    0.300ns
    Discrete Jitter          (DJ):    0.000ns
    Phase Error              (PE):    0.000ns
  Timing Exception:       False Path

    Location             Delay type                Incr(ns)  Path(ns)    Netlist Resource(s)
  -------------------------------------------------------------------    -------------------
    RAMB18_X3Y28         RAMB18E1                     0.000     0.000 r  <hidden>
    RAMB18_X3Y28         RAMB18E1 (Prop_ramb18e1_CLKARDCLK_DOADO[1])
                                                      2.454     2.454 r  <hidden>
                         net (fo=1, routed)           1.165     3.619    design_1_i/adpt_out_0/inst/data[1]
    SLICE_X54Y70         LUT6 (Prop_lut6_I5_O)        0.124     3.743 r  design_1_i/adpt_out_0/inst/seg_data[6]_INST_0_i_10/O
                         net (fo=1, routed)           0.748     4.491    design_1_i/adpt_out_0/inst/seg_data[6]_INST_0_i_10_n_0
    SLICE_X54Y71         LUT6 (Prop_lut6_I4_O)        0.124     4.615 r  design_1_i/adpt_out_0/inst/seg_data[6]_INST_0_i_4/O
                         net (fo=7, routed)           0.617     5.233    design_1_i/adpt_out_0/inst/seg_data[6]_INST_0_i_4_n_0
    SLICE_X54Y72         LUT4 (Prop_lut4_I3_O)        0.153     5.386 r  design_1_i/adpt_out_0/inst/seg_data[0]_INST_0/O
                         net (fo=1, routed)           0.800     6.185    design_1_i/cg_fpga_0/inst/cg_fpga_axi_gpio_i1/U0/gpio_core_1/Dual.INPUT_DOUBLE_REGS5/gpio2_io_i[0]
    SLICE_X55Y79         FDRE                                         r  design_1_i/cg_fpga_0/inst/cg_fpga_axi_gpio_i1/U0/gpio_core_1/Dual.INPUT_DOUBLE_REGS5/GENERATE_LEVEL_P_S_CDC.MULTI_BIT.FOR_IN_cdc_to[0].CROSS2_PLEVEL_IN2SCNDRY_IN_cdc_to/D
  -------------------------------------------------------------------    -------------------

                         (clock clk_fpga_0 rise edge)
                                                      0.000     0.000 r  
    PS7_X0Y0             PS7                          0.000     0.000 r  design_1_i/cg_fpga_0/inst/processing_system7_0/inst/PS7_i/FCLKCLK[0]
                         net (fo=1, routed)           1.088     1.088    design_1_i/cg_fpga_0/inst/processing_system7_0/inst/FCLK_CLK_unbuffered[0]
    BUFGCTRL_X0Y16       BUFG (Prop_bufg_I_O)         0.091     1.179 r  design_1_i/cg_fpga_0/inst/processing_system7_0/inst/buffer_fclk_clk_0.FCLK_CLK_0_BUFG/O
                         net (fo=6956, routed)        1.525     2.704    design_1_i/cg_fpga_0/inst/cg_fpga_axi_gpio_i1/U0/gpio_core_1/Dual.INPUT_DOUBLE_REGS5/s_axi_aclk
    SLICE_X55Y79         FDRE                                         r  design_1_i/cg_fpga_0/inst/cg_fpga_axi_gpio_i1/U0/gpio_core_1/Dual.INPUT_DOUBLE_REGS5/GENERATE_LEVEL_P_S_CDC.MULTI_BIT.FOR_IN_cdc_to[0].CROSS2_PLEVEL_IN2SCNDRY_IN_cdc_to/C

Slack:                    inf
  Source:                 <hidden>
                            (rising edge-triggered cell RAMB18E1)
  Destination:            design_1_i/cg_fpga_0/inst/cg_fpga_axi_gpio_i1/U0/gpio_core_1/Dual.INPUT_DOUBLE_REGS5/GENERATE_LEVEL_P_S_CDC.MULTI_BIT.FOR_IN_cdc_to[3].CROSS2_PLEVEL_IN2SCNDRY_IN_cdc_to/D
                            (rising edge-triggered cell FDRE clocked by clk_fpga_0  {rise@0.000ns fall@5.000ns period=10.000ns})
  Path Group:             (none)
  Path Type:              Setup (Max at Slow Process Corner)
  Data Path Delay:        6.161ns  (logic 2.852ns (46.295%)  route 3.309ns (53.705%))
  Logic Levels:           4  (LUT4=1 LUT6=2 RAMB18E1=1)
  Clock Uncertainty:      0.152ns  ((TSJ^2 + TIJ^2)^1/2 + DJ) / 2 + PE
    Total System Jitter     (TSJ):    0.050ns
    Total Input Jitter      (TIJ):    0.300ns
    Discrete Jitter          (DJ):    0.000ns
    Phase Error              (PE):    0.000ns
  Timing Exception:       False Path

    Location             Delay type                Incr(ns)  Path(ns)    Netlist Resource(s)
  -------------------------------------------------------------------    -------------------
    RAMB18_X3Y28         RAMB18E1                     0.000     0.000 r  <hidden>
    RAMB18_X3Y28         RAMB18E1 (Prop_ramb18e1_CLKARDCLK_DOADO[10])
                                                      2.454     2.454 r  <hidden>
                         net (fo=1, routed)           1.205     3.659    design_1_i/adpt_out_0/inst/data[8]
    SLICE_X54Y70         LUT6 (Prop_lut6_I1_O)        0.124     3.783 r  design_1_i/adpt_out_0/inst/seg_data[6]_INST_0_i_8/O
                         net (fo=1, routed)           0.303     4.086    design_1_i/adpt_out_0/inst/seg_data[6]_INST_0_i_8_n_0
    SLICE_X54Y71         LUT6 (Prop_lut6_I4_O)        0.124     4.210 r  design_1_i/adpt_out_0/inst/seg_data[6]_INST_0_i_2/O
                         net (fo=7, routed)           1.065     5.276    design_1_i/adpt_out_0/inst/seg_data[6]_INST_0_i_2_n_0
    SLICE_X54Y72         LUT4 (Prop_lut4_I2_O)        0.150     5.426 r  design_1_i/adpt_out_0/inst/seg_data[3]_INST_0/O
                         net (fo=1, routed)           0.735     6.161    design_1_i/cg_fpga_0/inst/cg_fpga_axi_gpio_i1/U0/gpio_core_1/Dual.INPUT_DOUBLE_REGS5/gpio2_io_i[3]
    SLICE_X54Y77         FDRE                                         r  design_1_i/cg_fpga_0/inst/cg_fpga_axi_gpio_i1/U0/gpio_core_1/Dual.INPUT_DOUBLE_REGS5/GENERATE_LEVEL_P_S_CDC.MULTI_BIT.FOR_IN_cdc_to[3].CROSS2_PLEVEL_IN2SCNDRY_IN_cdc_to/D
  -------------------------------------------------------------------    -------------------

                         (clock clk_fpga_0 rise edge)
                                                      0.000     0.000 r  
    PS7_X0Y0             PS7                          0.000     0.000 r  design_1_i/cg_fpga_0/inst/processing_system7_0/inst/PS7_i/FCLKCLK[0]
                         net (fo=1, routed)           1.088     1.088    design_1_i/cg_fpga_0/inst/processing_system7_0/inst/FCLK_CLK_unbuffered[0]
    BUFGCTRL_X0Y16       BUFG (Prop_bufg_I_O)         0.091     1.179 r  design_1_i/cg_fpga_0/inst/processing_system7_0/inst/buffer_fclk_clk_0.FCLK_CLK_0_BUFG/O
                         net (fo=6956, routed)        1.522     2.701    design_1_i/cg_fpga_0/inst/cg_fpga_axi_gpio_i1/U0/gpio_core_1/Dual.INPUT_DOUBLE_REGS5/s_axi_aclk
    SLICE_X54Y77         FDRE                                         r  design_1_i/cg_fpga_0/inst/cg_fpga_axi_gpio_i1/U0/gpio_core_1/Dual.INPUT_DOUBLE_REGS5/GENERATE_LEVEL_P_S_CDC.MULTI_BIT.FOR_IN_cdc_to[3].CROSS2_PLEVEL_IN2SCNDRY_IN_cdc_to/C

Slack:                    inf
  Source:                 <hidden>
                            (rising edge-triggered cell RAMB18E1)
  Destination:            design_1_i/cg_fpga_0/inst/cg_fpga_axi_gpio_i1/U0/gpio_core_1/Dual.INPUT_DOUBLE_REGS5/GENERATE_LEVEL_P_S_CDC.MULTI_BIT.FOR_IN_cdc_to[1].CROSS2_PLEVEL_IN2SCNDRY_IN_cdc_to/D
                            (rising edge-triggered cell FDRE clocked by clk_fpga_0  {rise@0.000ns fall@5.000ns period=10.000ns})
  Path Group:             (none)
  Path Type:              Setup (Max at Slow Process Corner)
  Data Path Delay:        6.068ns  (logic 2.826ns (46.569%)  route 3.242ns (53.431%))
  Logic Levels:           4  (LUT4=1 LUT6=2 RAMB18E1=1)
  Clock Uncertainty:      0.152ns  ((TSJ^2 + TIJ^2)^1/2 + DJ) / 2 + PE
    Total System Jitter     (TSJ):    0.050ns
    Total Input Jitter      (TIJ):    0.300ns
    Discrete Jitter          (DJ):    0.000ns
    Phase Error              (PE):    0.000ns
  Timing Exception:       False Path

    Location             Delay type                Incr(ns)  Path(ns)    Netlist Resource(s)
  -------------------------------------------------------------------    -------------------
    RAMB18_X3Y28         RAMB18E1                     0.000     0.000 r  <hidden>
    RAMB18_X3Y28         RAMB18E1 (Prop_ramb18e1_CLKARDCLK_DOADO[10])
                                                      2.454     2.454 r  <hidden>
                         net (fo=1, routed)           1.205     3.659    design_1_i/adpt_out_0/inst/data[8]
    SLICE_X54Y70         LUT6 (Prop_lut6_I1_O)        0.124     3.783 r  design_1_i/adpt_out_0/inst/seg_data[6]_INST_0_i_8/O
                         net (fo=1, routed)           0.303     4.086    design_1_i/adpt_out_0/inst/seg_data[6]_INST_0_i_8_n_0
    SLICE_X54Y71         LUT6 (Prop_lut6_I4_O)        0.124     4.210 r  design_1_i/adpt_out_0/inst/seg_data[6]_INST_0_i_2/O
                         net (fo=7, routed)           1.065     5.276    design_1_i/adpt_out_0/inst/seg_data[6]_INST_0_i_2_n_0
    SLICE_X54Y72         LUT4 (Prop_lut4_I3_O)        0.124     5.400 r  design_1_i/adpt_out_0/inst/seg_data[1]_INST_0/O
                         net (fo=1, routed)           0.669     6.068    design_1_i/cg_fpga_0/inst/cg_fpga_axi_gpio_i1/U0/gpio_core_1/Dual.INPUT_DOUBLE_REGS5/gpio2_io_i[1]
    SLICE_X54Y79         FDRE                                         r  design_1_i/cg_fpga_0/inst/cg_fpga_axi_gpio_i1/U0/gpio_core_1/Dual.INPUT_DOUBLE_REGS5/GENERATE_LEVEL_P_S_CDC.MULTI_BIT.FOR_IN_cdc_to[1].CROSS2_PLEVEL_IN2SCNDRY_IN_cdc_to/D
  -------------------------------------------------------------------    -------------------

                         (clock clk_fpga_0 rise edge)
                                                      0.000     0.000 r  
    PS7_X0Y0             PS7                          0.000     0.000 r  design_1_i/cg_fpga_0/inst/processing_system7_0/inst/PS7_i/FCLKCLK[0]
                         net (fo=1, routed)           1.088     1.088    design_1_i/cg_fpga_0/inst/processing_system7_0/inst/FCLK_CLK_unbuffered[0]
    BUFGCTRL_X0Y16       BUFG (Prop_bufg_I_O)         0.091     1.179 r  design_1_i/cg_fpga_0/inst/processing_system7_0/inst/buffer_fclk_clk_0.FCLK_CLK_0_BUFG/O
                         net (fo=6956, routed)        1.525     2.704    design_1_i/cg_fpga_0/inst/cg_fpga_axi_gpio_i1/U0/gpio_core_1/Dual.INPUT_DOUBLE_REGS5/s_axi_aclk
    SLICE_X54Y79         FDRE                                         r  design_1_i/cg_fpga_0/inst/cg_fpga_axi_gpio_i1/U0/gpio_core_1/Dual.INPUT_DOUBLE_REGS5/GENERATE_LEVEL_P_S_CDC.MULTI_BIT.FOR_IN_cdc_to[1].CROSS2_PLEVEL_IN2SCNDRY_IN_cdc_to/C

Slack:                    inf
  Source:                 <hidden>
                            (rising edge-triggered cell RAMB18E1)
  Destination:            design_1_i/cg_fpga_0/inst/cg_fpga_axi_gpio_i1/U0/gpio_core_1/Dual.INPUT_DOUBLE_REGS5/GENERATE_LEVEL_P_S_CDC.MULTI_BIT.FOR_IN_cdc_to[5].CROSS2_PLEVEL_IN2SCNDRY_IN_cdc_to/D
                            (rising edge-triggered cell FDRE clocked by clk_fpga_0  {rise@0.000ns fall@5.000ns period=10.000ns})
  Path Group:             (none)
  Path Type:              Setup (Max at Slow Process Corner)
  Data Path Delay:        6.061ns  (logic 2.826ns (46.623%)  route 3.235ns (53.377%))
  Logic Levels:           4  (LUT4=1 LUT6=2 RAMB18E1=1)
  Clock Uncertainty:      0.152ns  ((TSJ^2 + TIJ^2)^1/2 + DJ) / 2 + PE
    Total System Jitter     (TSJ):    0.050ns
    Total Input Jitter      (TIJ):    0.300ns
    Discrete Jitter          (DJ):    0.000ns
    Phase Error              (PE):    0.000ns
  Timing Exception:       False Path

    Location             Delay type                Incr(ns)  Path(ns)    Netlist Resource(s)
  -------------------------------------------------------------------    -------------------
    RAMB18_X3Y28         RAMB18E1                     0.000     0.000 r  <hidden>
    RAMB18_X3Y28         RAMB18E1 (Prop_ramb18e1_CLKARDCLK_DOADO[1])
                                                      2.454     2.454 r  <hidden>
                         net (fo=1, routed)           1.165     3.619    design_1_i/adpt_out_0/inst/data[1]
    SLICE_X54Y70         LUT6 (Prop_lut6_I5_O)        0.124     3.743 r  design_1_i/adpt_out_0/inst/seg_data[6]_INST_0_i_10/O
                         net (fo=1, routed)           0.748     4.491    design_1_i/adpt_out_0/inst/seg_data[6]_INST_0_i_10_n_0
    SLICE_X54Y71         LUT6 (Prop_lut6_I4_O)        0.124     4.615 r  design_1_i/adpt_out_0/inst/seg_data[6]_INST_0_i_4/O
                         net (fo=7, routed)           0.617     5.233    design_1_i/adpt_out_0/inst/seg_data[6]_INST_0_i_4_n_0
    SLICE_X54Y72         LUT4 (Prop_lut4_I3_O)        0.124     5.357 r  design_1_i/adpt_out_0/inst/seg_data[5]_INST_0/O
                         net (fo=1, routed)           0.705     6.061    design_1_i/cg_fpga_0/inst/cg_fpga_axi_gpio_i1/U0/gpio_core_1/Dual.INPUT_DOUBLE_REGS5/gpio2_io_i[5]
    SLICE_X52Y75         FDRE                                         r  design_1_i/cg_fpga_0/inst/cg_fpga_axi_gpio_i1/U0/gpio_core_1/Dual.INPUT_DOUBLE_REGS5/GENERATE_LEVEL_P_S_CDC.MULTI_BIT.FOR_IN_cdc_to[5].CROSS2_PLEVEL_IN2SCNDRY_IN_cdc_to/D
  -------------------------------------------------------------------    -------------------

                         (clock clk_fpga_0 rise edge)
                                                      0.000     0.000 r  
    PS7_X0Y0             PS7                          0.000     0.000 r  design_1_i/cg_fpga_0/inst/processing_system7_0/inst/PS7_i/FCLKCLK[0]
                         net (fo=1, routed)           1.088     1.088    design_1_i/cg_fpga_0/inst/processing_system7_0/inst/FCLK_CLK_unbuffered[0]
    BUFGCTRL_X0Y16       BUFG (Prop_bufg_I_O)         0.091     1.179 r  design_1_i/cg_fpga_0/inst/processing_system7_0/inst/buffer_fclk_clk_0.FCLK_CLK_0_BUFG/O
                         net (fo=6956, routed)        1.449     2.628    design_1_i/cg_fpga_0/inst/cg_fpga_axi_gpio_i1/U0/gpio_core_1/Dual.INPUT_DOUBLE_REGS5/s_axi_aclk
    SLICE_X52Y75         FDRE                                         r  design_1_i/cg_fpga_0/inst/cg_fpga_axi_gpio_i1/U0/gpio_core_1/Dual.INPUT_DOUBLE_REGS5/GENERATE_LEVEL_P_S_CDC.MULTI_BIT.FOR_IN_cdc_to[5].CROSS2_PLEVEL_IN2SCNDRY_IN_cdc_to/C

Slack:                    inf
  Source:                 <hidden>
                            (rising edge-triggered cell RAMB18E1)
  Destination:            design_1_i/cg_fpga_0/inst/cg_fpga_axi_gpio_i1/U0/gpio_core_1/Dual.INPUT_DOUBLE_REGS5/GENERATE_LEVEL_P_S_CDC.MULTI_BIT.FOR_IN_cdc_to[6].CROSS2_PLEVEL_IN2SCNDRY_IN_cdc_to/D
                            (rising edge-triggered cell FDRE clocked by clk_fpga_0  {rise@0.000ns fall@5.000ns period=10.000ns})
  Path Group:             (none)
  Path Type:              Setup (Max at Slow Process Corner)
  Data Path Delay:        5.895ns  (logic 2.854ns (48.411%)  route 3.041ns (51.589%))
  Logic Levels:           4  (LUT4=1 LUT6=2 RAMB18E1=1)
  Clock Uncertainty:      0.152ns  ((TSJ^2 + TIJ^2)^1/2 + DJ) / 2 + PE
    Total System Jitter     (TSJ):    0.050ns
    Total Input Jitter      (TIJ):    0.300ns
    Discrete Jitter          (DJ):    0.000ns
    Phase Error              (PE):    0.000ns
  Timing Exception:       False Path

    Location             Delay type                Incr(ns)  Path(ns)    Netlist Resource(s)
  -------------------------------------------------------------------    -------------------
    RAMB18_X3Y28         RAMB18E1                     0.000     0.000 r  <hidden>
    RAMB18_X3Y28         RAMB18E1 (Prop_ramb18e1_CLKARDCLK_DOADO[10])
                                                      2.454     2.454 r  <hidden>
                         net (fo=1, routed)           1.205     3.659    design_1_i/adpt_out_0/inst/data[8]
    SLICE_X54Y70         LUT6 (Prop_lut6_I1_O)        0.124     3.783 r  design_1_i/adpt_out_0/inst/seg_data[6]_INST_0_i_8/O
                         net (fo=1, routed)           0.303     4.086    design_1_i/adpt_out_0/inst/seg_data[6]_INST_0_i_8_n_0
    SLICE_X54Y71         LUT6 (Prop_lut6_I4_O)        0.124     4.210 r  design_1_i/adpt_out_0/inst/seg_data[6]_INST_0_i_2/O
                         net (fo=7, routed)           1.055     5.266    design_1_i/adpt_out_0/inst/seg_data[6]_INST_0_i_2_n_0
    SLICE_X54Y72         LUT4 (Prop_lut4_I1_O)        0.152     5.418 r  design_1_i/adpt_out_0/inst/seg_data[6]_INST_0/O
                         net (fo=1, routed)           0.478     5.895    design_1_i/cg_fpga_0/inst/cg_fpga_axi_gpio_i1/U0/gpio_core_1/Dual.INPUT_DOUBLE_REGS5/gpio2_io_i[6]
    SLICE_X54Y75         FDRE                                         r  design_1_i/cg_fpga_0/inst/cg_fpga_axi_gpio_i1/U0/gpio_core_1/Dual.INPUT_DOUBLE_REGS5/GENERATE_LEVEL_P_S_CDC.MULTI_BIT.FOR_IN_cdc_to[6].CROSS2_PLEVEL_IN2SCNDRY_IN_cdc_to/D
  -------------------------------------------------------------------    -------------------

                         (clock clk_fpga_0 rise edge)
                                                      0.000     0.000 r  
    PS7_X0Y0             PS7                          0.000     0.000 r  design_1_i/cg_fpga_0/inst/processing_system7_0/inst/PS7_i/FCLKCLK[0]
                         net (fo=1, routed)           1.088     1.088    design_1_i/cg_fpga_0/inst/processing_system7_0/inst/FCLK_CLK_unbuffered[0]
    BUFGCTRL_X0Y16       BUFG (Prop_bufg_I_O)         0.091     1.179 r  design_1_i/cg_fpga_0/inst/processing_system7_0/inst/buffer_fclk_clk_0.FCLK_CLK_0_BUFG/O
                         net (fo=6956, routed)        1.519     2.698    design_1_i/cg_fpga_0/inst/cg_fpga_axi_gpio_i1/U0/gpio_core_1/Dual.INPUT_DOUBLE_REGS5/s_axi_aclk
    SLICE_X54Y75         FDRE                                         r  design_1_i/cg_fpga_0/inst/cg_fpga_axi_gpio_i1/U0/gpio_core_1/Dual.INPUT_DOUBLE_REGS5/GENERATE_LEVEL_P_S_CDC.MULTI_BIT.FOR_IN_cdc_to[6].CROSS2_PLEVEL_IN2SCNDRY_IN_cdc_to/C

Slack:                    inf
  Source:                 <hidden>
                            (rising edge-triggered cell RAMB18E1)
  Destination:            design_1_i/cg_fpga_0/inst/cg_fpga_axi_gpio_i1/U0/gpio_core_1/Dual.INPUT_DOUBLE_REGS5/GENERATE_LEVEL_P_S_CDC.MULTI_BIT.FOR_IN_cdc_to[4].CROSS2_PLEVEL_IN2SCNDRY_IN_cdc_to/D
                            (rising edge-triggered cell FDRE clocked by clk_fpga_0  {rise@0.000ns fall@5.000ns period=10.000ns})
  Path Group:             (none)
  Path Type:              Setup (Max at Slow Process Corner)
  Data Path Delay:        5.819ns  (logic 2.826ns (48.567%)  route 2.993ns (51.433%))
  Logic Levels:           4  (LUT4=1 LUT6=2 RAMB18E1=1)
  Clock Uncertainty:      0.152ns  ((TSJ^2 + TIJ^2)^1/2 + DJ) / 2 + PE
    Total System Jitter     (TSJ):    0.050ns
    Total Input Jitter      (TIJ):    0.300ns
    Discrete Jitter          (DJ):    0.000ns
    Phase Error              (PE):    0.000ns
  Timing Exception:       False Path

    Location             Delay type                Incr(ns)  Path(ns)    Netlist Resource(s)
  -------------------------------------------------------------------    -------------------
    RAMB18_X3Y28         RAMB18E1                     0.000     0.000 r  <hidden>
    RAMB18_X3Y28         RAMB18E1 (Prop_ramb18e1_CLKARDCLK_DOADO[1])
                                                      2.454     2.454 f  <hidden>
                         net (fo=1, routed)           1.165     3.619    design_1_i/adpt_out_0/inst/data[1]
    SLICE_X54Y70         LUT6 (Prop_lut6_I5_O)        0.124     3.743 f  design_1_i/adpt_out_0/inst/seg_data[6]_INST_0_i_10/O
                         net (fo=1, routed)           0.748     4.491    design_1_i/adpt_out_0/inst/seg_data[6]_INST_0_i_10_n_0
    SLICE_X54Y71         LUT6 (Prop_lut6_I4_O)        0.124     4.615 f  design_1_i/adpt_out_0/inst/seg_data[6]_INST_0_i_4/O
                         net (fo=7, routed)           0.634     5.250    design_1_i/adpt_out_0/inst/seg_data[6]_INST_0_i_4_n_0
    SLICE_X54Y72         LUT4 (Prop_lut4_I1_O)        0.124     5.374 r  design_1_i/adpt_out_0/inst/seg_data[4]_INST_0/O
                         net (fo=1, routed)           0.445     5.819    design_1_i/cg_fpga_0/inst/cg_fpga_axi_gpio_i1/U0/gpio_core_1/Dual.INPUT_DOUBLE_REGS5/gpio2_io_i[4]
    SLICE_X54Y73         FDRE                                         r  design_1_i/cg_fpga_0/inst/cg_fpga_axi_gpio_i1/U0/gpio_core_1/Dual.INPUT_DOUBLE_REGS5/GENERATE_LEVEL_P_S_CDC.MULTI_BIT.FOR_IN_cdc_to[4].CROSS2_PLEVEL_IN2SCNDRY_IN_cdc_to/D
  -------------------------------------------------------------------    -------------------

                         (clock clk_fpga_0 rise edge)
                                                      0.000     0.000 r  
    PS7_X0Y0             PS7                          0.000     0.000 r  design_1_i/cg_fpga_0/inst/processing_system7_0/inst/PS7_i/FCLKCLK[0]
                         net (fo=1, routed)           1.088     1.088    design_1_i/cg_fpga_0/inst/processing_system7_0/inst/FCLK_CLK_unbuffered[0]
    BUFGCTRL_X0Y16       BUFG (Prop_bufg_I_O)         0.091     1.179 r  design_1_i/cg_fpga_0/inst/processing_system7_0/inst/buffer_fclk_clk_0.FCLK_CLK_0_BUFG/O
                         net (fo=6956, routed)        1.521     2.700    design_1_i/cg_fpga_0/inst/cg_fpga_axi_gpio_i1/U0/gpio_core_1/Dual.INPUT_DOUBLE_REGS5/s_axi_aclk
    SLICE_X54Y73         FDRE                                         r  design_1_i/cg_fpga_0/inst/cg_fpga_axi_gpio_i1/U0/gpio_core_1/Dual.INPUT_DOUBLE_REGS5/GENERATE_LEVEL_P_S_CDC.MULTI_BIT.FOR_IN_cdc_to[4].CROSS2_PLEVEL_IN2SCNDRY_IN_cdc_to/C

Slack:                    inf
  Source:                 design_1_i/dff6_0/inst/q_reg[4]/C
                            (rising edge-triggered cell FDCE)
  Destination:            design_1_i/cg_fpga_0/inst/cg_fpga_axi_gpio_i1/U0/gpio_core_1/Dual.INPUT_DOUBLE_REGS4/GENERATE_LEVEL_P_S_CDC.MULTI_BIT.FOR_IN_cdc_to[4].CROSS2_PLEVEL_IN2SCNDRY_IN_cdc_to/D
                            (rising edge-triggered cell FDRE clocked by clk_fpga_0  {rise@0.000ns fall@5.000ns period=10.000ns})
  Path Group:             (none)
  Path Type:              Setup (Max at Slow Process Corner)
  Data Path Delay:        1.992ns  (logic 0.583ns (29.266%)  route 1.409ns (70.734%))
  Logic Levels:           2  (FDCE=1 LUT1=1)
  Clock Uncertainty:      0.152ns  ((TSJ^2 + TIJ^2)^1/2 + DJ) / 2 + PE
    Total System Jitter     (TSJ):    0.050ns
    Total Input Jitter      (TIJ):    0.300ns
    Discrete Jitter          (DJ):    0.000ns
    Phase Error              (PE):    0.000ns
  Timing Exception:       False Path

    Location             Delay type                Incr(ns)  Path(ns)    Netlist Resource(s)
  -------------------------------------------------------------------    -------------------
    SLICE_X48Y73         FDCE                         0.000     0.000 r  design_1_i/dff6_0/inst/q_reg[4]/C
    SLICE_X48Y73         FDCE (Prop_fdce_C_Q)         0.459     0.459 f  design_1_i/dff6_0/inst/q_reg[4]/Q
                         net (fo=3, routed)           0.821     1.280    design_1_i/adpt_out_0/inst/addr_out[4]
    SLICE_X50Y74         LUT1 (Prop_lut1_I0_O)        0.124     1.404 r  design_1_i/adpt_out_0/inst/led[4]_INST_0/O
                         net (fo=1, routed)           0.588     1.992    design_1_i/cg_fpga_0/inst/cg_fpga_axi_gpio_i1/U0/gpio_core_1/Dual.INPUT_DOUBLE_REGS4/gpio_io_i[4]
    SLICE_X50Y74         FDRE                                         r  design_1_i/cg_fpga_0/inst/cg_fpga_axi_gpio_i1/U0/gpio_core_1/Dual.INPUT_DOUBLE_REGS4/GENERATE_LEVEL_P_S_CDC.MULTI_BIT.FOR_IN_cdc_to[4].CROSS2_PLEVEL_IN2SCNDRY_IN_cdc_to/D
  -------------------------------------------------------------------    -------------------

                         (clock clk_fpga_0 rise edge)
                                                      0.000     0.000 r  
    PS7_X0Y0             PS7                          0.000     0.000 r  design_1_i/cg_fpga_0/inst/processing_system7_0/inst/PS7_i/FCLKCLK[0]
                         net (fo=1, routed)           1.088     1.088    design_1_i/cg_fpga_0/inst/processing_system7_0/inst/FCLK_CLK_unbuffered[0]
    BUFGCTRL_X0Y16       BUFG (Prop_bufg_I_O)         0.091     1.179 r  design_1_i/cg_fpga_0/inst/processing_system7_0/inst/buffer_fclk_clk_0.FCLK_CLK_0_BUFG/O
                         net (fo=6956, routed)        1.449     2.628    design_1_i/cg_fpga_0/inst/cg_fpga_axi_gpio_i1/U0/gpio_core_1/Dual.INPUT_DOUBLE_REGS4/s_axi_aclk
    SLICE_X50Y74         FDRE                                         r  design_1_i/cg_fpga_0/inst/cg_fpga_axi_gpio_i1/U0/gpio_core_1/Dual.INPUT_DOUBLE_REGS4/GENERATE_LEVEL_P_S_CDC.MULTI_BIT.FOR_IN_cdc_to[4].CROSS2_PLEVEL_IN2SCNDRY_IN_cdc_to/C

Slack:                    inf
  Source:                 design_1_i/dff6_0/inst/q_reg[0]/C
                            (rising edge-triggered cell FDCE)
  Destination:            design_1_i/cg_fpga_0/inst/cg_fpga_axi_gpio_i1/U0/gpio_core_1/Dual.INPUT_DOUBLE_REGS4/GENERATE_LEVEL_P_S_CDC.MULTI_BIT.FOR_IN_cdc_to[0].CROSS2_PLEVEL_IN2SCNDRY_IN_cdc_to/D
                            (rising edge-triggered cell FDRE clocked by clk_fpga_0  {rise@0.000ns fall@5.000ns period=10.000ns})
  Path Group:             (none)
  Path Type:              Setup (Max at Slow Process Corner)
  Data Path Delay:        1.971ns  (logic 0.648ns (32.873%)  route 1.323ns (67.127%))
  Logic Levels:           2  (FDCE=1 LUT1=1)
  Clock Uncertainty:      0.152ns  ((TSJ^2 + TIJ^2)^1/2 + DJ) / 2 + PE
    Total System Jitter     (TSJ):    0.050ns
    Total Input Jitter      (TIJ):    0.300ns
    Discrete Jitter          (DJ):    0.000ns
    Phase Error              (PE):    0.000ns
  Timing Exception:       False Path

    Location             Delay type                Incr(ns)  Path(ns)    Netlist Resource(s)
  -------------------------------------------------------------------    -------------------
    SLICE_X46Y73         FDCE                         0.000     0.000 r  design_1_i/dff6_0/inst/q_reg[0]/C
    SLICE_X46Y73         FDCE (Prop_fdce_C_Q)         0.524     0.524 f  design_1_i/dff6_0/inst/q_reg[0]/Q
                         net (fo=3, routed)           1.032     1.556    design_1_i/adpt_out_0/inst/addr_out[0]
    SLICE_X53Y75         LUT1 (Prop_lut1_I0_O)        0.124     1.680 r  design_1_i/adpt_out_0/inst/led[0]_INST_0/O
                         net (fo=1, routed)           0.291     1.971    design_1_i/cg_fpga_0/inst/cg_fpga_axi_gpio_i1/U0/gpio_core_1/Dual.INPUT_DOUBLE_REGS4/gpio_io_i[0]
    SLICE_X53Y75         FDRE                                         r  design_1_i/cg_fpga_0/inst/cg_fpga_axi_gpio_i1/U0/gpio_core_1/Dual.INPUT_DOUBLE_REGS4/GENERATE_LEVEL_P_S_CDC.MULTI_BIT.FOR_IN_cdc_to[0].CROSS2_PLEVEL_IN2SCNDRY_IN_cdc_to/D
  -------------------------------------------------------------------    -------------------

                         (clock clk_fpga_0 rise edge)
                                                      0.000     0.000 r  
    PS7_X0Y0             PS7                          0.000     0.000 r  design_1_i/cg_fpga_0/inst/processing_system7_0/inst/PS7_i/FCLKCLK[0]
                         net (fo=1, routed)           1.088     1.088    design_1_i/cg_fpga_0/inst/processing_system7_0/inst/FCLK_CLK_unbuffered[0]
    BUFGCTRL_X0Y16       BUFG (Prop_bufg_I_O)         0.091     1.179 r  design_1_i/cg_fpga_0/inst/processing_system7_0/inst/buffer_fclk_clk_0.FCLK_CLK_0_BUFG/O
                         net (fo=6956, routed)        1.449     2.628    design_1_i/cg_fpga_0/inst/cg_fpga_axi_gpio_i1/U0/gpio_core_1/Dual.INPUT_DOUBLE_REGS4/s_axi_aclk
    SLICE_X53Y75         FDRE                                         r  design_1_i/cg_fpga_0/inst/cg_fpga_axi_gpio_i1/U0/gpio_core_1/Dual.INPUT_DOUBLE_REGS4/GENERATE_LEVEL_P_S_CDC.MULTI_BIT.FOR_IN_cdc_to[0].CROSS2_PLEVEL_IN2SCNDRY_IN_cdc_to/C

Slack:                    inf
  Source:                 design_1_i/dff6_0/inst/q_reg[1]/C
                            (rising edge-triggered cell FDCE)
  Destination:            design_1_i/cg_fpga_0/inst/cg_fpga_axi_gpio_i1/U0/gpio_core_1/Dual.INPUT_DOUBLE_REGS4/GENERATE_LEVEL_P_S_CDC.MULTI_BIT.FOR_IN_cdc_to[1].CROSS2_PLEVEL_IN2SCNDRY_IN_cdc_to/D
                            (rising edge-triggered cell FDRE clocked by clk_fpga_0  {rise@0.000ns fall@5.000ns period=10.000ns})
  Path Group:             (none)
  Path Type:              Setup (Max at Slow Process Corner)
  Data Path Delay:        1.911ns  (logic 0.583ns (30.501%)  route 1.328ns (69.499%))
  Logic Levels:           2  (FDCE=1 LUT1=1)
  Clock Uncertainty:      0.152ns  ((TSJ^2 + TIJ^2)^1/2 + DJ) / 2 + PE
    Total System Jitter     (TSJ):    0.050ns
    Total Input Jitter      (TIJ):    0.300ns
    Discrete Jitter          (DJ):    0.000ns
    Phase Error              (PE):    0.000ns
  Timing Exception:       False Path

    Location             Delay type                Incr(ns)  Path(ns)    Netlist Resource(s)
  -------------------------------------------------------------------    -------------------
    SLICE_X48Y73         FDCE                         0.000     0.000 r  design_1_i/dff6_0/inst/q_reg[1]/C
    SLICE_X48Y73         FDCE (Prop_fdce_C_Q)         0.459     0.459 f  design_1_i/dff6_0/inst/q_reg[1]/Q
                         net (fo=3, routed)           1.037     1.496    design_1_i/adpt_out_0/inst/addr_out[1]
    SLICE_X53Y76         LUT1 (Prop_lut1_I0_O)        0.124     1.620 r  design_1_i/adpt_out_0/inst/led[1]_INST_0/O
                         net (fo=1, routed)           0.291     1.911    design_1_i/cg_fpga_0/inst/cg_fpga_axi_gpio_i1/U0/gpio_core_1/Dual.INPUT_DOUBLE_REGS4/gpio_io_i[1]
    SLICE_X53Y76         FDRE                                         r  design_1_i/cg_fpga_0/inst/cg_fpga_axi_gpio_i1/U0/gpio_core_1/Dual.INPUT_DOUBLE_REGS4/GENERATE_LEVEL_P_S_CDC.MULTI_BIT.FOR_IN_cdc_to[1].CROSS2_PLEVEL_IN2SCNDRY_IN_cdc_to/D
  -------------------------------------------------------------------    -------------------

                         (clock clk_fpga_0 rise edge)
                                                      0.000     0.000 r  
    PS7_X0Y0             PS7                          0.000     0.000 r  design_1_i/cg_fpga_0/inst/processing_system7_0/inst/PS7_i/FCLKCLK[0]
                         net (fo=1, routed)           1.088     1.088    design_1_i/cg_fpga_0/inst/processing_system7_0/inst/FCLK_CLK_unbuffered[0]
    BUFGCTRL_X0Y16       BUFG (Prop_bufg_I_O)         0.091     1.179 r  design_1_i/cg_fpga_0/inst/processing_system7_0/inst/buffer_fclk_clk_0.FCLK_CLK_0_BUFG/O
                         net (fo=6956, routed)        1.451     2.630    design_1_i/cg_fpga_0/inst/cg_fpga_axi_gpio_i1/U0/gpio_core_1/Dual.INPUT_DOUBLE_REGS4/s_axi_aclk
    SLICE_X53Y76         FDRE                                         r  design_1_i/cg_fpga_0/inst/cg_fpga_axi_gpio_i1/U0/gpio_core_1/Dual.INPUT_DOUBLE_REGS4/GENERATE_LEVEL_P_S_CDC.MULTI_BIT.FOR_IN_cdc_to[1].CROSS2_PLEVEL_IN2SCNDRY_IN_cdc_to/C





Min Delay Paths
--------------------------------------------------------------------------------------
Slack:                    inf
  Source:                 design_1_i/dff6_0/inst/q_reg[3]/C
                            (rising edge-triggered cell FDCE)
  Destination:            design_1_i/cg_fpga_0/inst/cg_fpga_axi_gpio_i1/U0/gpio_core_1/Dual.INPUT_DOUBLE_REGS4/GENERATE_LEVEL_P_S_CDC.MULTI_BIT.FOR_IN_cdc_to[3].CROSS2_PLEVEL_IN2SCNDRY_IN_cdc_to/D
                            (rising edge-triggered cell FDRE clocked by clk_fpga_0  {rise@0.000ns fall@5.000ns period=10.000ns})
  Path Group:             (none)
  Path Type:              Hold (Min at Fast Process Corner)
  Data Path Delay:        0.576ns  (logic 0.212ns (36.804%)  route 0.364ns (63.196%))
  Logic Levels:           2  (FDCE=1 LUT1=1)
  Clock Uncertainty:      0.152ns  ((TSJ^2 + TIJ^2)^1/2 + DJ) / 2 + PE
    Total System Jitter     (TSJ):    0.050ns
    Total Input Jitter      (TIJ):    0.300ns
    Discrete Jitter          (DJ):    0.000ns
    Phase Error              (PE):    0.000ns
  Timing Exception:       False Path

    Location             Delay type                Incr(ns)  Path(ns)    Netlist Resource(s)
  -------------------------------------------------------------------    -------------------
    SLICE_X46Y73         FDCE                         0.000     0.000 r  design_1_i/dff6_0/inst/q_reg[3]/C
    SLICE_X46Y73         FDCE (Prop_fdce_C_Q)         0.167     0.167 f  design_1_i/dff6_0/inst/q_reg[3]/Q
                         net (fo=3, routed)           0.261     0.428    design_1_i/adpt_out_0/inst/addr_out[3]
    SLICE_X51Y74         LUT1 (Prop_lut1_I0_O)        0.045     0.473 r  design_1_i/adpt_out_0/inst/led[3]_INST_0/O
                         net (fo=1, routed)           0.103     0.576    design_1_i/cg_fpga_0/inst/cg_fpga_axi_gpio_i1/U0/gpio_core_1/Dual.INPUT_DOUBLE_REGS4/gpio_io_i[3]
    SLICE_X51Y74         FDRE                                         r  design_1_i/cg_fpga_0/inst/cg_fpga_axi_gpio_i1/U0/gpio_core_1/Dual.INPUT_DOUBLE_REGS4/GENERATE_LEVEL_P_S_CDC.MULTI_BIT.FOR_IN_cdc_to[3].CROSS2_PLEVEL_IN2SCNDRY_IN_cdc_to/D
  -------------------------------------------------------------------    -------------------

                         (clock clk_fpga_0 rise edge)
                                                      0.000     0.000 r  
    PS7_X0Y0             PS7                          0.000     0.000 r  design_1_i/cg_fpga_0/inst/processing_system7_0/inst/PS7_i/FCLKCLK[0]
                         net (fo=1, routed)           0.337     0.337    design_1_i/cg_fpga_0/inst/processing_system7_0/inst/FCLK_CLK_unbuffered[0]
    BUFGCTRL_X0Y16       BUFG (Prop_bufg_I_O)         0.029     0.366 r  design_1_i/cg_fpga_0/inst/processing_system7_0/inst/buffer_fclk_clk_0.FCLK_CLK_0_BUFG/O
                         net (fo=6956, routed)        0.804     1.170    design_1_i/cg_fpga_0/inst/cg_fpga_axi_gpio_i1/U0/gpio_core_1/Dual.INPUT_DOUBLE_REGS4/s_axi_aclk
    SLICE_X51Y74         FDRE                                         r  design_1_i/cg_fpga_0/inst/cg_fpga_axi_gpio_i1/U0/gpio_core_1/Dual.INPUT_DOUBLE_REGS4/GENERATE_LEVEL_P_S_CDC.MULTI_BIT.FOR_IN_cdc_to[3].CROSS2_PLEVEL_IN2SCNDRY_IN_cdc_to/C

Slack:                    inf
  Source:                 design_1_i/dff6_0/inst/q_reg[5]/C
                            (rising edge-triggered cell FDCE)
  Destination:            design_1_i/cg_fpga_0/inst/cg_fpga_axi_gpio_i1/U0/gpio_core_1/Dual.INPUT_DOUBLE_REGS4/GENERATE_LEVEL_P_S_CDC.MULTI_BIT.FOR_IN_cdc_to[5].CROSS2_PLEVEL_IN2SCNDRY_IN_cdc_to/D
                            (rising edge-triggered cell FDRE clocked by clk_fpga_0  {rise@0.000ns fall@5.000ns period=10.000ns})
  Path Group:             (none)
  Path Type:              Hold (Min at Fast Process Corner)
  Data Path Delay:        0.600ns  (logic 0.212ns (35.328%)  route 0.388ns (64.672%))
  Logic Levels:           2  (FDCE=1 LUT1=1)
  Clock Uncertainty:      0.152ns  ((TSJ^2 + TIJ^2)^1/2 + DJ) / 2 + PE
    Total System Jitter     (TSJ):    0.050ns
    Total Input Jitter      (TIJ):    0.300ns
    Discrete Jitter          (DJ):    0.000ns
    Phase Error              (PE):    0.000ns
  Timing Exception:       False Path

    Location             Delay type                Incr(ns)  Path(ns)    Netlist Resource(s)
  -------------------------------------------------------------------    -------------------
    SLICE_X46Y73         FDCE                         0.000     0.000 r  design_1_i/dff6_0/inst/q_reg[5]/C
    SLICE_X46Y73         FDCE (Prop_fdce_C_Q)         0.167     0.167 f  design_1_i/dff6_0/inst/q_reg[5]/Q
                         net (fo=3, routed)           0.271     0.438    design_1_i/adpt_out_0/inst/addr_out[5]
    SLICE_X48Y74         LUT1 (Prop_lut1_I0_O)        0.045     0.483 r  design_1_i/adpt_out_0/inst/led[5]_INST_0/O
                         net (fo=1, routed)           0.117     0.600    design_1_i/cg_fpga_0/inst/cg_fpga_axi_gpio_i1/U0/gpio_core_1/Dual.INPUT_DOUBLE_REGS4/gpio_io_i[5]
    SLICE_X48Y74         FDRE                                         r  design_1_i/cg_fpga_0/inst/cg_fpga_axi_gpio_i1/U0/gpio_core_1/Dual.INPUT_DOUBLE_REGS4/GENERATE_LEVEL_P_S_CDC.MULTI_BIT.FOR_IN_cdc_to[5].CROSS2_PLEVEL_IN2SCNDRY_IN_cdc_to/D
  -------------------------------------------------------------------    -------------------

                         (clock clk_fpga_0 rise edge)
                                                      0.000     0.000 r  
    PS7_X0Y0             PS7                          0.000     0.000 r  design_1_i/cg_fpga_0/inst/processing_system7_0/inst/PS7_i/FCLKCLK[0]
                         net (fo=1, routed)           0.337     0.337    design_1_i/cg_fpga_0/inst/processing_system7_0/inst/FCLK_CLK_unbuffered[0]
    BUFGCTRL_X0Y16       BUFG (Prop_bufg_I_O)         0.029     0.366 r  design_1_i/cg_fpga_0/inst/processing_system7_0/inst/buffer_fclk_clk_0.FCLK_CLK_0_BUFG/O
                         net (fo=6956, routed)        0.808     1.174    design_1_i/cg_fpga_0/inst/cg_fpga_axi_gpio_i1/U0/gpio_core_1/Dual.INPUT_DOUBLE_REGS4/s_axi_aclk
    SLICE_X48Y74         FDRE                                         r  design_1_i/cg_fpga_0/inst/cg_fpga_axi_gpio_i1/U0/gpio_core_1/Dual.INPUT_DOUBLE_REGS4/GENERATE_LEVEL_P_S_CDC.MULTI_BIT.FOR_IN_cdc_to[5].CROSS2_PLEVEL_IN2SCNDRY_IN_cdc_to/C

Slack:                    inf
  Source:                 design_1_i/dff6_0/inst/q_reg[2]/C
                            (rising edge-triggered cell FDCE)
  Destination:            design_1_i/cg_fpga_0/inst/cg_fpga_axi_gpio_i1/U0/gpio_core_1/Dual.INPUT_DOUBLE_REGS4/GENERATE_LEVEL_P_S_CDC.MULTI_BIT.FOR_IN_cdc_to[2].CROSS2_PLEVEL_IN2SCNDRY_IN_cdc_to/D
                            (rising edge-triggered cell FDRE clocked by clk_fpga_0  {rise@0.000ns fall@5.000ns period=10.000ns})
  Path Group:             (none)
  Path Type:              Hold (Min at Fast Process Corner)
  Data Path Delay:        0.605ns  (logic 0.212ns (35.047%)  route 0.393ns (64.953%))
  Logic Levels:           2  (FDCE=1 LUT1=1)
  Clock Uncertainty:      0.152ns  ((TSJ^2 + TIJ^2)^1/2 + DJ) / 2 + PE
    Total System Jitter     (TSJ):    0.050ns
    Total Input Jitter      (TIJ):    0.300ns
    Discrete Jitter          (DJ):    0.000ns
    Phase Error              (PE):    0.000ns
  Timing Exception:       False Path

    Location             Delay type                Incr(ns)  Path(ns)    Netlist Resource(s)
  -------------------------------------------------------------------    -------------------
    SLICE_X46Y73         FDCE                         0.000     0.000 r  design_1_i/dff6_0/inst/q_reg[2]/C
    SLICE_X46Y73         FDCE (Prop_fdce_C_Q)         0.167     0.167 f  design_1_i/dff6_0/inst/q_reg[2]/Q
                         net (fo=3, routed)           0.278     0.445    design_1_i/adpt_out_0/inst/addr_out[2]
    SLICE_X50Y73         LUT1 (Prop_lut1_I0_O)        0.045     0.490 r  design_1_i/adpt_out_0/inst/led[2]_INST_0/O
                         net (fo=1, routed)           0.115     0.605    design_1_i/cg_fpga_0/inst/cg_fpga_axi_gpio_i1/U0/gpio_core_1/Dual.INPUT_DOUBLE_REGS4/gpio_io_i[2]
    SLICE_X50Y73         FDRE                                         r  design_1_i/cg_fpga_0/inst/cg_fpga_axi_gpio_i1/U0/gpio_core_1/Dual.INPUT_DOUBLE_REGS4/GENERATE_LEVEL_P_S_CDC.MULTI_BIT.FOR_IN_cdc_to[2].CROSS2_PLEVEL_IN2SCNDRY_IN_cdc_to/D
  -------------------------------------------------------------------    -------------------

                         (clock clk_fpga_0 rise edge)
                                                      0.000     0.000 r  
    PS7_X0Y0             PS7                          0.000     0.000 r  design_1_i/cg_fpga_0/inst/processing_system7_0/inst/PS7_i/FCLKCLK[0]
                         net (fo=1, routed)           0.337     0.337    design_1_i/cg_fpga_0/inst/processing_system7_0/inst/FCLK_CLK_unbuffered[0]
    BUFGCTRL_X0Y16       BUFG (Prop_bufg_I_O)         0.029     0.366 r  design_1_i/cg_fpga_0/inst/processing_system7_0/inst/buffer_fclk_clk_0.FCLK_CLK_0_BUFG/O
                         net (fo=6956, routed)        0.805     1.171    design_1_i/cg_fpga_0/inst/cg_fpga_axi_gpio_i1/U0/gpio_core_1/Dual.INPUT_DOUBLE_REGS4/s_axi_aclk
    SLICE_X50Y73         FDRE                                         r  design_1_i/cg_fpga_0/inst/cg_fpga_axi_gpio_i1/U0/gpio_core_1/Dual.INPUT_DOUBLE_REGS4/GENERATE_LEVEL_P_S_CDC.MULTI_BIT.FOR_IN_cdc_to[2].CROSS2_PLEVEL_IN2SCNDRY_IN_cdc_to/C

Slack:                    inf
  Source:                 design_1_i/cg_fpga_0/inst/processing_system7_0/inst/PS7_i/FCLKRESETN[0]
                            (internal pin)
  Destination:            design_1_i/cg_fpga_0/inst/rst_ps7_0_100M/U0/EXT_LPF/ACTIVE_LOW_EXT.ACT_LO_EXT/GENERATE_LEVEL_P_S_CDC.SINGLE_BIT.CROSS_PLEVEL_IN2SCNDRY_IN_cdc_to/D
                            (rising edge-triggered cell FDRE clocked by clk_fpga_0  {rise@0.000ns fall@5.000ns period=10.000ns})
  Path Group:             (none)
  Path Type:              Hold (Min at Fast Process Corner)
  Data Path Delay:        0.666ns  (logic 0.045ns (6.754%)  route 0.621ns (93.246%))
  Logic Levels:           1  (LUT1=1)
  Clock Uncertainty:      0.152ns  ((TSJ^2 + TIJ^2)^1/2 + DJ) / 2 + PE
    Total System Jitter     (TSJ):    0.050ns
    Total Input Jitter      (TIJ):    0.300ns
    Discrete Jitter          (DJ):    0.000ns
    Phase Error              (PE):    0.000ns
  Timing Exception:       False Path

    Location             Delay type                Incr(ns)  Path(ns)    Netlist Resource(s)
  -------------------------------------------------------------------    -------------------
    PS7_X0Y0             PS7                          0.000     0.000 f  design_1_i/cg_fpga_0/inst/processing_system7_0/inst/PS7_i/FCLKRESETN[0]
                         net (fo=1, routed)           0.621     0.621    design_1_i/cg_fpga_0/inst/rst_ps7_0_100M/U0/EXT_LPF/ACTIVE_LOW_EXT.ACT_LO_EXT/ext_reset_in
    SLICE_X26Y74         LUT1 (Prop_lut1_I0_O)        0.045     0.666 r  design_1_i/cg_fpga_0/inst/rst_ps7_0_100M/U0/EXT_LPF/ACTIVE_LOW_EXT.ACT_LO_EXT/GENERATE_LEVEL_P_S_CDC.SINGLE_BIT.CROSS_PLEVEL_IN2SCNDRY_IN_cdc_to_i_1/O
                         net (fo=1, routed)           0.000     0.666    design_1_i/cg_fpga_0/inst/rst_ps7_0_100M/U0/EXT_LPF/ACTIVE_LOW_EXT.ACT_LO_EXT/exr_d1
    SLICE_X26Y74         FDRE                                         r  design_1_i/cg_fpga_0/inst/rst_ps7_0_100M/U0/EXT_LPF/ACTIVE_LOW_EXT.ACT_LO_EXT/GENERATE_LEVEL_P_S_CDC.SINGLE_BIT.CROSS_PLEVEL_IN2SCNDRY_IN_cdc_to/D
  -------------------------------------------------------------------    -------------------

                         (clock clk_fpga_0 rise edge)
                                                      0.000     0.000 r  
    PS7_X0Y0             PS7                          0.000     0.000 r  design_1_i/cg_fpga_0/inst/processing_system7_0/inst/PS7_i/FCLKCLK[0]
                         net (fo=1, routed)           0.337     0.337    design_1_i/cg_fpga_0/inst/processing_system7_0/inst/FCLK_CLK_unbuffered[0]
    BUFGCTRL_X0Y16       BUFG (Prop_bufg_I_O)         0.029     0.366 r  design_1_i/cg_fpga_0/inst/processing_system7_0/inst/buffer_fclk_clk_0.FCLK_CLK_0_BUFG/O
                         net (fo=6956, routed)        0.827     1.193    design_1_i/cg_fpga_0/inst/rst_ps7_0_100M/U0/EXT_LPF/ACTIVE_LOW_EXT.ACT_LO_EXT/slowest_sync_clk
    SLICE_X26Y74         FDRE                                         r  design_1_i/cg_fpga_0/inst/rst_ps7_0_100M/U0/EXT_LPF/ACTIVE_LOW_EXT.ACT_LO_EXT/GENERATE_LEVEL_P_S_CDC.SINGLE_BIT.CROSS_PLEVEL_IN2SCNDRY_IN_cdc_to/C

Slack:                    inf
  Source:                 design_1_i/dff6_0/inst/q_reg[4]/C
                            (rising edge-triggered cell FDCE)
  Destination:            design_1_i/cg_fpga_0/inst/cg_fpga_axi_gpio_i1/U0/gpio_core_1/Dual.INPUT_DOUBLE_REGS4/GENERATE_LEVEL_P_S_CDC.MULTI_BIT.FOR_IN_cdc_to[4].CROSS2_PLEVEL_IN2SCNDRY_IN_cdc_to/D
                            (rising edge-triggered cell FDRE clocked by clk_fpga_0  {rise@0.000ns fall@5.000ns period=10.000ns})
  Path Group:             (none)
  Path Type:              Hold (Min at Fast Process Corner)
  Data Path Delay:        0.679ns  (logic 0.191ns (28.128%)  route 0.488ns (71.872%))
  Logic Levels:           2  (FDCE=1 LUT1=1)
  Clock Uncertainty:      0.152ns  ((TSJ^2 + TIJ^2)^1/2 + DJ) / 2 + PE
    Total System Jitter     (TSJ):    0.050ns
    Total Input Jitter      (TIJ):    0.300ns
    Discrete Jitter          (DJ):    0.000ns
    Phase Error              (PE):    0.000ns
  Timing Exception:       False Path

    Location             Delay type                Incr(ns)  Path(ns)    Netlist Resource(s)
  -------------------------------------------------------------------    -------------------
    SLICE_X48Y73         FDCE                         0.000     0.000 r  design_1_i/dff6_0/inst/q_reg[4]/C
    SLICE_X48Y73         FDCE (Prop_fdce_C_Q)         0.146     0.146 f  design_1_i/dff6_0/inst/q_reg[4]/Q
                         net (fo=3, routed)           0.273     0.419    design_1_i/adpt_out_0/inst/addr_out[4]
    SLICE_X50Y74         LUT1 (Prop_lut1_I0_O)        0.045     0.464 r  design_1_i/adpt_out_0/inst/led[4]_INST_0/O
                         net (fo=1, routed)           0.215     0.679    design_1_i/cg_fpga_0/inst/cg_fpga_axi_gpio_i1/U0/gpio_core_1/Dual.INPUT_DOUBLE_REGS4/gpio_io_i[4]
    SLICE_X50Y74         FDRE                                         r  design_1_i/cg_fpga_0/inst/cg_fpga_axi_gpio_i1/U0/gpio_core_1/Dual.INPUT_DOUBLE_REGS4/GENERATE_LEVEL_P_S_CDC.MULTI_BIT.FOR_IN_cdc_to[4].CROSS2_PLEVEL_IN2SCNDRY_IN_cdc_to/D
  -------------------------------------------------------------------    -------------------

                         (clock clk_fpga_0 rise edge)
                                                      0.000     0.000 r  
    PS7_X0Y0             PS7                          0.000     0.000 r  design_1_i/cg_fpga_0/inst/processing_system7_0/inst/PS7_i/FCLKCLK[0]
                         net (fo=1, routed)           0.337     0.337    design_1_i/cg_fpga_0/inst/processing_system7_0/inst/FCLK_CLK_unbuffered[0]
    BUFGCTRL_X0Y16       BUFG (Prop_bufg_I_O)         0.029     0.366 r  design_1_i/cg_fpga_0/inst/processing_system7_0/inst/buffer_fclk_clk_0.FCLK_CLK_0_BUFG/O
                         net (fo=6956, routed)        0.804     1.170    design_1_i/cg_fpga_0/inst/cg_fpga_axi_gpio_i1/U0/gpio_core_1/Dual.INPUT_DOUBLE_REGS4/s_axi_aclk
    SLICE_X50Y74         FDRE                                         r  design_1_i/cg_fpga_0/inst/cg_fpga_axi_gpio_i1/U0/gpio_core_1/Dual.INPUT_DOUBLE_REGS4/GENERATE_LEVEL_P_S_CDC.MULTI_BIT.FOR_IN_cdc_to[4].CROSS2_PLEVEL_IN2SCNDRY_IN_cdc_to/C

Slack:                    inf
  Source:                 design_1_i/dff6_0/inst/q_reg[1]/C
                            (rising edge-triggered cell FDCE)
  Destination:            design_1_i/cg_fpga_0/inst/cg_fpga_axi_gpio_i1/U0/gpio_core_1/Dual.INPUT_DOUBLE_REGS4/GENERATE_LEVEL_P_S_CDC.MULTI_BIT.FOR_IN_cdc_to[1].CROSS2_PLEVEL_IN2SCNDRY_IN_cdc_to/D
                            (rising edge-triggered cell FDRE clocked by clk_fpga_0  {rise@0.000ns fall@5.000ns period=10.000ns})
  Path Group:             (none)
  Path Type:              Hold (Min at Fast Process Corner)
  Data Path Delay:        0.685ns  (logic 0.191ns (27.866%)  route 0.494ns (72.134%))
  Logic Levels:           2  (FDCE=1 LUT1=1)
  Clock Uncertainty:      0.152ns  ((TSJ^2 + TIJ^2)^1/2 + DJ) / 2 + PE
    Total System Jitter     (TSJ):    0.050ns
    Total Input Jitter      (TIJ):    0.300ns
    Discrete Jitter          (DJ):    0.000ns
    Phase Error              (PE):    0.000ns
  Timing Exception:       False Path

    Location             Delay type                Incr(ns)  Path(ns)    Netlist Resource(s)
  -------------------------------------------------------------------    -------------------
    SLICE_X48Y73         FDCE                         0.000     0.000 r  design_1_i/dff6_0/inst/q_reg[1]/C
    SLICE_X48Y73         FDCE (Prop_fdce_C_Q)         0.146     0.146 f  design_1_i/dff6_0/inst/q_reg[1]/Q
                         net (fo=3, routed)           0.391     0.537    design_1_i/adpt_out_0/inst/addr_out[1]
    SLICE_X53Y76         LUT1 (Prop_lut1_I0_O)        0.045     0.582 r  design_1_i/adpt_out_0/inst/led[1]_INST_0/O
                         net (fo=1, routed)           0.103     0.685    design_1_i/cg_fpga_0/inst/cg_fpga_axi_gpio_i1/U0/gpio_core_1/Dual.INPUT_DOUBLE_REGS4/gpio_io_i[1]
    SLICE_X53Y76         FDRE                                         r  design_1_i/cg_fpga_0/inst/cg_fpga_axi_gpio_i1/U0/gpio_core_1/Dual.INPUT_DOUBLE_REGS4/GENERATE_LEVEL_P_S_CDC.MULTI_BIT.FOR_IN_cdc_to[1].CROSS2_PLEVEL_IN2SCNDRY_IN_cdc_to/D
  -------------------------------------------------------------------    -------------------

                         (clock clk_fpga_0 rise edge)
                                                      0.000     0.000 r  
    PS7_X0Y0             PS7                          0.000     0.000 r  design_1_i/cg_fpga_0/inst/processing_system7_0/inst/PS7_i/FCLKCLK[0]
                         net (fo=1, routed)           0.337     0.337    design_1_i/cg_fpga_0/inst/processing_system7_0/inst/FCLK_CLK_unbuffered[0]
    BUFGCTRL_X0Y16       BUFG (Prop_bufg_I_O)         0.029     0.366 r  design_1_i/cg_fpga_0/inst/processing_system7_0/inst/buffer_fclk_clk_0.FCLK_CLK_0_BUFG/O
                         net (fo=6956, routed)        0.805     1.171    design_1_i/cg_fpga_0/inst/cg_fpga_axi_gpio_i1/U0/gpio_core_1/Dual.INPUT_DOUBLE_REGS4/s_axi_aclk
    SLICE_X53Y76         FDRE                                         r  design_1_i/cg_fpga_0/inst/cg_fpga_axi_gpio_i1/U0/gpio_core_1/Dual.INPUT_DOUBLE_REGS4/GENERATE_LEVEL_P_S_CDC.MULTI_BIT.FOR_IN_cdc_to[1].CROSS2_PLEVEL_IN2SCNDRY_IN_cdc_to/C

Slack:                    inf
  Source:                 design_1_i/dff6_0/inst/q_reg[0]/C
                            (rising edge-triggered cell FDCE)
  Destination:            design_1_i/cg_fpga_0/inst/cg_fpga_axi_gpio_i1/U0/gpio_core_1/Dual.INPUT_DOUBLE_REGS4/GENERATE_LEVEL_P_S_CDC.MULTI_BIT.FOR_IN_cdc_to[0].CROSS2_PLEVEL_IN2SCNDRY_IN_cdc_to/D
                            (rising edge-triggered cell FDRE clocked by clk_fpga_0  {rise@0.000ns fall@5.000ns period=10.000ns})
  Path Group:             (none)
  Path Type:              Hold (Min at Fast Process Corner)
  Data Path Delay:        0.712ns  (logic 0.212ns (29.765%)  route 0.500ns (70.235%))
  Logic Levels:           2  (FDCE=1 LUT1=1)
  Clock Uncertainty:      0.152ns  ((TSJ^2 + TIJ^2)^1/2 + DJ) / 2 + PE
    Total System Jitter     (TSJ):    0.050ns
    Total Input Jitter      (TIJ):    0.300ns
    Discrete Jitter          (DJ):    0.000ns
    Phase Error              (PE):    0.000ns
  Timing Exception:       False Path

    Location             Delay type                Incr(ns)  Path(ns)    Netlist Resource(s)
  -------------------------------------------------------------------    -------------------
    SLICE_X46Y73         FDCE                         0.000     0.000 r  design_1_i/dff6_0/inst/q_reg[0]/C
    SLICE_X46Y73         FDCE (Prop_fdce_C_Q)         0.167     0.167 f  design_1_i/dff6_0/inst/q_reg[0]/Q
                         net (fo=3, routed)           0.397     0.564    design_1_i/adpt_out_0/inst/addr_out[0]
    SLICE_X53Y75         LUT1 (Prop_lut1_I0_O)        0.045     0.609 r  design_1_i/adpt_out_0/inst/led[0]_INST_0/O
                         net (fo=1, routed)           0.103     0.712    design_1_i/cg_fpga_0/inst/cg_fpga_axi_gpio_i1/U0/gpio_core_1/Dual.INPUT_DOUBLE_REGS4/gpio_io_i[0]
    SLICE_X53Y75         FDRE                                         r  design_1_i/cg_fpga_0/inst/cg_fpga_axi_gpio_i1/U0/gpio_core_1/Dual.INPUT_DOUBLE_REGS4/GENERATE_LEVEL_P_S_CDC.MULTI_BIT.FOR_IN_cdc_to[0].CROSS2_PLEVEL_IN2SCNDRY_IN_cdc_to/D
  -------------------------------------------------------------------    -------------------

                         (clock clk_fpga_0 rise edge)
                                                      0.000     0.000 r  
    PS7_X0Y0             PS7                          0.000     0.000 r  design_1_i/cg_fpga_0/inst/processing_system7_0/inst/PS7_i/FCLKCLK[0]
                         net (fo=1, routed)           0.337     0.337    design_1_i/cg_fpga_0/inst/processing_system7_0/inst/FCLK_CLK_unbuffered[0]
    BUFGCTRL_X0Y16       BUFG (Prop_bufg_I_O)         0.029     0.366 r  design_1_i/cg_fpga_0/inst/processing_system7_0/inst/buffer_fclk_clk_0.FCLK_CLK_0_BUFG/O
                         net (fo=6956, routed)        0.804     1.170    design_1_i/cg_fpga_0/inst/cg_fpga_axi_gpio_i1/U0/gpio_core_1/Dual.INPUT_DOUBLE_REGS4/s_axi_aclk
    SLICE_X53Y75         FDRE                                         r  design_1_i/cg_fpga_0/inst/cg_fpga_axi_gpio_i1/U0/gpio_core_1/Dual.INPUT_DOUBLE_REGS4/GENERATE_LEVEL_P_S_CDC.MULTI_BIT.FOR_IN_cdc_to[0].CROSS2_PLEVEL_IN2SCNDRY_IN_cdc_to/C

Slack:                    inf
  Source:                 <hidden>
                            (rising edge-triggered cell RAMB18E1)
  Destination:            design_1_i/cg_fpga_0/inst/cg_fpga_axi_gpio_i1/U0/gpio_core_1/Dual.INPUT_DOUBLE_REGS5/GENERATE_LEVEL_P_S_CDC.MULTI_BIT.FOR_IN_cdc_to[4].CROSS2_PLEVEL_IN2SCNDRY_IN_cdc_to/D
                            (rising edge-triggered cell FDRE clocked by clk_fpga_0  {rise@0.000ns fall@5.000ns period=10.000ns})
  Path Group:             (none)
  Path Type:              Hold (Min at Fast Process Corner)
  Data Path Delay:        1.232ns  (logic 0.675ns (54.810%)  route 0.557ns (45.190%))
  Logic Levels:           3  (LUT4=1 LUT6=1 RAMB18E1=1)
  Clock Uncertainty:      0.152ns  ((TSJ^2 + TIJ^2)^1/2 + DJ) / 2 + PE
    Total System Jitter     (TSJ):    0.050ns
    Total Input Jitter      (TIJ):    0.300ns
    Discrete Jitter          (DJ):    0.000ns
    Phase Error              (PE):    0.000ns
  Timing Exception:       False Path

    Location             Delay type                Incr(ns)  Path(ns)    Netlist Resource(s)
  -------------------------------------------------------------------    -------------------
    RAMB18_X3Y28         RAMB18E1                     0.000     0.000 r  <hidden>
    RAMB18_X3Y28         RAMB18E1 (Prop_ramb18e1_CLKBWRCLK_DOBDO[5])
                                                      0.585     0.585 f  <hidden>
                         net (fo=1, routed)           0.209     0.794    design_1_i/adpt_out_0/inst/data[17]
    SLICE_X54Y71         LUT6 (Prop_lut6_I0_O)        0.045     0.839 f  design_1_i/adpt_out_0/inst/seg_data[6]_INST_0_i_4/O
                         net (fo=7, routed)           0.203     1.042    design_1_i/adpt_out_0/inst/seg_data[6]_INST_0_i_4_n_0
    SLICE_X54Y72         LUT4 (Prop_lut4_I1_O)        0.045     1.087 r  design_1_i/adpt_out_0/inst/seg_data[4]_INST_0/O
                         net (fo=1, routed)           0.144     1.232    design_1_i/cg_fpga_0/inst/cg_fpga_axi_gpio_i1/U0/gpio_core_1/Dual.INPUT_DOUBLE_REGS5/gpio2_io_i[4]
    SLICE_X54Y73         FDRE                                         r  design_1_i/cg_fpga_0/inst/cg_fpga_axi_gpio_i1/U0/gpio_core_1/Dual.INPUT_DOUBLE_REGS5/GENERATE_LEVEL_P_S_CDC.MULTI_BIT.FOR_IN_cdc_to[4].CROSS2_PLEVEL_IN2SCNDRY_IN_cdc_to/D
  -------------------------------------------------------------------    -------------------

                         (clock clk_fpga_0 rise edge)
                                                      0.000     0.000 r  
    PS7_X0Y0             PS7                          0.000     0.000 r  design_1_i/cg_fpga_0/inst/processing_system7_0/inst/PS7_i/FCLKCLK[0]
                         net (fo=1, routed)           0.337     0.337    design_1_i/cg_fpga_0/inst/processing_system7_0/inst/FCLK_CLK_unbuffered[0]
    BUFGCTRL_X0Y16       BUFG (Prop_bufg_I_O)         0.029     0.366 r  design_1_i/cg_fpga_0/inst/processing_system7_0/inst/buffer_fclk_clk_0.FCLK_CLK_0_BUFG/O
                         net (fo=6956, routed)        0.830     1.196    design_1_i/cg_fpga_0/inst/cg_fpga_axi_gpio_i1/U0/gpio_core_1/Dual.INPUT_DOUBLE_REGS5/s_axi_aclk
    SLICE_X54Y73         FDRE                                         r  design_1_i/cg_fpga_0/inst/cg_fpga_axi_gpio_i1/U0/gpio_core_1/Dual.INPUT_DOUBLE_REGS5/GENERATE_LEVEL_P_S_CDC.MULTI_BIT.FOR_IN_cdc_to[4].CROSS2_PLEVEL_IN2SCNDRY_IN_cdc_to/C

Slack:                    inf
  Source:                 <hidden>
                            (rising edge-triggered cell RAMB18E1)
  Destination:            design_1_i/cg_fpga_0/inst/cg_fpga_axi_gpio_i1/U0/gpio_core_1/Dual.INPUT_DOUBLE_REGS5/GENERATE_LEVEL_P_S_CDC.MULTI_BIT.FOR_IN_cdc_to[6].CROSS2_PLEVEL_IN2SCNDRY_IN_cdc_to/D
                            (rising edge-triggered cell FDRE clocked by clk_fpga_0  {rise@0.000ns fall@5.000ns period=10.000ns})
  Path Group:             (none)
  Path Type:              Hold (Min at Fast Process Corner)
  Data Path Delay:        1.290ns  (logic 0.678ns (52.576%)  route 0.612ns (47.424%))
  Logic Levels:           3  (LUT4=1 LUT6=1 RAMB18E1=1)
  Clock Uncertainty:      0.152ns  ((TSJ^2 + TIJ^2)^1/2 + DJ) / 2 + PE
    Total System Jitter     (TSJ):    0.050ns
    Total Input Jitter      (TIJ):    0.300ns
    Discrete Jitter          (DJ):    0.000ns
    Phase Error              (PE):    0.000ns
  Timing Exception:       False Path

    Location             Delay type                Incr(ns)  Path(ns)    Netlist Resource(s)
  -------------------------------------------------------------------    -------------------
    RAMB18_X3Y28         RAMB18E1                     0.000     0.000 r  <hidden>
    RAMB18_X3Y28         RAMB18E1 (Prop_ramb18e1_CLKBWRCLK_DOBDO[13])
                                                      0.585     0.585 r  <hidden>
                         net (fo=1, routed)           0.237     0.822    design_1_i/adpt_out_0/inst/data[23]
    SLICE_X54Y71         LUT6 (Prop_lut6_I2_O)        0.045     0.867 r  design_1_i/adpt_out_0/inst/seg_data[6]_INST_0_i_1/O
                         net (fo=7, routed)           0.175     1.042    design_1_i/adpt_out_0/inst/seg_data[6]_INST_0_i_1_n_0
    SLICE_X54Y72         LUT4 (Prop_lut4_I0_O)        0.048     1.090 r  design_1_i/adpt_out_0/inst/seg_data[6]_INST_0/O
                         net (fo=1, routed)           0.200     1.290    design_1_i/cg_fpga_0/inst/cg_fpga_axi_gpio_i1/U0/gpio_core_1/Dual.INPUT_DOUBLE_REGS5/gpio2_io_i[6]
    SLICE_X54Y75         FDRE                                         r  design_1_i/cg_fpga_0/inst/cg_fpga_axi_gpio_i1/U0/gpio_core_1/Dual.INPUT_DOUBLE_REGS5/GENERATE_LEVEL_P_S_CDC.MULTI_BIT.FOR_IN_cdc_to[6].CROSS2_PLEVEL_IN2SCNDRY_IN_cdc_to/D
  -------------------------------------------------------------------    -------------------

                         (clock clk_fpga_0 rise edge)
                                                      0.000     0.000 r  
    PS7_X0Y0             PS7                          0.000     0.000 r  design_1_i/cg_fpga_0/inst/processing_system7_0/inst/PS7_i/FCLKCLK[0]
                         net (fo=1, routed)           0.337     0.337    design_1_i/cg_fpga_0/inst/processing_system7_0/inst/FCLK_CLK_unbuffered[0]
    BUFGCTRL_X0Y16       BUFG (Prop_bufg_I_O)         0.029     0.366 r  design_1_i/cg_fpga_0/inst/processing_system7_0/inst/buffer_fclk_clk_0.FCLK_CLK_0_BUFG/O
                         net (fo=6956, routed)        0.829     1.195    design_1_i/cg_fpga_0/inst/cg_fpga_axi_gpio_i1/U0/gpio_core_1/Dual.INPUT_DOUBLE_REGS5/s_axi_aclk
    SLICE_X54Y75         FDRE                                         r  design_1_i/cg_fpga_0/inst/cg_fpga_axi_gpio_i1/U0/gpio_core_1/Dual.INPUT_DOUBLE_REGS5/GENERATE_LEVEL_P_S_CDC.MULTI_BIT.FOR_IN_cdc_to[6].CROSS2_PLEVEL_IN2SCNDRY_IN_cdc_to/C

Slack:                    inf
  Source:                 <hidden>
                            (rising edge-triggered cell RAMB18E1)
  Destination:            design_1_i/cg_fpga_0/inst/cg_fpga_axi_gpio_i1/U0/gpio_core_1/Dual.INPUT_DOUBLE_REGS5/GENERATE_LEVEL_P_S_CDC.MULTI_BIT.FOR_IN_cdc_to[1].CROSS2_PLEVEL_IN2SCNDRY_IN_cdc_to/D
                            (rising edge-triggered cell FDRE clocked by clk_fpga_0  {rise@0.000ns fall@5.000ns period=10.000ns})
  Path Group:             (none)
  Path Type:              Hold (Min at Fast Process Corner)
  Data Path Delay:        1.357ns  (logic 0.675ns (49.759%)  route 0.682ns (50.241%))
  Logic Levels:           3  (LUT4=1 LUT6=1 RAMB18E1=1)
  Clock Uncertainty:      0.152ns  ((TSJ^2 + TIJ^2)^1/2 + DJ) / 2 + PE
    Total System Jitter     (TSJ):    0.050ns
    Total Input Jitter      (TIJ):    0.300ns
    Discrete Jitter          (DJ):    0.000ns
    Phase Error              (PE):    0.000ns
  Timing Exception:       False Path

    Location             Delay type                Incr(ns)  Path(ns)    Netlist Resource(s)
  -------------------------------------------------------------------    -------------------
    RAMB18_X3Y28         RAMB18E1                     0.000     0.000 r  <hidden>
    RAMB18_X3Y28         RAMB18E1 (Prop_ramb18e1_CLKBWRCLK_DOBDO[13])
                                                      0.585     0.585 r  <hidden>
                         net (fo=1, routed)           0.237     0.822    design_1_i/adpt_out_0/inst/data[23]
    SLICE_X54Y71         LUT6 (Prop_lut6_I2_O)        0.045     0.867 r  design_1_i/adpt_out_0/inst/seg_data[6]_INST_0_i_1/O
                         net (fo=7, routed)           0.171     1.038    design_1_i/adpt_out_0/inst/seg_data[6]_INST_0_i_1_n_0
    SLICE_X54Y72         LUT4 (Prop_lut4_I0_O)        0.045     1.083 r  design_1_i/adpt_out_0/inst/seg_data[1]_INST_0/O
                         net (fo=1, routed)           0.274     1.357    design_1_i/cg_fpga_0/inst/cg_fpga_axi_gpio_i1/U0/gpio_core_1/Dual.INPUT_DOUBLE_REGS5/gpio2_io_i[1]
    SLICE_X54Y79         FDRE                                         r  design_1_i/cg_fpga_0/inst/cg_fpga_axi_gpio_i1/U0/gpio_core_1/Dual.INPUT_DOUBLE_REGS5/GENERATE_LEVEL_P_S_CDC.MULTI_BIT.FOR_IN_cdc_to[1].CROSS2_PLEVEL_IN2SCNDRY_IN_cdc_to/D
  -------------------------------------------------------------------    -------------------

                         (clock clk_fpga_0 rise edge)
                                                      0.000     0.000 r  
    PS7_X0Y0             PS7                          0.000     0.000 r  design_1_i/cg_fpga_0/inst/processing_system7_0/inst/PS7_i/FCLKCLK[0]
                         net (fo=1, routed)           0.337     0.337    design_1_i/cg_fpga_0/inst/processing_system7_0/inst/FCLK_CLK_unbuffered[0]
    BUFGCTRL_X0Y16       BUFG (Prop_bufg_I_O)         0.029     0.366 r  design_1_i/cg_fpga_0/inst/processing_system7_0/inst/buffer_fclk_clk_0.FCLK_CLK_0_BUFG/O
                         net (fo=6956, routed)        0.834     1.200    design_1_i/cg_fpga_0/inst/cg_fpga_axi_gpio_i1/U0/gpio_core_1/Dual.INPUT_DOUBLE_REGS5/s_axi_aclk
    SLICE_X54Y79         FDRE                                         r  design_1_i/cg_fpga_0/inst/cg_fpga_axi_gpio_i1/U0/gpio_core_1/Dual.INPUT_DOUBLE_REGS5/GENERATE_LEVEL_P_S_CDC.MULTI_BIT.FOR_IN_cdc_to[1].CROSS2_PLEVEL_IN2SCNDRY_IN_cdc_to/C





--------------------------------------------------------------------------------------
Path Group:  (none)
From Clock:  clk_fpga_0
  To Clock:  clk_fpga_0

Max Delay           213 Endpoints
Min Delay           213 Endpoints
--------------------------------------------------------------------------------------


Max Delay Paths
--------------------------------------------------------------------------------------
Slack:                    inf
  Source:                 design_1_i/cg_fpga_0/inst/rst_ps7_0_100M/U0/ACTIVE_LOW_PR_OUT_DFF[0].FDRE_PER_N/C
                            (rising edge-triggered cell FDRE clocked by clk_fpga_0  {rise@0.000ns fall@5.000ns period=10.000ns})
  Destination:            <hidden>
                            (recovery check against rising-edge clock clk_fpga_0  {rise@0.000ns fall@5.000ns period=10.000ns})
  Path Group:             (none)
  Path Type:              Recovery (Max at Slow Process Corner)
  Data Path Delay:        4.937ns  (logic 0.580ns (11.749%)  route 4.357ns (88.251%))
  Logic Levels:           1  (LUT1=1)
  Clock Path Skew:        -0.216ns (DCD - SCD + CPR)
    Destination Clock Delay (DCD):    2.760ns
    Source Clock Delay      (SCD):    2.976ns
    Clock Pessimism Removal (CPR):    0.000ns
  Clock Uncertainty:      0.154ns  ((TSJ^2 + TIJ^2)^1/2 + DJ) / 2 + PE
    Total System Jitter     (TSJ):    0.071ns
    Total Input Jitter      (TIJ):    0.300ns
    Discrete Jitter          (DJ):    0.000ns
    Phase Error              (PE):    0.000ns
  Timing Exception:       False Path

    Location             Delay type                Incr(ns)  Path(ns)    Netlist Resource(s)
  -------------------------------------------------------------------    -------------------
                         (clock clk_fpga_0 rise edge)
                                                      0.000     0.000 r  
    PS7_X0Y0             PS7                          0.000     0.000 r  design_1_i/cg_fpga_0/inst/processing_system7_0/inst/PS7_i/FCLKCLK[0]
                         net (fo=1, routed)           1.193     1.193    design_1_i/cg_fpga_0/inst/processing_system7_0/inst/FCLK_CLK_unbuffered[0]
    BUFGCTRL_X0Y16       BUFG (Prop_bufg_I_O)         0.101     1.294 r  design_1_i/cg_fpga_0/inst/processing_system7_0/inst/buffer_fclk_clk_0.FCLK_CLK_0_BUFG/O
                         net (fo=6956, routed)        1.682     2.976    design_1_i/cg_fpga_0/inst/rst_ps7_0_100M/U0/slowest_sync_clk
    SLICE_X28Y72         FDRE                                         r  design_1_i/cg_fpga_0/inst/rst_ps7_0_100M/U0/ACTIVE_LOW_PR_OUT_DFF[0].FDRE_PER_N/C
  -------------------------------------------------------------------    -------------------
    SLICE_X28Y72         FDRE (Prop_fdre_C_Q)         0.456     3.432 r  design_1_i/cg_fpga_0/inst/rst_ps7_0_100M/U0/ACTIVE_LOW_PR_OUT_DFF[0].FDRE_PER_N/Q
                         net (fo=66, routed)          1.048     4.480    design_1_i/cg_fpga_0/inst/axi_mem_intercon/m00_couplers/auto_pc/inst/gen_axi4_axi3.axi3_conv_inst/USE_WRITE.write_addr_inst/USE_BURSTS.cmd_queue/inst/aresetn
    SLICE_X37Y71         LUT1 (Prop_lut1_I0_O)        0.124     4.604 f  design_1_i/cg_fpga_0/inst/axi_mem_intercon/m00_couplers/auto_pc/inst/gen_axi4_axi3.axi3_conv_inst/USE_WRITE.write_addr_inst/USE_BURSTS.cmd_queue/inst/S_AXI_AREADY_I_i_1/O
                         net (fo=104, routed)         3.309     7.913    <hidden>
    SLICE_X17Y48         FDPE                                         f  <hidden>
  -------------------------------------------------------------------    -------------------

                         (clock clk_fpga_0 rise edge)
                                                      0.000     0.000 r  
    PS7_X0Y0             PS7                          0.000     0.000 r  design_1_i/cg_fpga_0/inst/processing_system7_0/inst/PS7_i/FCLKCLK[0]
                         net (fo=1, routed)           1.088     1.088    design_1_i/cg_fpga_0/inst/processing_system7_0/inst/FCLK_CLK_unbuffered[0]
    BUFGCTRL_X0Y16       BUFG (Prop_bufg_I_O)         0.091     1.179 r  design_1_i/cg_fpga_0/inst/processing_system7_0/inst/buffer_fclk_clk_0.FCLK_CLK_0_BUFG/O
                         net (fo=6956, routed)        1.581     2.760    <hidden>
    SLICE_X17Y48         FDPE                                         r  <hidden>

Slack:                    inf
  Source:                 design_1_i/cg_fpga_0/inst/rst_ps7_0_100M/U0/ACTIVE_LOW_PR_OUT_DFF[0].FDRE_PER_N/C
                            (rising edge-triggered cell FDRE clocked by clk_fpga_0  {rise@0.000ns fall@5.000ns period=10.000ns})
  Destination:            <hidden>
                            (recovery check against rising-edge clock clk_fpga_0  {rise@0.000ns fall@5.000ns period=10.000ns})
  Path Group:             (none)
  Path Type:              Recovery (Max at Slow Process Corner)
  Data Path Delay:        4.937ns  (logic 0.580ns (11.749%)  route 4.357ns (88.251%))
  Logic Levels:           1  (LUT1=1)
  Clock Path Skew:        -0.216ns (DCD - SCD + CPR)
    Destination Clock Delay (DCD):    2.760ns
    Source Clock Delay      (SCD):    2.976ns
    Clock Pessimism Removal (CPR):    0.000ns
  Clock Uncertainty:      0.154ns  ((TSJ^2 + TIJ^2)^1/2 + DJ) / 2 + PE
    Total System Jitter     (TSJ):    0.071ns
    Total Input Jitter      (TIJ):    0.300ns
    Discrete Jitter          (DJ):    0.000ns
    Phase Error              (PE):    0.000ns
  Timing Exception:       False Path

    Location             Delay type                Incr(ns)  Path(ns)    Netlist Resource(s)
  -------------------------------------------------------------------    -------------------
                         (clock clk_fpga_0 rise edge)
                                                      0.000     0.000 r  
    PS7_X0Y0             PS7                          0.000     0.000 r  design_1_i/cg_fpga_0/inst/processing_system7_0/inst/PS7_i/FCLKCLK[0]
                         net (fo=1, routed)           1.193     1.193    design_1_i/cg_fpga_0/inst/processing_system7_0/inst/FCLK_CLK_unbuffered[0]
    BUFGCTRL_X0Y16       BUFG (Prop_bufg_I_O)         0.101     1.294 r  design_1_i/cg_fpga_0/inst/processing_system7_0/inst/buffer_fclk_clk_0.FCLK_CLK_0_BUFG/O
                         net (fo=6956, routed)        1.682     2.976    design_1_i/cg_fpga_0/inst/rst_ps7_0_100M/U0/slowest_sync_clk
    SLICE_X28Y72         FDRE                                         r  design_1_i/cg_fpga_0/inst/rst_ps7_0_100M/U0/ACTIVE_LOW_PR_OUT_DFF[0].FDRE_PER_N/C
  -------------------------------------------------------------------    -------------------
    SLICE_X28Y72         FDRE (Prop_fdre_C_Q)         0.456     3.432 r  design_1_i/cg_fpga_0/inst/rst_ps7_0_100M/U0/ACTIVE_LOW_PR_OUT_DFF[0].FDRE_PER_N/Q
                         net (fo=66, routed)          1.048     4.480    design_1_i/cg_fpga_0/inst/axi_mem_intercon/m00_couplers/auto_pc/inst/gen_axi4_axi3.axi3_conv_inst/USE_WRITE.write_addr_inst/USE_BURSTS.cmd_queue/inst/aresetn
    SLICE_X37Y71         LUT1 (Prop_lut1_I0_O)        0.124     4.604 f  design_1_i/cg_fpga_0/inst/axi_mem_intercon/m00_couplers/auto_pc/inst/gen_axi4_axi3.axi3_conv_inst/USE_WRITE.write_addr_inst/USE_BURSTS.cmd_queue/inst/S_AXI_AREADY_I_i_1/O
                         net (fo=104, routed)         3.309     7.913    <hidden>
    SLICE_X17Y48         FDPE                                         f  <hidden>
  -------------------------------------------------------------------    -------------------

                         (clock clk_fpga_0 rise edge)
                                                      0.000     0.000 r  
    PS7_X0Y0             PS7                          0.000     0.000 r  design_1_i/cg_fpga_0/inst/processing_system7_0/inst/PS7_i/FCLKCLK[0]
                         net (fo=1, routed)           1.088     1.088    design_1_i/cg_fpga_0/inst/processing_system7_0/inst/FCLK_CLK_unbuffered[0]
    BUFGCTRL_X0Y16       BUFG (Prop_bufg_I_O)         0.091     1.179 r  design_1_i/cg_fpga_0/inst/processing_system7_0/inst/buffer_fclk_clk_0.FCLK_CLK_0_BUFG/O
                         net (fo=6956, routed)        1.581     2.760    <hidden>
    SLICE_X17Y48         FDPE                                         r  <hidden>

Slack:                    inf
  Source:                 design_1_i/adpt_out_0/inst/scan_sel_reg[0]/C
                            (rising edge-triggered cell FDRE clocked by clk_fpga_0  {rise@0.000ns fall@5.000ns period=10.000ns})
  Destination:            design_1_i/cg_fpga_0/inst/cg_fpga_axi_gpio_i1/U0/gpio_core_1/Dual.INPUT_DOUBLE_REGS5/GENERATE_LEVEL_P_S_CDC.MULTI_BIT.FOR_IN_cdc_to[2].CROSS2_PLEVEL_IN2SCNDRY_IN_cdc_to/D
                            (rising edge-triggered cell FDRE clocked by clk_fpga_0  {rise@0.000ns fall@5.000ns period=10.000ns})
  Path Group:             (none)
  Path Type:              Setup (Max at Slow Process Corner)
  Data Path Delay:        4.328ns  (logic 0.828ns (19.130%)  route 3.500ns (80.871%))
  Logic Levels:           3  (LUT3=1 LUT4=1 LUT6=1)
  Clock Path Skew:        -0.287ns (DCD - SCD + CPR)
    Destination Clock Delay (DCD):    2.704ns
    Source Clock Delay      (SCD):    2.991ns
    Clock Pessimism Removal (CPR):    0.000ns
  Clock Uncertainty:      0.154ns  ((TSJ^2 + TIJ^2)^1/2 + DJ) / 2 + PE
    Total System Jitter     (TSJ):    0.071ns
    Total Input Jitter      (TIJ):    0.300ns
    Discrete Jitter          (DJ):    0.000ns
    Phase Error              (PE):    0.000ns
  Timing Exception:       False Path

    Location             Delay type                Incr(ns)  Path(ns)    Netlist Resource(s)
  -------------------------------------------------------------------    -------------------
                         (clock clk_fpga_0 rise edge)
                                                      0.000     0.000 r  
    PS7_X0Y0             PS7                          0.000     0.000 r  design_1_i/cg_fpga_0/inst/processing_system7_0/inst/PS7_i/FCLKCLK[0]
                         net (fo=1, routed)           1.193     1.193    design_1_i/cg_fpga_0/inst/processing_system7_0/inst/FCLK_CLK_unbuffered[0]
    BUFGCTRL_X0Y16       BUFG (Prop_bufg_I_O)         0.101     1.294 r  design_1_i/cg_fpga_0/inst/processing_system7_0/inst/buffer_fclk_clk_0.FCLK_CLK_0_BUFG/O
                         net (fo=6956, routed)        1.697     2.991    design_1_i/adpt_out_0/inst/clk_100M
    SLICE_X55Y71         FDRE                                         r  design_1_i/adpt_out_0/inst/scan_sel_reg[0]/C
  -------------------------------------------------------------------    -------------------
    SLICE_X55Y71         FDRE (Prop_fdre_C_Q)         0.456     3.447 r  design_1_i/adpt_out_0/inst/scan_sel_reg[0]/Q
                         net (fo=10, routed)          0.699     4.146    design_1_i/adpt_out_0/inst/scan_sel_reg[0]_0
    SLICE_X55Y71         LUT3 (Prop_lut3_I1_O)        0.124     4.270 r  design_1_i/adpt_out_0/inst/seg_data[6]_INST_0_i_5/O
                         net (fo=4, routed)           0.894     5.163    design_1_i/adpt_out_0/inst/seg_data[6]_INST_0_i_5_n_0
    SLICE_X54Y71         LUT6 (Prop_lut6_I1_O)        0.124     5.287 f  design_1_i/adpt_out_0/inst/seg_data[6]_INST_0_i_2/O
                         net (fo=7, routed)           1.055     6.343    design_1_i/adpt_out_0/inst/seg_data[6]_INST_0_i_2_n_0
    SLICE_X54Y72         LUT4 (Prop_lut4_I1_O)        0.124     6.467 r  design_1_i/adpt_out_0/inst/seg_data[2]_INST_0/O
                         net (fo=1, routed)           0.853     7.319    design_1_i/cg_fpga_0/inst/cg_fpga_axi_gpio_i1/U0/gpio_core_1/Dual.INPUT_DOUBLE_REGS5/gpio2_io_i[2]
    SLICE_X54Y80         FDRE                                         r  design_1_i/cg_fpga_0/inst/cg_fpga_axi_gpio_i1/U0/gpio_core_1/Dual.INPUT_DOUBLE_REGS5/GENERATE_LEVEL_P_S_CDC.MULTI_BIT.FOR_IN_cdc_to[2].CROSS2_PLEVEL_IN2SCNDRY_IN_cdc_to/D
  -------------------------------------------------------------------    -------------------

                         (clock clk_fpga_0 rise edge)
                                                      0.000     0.000 r  
    PS7_X0Y0             PS7                          0.000     0.000 r  design_1_i/cg_fpga_0/inst/processing_system7_0/inst/PS7_i/FCLKCLK[0]
                         net (fo=1, routed)           1.088     1.088    design_1_i/cg_fpga_0/inst/processing_system7_0/inst/FCLK_CLK_unbuffered[0]
    BUFGCTRL_X0Y16       BUFG (Prop_bufg_I_O)         0.091     1.179 r  design_1_i/cg_fpga_0/inst/processing_system7_0/inst/buffer_fclk_clk_0.FCLK_CLK_0_BUFG/O
                         net (fo=6956, routed)        1.525     2.704    design_1_i/cg_fpga_0/inst/cg_fpga_axi_gpio_i1/U0/gpio_core_1/Dual.INPUT_DOUBLE_REGS5/s_axi_aclk
    SLICE_X54Y80         FDRE                                         r  design_1_i/cg_fpga_0/inst/cg_fpga_axi_gpio_i1/U0/gpio_core_1/Dual.INPUT_DOUBLE_REGS5/GENERATE_LEVEL_P_S_CDC.MULTI_BIT.FOR_IN_cdc_to[2].CROSS2_PLEVEL_IN2SCNDRY_IN_cdc_to/C

Slack:                    inf
  Source:                 design_1_i/adpt_out_0/inst/scan_sel_reg[0]/C
                            (rising edge-triggered cell FDRE clocked by clk_fpga_0  {rise@0.000ns fall@5.000ns period=10.000ns})
  Destination:            design_1_i/cg_fpga_0/inst/cg_fpga_axi_gpio_i1/U0/gpio_core_1/Dual.INPUT_DOUBLE_REGS5/GENERATE_LEVEL_P_S_CDC.MULTI_BIT.FOR_IN_cdc_to[3].CROSS2_PLEVEL_IN2SCNDRY_IN_cdc_to/D
                            (rising edge-triggered cell FDRE clocked by clk_fpga_0  {rise@0.000ns fall@5.000ns period=10.000ns})
  Path Group:             (none)
  Path Type:              Setup (Max at Slow Process Corner)
  Data Path Delay:        4.247ns  (logic 0.854ns (20.110%)  route 3.393ns (79.890%))
  Logic Levels:           3  (LUT3=1 LUT4=1 LUT6=1)
  Clock Path Skew:        -0.290ns (DCD - SCD + CPR)
    Destination Clock Delay (DCD):    2.701ns
    Source Clock Delay      (SCD):    2.991ns
    Clock Pessimism Removal (CPR):    0.000ns
  Clock Uncertainty:      0.154ns  ((TSJ^2 + TIJ^2)^1/2 + DJ) / 2 + PE
    Total System Jitter     (TSJ):    0.071ns
    Total Input Jitter      (TIJ):    0.300ns
    Discrete Jitter          (DJ):    0.000ns
    Phase Error              (PE):    0.000ns
  Timing Exception:       False Path

    Location             Delay type                Incr(ns)  Path(ns)    Netlist Resource(s)
  -------------------------------------------------------------------    -------------------
                         (clock clk_fpga_0 rise edge)
                                                      0.000     0.000 r  
    PS7_X0Y0             PS7                          0.000     0.000 r  design_1_i/cg_fpga_0/inst/processing_system7_0/inst/PS7_i/FCLKCLK[0]
                         net (fo=1, routed)           1.193     1.193    design_1_i/cg_fpga_0/inst/processing_system7_0/inst/FCLK_CLK_unbuffered[0]
    BUFGCTRL_X0Y16       BUFG (Prop_bufg_I_O)         0.101     1.294 r  design_1_i/cg_fpga_0/inst/processing_system7_0/inst/buffer_fclk_clk_0.FCLK_CLK_0_BUFG/O
                         net (fo=6956, routed)        1.697     2.991    design_1_i/adpt_out_0/inst/clk_100M
    SLICE_X55Y71         FDRE                                         r  design_1_i/adpt_out_0/inst/scan_sel_reg[0]/C
  -------------------------------------------------------------------    -------------------
    SLICE_X55Y71         FDRE (Prop_fdre_C_Q)         0.456     3.447 r  design_1_i/adpt_out_0/inst/scan_sel_reg[0]/Q
                         net (fo=10, routed)          0.699     4.146    design_1_i/adpt_out_0/inst/scan_sel_reg[0]_0
    SLICE_X55Y71         LUT3 (Prop_lut3_I1_O)        0.124     4.270 r  design_1_i/adpt_out_0/inst/seg_data[6]_INST_0_i_5/O
                         net (fo=4, routed)           0.894     5.163    design_1_i/adpt_out_0/inst/seg_data[6]_INST_0_i_5_n_0
    SLICE_X54Y71         LUT6 (Prop_lut6_I1_O)        0.124     5.287 r  design_1_i/adpt_out_0/inst/seg_data[6]_INST_0_i_2/O
                         net (fo=7, routed)           1.065     6.353    design_1_i/adpt_out_0/inst/seg_data[6]_INST_0_i_2_n_0
    SLICE_X54Y72         LUT4 (Prop_lut4_I2_O)        0.150     6.503 r  design_1_i/adpt_out_0/inst/seg_data[3]_INST_0/O
                         net (fo=1, routed)           0.735     7.238    design_1_i/cg_fpga_0/inst/cg_fpga_axi_gpio_i1/U0/gpio_core_1/Dual.INPUT_DOUBLE_REGS5/gpio2_io_i[3]
    SLICE_X54Y77         FDRE                                         r  design_1_i/cg_fpga_0/inst/cg_fpga_axi_gpio_i1/U0/gpio_core_1/Dual.INPUT_DOUBLE_REGS5/GENERATE_LEVEL_P_S_CDC.MULTI_BIT.FOR_IN_cdc_to[3].CROSS2_PLEVEL_IN2SCNDRY_IN_cdc_to/D
  -------------------------------------------------------------------    -------------------

                         (clock clk_fpga_0 rise edge)
                                                      0.000     0.000 r  
    PS7_X0Y0             PS7                          0.000     0.000 r  design_1_i/cg_fpga_0/inst/processing_system7_0/inst/PS7_i/FCLKCLK[0]
                         net (fo=1, routed)           1.088     1.088    design_1_i/cg_fpga_0/inst/processing_system7_0/inst/FCLK_CLK_unbuffered[0]
    BUFGCTRL_X0Y16       BUFG (Prop_bufg_I_O)         0.091     1.179 r  design_1_i/cg_fpga_0/inst/processing_system7_0/inst/buffer_fclk_clk_0.FCLK_CLK_0_BUFG/O
                         net (fo=6956, routed)        1.522     2.701    design_1_i/cg_fpga_0/inst/cg_fpga_axi_gpio_i1/U0/gpio_core_1/Dual.INPUT_DOUBLE_REGS5/s_axi_aclk
    SLICE_X54Y77         FDRE                                         r  design_1_i/cg_fpga_0/inst/cg_fpga_axi_gpio_i1/U0/gpio_core_1/Dual.INPUT_DOUBLE_REGS5/GENERATE_LEVEL_P_S_CDC.MULTI_BIT.FOR_IN_cdc_to[3].CROSS2_PLEVEL_IN2SCNDRY_IN_cdc_to/C

Slack:                    inf
  Source:                 design_1_i/adpt_out_0/inst/scan_sel_reg[1]/C
                            (rising edge-triggered cell FDRE clocked by clk_fpga_0  {rise@0.000ns fall@5.000ns period=10.000ns})
  Destination:            design_1_i/cg_fpga_0/inst/cg_fpga_axi_gpio_i1/U0/gpio_core_1/Dual.INPUT_DOUBLE_REGS5/GENERATE_LEVEL_P_S_CDC.MULTI_BIT.FOR_IN_cdc_to[0].CROSS2_PLEVEL_IN2SCNDRY_IN_cdc_to/D
                            (rising edge-triggered cell FDRE clocked by clk_fpga_0  {rise@0.000ns fall@5.000ns period=10.000ns})
  Path Group:             (none)
  Path Type:              Setup (Max at Slow Process Corner)
  Data Path Delay:        4.194ns  (logic 0.992ns (23.650%)  route 3.202ns (76.350%))
  Logic Levels:           3  (LUT4=1 LUT6=2)
  Clock Path Skew:        -0.287ns (DCD - SCD + CPR)
    Destination Clock Delay (DCD):    2.704ns
    Source Clock Delay      (SCD):    2.991ns
    Clock Pessimism Removal (CPR):    0.000ns
  Clock Uncertainty:      0.154ns  ((TSJ^2 + TIJ^2)^1/2 + DJ) / 2 + PE
    Total System Jitter     (TSJ):    0.071ns
    Total Input Jitter      (TIJ):    0.300ns
    Discrete Jitter          (DJ):    0.000ns
    Phase Error              (PE):    0.000ns
  Timing Exception:       False Path

    Location             Delay type                Incr(ns)  Path(ns)    Netlist Resource(s)
  -------------------------------------------------------------------    -------------------
                         (clock clk_fpga_0 rise edge)
                                                      0.000     0.000 r  
    PS7_X0Y0             PS7                          0.000     0.000 r  design_1_i/cg_fpga_0/inst/processing_system7_0/inst/PS7_i/FCLKCLK[0]
                         net (fo=1, routed)           1.193     1.193    design_1_i/cg_fpga_0/inst/processing_system7_0/inst/FCLK_CLK_unbuffered[0]
    BUFGCTRL_X0Y16       BUFG (Prop_bufg_I_O)         0.101     1.294 r  design_1_i/cg_fpga_0/inst/processing_system7_0/inst/buffer_fclk_clk_0.FCLK_CLK_0_BUFG/O
                         net (fo=6956, routed)        1.697     2.991    design_1_i/adpt_out_0/inst/clk_100M
    SLICE_X55Y71         FDRE                                         r  design_1_i/adpt_out_0/inst/scan_sel_reg[1]/C
  -------------------------------------------------------------------    -------------------
    SLICE_X55Y71         FDRE (Prop_fdre_C_Q)         0.419     3.410 r  design_1_i/adpt_out_0/inst/scan_sel_reg[1]/Q
                         net (fo=10, routed)          1.037     4.447    design_1_i/adpt_out_0/inst/scan_sel_reg[1]_0
    SLICE_X54Y70         LUT6 (Prop_lut6_I2_O)        0.296     4.743 r  design_1_i/adpt_out_0/inst/seg_data[6]_INST_0_i_10/O
                         net (fo=1, routed)           0.748     5.492    design_1_i/adpt_out_0/inst/seg_data[6]_INST_0_i_10_n_0
    SLICE_X54Y71         LUT6 (Prop_lut6_I4_O)        0.124     5.616 r  design_1_i/adpt_out_0/inst/seg_data[6]_INST_0_i_4/O
                         net (fo=7, routed)           0.617     6.233    design_1_i/adpt_out_0/inst/seg_data[6]_INST_0_i_4_n_0
    SLICE_X54Y72         LUT4 (Prop_lut4_I3_O)        0.153     6.386 r  design_1_i/adpt_out_0/inst/seg_data[0]_INST_0/O
                         net (fo=1, routed)           0.800     7.185    design_1_i/cg_fpga_0/inst/cg_fpga_axi_gpio_i1/U0/gpio_core_1/Dual.INPUT_DOUBLE_REGS5/gpio2_io_i[0]
    SLICE_X55Y79         FDRE                                         r  design_1_i/cg_fpga_0/inst/cg_fpga_axi_gpio_i1/U0/gpio_core_1/Dual.INPUT_DOUBLE_REGS5/GENERATE_LEVEL_P_S_CDC.MULTI_BIT.FOR_IN_cdc_to[0].CROSS2_PLEVEL_IN2SCNDRY_IN_cdc_to/D
  -------------------------------------------------------------------    -------------------

                         (clock clk_fpga_0 rise edge)
                                                      0.000     0.000 r  
    PS7_X0Y0             PS7                          0.000     0.000 r  design_1_i/cg_fpga_0/inst/processing_system7_0/inst/PS7_i/FCLKCLK[0]
                         net (fo=1, routed)           1.088     1.088    design_1_i/cg_fpga_0/inst/processing_system7_0/inst/FCLK_CLK_unbuffered[0]
    BUFGCTRL_X0Y16       BUFG (Prop_bufg_I_O)         0.091     1.179 r  design_1_i/cg_fpga_0/inst/processing_system7_0/inst/buffer_fclk_clk_0.FCLK_CLK_0_BUFG/O
                         net (fo=6956, routed)        1.525     2.704    design_1_i/cg_fpga_0/inst/cg_fpga_axi_gpio_i1/U0/gpio_core_1/Dual.INPUT_DOUBLE_REGS5/s_axi_aclk
    SLICE_X55Y79         FDRE                                         r  design_1_i/cg_fpga_0/inst/cg_fpga_axi_gpio_i1/U0/gpio_core_1/Dual.INPUT_DOUBLE_REGS5/GENERATE_LEVEL_P_S_CDC.MULTI_BIT.FOR_IN_cdc_to[0].CROSS2_PLEVEL_IN2SCNDRY_IN_cdc_to/C

Slack:                    inf
  Source:                 design_1_i/adpt_out_0/inst/scan_sel_reg[0]/C
                            (rising edge-triggered cell FDRE clocked by clk_fpga_0  {rise@0.000ns fall@5.000ns period=10.000ns})
  Destination:            design_1_i/cg_fpga_0/inst/cg_fpga_axi_gpio_i1/U0/gpio_core_1/Dual.INPUT_DOUBLE_REGS5/GENERATE_LEVEL_P_S_CDC.MULTI_BIT.FOR_IN_cdc_to[1].CROSS2_PLEVEL_IN2SCNDRY_IN_cdc_to/D
                            (rising edge-triggered cell FDRE clocked by clk_fpga_0  {rise@0.000ns fall@5.000ns period=10.000ns})
  Path Group:             (none)
  Path Type:              Setup (Max at Slow Process Corner)
  Data Path Delay:        4.154ns  (logic 0.828ns (19.930%)  route 3.326ns (80.070%))
  Logic Levels:           3  (LUT3=1 LUT4=1 LUT6=1)
  Clock Path Skew:        -0.287ns (DCD - SCD + CPR)
    Destination Clock Delay (DCD):    2.704ns
    Source Clock Delay      (SCD):    2.991ns
    Clock Pessimism Removal (CPR):    0.000ns
  Clock Uncertainty:      0.154ns  ((TSJ^2 + TIJ^2)^1/2 + DJ) / 2 + PE
    Total System Jitter     (TSJ):    0.071ns
    Total Input Jitter      (TIJ):    0.300ns
    Discrete Jitter          (DJ):    0.000ns
    Phase Error              (PE):    0.000ns
  Timing Exception:       False Path

    Location             Delay type                Incr(ns)  Path(ns)    Netlist Resource(s)
  -------------------------------------------------------------------    -------------------
                         (clock clk_fpga_0 rise edge)
                                                      0.000     0.000 r  
    PS7_X0Y0             PS7                          0.000     0.000 r  design_1_i/cg_fpga_0/inst/processing_system7_0/inst/PS7_i/FCLKCLK[0]
                         net (fo=1, routed)           1.193     1.193    design_1_i/cg_fpga_0/inst/processing_system7_0/inst/FCLK_CLK_unbuffered[0]
    BUFGCTRL_X0Y16       BUFG (Prop_bufg_I_O)         0.101     1.294 r  design_1_i/cg_fpga_0/inst/processing_system7_0/inst/buffer_fclk_clk_0.FCLK_CLK_0_BUFG/O
                         net (fo=6956, routed)        1.697     2.991    design_1_i/adpt_out_0/inst/clk_100M
    SLICE_X55Y71         FDRE                                         r  design_1_i/adpt_out_0/inst/scan_sel_reg[0]/C
  -------------------------------------------------------------------    -------------------
    SLICE_X55Y71         FDRE (Prop_fdre_C_Q)         0.456     3.447 r  design_1_i/adpt_out_0/inst/scan_sel_reg[0]/Q
                         net (fo=10, routed)          0.699     4.146    design_1_i/adpt_out_0/inst/scan_sel_reg[0]_0
    SLICE_X55Y71         LUT3 (Prop_lut3_I1_O)        0.124     4.270 r  design_1_i/adpt_out_0/inst/seg_data[6]_INST_0_i_5/O
                         net (fo=4, routed)           0.894     5.163    design_1_i/adpt_out_0/inst/seg_data[6]_INST_0_i_5_n_0
    SLICE_X54Y71         LUT6 (Prop_lut6_I1_O)        0.124     5.287 r  design_1_i/adpt_out_0/inst/seg_data[6]_INST_0_i_2/O
                         net (fo=7, routed)           1.065     6.353    design_1_i/adpt_out_0/inst/seg_data[6]_INST_0_i_2_n_0
    SLICE_X54Y72         LUT4 (Prop_lut4_I3_O)        0.124     6.477 r  design_1_i/adpt_out_0/inst/seg_data[1]_INST_0/O
                         net (fo=1, routed)           0.669     7.145    design_1_i/cg_fpga_0/inst/cg_fpga_axi_gpio_i1/U0/gpio_core_1/Dual.INPUT_DOUBLE_REGS5/gpio2_io_i[1]
    SLICE_X54Y79         FDRE                                         r  design_1_i/cg_fpga_0/inst/cg_fpga_axi_gpio_i1/U0/gpio_core_1/Dual.INPUT_DOUBLE_REGS5/GENERATE_LEVEL_P_S_CDC.MULTI_BIT.FOR_IN_cdc_to[1].CROSS2_PLEVEL_IN2SCNDRY_IN_cdc_to/D
  -------------------------------------------------------------------    -------------------

                         (clock clk_fpga_0 rise edge)
                                                      0.000     0.000 r  
    PS7_X0Y0             PS7                          0.000     0.000 r  design_1_i/cg_fpga_0/inst/processing_system7_0/inst/PS7_i/FCLKCLK[0]
                         net (fo=1, routed)           1.088     1.088    design_1_i/cg_fpga_0/inst/processing_system7_0/inst/FCLK_CLK_unbuffered[0]
    BUFGCTRL_X0Y16       BUFG (Prop_bufg_I_O)         0.091     1.179 r  design_1_i/cg_fpga_0/inst/processing_system7_0/inst/buffer_fclk_clk_0.FCLK_CLK_0_BUFG/O
                         net (fo=6956, routed)        1.525     2.704    design_1_i/cg_fpga_0/inst/cg_fpga_axi_gpio_i1/U0/gpio_core_1/Dual.INPUT_DOUBLE_REGS5/s_axi_aclk
    SLICE_X54Y79         FDRE                                         r  design_1_i/cg_fpga_0/inst/cg_fpga_axi_gpio_i1/U0/gpio_core_1/Dual.INPUT_DOUBLE_REGS5/GENERATE_LEVEL_P_S_CDC.MULTI_BIT.FOR_IN_cdc_to[1].CROSS2_PLEVEL_IN2SCNDRY_IN_cdc_to/C

Slack:                    inf
  Source:                 design_1_i/adpt_out_0/inst/scan_sel_reg[1]/C
                            (rising edge-triggered cell FDRE clocked by clk_fpga_0  {rise@0.000ns fall@5.000ns period=10.000ns})
  Destination:            design_1_i/cg_fpga_0/inst/cg_fpga_axi_gpio_i1/U0/gpio_core_1/Dual.INPUT_DOUBLE_REGS5/GENERATE_LEVEL_P_S_CDC.MULTI_BIT.FOR_IN_cdc_to[5].CROSS2_PLEVEL_IN2SCNDRY_IN_cdc_to/D
                            (rising edge-triggered cell FDRE clocked by clk_fpga_0  {rise@0.000ns fall@5.000ns period=10.000ns})
  Path Group:             (none)
  Path Type:              Setup (Max at Slow Process Corner)
  Data Path Delay:        4.071ns  (logic 0.963ns (23.657%)  route 3.108ns (76.343%))
  Logic Levels:           3  (LUT4=1 LUT6=2)
  Clock Path Skew:        -0.363ns (DCD - SCD + CPR)
    Destination Clock Delay (DCD):    2.628ns
    Source Clock Delay      (SCD):    2.991ns
    Clock Pessimism Removal (CPR):    0.000ns
  Clock Uncertainty:      0.154ns  ((TSJ^2 + TIJ^2)^1/2 + DJ) / 2 + PE
    Total System Jitter     (TSJ):    0.071ns
    Total Input Jitter      (TIJ):    0.300ns
    Discrete Jitter          (DJ):    0.000ns
    Phase Error              (PE):    0.000ns
  Timing Exception:       False Path

    Location             Delay type                Incr(ns)  Path(ns)    Netlist Resource(s)
  -------------------------------------------------------------------    -------------------
                         (clock clk_fpga_0 rise edge)
                                                      0.000     0.000 r  
    PS7_X0Y0             PS7                          0.000     0.000 r  design_1_i/cg_fpga_0/inst/processing_system7_0/inst/PS7_i/FCLKCLK[0]
                         net (fo=1, routed)           1.193     1.193    design_1_i/cg_fpga_0/inst/processing_system7_0/inst/FCLK_CLK_unbuffered[0]
    BUFGCTRL_X0Y16       BUFG (Prop_bufg_I_O)         0.101     1.294 r  design_1_i/cg_fpga_0/inst/processing_system7_0/inst/buffer_fclk_clk_0.FCLK_CLK_0_BUFG/O
                         net (fo=6956, routed)        1.697     2.991    design_1_i/adpt_out_0/inst/clk_100M
    SLICE_X55Y71         FDRE                                         r  design_1_i/adpt_out_0/inst/scan_sel_reg[1]/C
  -------------------------------------------------------------------    -------------------
    SLICE_X55Y71         FDRE (Prop_fdre_C_Q)         0.419     3.410 r  design_1_i/adpt_out_0/inst/scan_sel_reg[1]/Q
                         net (fo=10, routed)          1.037     4.447    design_1_i/adpt_out_0/inst/scan_sel_reg[1]_0
    SLICE_X54Y70         LUT6 (Prop_lut6_I2_O)        0.296     4.743 r  design_1_i/adpt_out_0/inst/seg_data[6]_INST_0_i_10/O
                         net (fo=1, routed)           0.748     5.492    design_1_i/adpt_out_0/inst/seg_data[6]_INST_0_i_10_n_0
    SLICE_X54Y71         LUT6 (Prop_lut6_I4_O)        0.124     5.616 r  design_1_i/adpt_out_0/inst/seg_data[6]_INST_0_i_4/O
                         net (fo=7, routed)           0.617     6.233    design_1_i/adpt_out_0/inst/seg_data[6]_INST_0_i_4_n_0
    SLICE_X54Y72         LUT4 (Prop_lut4_I3_O)        0.124     6.357 r  design_1_i/adpt_out_0/inst/seg_data[5]_INST_0/O
                         net (fo=1, routed)           0.705     7.062    design_1_i/cg_fpga_0/inst/cg_fpga_axi_gpio_i1/U0/gpio_core_1/Dual.INPUT_DOUBLE_REGS5/gpio2_io_i[5]
    SLICE_X52Y75         FDRE                                         r  design_1_i/cg_fpga_0/inst/cg_fpga_axi_gpio_i1/U0/gpio_core_1/Dual.INPUT_DOUBLE_REGS5/GENERATE_LEVEL_P_S_CDC.MULTI_BIT.FOR_IN_cdc_to[5].CROSS2_PLEVEL_IN2SCNDRY_IN_cdc_to/D
  -------------------------------------------------------------------    -------------------

                         (clock clk_fpga_0 rise edge)
                                                      0.000     0.000 r  
    PS7_X0Y0             PS7                          0.000     0.000 r  design_1_i/cg_fpga_0/inst/processing_system7_0/inst/PS7_i/FCLKCLK[0]
                         net (fo=1, routed)           1.088     1.088    design_1_i/cg_fpga_0/inst/processing_system7_0/inst/FCLK_CLK_unbuffered[0]
    BUFGCTRL_X0Y16       BUFG (Prop_bufg_I_O)         0.091     1.179 r  design_1_i/cg_fpga_0/inst/processing_system7_0/inst/buffer_fclk_clk_0.FCLK_CLK_0_BUFG/O
                         net (fo=6956, routed)        1.449     2.628    design_1_i/cg_fpga_0/inst/cg_fpga_axi_gpio_i1/U0/gpio_core_1/Dual.INPUT_DOUBLE_REGS5/s_axi_aclk
    SLICE_X52Y75         FDRE                                         r  design_1_i/cg_fpga_0/inst/cg_fpga_axi_gpio_i1/U0/gpio_core_1/Dual.INPUT_DOUBLE_REGS5/GENERATE_LEVEL_P_S_CDC.MULTI_BIT.FOR_IN_cdc_to[5].CROSS2_PLEVEL_IN2SCNDRY_IN_cdc_to/C

Slack:                    inf
  Source:                 design_1_i/adpt_out_0/inst/scan_sel_reg[0]/C
                            (rising edge-triggered cell FDRE clocked by clk_fpga_0  {rise@0.000ns fall@5.000ns period=10.000ns})
  Destination:            design_1_i/cg_fpga_0/inst/cg_fpga_axi_gpio_i1/U0/gpio_core_1/Dual.INPUT_DOUBLE_REGS5/GENERATE_LEVEL_P_S_CDC.MULTI_BIT.FOR_IN_cdc_to[6].CROSS2_PLEVEL_IN2SCNDRY_IN_cdc_to/D
                            (rising edge-triggered cell FDRE clocked by clk_fpga_0  {rise@0.000ns fall@5.000ns period=10.000ns})
  Path Group:             (none)
  Path Type:              Setup (Max at Slow Process Corner)
  Data Path Delay:        3.981ns  (logic 0.856ns (21.500%)  route 3.125ns (78.500%))
  Logic Levels:           3  (LUT3=1 LUT4=1 LUT6=1)
  Clock Path Skew:        -0.293ns (DCD - SCD + CPR)
    Destination Clock Delay (DCD):    2.698ns
    Source Clock Delay      (SCD):    2.991ns
    Clock Pessimism Removal (CPR):    0.000ns
  Clock Uncertainty:      0.154ns  ((TSJ^2 + TIJ^2)^1/2 + DJ) / 2 + PE
    Total System Jitter     (TSJ):    0.071ns
    Total Input Jitter      (TIJ):    0.300ns
    Discrete Jitter          (DJ):    0.000ns
    Phase Error              (PE):    0.000ns
  Timing Exception:       False Path

    Location             Delay type                Incr(ns)  Path(ns)    Netlist Resource(s)
  -------------------------------------------------------------------    -------------------
                         (clock clk_fpga_0 rise edge)
                                                      0.000     0.000 r  
    PS7_X0Y0             PS7                          0.000     0.000 r  design_1_i/cg_fpga_0/inst/processing_system7_0/inst/PS7_i/FCLKCLK[0]
                         net (fo=1, routed)           1.193     1.193    design_1_i/cg_fpga_0/inst/processing_system7_0/inst/FCLK_CLK_unbuffered[0]
    BUFGCTRL_X0Y16       BUFG (Prop_bufg_I_O)         0.101     1.294 r  design_1_i/cg_fpga_0/inst/processing_system7_0/inst/buffer_fclk_clk_0.FCLK_CLK_0_BUFG/O
                         net (fo=6956, routed)        1.697     2.991    design_1_i/adpt_out_0/inst/clk_100M
    SLICE_X55Y71         FDRE                                         r  design_1_i/adpt_out_0/inst/scan_sel_reg[0]/C
  -------------------------------------------------------------------    -------------------
    SLICE_X55Y71         FDRE (Prop_fdre_C_Q)         0.456     3.447 r  design_1_i/adpt_out_0/inst/scan_sel_reg[0]/Q
                         net (fo=10, routed)          0.699     4.146    design_1_i/adpt_out_0/inst/scan_sel_reg[0]_0
    SLICE_X55Y71         LUT3 (Prop_lut3_I1_O)        0.124     4.270 r  design_1_i/adpt_out_0/inst/seg_data[6]_INST_0_i_5/O
                         net (fo=4, routed)           0.894     5.163    design_1_i/adpt_out_0/inst/seg_data[6]_INST_0_i_5_n_0
    SLICE_X54Y71         LUT6 (Prop_lut6_I1_O)        0.124     5.287 r  design_1_i/adpt_out_0/inst/seg_data[6]_INST_0_i_2/O
                         net (fo=7, routed)           1.055     6.343    design_1_i/adpt_out_0/inst/seg_data[6]_INST_0_i_2_n_0
    SLICE_X54Y72         LUT4 (Prop_lut4_I1_O)        0.152     6.495 r  design_1_i/adpt_out_0/inst/seg_data[6]_INST_0/O
                         net (fo=1, routed)           0.478     6.972    design_1_i/cg_fpga_0/inst/cg_fpga_axi_gpio_i1/U0/gpio_core_1/Dual.INPUT_DOUBLE_REGS5/gpio2_io_i[6]
    SLICE_X54Y75         FDRE                                         r  design_1_i/cg_fpga_0/inst/cg_fpga_axi_gpio_i1/U0/gpio_core_1/Dual.INPUT_DOUBLE_REGS5/GENERATE_LEVEL_P_S_CDC.MULTI_BIT.FOR_IN_cdc_to[6].CROSS2_PLEVEL_IN2SCNDRY_IN_cdc_to/D
  -------------------------------------------------------------------    -------------------

                         (clock clk_fpga_0 rise edge)
                                                      0.000     0.000 r  
    PS7_X0Y0             PS7                          0.000     0.000 r  design_1_i/cg_fpga_0/inst/processing_system7_0/inst/PS7_i/FCLKCLK[0]
                         net (fo=1, routed)           1.088     1.088    design_1_i/cg_fpga_0/inst/processing_system7_0/inst/FCLK_CLK_unbuffered[0]
    BUFGCTRL_X0Y16       BUFG (Prop_bufg_I_O)         0.091     1.179 r  design_1_i/cg_fpga_0/inst/processing_system7_0/inst/buffer_fclk_clk_0.FCLK_CLK_0_BUFG/O
                         net (fo=6956, routed)        1.519     2.698    design_1_i/cg_fpga_0/inst/cg_fpga_axi_gpio_i1/U0/gpio_core_1/Dual.INPUT_DOUBLE_REGS5/s_axi_aclk
    SLICE_X54Y75         FDRE                                         r  design_1_i/cg_fpga_0/inst/cg_fpga_axi_gpio_i1/U0/gpio_core_1/Dual.INPUT_DOUBLE_REGS5/GENERATE_LEVEL_P_S_CDC.MULTI_BIT.FOR_IN_cdc_to[6].CROSS2_PLEVEL_IN2SCNDRY_IN_cdc_to/C

Slack:                    inf
  Source:                 design_1_i/adpt_out_0/inst/scan_sel_reg[1]/C
                            (rising edge-triggered cell FDRE clocked by clk_fpga_0  {rise@0.000ns fall@5.000ns period=10.000ns})
  Destination:            design_1_i/cg_fpga_0/inst/cg_fpga_axi_gpio_i1/U0/gpio_core_1/Dual.INPUT_DOUBLE_REGS5/GENERATE_LEVEL_P_S_CDC.MULTI_BIT.FOR_IN_cdc_to[4].CROSS2_PLEVEL_IN2SCNDRY_IN_cdc_to/D
                            (rising edge-triggered cell FDRE clocked by clk_fpga_0  {rise@0.000ns fall@5.000ns period=10.000ns})
  Path Group:             (none)
  Path Type:              Setup (Max at Slow Process Corner)
  Data Path Delay:        3.828ns  (logic 0.963ns (25.156%)  route 2.865ns (74.844%))
  Logic Levels:           3  (LUT4=1 LUT6=2)
  Clock Path Skew:        -0.291ns (DCD - SCD + CPR)
    Destination Clock Delay (DCD):    2.700ns
    Source Clock Delay      (SCD):    2.991ns
    Clock Pessimism Removal (CPR):    0.000ns
  Clock Uncertainty:      0.154ns  ((TSJ^2 + TIJ^2)^1/2 + DJ) / 2 + PE
    Total System Jitter     (TSJ):    0.071ns
    Total Input Jitter      (TIJ):    0.300ns
    Discrete Jitter          (DJ):    0.000ns
    Phase Error              (PE):    0.000ns
  Timing Exception:       False Path

    Location             Delay type                Incr(ns)  Path(ns)    Netlist Resource(s)
  -------------------------------------------------------------------    -------------------
                         (clock clk_fpga_0 rise edge)
                                                      0.000     0.000 r  
    PS7_X0Y0             PS7                          0.000     0.000 r  design_1_i/cg_fpga_0/inst/processing_system7_0/inst/PS7_i/FCLKCLK[0]
                         net (fo=1, routed)           1.193     1.193    design_1_i/cg_fpga_0/inst/processing_system7_0/inst/FCLK_CLK_unbuffered[0]
    BUFGCTRL_X0Y16       BUFG (Prop_bufg_I_O)         0.101     1.294 r  design_1_i/cg_fpga_0/inst/processing_system7_0/inst/buffer_fclk_clk_0.FCLK_CLK_0_BUFG/O
                         net (fo=6956, routed)        1.697     2.991    design_1_i/adpt_out_0/inst/clk_100M
    SLICE_X55Y71         FDRE                                         r  design_1_i/adpt_out_0/inst/scan_sel_reg[1]/C
  -------------------------------------------------------------------    -------------------
    SLICE_X55Y71         FDRE (Prop_fdre_C_Q)         0.419     3.410 r  design_1_i/adpt_out_0/inst/scan_sel_reg[1]/Q
                         net (fo=10, routed)          1.037     4.447    design_1_i/adpt_out_0/inst/scan_sel_reg[1]_0
    SLICE_X54Y70         LUT6 (Prop_lut6_I2_O)        0.296     4.743 f  design_1_i/adpt_out_0/inst/seg_data[6]_INST_0_i_10/O
                         net (fo=1, routed)           0.748     5.492    design_1_i/adpt_out_0/inst/seg_data[6]_INST_0_i_10_n_0
    SLICE_X54Y71         LUT6 (Prop_lut6_I4_O)        0.124     5.616 f  design_1_i/adpt_out_0/inst/seg_data[6]_INST_0_i_4/O
                         net (fo=7, routed)           0.634     6.250    design_1_i/adpt_out_0/inst/seg_data[6]_INST_0_i_4_n_0
    SLICE_X54Y72         LUT4 (Prop_lut4_I1_O)        0.124     6.374 r  design_1_i/adpt_out_0/inst/seg_data[4]_INST_0/O
                         net (fo=1, routed)           0.445     6.819    design_1_i/cg_fpga_0/inst/cg_fpga_axi_gpio_i1/U0/gpio_core_1/Dual.INPUT_DOUBLE_REGS5/gpio2_io_i[4]
    SLICE_X54Y73         FDRE                                         r  design_1_i/cg_fpga_0/inst/cg_fpga_axi_gpio_i1/U0/gpio_core_1/Dual.INPUT_DOUBLE_REGS5/GENERATE_LEVEL_P_S_CDC.MULTI_BIT.FOR_IN_cdc_to[4].CROSS2_PLEVEL_IN2SCNDRY_IN_cdc_to/D
  -------------------------------------------------------------------    -------------------

                         (clock clk_fpga_0 rise edge)
                                                      0.000     0.000 r  
    PS7_X0Y0             PS7                          0.000     0.000 r  design_1_i/cg_fpga_0/inst/processing_system7_0/inst/PS7_i/FCLKCLK[0]
                         net (fo=1, routed)           1.088     1.088    design_1_i/cg_fpga_0/inst/processing_system7_0/inst/FCLK_CLK_unbuffered[0]
    BUFGCTRL_X0Y16       BUFG (Prop_bufg_I_O)         0.091     1.179 r  design_1_i/cg_fpga_0/inst/processing_system7_0/inst/buffer_fclk_clk_0.FCLK_CLK_0_BUFG/O
                         net (fo=6956, routed)        1.521     2.700    design_1_i/cg_fpga_0/inst/cg_fpga_axi_gpio_i1/U0/gpio_core_1/Dual.INPUT_DOUBLE_REGS5/s_axi_aclk
    SLICE_X54Y73         FDRE                                         r  design_1_i/cg_fpga_0/inst/cg_fpga_axi_gpio_i1/U0/gpio_core_1/Dual.INPUT_DOUBLE_REGS5/GENERATE_LEVEL_P_S_CDC.MULTI_BIT.FOR_IN_cdc_to[4].CROSS2_PLEVEL_IN2SCNDRY_IN_cdc_to/C

Slack:                    inf
  Source:                 design_1_i/cg_fpga_0/inst/cg_axi_vdma_0/U0/AXI_LITE_REG_INTERFACE_I/GEN_AXI_LITE_IF.AXI_LITE_IF_I/axi2ip_rdaddr_captured_reg[5]/C
                            (rising edge-triggered cell FDRE clocked by clk_fpga_0  {rise@0.000ns fall@5.000ns period=10.000ns})
  Destination:            design_1_i/cg_fpga_0/inst/cg_axi_vdma_0/U0/AXI_LITE_REG_INTERFACE_I/GEN_AXI_LITE_IF.AXI_LITE_IF_I/GEN_LITE_IS_ASYNC.GEN_ASYNC_LITE_ACCESS.axi2ip_rdaddr_captured_s2mm_cdc_tig_reg[5]/D
                            (rising edge-triggered cell FDRE clocked by clk_fpga_0  {rise@0.000ns fall@5.000ns period=10.000ns})
  Path Group:             (none)
  Path Type:              Setup (Max at Slow Process Corner)
  Data Path Delay:        3.079ns  (logic 0.456ns (14.809%)  route 2.623ns (85.191%))
  Logic Levels:           0  
  Clock Path Skew:        -0.274ns (DCD - SCD + CPR)
    Destination Clock Delay (DCD):    2.658ns
    Source Clock Delay      (SCD):    2.932ns
    Clock Pessimism Removal (CPR):    0.000ns
  Clock Uncertainty:      0.154ns  ((TSJ^2 + TIJ^2)^1/2 + DJ) / 2 + PE
    Total System Jitter     (TSJ):    0.071ns
    Total Input Jitter      (TIJ):    0.300ns
    Discrete Jitter          (DJ):    0.000ns
    Phase Error              (PE):    0.000ns
  Timing Exception:       False Path

    Location             Delay type                Incr(ns)  Path(ns)    Netlist Resource(s)
  -------------------------------------------------------------------    -------------------
                         (clock clk_fpga_0 rise edge)
                                                      0.000     0.000 r  
    PS7_X0Y0             PS7                          0.000     0.000 r  design_1_i/cg_fpga_0/inst/processing_system7_0/inst/PS7_i/FCLKCLK[0]
                         net (fo=1, routed)           1.193     1.193    design_1_i/cg_fpga_0/inst/processing_system7_0/inst/FCLK_CLK_unbuffered[0]
    BUFGCTRL_X0Y16       BUFG (Prop_bufg_I_O)         0.101     1.294 r  design_1_i/cg_fpga_0/inst/processing_system7_0/inst/buffer_fclk_clk_0.FCLK_CLK_0_BUFG/O
                         net (fo=6956, routed)        1.638     2.932    design_1_i/cg_fpga_0/inst/cg_axi_vdma_0/U0/AXI_LITE_REG_INTERFACE_I/GEN_AXI_LITE_IF.AXI_LITE_IF_I/s_axi_lite_aclk
    SLICE_X40Y70         FDRE                                         r  design_1_i/cg_fpga_0/inst/cg_axi_vdma_0/U0/AXI_LITE_REG_INTERFACE_I/GEN_AXI_LITE_IF.AXI_LITE_IF_I/axi2ip_rdaddr_captured_reg[5]/C
  -------------------------------------------------------------------    -------------------
    SLICE_X40Y70         FDRE (Prop_fdre_C_Q)         0.456     3.388 r  design_1_i/cg_fpga_0/inst/cg_axi_vdma_0/U0/AXI_LITE_REG_INTERFACE_I/GEN_AXI_LITE_IF.AXI_LITE_IF_I/axi2ip_rdaddr_captured_reg[5]/Q
                         net (fo=17, routed)          2.623     6.011    design_1_i/cg_fpga_0/inst/cg_axi_vdma_0/U0/AXI_LITE_REG_INTERFACE_I/GEN_AXI_LITE_IF.AXI_LITE_IF_I/axi2ip_rdaddr_captured_reg_n_0_[5]
    SLICE_X45Y51         FDRE                                         r  design_1_i/cg_fpga_0/inst/cg_axi_vdma_0/U0/AXI_LITE_REG_INTERFACE_I/GEN_AXI_LITE_IF.AXI_LITE_IF_I/GEN_LITE_IS_ASYNC.GEN_ASYNC_LITE_ACCESS.axi2ip_rdaddr_captured_s2mm_cdc_tig_reg[5]/D
  -------------------------------------------------------------------    -------------------

                         (clock clk_fpga_0 rise edge)
                                                      0.000     0.000 r  
    PS7_X0Y0             PS7                          0.000     0.000 r  design_1_i/cg_fpga_0/inst/processing_system7_0/inst/PS7_i/FCLKCLK[0]
                         net (fo=1, routed)           1.088     1.088    design_1_i/cg_fpga_0/inst/processing_system7_0/inst/FCLK_CLK_unbuffered[0]
    BUFGCTRL_X0Y16       BUFG (Prop_bufg_I_O)         0.091     1.179 r  design_1_i/cg_fpga_0/inst/processing_system7_0/inst/buffer_fclk_clk_0.FCLK_CLK_0_BUFG/O
                         net (fo=6956, routed)        1.479     2.658    design_1_i/cg_fpga_0/inst/cg_axi_vdma_0/U0/AXI_LITE_REG_INTERFACE_I/GEN_AXI_LITE_IF.AXI_LITE_IF_I/s_axi_lite_aclk
    SLICE_X45Y51         FDRE                                         r  design_1_i/cg_fpga_0/inst/cg_axi_vdma_0/U0/AXI_LITE_REG_INTERFACE_I/GEN_AXI_LITE_IF.AXI_LITE_IF_I/GEN_LITE_IS_ASYNC.GEN_ASYNC_LITE_ACCESS.axi2ip_rdaddr_captured_s2mm_cdc_tig_reg[5]/C





Min Delay Paths
--------------------------------------------------------------------------------------
Slack:                    inf
  Source:                 design_1_i/cg_fpga_0/inst/cg_axi_vdma_0/U0/AXI_LITE_REG_INTERFACE_I/GEN_AXI_LITE_IF.AXI_LITE_IF_I/GEN_LITE_IS_ASYNC.GEN_ASYNC_LITE_ACCESS.mm2s_ip2axi_rddata_d1_reg[4]/C
                            (rising edge-triggered cell FDRE clocked by clk_fpga_0  {rise@0.000ns fall@5.000ns period=10.000ns})
  Destination:            design_1_i/cg_fpga_0/inst/cg_axi_vdma_0/U0/AXI_LITE_REG_INTERFACE_I/GEN_AXI_LITE_IF.AXI_LITE_IF_I/GEN_LITE_IS_ASYNC.GEN_ASYNC_LITE_ACCESS.ip2axi_rddata_captured_mm2s_cdc_tig_reg[4]/D
                            (rising edge-triggered cell FDRE clocked by clk_fpga_0  {rise@0.000ns fall@5.000ns period=10.000ns})
  Path Group:             (none)
  Path Type:              Hold (Min at Fast Process Corner)
  Data Path Delay:        0.197ns  (logic 0.141ns (71.611%)  route 0.056ns (28.389%))
  Logic Levels:           0  
  Clock Path Skew:        0.298ns (DCD - SCD - CPR)
    Destination Clock Delay (DCD):    1.185ns
    Source Clock Delay      (SCD):    0.887ns
    Clock Pessimism Removal (CPR):    -0.000ns
  Clock Uncertainty:      0.154ns  ((TSJ^2 + TIJ^2)^1/2 + DJ) / 2 + PE
    Total System Jitter     (TSJ):    0.071ns
    Total Input Jitter      (TIJ):    0.300ns
    Discrete Jitter          (DJ):    0.000ns
    Phase Error              (PE):    0.000ns
  Timing Exception:       False Path

    Location             Delay type                Incr(ns)  Path(ns)    Netlist Resource(s)
  -------------------------------------------------------------------    -------------------
                         (clock clk_fpga_0 rise edge)
                                                      0.000     0.000 r  
    PS7_X0Y0             PS7                          0.000     0.000 r  design_1_i/cg_fpga_0/inst/processing_system7_0/inst/PS7_i/FCLKCLK[0]
                         net (fo=1, routed)           0.310     0.310    design_1_i/cg_fpga_0/inst/processing_system7_0/inst/FCLK_CLK_unbuffered[0]
    BUFGCTRL_X0Y16       BUFG (Prop_bufg_I_O)         0.026     0.336 r  design_1_i/cg_fpga_0/inst/processing_system7_0/inst/buffer_fclk_clk_0.FCLK_CLK_0_BUFG/O
                         net (fo=6956, routed)        0.551     0.887    design_1_i/cg_fpga_0/inst/cg_axi_vdma_0/U0/AXI_LITE_REG_INTERFACE_I/GEN_AXI_LITE_IF.AXI_LITE_IF_I/s_axi_lite_aclk
    SLICE_X53Y57         FDRE                                         r  design_1_i/cg_fpga_0/inst/cg_axi_vdma_0/U0/AXI_LITE_REG_INTERFACE_I/GEN_AXI_LITE_IF.AXI_LITE_IF_I/GEN_LITE_IS_ASYNC.GEN_ASYNC_LITE_ACCESS.mm2s_ip2axi_rddata_d1_reg[4]/C
  -------------------------------------------------------------------    -------------------
    SLICE_X53Y57         FDRE (Prop_fdre_C_Q)         0.141     1.028 r  design_1_i/cg_fpga_0/inst/cg_axi_vdma_0/U0/AXI_LITE_REG_INTERFACE_I/GEN_AXI_LITE_IF.AXI_LITE_IF_I/GEN_LITE_IS_ASYNC.GEN_ASYNC_LITE_ACCESS.mm2s_ip2axi_rddata_d1_reg[4]/Q
                         net (fo=1, routed)           0.056     1.083    design_1_i/cg_fpga_0/inst/cg_axi_vdma_0/U0/AXI_LITE_REG_INTERFACE_I/GEN_AXI_LITE_IF.AXI_LITE_IF_I/mm2s_ip2axi_rddata_d1[4]
    SLICE_X53Y57         FDRE                                         r  design_1_i/cg_fpga_0/inst/cg_axi_vdma_0/U0/AXI_LITE_REG_INTERFACE_I/GEN_AXI_LITE_IF.AXI_LITE_IF_I/GEN_LITE_IS_ASYNC.GEN_ASYNC_LITE_ACCESS.ip2axi_rddata_captured_mm2s_cdc_tig_reg[4]/D
  -------------------------------------------------------------------    -------------------

                         (clock clk_fpga_0 rise edge)
                                                      0.000     0.000 r  
    PS7_X0Y0             PS7                          0.000     0.000 r  design_1_i/cg_fpga_0/inst/processing_system7_0/inst/PS7_i/FCLKCLK[0]
                         net (fo=1, routed)           0.337     0.337    design_1_i/cg_fpga_0/inst/processing_system7_0/inst/FCLK_CLK_unbuffered[0]
    BUFGCTRL_X0Y16       BUFG (Prop_bufg_I_O)         0.029     0.366 r  design_1_i/cg_fpga_0/inst/processing_system7_0/inst/buffer_fclk_clk_0.FCLK_CLK_0_BUFG/O
                         net (fo=6956, routed)        0.819     1.185    design_1_i/cg_fpga_0/inst/cg_axi_vdma_0/U0/AXI_LITE_REG_INTERFACE_I/GEN_AXI_LITE_IF.AXI_LITE_IF_I/s_axi_lite_aclk
    SLICE_X53Y57         FDRE                                         r  design_1_i/cg_fpga_0/inst/cg_axi_vdma_0/U0/AXI_LITE_REG_INTERFACE_I/GEN_AXI_LITE_IF.AXI_LITE_IF_I/GEN_LITE_IS_ASYNC.GEN_ASYNC_LITE_ACCESS.ip2axi_rddata_captured_mm2s_cdc_tig_reg[4]/C

Slack:                    inf
  Source:                 design_1_i/cg_fpga_0/inst/cg_axi_vdma_0/U0/AXI_LITE_REG_INTERFACE_I/GEN_AXI_LITE_IF.AXI_LITE_IF_I/GEN_LITE_IS_ASYNC.GEN_ASYNC_LITE_ACCESS.s2mm_ip2axi_rddata_d1_reg[20]/C
                            (rising edge-triggered cell FDRE clocked by clk_fpga_0  {rise@0.000ns fall@5.000ns period=10.000ns})
  Destination:            design_1_i/cg_fpga_0/inst/cg_axi_vdma_0/U0/AXI_LITE_REG_INTERFACE_I/GEN_AXI_LITE_IF.AXI_LITE_IF_I/GEN_LITE_IS_ASYNC.GEN_ASYNC_LITE_ACCESS.ip2axi_rddata_captured_s2mm_cdc_tig_reg[20]/D
                            (rising edge-triggered cell FDRE clocked by clk_fpga_0  {rise@0.000ns fall@5.000ns period=10.000ns})
  Path Group:             (none)
  Path Type:              Hold (Min at Fast Process Corner)
  Data Path Delay:        0.197ns  (logic 0.141ns (71.611%)  route 0.056ns (28.389%))
  Logic Levels:           0  
  Clock Path Skew:        0.297ns (DCD - SCD - CPR)
    Destination Clock Delay (DCD):    1.185ns
    Source Clock Delay      (SCD):    0.888ns
    Clock Pessimism Removal (CPR):    -0.000ns
  Clock Uncertainty:      0.154ns  ((TSJ^2 + TIJ^2)^1/2 + DJ) / 2 + PE
    Total System Jitter     (TSJ):    0.071ns
    Total Input Jitter      (TIJ):    0.300ns
    Discrete Jitter          (DJ):    0.000ns
    Phase Error              (PE):    0.000ns
  Timing Exception:       False Path

    Location             Delay type                Incr(ns)  Path(ns)    Netlist Resource(s)
  -------------------------------------------------------------------    -------------------
                         (clock clk_fpga_0 rise edge)
                                                      0.000     0.000 r  
    PS7_X0Y0             PS7                          0.000     0.000 r  design_1_i/cg_fpga_0/inst/processing_system7_0/inst/PS7_i/FCLKCLK[0]
                         net (fo=1, routed)           0.310     0.310    design_1_i/cg_fpga_0/inst/processing_system7_0/inst/FCLK_CLK_unbuffered[0]
    BUFGCTRL_X0Y16       BUFG (Prop_bufg_I_O)         0.026     0.336 r  design_1_i/cg_fpga_0/inst/processing_system7_0/inst/buffer_fclk_clk_0.FCLK_CLK_0_BUFG/O
                         net (fo=6956, routed)        0.552     0.888    design_1_i/cg_fpga_0/inst/cg_axi_vdma_0/U0/AXI_LITE_REG_INTERFACE_I/GEN_AXI_LITE_IF.AXI_LITE_IF_I/s_axi_lite_aclk
    SLICE_X43Y64         FDRE                                         r  design_1_i/cg_fpga_0/inst/cg_axi_vdma_0/U0/AXI_LITE_REG_INTERFACE_I/GEN_AXI_LITE_IF.AXI_LITE_IF_I/GEN_LITE_IS_ASYNC.GEN_ASYNC_LITE_ACCESS.s2mm_ip2axi_rddata_d1_reg[20]/C
  -------------------------------------------------------------------    -------------------
    SLICE_X43Y64         FDRE (Prop_fdre_C_Q)         0.141     1.029 r  design_1_i/cg_fpga_0/inst/cg_axi_vdma_0/U0/AXI_LITE_REG_INTERFACE_I/GEN_AXI_LITE_IF.AXI_LITE_IF_I/GEN_LITE_IS_ASYNC.GEN_ASYNC_LITE_ACCESS.s2mm_ip2axi_rddata_d1_reg[20]/Q
                         net (fo=1, routed)           0.056     1.084    design_1_i/cg_fpga_0/inst/cg_axi_vdma_0/U0/AXI_LITE_REG_INTERFACE_I/GEN_AXI_LITE_IF.AXI_LITE_IF_I/s2mm_ip2axi_rddata_d1[20]
    SLICE_X43Y64         FDRE                                         r  design_1_i/cg_fpga_0/inst/cg_axi_vdma_0/U0/AXI_LITE_REG_INTERFACE_I/GEN_AXI_LITE_IF.AXI_LITE_IF_I/GEN_LITE_IS_ASYNC.GEN_ASYNC_LITE_ACCESS.ip2axi_rddata_captured_s2mm_cdc_tig_reg[20]/D
  -------------------------------------------------------------------    -------------------

                         (clock clk_fpga_0 rise edge)
                                                      0.000     0.000 r  
    PS7_X0Y0             PS7                          0.000     0.000 r  design_1_i/cg_fpga_0/inst/processing_system7_0/inst/PS7_i/FCLKCLK[0]
                         net (fo=1, routed)           0.337     0.337    design_1_i/cg_fpga_0/inst/processing_system7_0/inst/FCLK_CLK_unbuffered[0]
    BUFGCTRL_X0Y16       BUFG (Prop_bufg_I_O)         0.029     0.366 r  design_1_i/cg_fpga_0/inst/processing_system7_0/inst/buffer_fclk_clk_0.FCLK_CLK_0_BUFG/O
                         net (fo=6956, routed)        0.819     1.185    design_1_i/cg_fpga_0/inst/cg_axi_vdma_0/U0/AXI_LITE_REG_INTERFACE_I/GEN_AXI_LITE_IF.AXI_LITE_IF_I/s_axi_lite_aclk
    SLICE_X43Y64         FDRE                                         r  design_1_i/cg_fpga_0/inst/cg_axi_vdma_0/U0/AXI_LITE_REG_INTERFACE_I/GEN_AXI_LITE_IF.AXI_LITE_IF_I/GEN_LITE_IS_ASYNC.GEN_ASYNC_LITE_ACCESS.ip2axi_rddata_captured_s2mm_cdc_tig_reg[20]/C

Slack:                    inf
  Source:                 design_1_i/cg_fpga_0/inst/cg_axi_vdma_0/U0/AXI_LITE_REG_INTERFACE_I/GEN_AXI_LITE_IF.AXI_LITE_IF_I/GEN_LITE_IS_ASYNC.GEN_ASYNC_LITE_ACCESS.mm2s_ip2axi_rddata_d1_reg[18]/C
                            (rising edge-triggered cell FDRE clocked by clk_fpga_0  {rise@0.000ns fall@5.000ns period=10.000ns})
  Destination:            design_1_i/cg_fpga_0/inst/cg_axi_vdma_0/U0/AXI_LITE_REG_INTERFACE_I/GEN_AXI_LITE_IF.AXI_LITE_IF_I/GEN_LITE_IS_ASYNC.GEN_ASYNC_LITE_ACCESS.ip2axi_rddata_captured_mm2s_cdc_tig_reg[18]/D
                            (rising edge-triggered cell FDRE clocked by clk_fpga_0  {rise@0.000ns fall@5.000ns period=10.000ns})
  Path Group:             (none)
  Path Type:              Hold (Min at Fast Process Corner)
  Data Path Delay:        0.206ns  (logic 0.141ns (68.336%)  route 0.065ns (31.664%))
  Logic Levels:           0  
  Clock Path Skew:        0.296ns (DCD - SCD - CPR)
    Destination Clock Delay (DCD):    1.180ns
    Source Clock Delay      (SCD):    0.884ns
    Clock Pessimism Removal (CPR):    -0.000ns
  Clock Uncertainty:      0.154ns  ((TSJ^2 + TIJ^2)^1/2 + DJ) / 2 + PE
    Total System Jitter     (TSJ):    0.071ns
    Total Input Jitter      (TIJ):    0.300ns
    Discrete Jitter          (DJ):    0.000ns
    Phase Error              (PE):    0.000ns
  Timing Exception:       False Path

    Location             Delay type                Incr(ns)  Path(ns)    Netlist Resource(s)
  -------------------------------------------------------------------    -------------------
                         (clock clk_fpga_0 rise edge)
                                                      0.000     0.000 r  
    PS7_X0Y0             PS7                          0.000     0.000 r  design_1_i/cg_fpga_0/inst/processing_system7_0/inst/PS7_i/FCLKCLK[0]
                         net (fo=1, routed)           0.310     0.310    design_1_i/cg_fpga_0/inst/processing_system7_0/inst/FCLK_CLK_unbuffered[0]
    BUFGCTRL_X0Y16       BUFG (Prop_bufg_I_O)         0.026     0.336 r  design_1_i/cg_fpga_0/inst/processing_system7_0/inst/buffer_fclk_clk_0.FCLK_CLK_0_BUFG/O
                         net (fo=6956, routed)        0.548     0.884    design_1_i/cg_fpga_0/inst/cg_axi_vdma_0/U0/AXI_LITE_REG_INTERFACE_I/GEN_AXI_LITE_IF.AXI_LITE_IF_I/s_axi_lite_aclk
    SLICE_X52Y65         FDRE                                         r  design_1_i/cg_fpga_0/inst/cg_axi_vdma_0/U0/AXI_LITE_REG_INTERFACE_I/GEN_AXI_LITE_IF.AXI_LITE_IF_I/GEN_LITE_IS_ASYNC.GEN_ASYNC_LITE_ACCESS.mm2s_ip2axi_rddata_d1_reg[18]/C
  -------------------------------------------------------------------    -------------------
    SLICE_X52Y65         FDRE (Prop_fdre_C_Q)         0.141     1.025 r  design_1_i/cg_fpga_0/inst/cg_axi_vdma_0/U0/AXI_LITE_REG_INTERFACE_I/GEN_AXI_LITE_IF.AXI_LITE_IF_I/GEN_LITE_IS_ASYNC.GEN_ASYNC_LITE_ACCESS.mm2s_ip2axi_rddata_d1_reg[18]/Q
                         net (fo=1, routed)           0.065     1.090    design_1_i/cg_fpga_0/inst/cg_axi_vdma_0/U0/AXI_LITE_REG_INTERFACE_I/GEN_AXI_LITE_IF.AXI_LITE_IF_I/mm2s_ip2axi_rddata_d1[18]
    SLICE_X52Y65         FDRE                                         r  design_1_i/cg_fpga_0/inst/cg_axi_vdma_0/U0/AXI_LITE_REG_INTERFACE_I/GEN_AXI_LITE_IF.AXI_LITE_IF_I/GEN_LITE_IS_ASYNC.GEN_ASYNC_LITE_ACCESS.ip2axi_rddata_captured_mm2s_cdc_tig_reg[18]/D
  -------------------------------------------------------------------    -------------------

                         (clock clk_fpga_0 rise edge)
                                                      0.000     0.000 r  
    PS7_X0Y0             PS7                          0.000     0.000 r  design_1_i/cg_fpga_0/inst/processing_system7_0/inst/PS7_i/FCLKCLK[0]
                         net (fo=1, routed)           0.337     0.337    design_1_i/cg_fpga_0/inst/processing_system7_0/inst/FCLK_CLK_unbuffered[0]
    BUFGCTRL_X0Y16       BUFG (Prop_bufg_I_O)         0.029     0.366 r  design_1_i/cg_fpga_0/inst/processing_system7_0/inst/buffer_fclk_clk_0.FCLK_CLK_0_BUFG/O
                         net (fo=6956, routed)        0.814     1.180    design_1_i/cg_fpga_0/inst/cg_axi_vdma_0/U0/AXI_LITE_REG_INTERFACE_I/GEN_AXI_LITE_IF.AXI_LITE_IF_I/s_axi_lite_aclk
    SLICE_X52Y65         FDRE                                         r  design_1_i/cg_fpga_0/inst/cg_axi_vdma_0/U0/AXI_LITE_REG_INTERFACE_I/GEN_AXI_LITE_IF.AXI_LITE_IF_I/GEN_LITE_IS_ASYNC.GEN_ASYNC_LITE_ACCESS.ip2axi_rddata_captured_mm2s_cdc_tig_reg[18]/C

Slack:                    inf
  Source:                 design_1_i/cg_fpga_0/inst/cg_axi_vdma_0/U0/AXI_LITE_REG_INTERFACE_I/GEN_AXI_LITE_IF.AXI_LITE_IF_I/wdata_reg[31]/C
                            (rising edge-triggered cell FDRE clocked by clk_fpga_0  {rise@0.000ns fall@5.000ns period=10.000ns})
  Destination:            design_1_i/cg_fpga_0/inst/cg_axi_vdma_0/U0/AXI_LITE_REG_INTERFACE_I/GEN_AXI_LITE_IF.AXI_LITE_IF_I/GEN_LITE_IS_ASYNC.GEN_ASYNC_LITE_ACCESS.mm2s_axi2ip_wrdata_cdc_tig_reg[31]/D
                            (rising edge-triggered cell FDRE clocked by clk_fpga_0  {rise@0.000ns fall@5.000ns period=10.000ns})
  Path Group:             (none)
  Path Type:              Hold (Min at Fast Process Corner)
  Data Path Delay:        0.223ns  (logic 0.148ns (66.471%)  route 0.075ns (33.529%))
  Logic Levels:           0  
  Clock Path Skew:        0.296ns (DCD - SCD - CPR)
    Destination Clock Delay (DCD):    1.178ns
    Source Clock Delay      (SCD):    0.882ns
    Clock Pessimism Removal (CPR):    -0.000ns
  Clock Uncertainty:      0.154ns  ((TSJ^2 + TIJ^2)^1/2 + DJ) / 2 + PE
    Total System Jitter     (TSJ):    0.071ns
    Total Input Jitter      (TIJ):    0.300ns
    Discrete Jitter          (DJ):    0.000ns
    Phase Error              (PE):    0.000ns
  Timing Exception:       False Path

    Location             Delay type                Incr(ns)  Path(ns)    Netlist Resource(s)
  -------------------------------------------------------------------    -------------------
                         (clock clk_fpga_0 rise edge)
                                                      0.000     0.000 r  
    PS7_X0Y0             PS7                          0.000     0.000 r  design_1_i/cg_fpga_0/inst/processing_system7_0/inst/PS7_i/FCLKCLK[0]
                         net (fo=1, routed)           0.310     0.310    design_1_i/cg_fpga_0/inst/processing_system7_0/inst/FCLK_CLK_unbuffered[0]
    BUFGCTRL_X0Y16       BUFG (Prop_bufg_I_O)         0.026     0.336 r  design_1_i/cg_fpga_0/inst/processing_system7_0/inst/buffer_fclk_clk_0.FCLK_CLK_0_BUFG/O
                         net (fo=6956, routed)        0.546     0.882    design_1_i/cg_fpga_0/inst/cg_axi_vdma_0/U0/AXI_LITE_REG_INTERFACE_I/GEN_AXI_LITE_IF.AXI_LITE_IF_I/s_axi_lite_aclk
    SLICE_X38Y71         FDRE                                         r  design_1_i/cg_fpga_0/inst/cg_axi_vdma_0/U0/AXI_LITE_REG_INTERFACE_I/GEN_AXI_LITE_IF.AXI_LITE_IF_I/wdata_reg[31]/C
  -------------------------------------------------------------------    -------------------
    SLICE_X38Y71         FDRE (Prop_fdre_C_Q)         0.148     1.030 r  design_1_i/cg_fpga_0/inst/cg_axi_vdma_0/U0/AXI_LITE_REG_INTERFACE_I/GEN_AXI_LITE_IF.AXI_LITE_IF_I/wdata_reg[31]/Q
                         net (fo=2, routed)           0.075     1.104    design_1_i/cg_fpga_0/inst/cg_axi_vdma_0/U0/AXI_LITE_REG_INTERFACE_I/GEN_AXI_LITE_IF.AXI_LITE_IF_I/wdata[31]
    SLICE_X39Y71         FDRE                                         r  design_1_i/cg_fpga_0/inst/cg_axi_vdma_0/U0/AXI_LITE_REG_INTERFACE_I/GEN_AXI_LITE_IF.AXI_LITE_IF_I/GEN_LITE_IS_ASYNC.GEN_ASYNC_LITE_ACCESS.mm2s_axi2ip_wrdata_cdc_tig_reg[31]/D
  -------------------------------------------------------------------    -------------------

                         (clock clk_fpga_0 rise edge)
                                                      0.000     0.000 r  
    PS7_X0Y0             PS7                          0.000     0.000 r  design_1_i/cg_fpga_0/inst/processing_system7_0/inst/PS7_i/FCLKCLK[0]
                         net (fo=1, routed)           0.337     0.337    design_1_i/cg_fpga_0/inst/processing_system7_0/inst/FCLK_CLK_unbuffered[0]
    BUFGCTRL_X0Y16       BUFG (Prop_bufg_I_O)         0.029     0.366 r  design_1_i/cg_fpga_0/inst/processing_system7_0/inst/buffer_fclk_clk_0.FCLK_CLK_0_BUFG/O
                         net (fo=6956, routed)        0.812     1.178    design_1_i/cg_fpga_0/inst/cg_axi_vdma_0/U0/AXI_LITE_REG_INTERFACE_I/GEN_AXI_LITE_IF.AXI_LITE_IF_I/s_axi_lite_aclk
    SLICE_X39Y71         FDRE                                         r  design_1_i/cg_fpga_0/inst/cg_axi_vdma_0/U0/AXI_LITE_REG_INTERFACE_I/GEN_AXI_LITE_IF.AXI_LITE_IF_I/GEN_LITE_IS_ASYNC.GEN_ASYNC_LITE_ACCESS.mm2s_axi2ip_wrdata_cdc_tig_reg[31]/C

Slack:                    inf
  Source:                 design_1_i/cg_fpga_0/inst/cg_axi_vdma_0/U0/AXI_LITE_REG_INTERFACE_I/GEN_AXI_LITE_IF.AXI_LITE_IF_I/GEN_LITE_IS_ASYNC.GEN_ASYNC_LITE_ACCESS.s2mm_ip2axi_rddata_d1_reg[21]/C
                            (rising edge-triggered cell FDRE clocked by clk_fpga_0  {rise@0.000ns fall@5.000ns period=10.000ns})
  Destination:            design_1_i/cg_fpga_0/inst/cg_axi_vdma_0/U0/AXI_LITE_REG_INTERFACE_I/GEN_AXI_LITE_IF.AXI_LITE_IF_I/GEN_LITE_IS_ASYNC.GEN_ASYNC_LITE_ACCESS.ip2axi_rddata_captured_s2mm_cdc_tig_reg[21]/D
                            (rising edge-triggered cell FDRE clocked by clk_fpga_0  {rise@0.000ns fall@5.000ns period=10.000ns})
  Path Group:             (none)
  Path Type:              Hold (Min at Fast Process Corner)
  Data Path Delay:        0.220ns  (logic 0.164ns (74.580%)  route 0.056ns (25.420%))
  Logic Levels:           0  
  Clock Path Skew:        0.297ns (DCD - SCD - CPR)
    Destination Clock Delay (DCD):    1.185ns
    Source Clock Delay      (SCD):    0.888ns
    Clock Pessimism Removal (CPR):    -0.000ns
  Clock Uncertainty:      0.154ns  ((TSJ^2 + TIJ^2)^1/2 + DJ) / 2 + PE
    Total System Jitter     (TSJ):    0.071ns
    Total Input Jitter      (TIJ):    0.300ns
    Discrete Jitter          (DJ):    0.000ns
    Phase Error              (PE):    0.000ns
  Timing Exception:       False Path

    Location             Delay type                Incr(ns)  Path(ns)    Netlist Resource(s)
  -------------------------------------------------------------------    -------------------
                         (clock clk_fpga_0 rise edge)
                                                      0.000     0.000 r  
    PS7_X0Y0             PS7                          0.000     0.000 r  design_1_i/cg_fpga_0/inst/processing_system7_0/inst/PS7_i/FCLKCLK[0]
                         net (fo=1, routed)           0.310     0.310    design_1_i/cg_fpga_0/inst/processing_system7_0/inst/FCLK_CLK_unbuffered[0]
    BUFGCTRL_X0Y16       BUFG (Prop_bufg_I_O)         0.026     0.336 r  design_1_i/cg_fpga_0/inst/processing_system7_0/inst/buffer_fclk_clk_0.FCLK_CLK_0_BUFG/O
                         net (fo=6956, routed)        0.552     0.888    design_1_i/cg_fpga_0/inst/cg_axi_vdma_0/U0/AXI_LITE_REG_INTERFACE_I/GEN_AXI_LITE_IF.AXI_LITE_IF_I/s_axi_lite_aclk
    SLICE_X42Y63         FDRE                                         r  design_1_i/cg_fpga_0/inst/cg_axi_vdma_0/U0/AXI_LITE_REG_INTERFACE_I/GEN_AXI_LITE_IF.AXI_LITE_IF_I/GEN_LITE_IS_ASYNC.GEN_ASYNC_LITE_ACCESS.s2mm_ip2axi_rddata_d1_reg[21]/C
  -------------------------------------------------------------------    -------------------
    SLICE_X42Y63         FDRE (Prop_fdre_C_Q)         0.164     1.052 r  design_1_i/cg_fpga_0/inst/cg_axi_vdma_0/U0/AXI_LITE_REG_INTERFACE_I/GEN_AXI_LITE_IF.AXI_LITE_IF_I/GEN_LITE_IS_ASYNC.GEN_ASYNC_LITE_ACCESS.s2mm_ip2axi_rddata_d1_reg[21]/Q
                         net (fo=1, routed)           0.056     1.107    design_1_i/cg_fpga_0/inst/cg_axi_vdma_0/U0/AXI_LITE_REG_INTERFACE_I/GEN_AXI_LITE_IF.AXI_LITE_IF_I/s2mm_ip2axi_rddata_d1[21]
    SLICE_X42Y63         FDRE                                         r  design_1_i/cg_fpga_0/inst/cg_axi_vdma_0/U0/AXI_LITE_REG_INTERFACE_I/GEN_AXI_LITE_IF.AXI_LITE_IF_I/GEN_LITE_IS_ASYNC.GEN_ASYNC_LITE_ACCESS.ip2axi_rddata_captured_s2mm_cdc_tig_reg[21]/D
  -------------------------------------------------------------------    -------------------

                         (clock clk_fpga_0 rise edge)
                                                      0.000     0.000 r  
    PS7_X0Y0             PS7                          0.000     0.000 r  design_1_i/cg_fpga_0/inst/processing_system7_0/inst/PS7_i/FCLKCLK[0]
                         net (fo=1, routed)           0.337     0.337    design_1_i/cg_fpga_0/inst/processing_system7_0/inst/FCLK_CLK_unbuffered[0]
    BUFGCTRL_X0Y16       BUFG (Prop_bufg_I_O)         0.029     0.366 r  design_1_i/cg_fpga_0/inst/processing_system7_0/inst/buffer_fclk_clk_0.FCLK_CLK_0_BUFG/O
                         net (fo=6956, routed)        0.819     1.185    design_1_i/cg_fpga_0/inst/cg_axi_vdma_0/U0/AXI_LITE_REG_INTERFACE_I/GEN_AXI_LITE_IF.AXI_LITE_IF_I/s_axi_lite_aclk
    SLICE_X42Y63         FDRE                                         r  design_1_i/cg_fpga_0/inst/cg_axi_vdma_0/U0/AXI_LITE_REG_INTERFACE_I/GEN_AXI_LITE_IF.AXI_LITE_IF_I/GEN_LITE_IS_ASYNC.GEN_ASYNC_LITE_ACCESS.ip2axi_rddata_captured_s2mm_cdc_tig_reg[21]/C

Slack:                    inf
  Source:                 design_1_i/cg_fpga_0/inst/cg_axi_vdma_0/U0/AXI_LITE_REG_INTERFACE_I/GEN_AXI_LITE_IF.AXI_LITE_IF_I/GEN_LITE_IS_ASYNC.GEN_ASYNC_LITE_ACCESS.mm2s_ip2axi_rddata_d1_reg[1]/C
                            (rising edge-triggered cell FDRE clocked by clk_fpga_0  {rise@0.000ns fall@5.000ns period=10.000ns})
  Destination:            design_1_i/cg_fpga_0/inst/cg_axi_vdma_0/U0/AXI_LITE_REG_INTERFACE_I/GEN_AXI_LITE_IF.AXI_LITE_IF_I/GEN_LITE_IS_ASYNC.GEN_ASYNC_LITE_ACCESS.ip2axi_rddata_captured_mm2s_cdc_tig_reg[1]/D
                            (rising edge-triggered cell FDRE clocked by clk_fpga_0  {rise@0.000ns fall@5.000ns period=10.000ns})
  Path Group:             (none)
  Path Type:              Hold (Min at Fast Process Corner)
  Data Path Delay:        0.240ns  (logic 0.141ns (58.691%)  route 0.099ns (41.309%))
  Logic Levels:           0  
  Clock Path Skew:        0.299ns (DCD - SCD - CPR)
    Destination Clock Delay (DCD):    1.187ns
    Source Clock Delay      (SCD):    0.888ns
    Clock Pessimism Removal (CPR):    -0.000ns
  Clock Uncertainty:      0.154ns  ((TSJ^2 + TIJ^2)^1/2 + DJ) / 2 + PE
    Total System Jitter     (TSJ):    0.071ns
    Total Input Jitter      (TIJ):    0.300ns
    Discrete Jitter          (DJ):    0.000ns
    Phase Error              (PE):    0.000ns
  Timing Exception:       False Path

    Location             Delay type                Incr(ns)  Path(ns)    Netlist Resource(s)
  -------------------------------------------------------------------    -------------------
                         (clock clk_fpga_0 rise edge)
                                                      0.000     0.000 r  
    PS7_X0Y0             PS7                          0.000     0.000 r  design_1_i/cg_fpga_0/inst/processing_system7_0/inst/PS7_i/FCLKCLK[0]
                         net (fo=1, routed)           0.310     0.310    design_1_i/cg_fpga_0/inst/processing_system7_0/inst/FCLK_CLK_unbuffered[0]
    BUFGCTRL_X0Y16       BUFG (Prop_bufg_I_O)         0.026     0.336 r  design_1_i/cg_fpga_0/inst/processing_system7_0/inst/buffer_fclk_clk_0.FCLK_CLK_0_BUFG/O
                         net (fo=6956, routed)        0.552     0.888    design_1_i/cg_fpga_0/inst/cg_axi_vdma_0/U0/AXI_LITE_REG_INTERFACE_I/GEN_AXI_LITE_IF.AXI_LITE_IF_I/s_axi_lite_aclk
    SLICE_X53Y53         FDRE                                         r  design_1_i/cg_fpga_0/inst/cg_axi_vdma_0/U0/AXI_LITE_REG_INTERFACE_I/GEN_AXI_LITE_IF.AXI_LITE_IF_I/GEN_LITE_IS_ASYNC.GEN_ASYNC_LITE_ACCESS.mm2s_ip2axi_rddata_d1_reg[1]/C
  -------------------------------------------------------------------    -------------------
    SLICE_X53Y53         FDRE (Prop_fdre_C_Q)         0.141     1.029 r  design_1_i/cg_fpga_0/inst/cg_axi_vdma_0/U0/AXI_LITE_REG_INTERFACE_I/GEN_AXI_LITE_IF.AXI_LITE_IF_I/GEN_LITE_IS_ASYNC.GEN_ASYNC_LITE_ACCESS.mm2s_ip2axi_rddata_d1_reg[1]/Q
                         net (fo=1, routed)           0.099     1.128    design_1_i/cg_fpga_0/inst/cg_axi_vdma_0/U0/AXI_LITE_REG_INTERFACE_I/GEN_AXI_LITE_IF.AXI_LITE_IF_I/mm2s_ip2axi_rddata_d1[1]
    SLICE_X50Y52         FDRE                                         r  design_1_i/cg_fpga_0/inst/cg_axi_vdma_0/U0/AXI_LITE_REG_INTERFACE_I/GEN_AXI_LITE_IF.AXI_LITE_IF_I/GEN_LITE_IS_ASYNC.GEN_ASYNC_LITE_ACCESS.ip2axi_rddata_captured_mm2s_cdc_tig_reg[1]/D
  -------------------------------------------------------------------    -------------------

                         (clock clk_fpga_0 rise edge)
                                                      0.000     0.000 r  
    PS7_X0Y0             PS7                          0.000     0.000 r  design_1_i/cg_fpga_0/inst/processing_system7_0/inst/PS7_i/FCLKCLK[0]
                         net (fo=1, routed)           0.337     0.337    design_1_i/cg_fpga_0/inst/processing_system7_0/inst/FCLK_CLK_unbuffered[0]
    BUFGCTRL_X0Y16       BUFG (Prop_bufg_I_O)         0.029     0.366 r  design_1_i/cg_fpga_0/inst/processing_system7_0/inst/buffer_fclk_clk_0.FCLK_CLK_0_BUFG/O
                         net (fo=6956, routed)        0.821     1.187    design_1_i/cg_fpga_0/inst/cg_axi_vdma_0/U0/AXI_LITE_REG_INTERFACE_I/GEN_AXI_LITE_IF.AXI_LITE_IF_I/s_axi_lite_aclk
    SLICE_X50Y52         FDRE                                         r  design_1_i/cg_fpga_0/inst/cg_axi_vdma_0/U0/AXI_LITE_REG_INTERFACE_I/GEN_AXI_LITE_IF.AXI_LITE_IF_I/GEN_LITE_IS_ASYNC.GEN_ASYNC_LITE_ACCESS.ip2axi_rddata_captured_mm2s_cdc_tig_reg[1]/C

Slack:                    inf
  Source:                 design_1_i/cg_fpga_0/inst/cg_axi_vdma_0/U0/I_RST_MODULE/GEN_RESET_FOR_MM2S.RESET_I/GEN_MIN_FOR_ASYNC.LITE_IDLE_CDC_I/GENERATE_LEVEL_P_S_CDC.SINGLE_BIT.INPUT_FLOP.REG_PLEVEL_IN_cdc_from/C
                            (rising edge-triggered cell FDRE clocked by clk_fpga_0  {rise@0.000ns fall@5.000ns period=10.000ns})
  Destination:            design_1_i/cg_fpga_0/inst/cg_axi_vdma_0/U0/I_RST_MODULE/GEN_RESET_FOR_MM2S.RESET_I/GEN_MIN_FOR_ASYNC.LITE_IDLE_CDC_I/GENERATE_LEVEL_P_S_CDC.SINGLE_BIT.CROSS_PLEVEL_IN2SCNDRY_IN_cdc_to/D
                            (rising edge-triggered cell FDRE clocked by clk_fpga_0  {rise@0.000ns fall@5.000ns period=10.000ns})
  Path Group:             (none)
  Path Type:              Hold (Min at Fast Process Corner)
  Data Path Delay:        0.250ns  (logic 0.141ns (56.457%)  route 0.109ns (43.543%))
  Logic Levels:           0  
  Clock Path Skew:        0.299ns (DCD - SCD - CPR)
    Destination Clock Delay (DCD):    1.193ns
    Source Clock Delay      (SCD):    0.895ns
    Clock Pessimism Removal (CPR):    -0.000ns
  Clock Uncertainty:      0.154ns  ((TSJ^2 + TIJ^2)^1/2 + DJ) / 2 + PE
    Total System Jitter     (TSJ):    0.071ns
    Total Input Jitter      (TIJ):    0.300ns
    Discrete Jitter          (DJ):    0.000ns
    Phase Error              (PE):    0.000ns
  Timing Exception:       False Path

    Location             Delay type                Incr(ns)  Path(ns)    Netlist Resource(s)
  -------------------------------------------------------------------    -------------------
                         (clock clk_fpga_0 rise edge)
                                                      0.000     0.000 r  
    PS7_X0Y0             PS7                          0.000     0.000 r  design_1_i/cg_fpga_0/inst/processing_system7_0/inst/PS7_i/FCLKCLK[0]
                         net (fo=1, routed)           0.310     0.310    design_1_i/cg_fpga_0/inst/processing_system7_0/inst/FCLK_CLK_unbuffered[0]
    BUFGCTRL_X0Y16       BUFG (Prop_bufg_I_O)         0.026     0.336 r  design_1_i/cg_fpga_0/inst/processing_system7_0/inst/buffer_fclk_clk_0.FCLK_CLK_0_BUFG/O
                         net (fo=6956, routed)        0.559     0.895    design_1_i/cg_fpga_0/inst/cg_axi_vdma_0/U0/I_RST_MODULE/GEN_RESET_FOR_MM2S.RESET_I/GEN_MIN_FOR_ASYNC.LITE_IDLE_CDC_I/s_axi_lite_aclk
    SLICE_X48Y38         FDRE                                         r  design_1_i/cg_fpga_0/inst/cg_axi_vdma_0/U0/I_RST_MODULE/GEN_RESET_FOR_MM2S.RESET_I/GEN_MIN_FOR_ASYNC.LITE_IDLE_CDC_I/GENERATE_LEVEL_P_S_CDC.SINGLE_BIT.INPUT_FLOP.REG_PLEVEL_IN_cdc_from/C
  -------------------------------------------------------------------    -------------------
    SLICE_X48Y38         FDRE (Prop_fdre_C_Q)         0.141     1.036 r  design_1_i/cg_fpga_0/inst/cg_axi_vdma_0/U0/I_RST_MODULE/GEN_RESET_FOR_MM2S.RESET_I/GEN_MIN_FOR_ASYNC.LITE_IDLE_CDC_I/GENERATE_LEVEL_P_S_CDC.SINGLE_BIT.INPUT_FLOP.REG_PLEVEL_IN_cdc_from/Q
                         net (fo=1, routed)           0.109     1.144    design_1_i/cg_fpga_0/inst/cg_axi_vdma_0/U0/I_RST_MODULE/GEN_RESET_FOR_MM2S.RESET_I/GEN_MIN_FOR_ASYNC.LITE_IDLE_CDC_I/Q
    SLICE_X49Y38         FDRE                                         r  design_1_i/cg_fpga_0/inst/cg_axi_vdma_0/U0/I_RST_MODULE/GEN_RESET_FOR_MM2S.RESET_I/GEN_MIN_FOR_ASYNC.LITE_IDLE_CDC_I/GENERATE_LEVEL_P_S_CDC.SINGLE_BIT.CROSS_PLEVEL_IN2SCNDRY_IN_cdc_to/D
  -------------------------------------------------------------------    -------------------

                         (clock clk_fpga_0 rise edge)
                                                      0.000     0.000 r  
    PS7_X0Y0             PS7                          0.000     0.000 r  design_1_i/cg_fpga_0/inst/processing_system7_0/inst/PS7_i/FCLKCLK[0]
                         net (fo=1, routed)           0.337     0.337    design_1_i/cg_fpga_0/inst/processing_system7_0/inst/FCLK_CLK_unbuffered[0]
    BUFGCTRL_X0Y16       BUFG (Prop_bufg_I_O)         0.029     0.366 r  design_1_i/cg_fpga_0/inst/processing_system7_0/inst/buffer_fclk_clk_0.FCLK_CLK_0_BUFG/O
                         net (fo=6956, routed)        0.827     1.193    design_1_i/cg_fpga_0/inst/cg_axi_vdma_0/U0/I_RST_MODULE/GEN_RESET_FOR_MM2S.RESET_I/GEN_MIN_FOR_ASYNC.LITE_IDLE_CDC_I/s_axi_lite_aclk
    SLICE_X49Y38         FDRE                                         r  design_1_i/cg_fpga_0/inst/cg_axi_vdma_0/U0/I_RST_MODULE/GEN_RESET_FOR_MM2S.RESET_I/GEN_MIN_FOR_ASYNC.LITE_IDLE_CDC_I/GENERATE_LEVEL_P_S_CDC.SINGLE_BIT.CROSS_PLEVEL_IN2SCNDRY_IN_cdc_to/C

Slack:                    inf
  Source:                 design_1_i/cg_fpga_0/inst/cg_axi_vdma_0/U0/AXI_LITE_REG_INTERFACE_I/GEN_AXI_LITE_IF.AXI_LITE_IF_I/GEN_LITE_IS_ASYNC.GEN_ASYNC_LITE_ACCESS.s2mm_ip2axi_rddata_d1_reg[31]/C
                            (rising edge-triggered cell FDRE clocked by clk_fpga_0  {rise@0.000ns fall@5.000ns period=10.000ns})
  Destination:            design_1_i/cg_fpga_0/inst/cg_axi_vdma_0/U0/AXI_LITE_REG_INTERFACE_I/GEN_AXI_LITE_IF.AXI_LITE_IF_I/GEN_LITE_IS_ASYNC.GEN_ASYNC_LITE_ACCESS.ip2axi_rddata_captured_s2mm_cdc_tig_reg[31]/D
                            (rising edge-triggered cell FDRE clocked by clk_fpga_0  {rise@0.000ns fall@5.000ns period=10.000ns})
  Path Group:             (none)
  Path Type:              Hold (Min at Fast Process Corner)
  Data Path Delay:        0.257ns  (logic 0.141ns (54.812%)  route 0.116ns (45.188%))
  Logic Levels:           0  
  Clock Path Skew:        0.293ns (DCD - SCD - CPR)
    Destination Clock Delay (DCD):    1.183ns
    Source Clock Delay      (SCD):    0.890ns
    Clock Pessimism Removal (CPR):    -0.000ns
  Clock Uncertainty:      0.154ns  ((TSJ^2 + TIJ^2)^1/2 + DJ) / 2 + PE
    Total System Jitter     (TSJ):    0.071ns
    Total Input Jitter      (TIJ):    0.300ns
    Discrete Jitter          (DJ):    0.000ns
    Phase Error              (PE):    0.000ns
  Timing Exception:       False Path

    Location             Delay type                Incr(ns)  Path(ns)    Netlist Resource(s)
  -------------------------------------------------------------------    -------------------
                         (clock clk_fpga_0 rise edge)
                                                      0.000     0.000 r  
    PS7_X0Y0             PS7                          0.000     0.000 r  design_1_i/cg_fpga_0/inst/processing_system7_0/inst/PS7_i/FCLKCLK[0]
                         net (fo=1, routed)           0.310     0.310    design_1_i/cg_fpga_0/inst/processing_system7_0/inst/FCLK_CLK_unbuffered[0]
    BUFGCTRL_X0Y16       BUFG (Prop_bufg_I_O)         0.026     0.336 r  design_1_i/cg_fpga_0/inst/processing_system7_0/inst/buffer_fclk_clk_0.FCLK_CLK_0_BUFG/O
                         net (fo=6956, routed)        0.554     0.890    design_1_i/cg_fpga_0/inst/cg_axi_vdma_0/U0/AXI_LITE_REG_INTERFACE_I/GEN_AXI_LITE_IF.AXI_LITE_IF_I/s_axi_lite_aclk
    SLICE_X35Y65         FDRE                                         r  design_1_i/cg_fpga_0/inst/cg_axi_vdma_0/U0/AXI_LITE_REG_INTERFACE_I/GEN_AXI_LITE_IF.AXI_LITE_IF_I/GEN_LITE_IS_ASYNC.GEN_ASYNC_LITE_ACCESS.s2mm_ip2axi_rddata_d1_reg[31]/C
  -------------------------------------------------------------------    -------------------
    SLICE_X35Y65         FDRE (Prop_fdre_C_Q)         0.141     1.031 r  design_1_i/cg_fpga_0/inst/cg_axi_vdma_0/U0/AXI_LITE_REG_INTERFACE_I/GEN_AXI_LITE_IF.AXI_LITE_IF_I/GEN_LITE_IS_ASYNC.GEN_ASYNC_LITE_ACCESS.s2mm_ip2axi_rddata_d1_reg[31]/Q
                         net (fo=1, routed)           0.116     1.147    design_1_i/cg_fpga_0/inst/cg_axi_vdma_0/U0/AXI_LITE_REG_INTERFACE_I/GEN_AXI_LITE_IF.AXI_LITE_IF_I/s2mm_ip2axi_rddata_d1[31]
    SLICE_X35Y67         FDRE                                         r  design_1_i/cg_fpga_0/inst/cg_axi_vdma_0/U0/AXI_LITE_REG_INTERFACE_I/GEN_AXI_LITE_IF.AXI_LITE_IF_I/GEN_LITE_IS_ASYNC.GEN_ASYNC_LITE_ACCESS.ip2axi_rddata_captured_s2mm_cdc_tig_reg[31]/D
  -------------------------------------------------------------------    -------------------

                         (clock clk_fpga_0 rise edge)
                                                      0.000     0.000 r  
    PS7_X0Y0             PS7                          0.000     0.000 r  design_1_i/cg_fpga_0/inst/processing_system7_0/inst/PS7_i/FCLKCLK[0]
                         net (fo=1, routed)           0.337     0.337    design_1_i/cg_fpga_0/inst/processing_system7_0/inst/FCLK_CLK_unbuffered[0]
    BUFGCTRL_X0Y16       BUFG (Prop_bufg_I_O)         0.029     0.366 r  design_1_i/cg_fpga_0/inst/processing_system7_0/inst/buffer_fclk_clk_0.FCLK_CLK_0_BUFG/O
                         net (fo=6956, routed)        0.817     1.183    design_1_i/cg_fpga_0/inst/cg_axi_vdma_0/U0/AXI_LITE_REG_INTERFACE_I/GEN_AXI_LITE_IF.AXI_LITE_IF_I/s_axi_lite_aclk
    SLICE_X35Y67         FDRE                                         r  design_1_i/cg_fpga_0/inst/cg_axi_vdma_0/U0/AXI_LITE_REG_INTERFACE_I/GEN_AXI_LITE_IF.AXI_LITE_IF_I/GEN_LITE_IS_ASYNC.GEN_ASYNC_LITE_ACCESS.ip2axi_rddata_captured_s2mm_cdc_tig_reg[31]/C

Slack:                    inf
  Source:                 design_1_i/cg_fpga_0/inst/cg_axi_vdma_0/U0/GEN_SPRT_FOR_MM2S.MM2S_REGISTER_MODULE_I/I_DMA_REGISTER/MM2S_ERR_FOR_IRQ.frm_store_i_reg[2]/C
                            (rising edge-triggered cell FDRE clocked by clk_fpga_0  {rise@0.000ns fall@5.000ns period=10.000ns})
  Destination:            design_1_i/cg_fpga_0/inst/cg_axi_vdma_0/U0/AXI_LITE_REG_INTERFACE_I/GEN_MM2S_LITE_CROSSINGS.GEN_MM2S_CROSSINGS_ASYNC.mm2s_ip2axi_frame_store_cdc_tig_reg[2]/D
                            (rising edge-triggered cell FDRE clocked by clk_fpga_0  {rise@0.000ns fall@5.000ns period=10.000ns})
  Path Group:             (none)
  Path Type:              Hold (Min at Fast Process Corner)
  Data Path Delay:        0.260ns  (logic 0.141ns (54.254%)  route 0.119ns (45.746%))
  Logic Levels:           0  
  Clock Path Skew:        0.297ns (DCD - SCD - CPR)
    Destination Clock Delay (DCD):    1.185ns
    Source Clock Delay      (SCD):    0.888ns
    Clock Pessimism Removal (CPR):    -0.000ns
  Clock Uncertainty:      0.154ns  ((TSJ^2 + TIJ^2)^1/2 + DJ) / 2 + PE
    Total System Jitter     (TSJ):    0.071ns
    Total Input Jitter      (TIJ):    0.300ns
    Discrete Jitter          (DJ):    0.000ns
    Phase Error              (PE):    0.000ns
  Timing Exception:       False Path

    Location             Delay type                Incr(ns)  Path(ns)    Netlist Resource(s)
  -------------------------------------------------------------------    -------------------
                         (clock clk_fpga_0 rise edge)
                                                      0.000     0.000 r  
    PS7_X0Y0             PS7                          0.000     0.000 r  design_1_i/cg_fpga_0/inst/processing_system7_0/inst/PS7_i/FCLKCLK[0]
                         net (fo=1, routed)           0.310     0.310    design_1_i/cg_fpga_0/inst/processing_system7_0/inst/FCLK_CLK_unbuffered[0]
    BUFGCTRL_X0Y16       BUFG (Prop_bufg_I_O)         0.026     0.336 r  design_1_i/cg_fpga_0/inst/processing_system7_0/inst/buffer_fclk_clk_0.FCLK_CLK_0_BUFG/O
                         net (fo=6956, routed)        0.552     0.888    design_1_i/cg_fpga_0/inst/cg_axi_vdma_0/U0/GEN_SPRT_FOR_MM2S.MM2S_REGISTER_MODULE_I/I_DMA_REGISTER/s_axi_lite_aclk
    SLICE_X47Y64         FDRE                                         r  design_1_i/cg_fpga_0/inst/cg_axi_vdma_0/U0/GEN_SPRT_FOR_MM2S.MM2S_REGISTER_MODULE_I/I_DMA_REGISTER/MM2S_ERR_FOR_IRQ.frm_store_i_reg[2]/C
  -------------------------------------------------------------------    -------------------
    SLICE_X47Y64         FDRE (Prop_fdre_C_Q)         0.141     1.029 r  design_1_i/cg_fpga_0/inst/cg_axi_vdma_0/U0/GEN_SPRT_FOR_MM2S.MM2S_REGISTER_MODULE_I/I_DMA_REGISTER/MM2S_ERR_FOR_IRQ.frm_store_i_reg[2]/Q
                         net (fo=1, routed)           0.119     1.147    design_1_i/cg_fpga_0/inst/cg_axi_vdma_0/U0/AXI_LITE_REG_INTERFACE_I/GEN_MM2S_LITE_CROSSINGS.GEN_MM2S_CROSSINGS_ASYNC.mm2s_ip2axi_frame_store_cdc_tig_reg[4]_0[2]
    SLICE_X49Y64         FDRE                                         r  design_1_i/cg_fpga_0/inst/cg_axi_vdma_0/U0/AXI_LITE_REG_INTERFACE_I/GEN_MM2S_LITE_CROSSINGS.GEN_MM2S_CROSSINGS_ASYNC.mm2s_ip2axi_frame_store_cdc_tig_reg[2]/D
  -------------------------------------------------------------------    -------------------

                         (clock clk_fpga_0 rise edge)
                                                      0.000     0.000 r  
    PS7_X0Y0             PS7                          0.000     0.000 r  design_1_i/cg_fpga_0/inst/processing_system7_0/inst/PS7_i/FCLKCLK[0]
                         net (fo=1, routed)           0.337     0.337    design_1_i/cg_fpga_0/inst/processing_system7_0/inst/FCLK_CLK_unbuffered[0]
    BUFGCTRL_X0Y16       BUFG (Prop_bufg_I_O)         0.029     0.366 r  design_1_i/cg_fpga_0/inst/processing_system7_0/inst/buffer_fclk_clk_0.FCLK_CLK_0_BUFG/O
                         net (fo=6956, routed)        0.819     1.185    design_1_i/cg_fpga_0/inst/cg_axi_vdma_0/U0/AXI_LITE_REG_INTERFACE_I/s_axi_lite_aclk
    SLICE_X49Y64         FDRE                                         r  design_1_i/cg_fpga_0/inst/cg_axi_vdma_0/U0/AXI_LITE_REG_INTERFACE_I/GEN_MM2S_LITE_CROSSINGS.GEN_MM2S_CROSSINGS_ASYNC.mm2s_ip2axi_frame_store_cdc_tig_reg[2]/C

Slack:                    inf
  Source:                 design_1_i/cg_fpga_0/inst/cg_axi_vdma_0/U0/AXI_LITE_REG_INTERFACE_I/GEN_AXI_LITE_IF.AXI_LITE_IF_I/GEN_LITE_IS_ASYNC.GEN_ASYNC_LITE_ACCESS.mm2s_ip2axi_rddata_d1_reg[21]/C
                            (rising edge-triggered cell FDRE clocked by clk_fpga_0  {rise@0.000ns fall@5.000ns period=10.000ns})
  Destination:            design_1_i/cg_fpga_0/inst/cg_axi_vdma_0/U0/AXI_LITE_REG_INTERFACE_I/GEN_AXI_LITE_IF.AXI_LITE_IF_I/GEN_LITE_IS_ASYNC.GEN_ASYNC_LITE_ACCESS.ip2axi_rddata_captured_mm2s_cdc_tig_reg[21]/D
                            (rising edge-triggered cell FDRE clocked by clk_fpga_0  {rise@0.000ns fall@5.000ns period=10.000ns})
  Path Group:             (none)
  Path Type:              Hold (Min at Fast Process Corner)
  Data Path Delay:        0.263ns  (logic 0.141ns (53.607%)  route 0.122ns (46.393%))
  Logic Levels:           0  
  Clock Path Skew:        0.296ns (DCD - SCD - CPR)
    Destination Clock Delay (DCD):    1.182ns
    Source Clock Delay      (SCD):    0.886ns
    Clock Pessimism Removal (CPR):    -0.000ns
  Clock Uncertainty:      0.154ns  ((TSJ^2 + TIJ^2)^1/2 + DJ) / 2 + PE
    Total System Jitter     (TSJ):    0.071ns
    Total Input Jitter      (TIJ):    0.300ns
    Discrete Jitter          (DJ):    0.000ns
    Phase Error              (PE):    0.000ns
  Timing Exception:       False Path

    Location             Delay type                Incr(ns)  Path(ns)    Netlist Resource(s)
  -------------------------------------------------------------------    -------------------
                         (clock clk_fpga_0 rise edge)
                                                      0.000     0.000 r  
    PS7_X0Y0             PS7                          0.000     0.000 r  design_1_i/cg_fpga_0/inst/processing_system7_0/inst/PS7_i/FCLKCLK[0]
                         net (fo=1, routed)           0.310     0.310    design_1_i/cg_fpga_0/inst/processing_system7_0/inst/FCLK_CLK_unbuffered[0]
    BUFGCTRL_X0Y16       BUFG (Prop_bufg_I_O)         0.026     0.336 r  design_1_i/cg_fpga_0/inst/processing_system7_0/inst/buffer_fclk_clk_0.FCLK_CLK_0_BUFG/O
                         net (fo=6956, routed)        0.550     0.886    design_1_i/cg_fpga_0/inst/cg_axi_vdma_0/U0/AXI_LITE_REG_INTERFACE_I/GEN_AXI_LITE_IF.AXI_LITE_IF_I/s_axi_lite_aclk
    SLICE_X41Y67         FDRE                                         r  design_1_i/cg_fpga_0/inst/cg_axi_vdma_0/U0/AXI_LITE_REG_INTERFACE_I/GEN_AXI_LITE_IF.AXI_LITE_IF_I/GEN_LITE_IS_ASYNC.GEN_ASYNC_LITE_ACCESS.mm2s_ip2axi_rddata_d1_reg[21]/C
  -------------------------------------------------------------------    -------------------
    SLICE_X41Y67         FDRE (Prop_fdre_C_Q)         0.141     1.027 r  design_1_i/cg_fpga_0/inst/cg_axi_vdma_0/U0/AXI_LITE_REG_INTERFACE_I/GEN_AXI_LITE_IF.AXI_LITE_IF_I/GEN_LITE_IS_ASYNC.GEN_ASYNC_LITE_ACCESS.mm2s_ip2axi_rddata_d1_reg[21]/Q
                         net (fo=1, routed)           0.122     1.149    design_1_i/cg_fpga_0/inst/cg_axi_vdma_0/U0/AXI_LITE_REG_INTERFACE_I/GEN_AXI_LITE_IF.AXI_LITE_IF_I/mm2s_ip2axi_rddata_d1[21]
    SLICE_X40Y67         FDRE                                         r  design_1_i/cg_fpga_0/inst/cg_axi_vdma_0/U0/AXI_LITE_REG_INTERFACE_I/GEN_AXI_LITE_IF.AXI_LITE_IF_I/GEN_LITE_IS_ASYNC.GEN_ASYNC_LITE_ACCESS.ip2axi_rddata_captured_mm2s_cdc_tig_reg[21]/D
  -------------------------------------------------------------------    -------------------

                         (clock clk_fpga_0 rise edge)
                                                      0.000     0.000 r  
    PS7_X0Y0             PS7                          0.000     0.000 r  design_1_i/cg_fpga_0/inst/processing_system7_0/inst/PS7_i/FCLKCLK[0]
                         net (fo=1, routed)           0.337     0.337    design_1_i/cg_fpga_0/inst/processing_system7_0/inst/FCLK_CLK_unbuffered[0]
    BUFGCTRL_X0Y16       BUFG (Prop_bufg_I_O)         0.029     0.366 r  design_1_i/cg_fpga_0/inst/processing_system7_0/inst/buffer_fclk_clk_0.FCLK_CLK_0_BUFG/O
                         net (fo=6956, routed)        0.816     1.182    design_1_i/cg_fpga_0/inst/cg_axi_vdma_0/U0/AXI_LITE_REG_INTERFACE_I/GEN_AXI_LITE_IF.AXI_LITE_IF_I/s_axi_lite_aclk
    SLICE_X40Y67         FDRE                                         r  design_1_i/cg_fpga_0/inst/cg_axi_vdma_0/U0/AXI_LITE_REG_INTERFACE_I/GEN_AXI_LITE_IF.AXI_LITE_IF_I/GEN_LITE_IS_ASYNC.GEN_ASYNC_LITE_ACCESS.ip2axi_rddata_captured_mm2s_cdc_tig_reg[21]/C





--------------------------------------------------------------------------------------
Path Group:  (none)
From Clock:  
  To Clock:  

Max Delay            12 Endpoints
Min Delay            12 Endpoints
--------------------------------------------------------------------------------------


Max Delay Paths
--------------------------------------------------------------------------------------
Slack:                    inf
  Source:                 design_1_i/dff6_0/inst/q_reg[5]/C
                            (rising edge-triggered cell FDCE)
  Destination:            <hidden>
  Path Group:             (none)
  Path Type:              Max at Slow Process Corner
  Data Path Delay:        1.947ns  (logic 0.524ns (26.908%)  route 1.423ns (73.092%))
  Logic Levels:           1  (FDCE=1)

    Location             Delay type                Incr(ns)  Path(ns)    Netlist Resource(s)
  -------------------------------------------------------------------    -------------------
    SLICE_X46Y73         FDCE                         0.000     0.000 r  design_1_i/dff6_0/inst/q_reg[5]/C
    SLICE_X46Y73         FDCE (Prop_fdce_C_Q)         0.524     0.524 r  design_1_i/dff6_0/inst/q_reg[5]/Q
                         net (fo=3, routed)           1.423     1.947    <hidden>
    RAMB18_X3Y28         RAMB18E1                                     r  <hidden>
  -------------------------------------------------------------------    -------------------

Slack:                    inf
  Source:                 design_1_i/dff6_0/inst/q_reg[5]/C
                            (rising edge-triggered cell FDCE)
  Destination:            <hidden>
  Path Group:             (none)
  Path Type:              Max at Slow Process Corner
  Data Path Delay:        1.758ns  (logic 0.524ns (29.808%)  route 1.234ns (70.192%))
  Logic Levels:           1  (FDCE=1)

    Location             Delay type                Incr(ns)  Path(ns)    Netlist Resource(s)
  -------------------------------------------------------------------    -------------------
    SLICE_X46Y73         FDCE                         0.000     0.000 r  design_1_i/dff6_0/inst/q_reg[5]/C
    SLICE_X46Y73         FDCE (Prop_fdce_C_Q)         0.524     0.524 r  design_1_i/dff6_0/inst/q_reg[5]/Q
                         net (fo=3, routed)           1.234     1.758    <hidden>
    RAMB18_X3Y28         RAMB18E1                                     r  <hidden>
  -------------------------------------------------------------------    -------------------

Slack:                    inf
  Source:                 design_1_i/dff6_0/inst/q_reg[4]/C
                            (rising edge-triggered cell FDCE)
  Destination:            <hidden>
  Path Group:             (none)
  Path Type:              Max at Slow Process Corner
  Data Path Delay:        1.567ns  (logic 0.459ns (29.286%)  route 1.108ns (70.714%))
  Logic Levels:           1  (FDCE=1)

    Location             Delay type                Incr(ns)  Path(ns)    Netlist Resource(s)
  -------------------------------------------------------------------    -------------------
    SLICE_X48Y73         FDCE                         0.000     0.000 r  design_1_i/dff6_0/inst/q_reg[4]/C
    SLICE_X48Y73         FDCE (Prop_fdce_C_Q)         0.459     0.459 r  design_1_i/dff6_0/inst/q_reg[4]/Q
                         net (fo=3, routed)           1.108     1.567    <hidden>
    RAMB18_X3Y28         RAMB18E1                                     r  <hidden>
  -------------------------------------------------------------------    -------------------

Slack:                    inf
  Source:                 design_1_i/dff6_0/inst/q_reg[4]/C
                            (rising edge-triggered cell FDCE)
  Destination:            <hidden>
  Path Group:             (none)
  Path Type:              Max at Slow Process Corner
  Data Path Delay:        1.566ns  (logic 0.459ns (29.316%)  route 1.107ns (70.684%))
  Logic Levels:           1  (FDCE=1)

    Location             Delay type                Incr(ns)  Path(ns)    Netlist Resource(s)
  -------------------------------------------------------------------    -------------------
    SLICE_X48Y73         FDCE                         0.000     0.000 r  design_1_i/dff6_0/inst/q_reg[4]/C
    SLICE_X48Y73         FDCE (Prop_fdce_C_Q)         0.459     0.459 r  design_1_i/dff6_0/inst/q_reg[4]/Q
                         net (fo=3, routed)           1.107     1.566    <hidden>
    RAMB18_X3Y28         RAMB18E1                                     r  <hidden>
  -------------------------------------------------------------------    -------------------

Slack:                    inf
  Source:                 design_1_i/dff6_0/inst/q_reg[3]/C
                            (rising edge-triggered cell FDCE)
  Destination:            <hidden>
  Path Group:             (none)
  Path Type:              Max at Slow Process Corner
  Data Path Delay:        1.519ns  (logic 0.524ns (34.485%)  route 0.995ns (65.515%))
  Logic Levels:           1  (FDCE=1)

    Location             Delay type                Incr(ns)  Path(ns)    Netlist Resource(s)
  -------------------------------------------------------------------    -------------------
    SLICE_X46Y73         FDCE                         0.000     0.000 r  design_1_i/dff6_0/inst/q_reg[3]/C
    SLICE_X46Y73         FDCE (Prop_fdce_C_Q)         0.524     0.524 r  design_1_i/dff6_0/inst/q_reg[3]/Q
                         net (fo=3, routed)           0.995     1.519    <hidden>
    RAMB18_X3Y28         RAMB18E1                                     r  <hidden>
  -------------------------------------------------------------------    -------------------

Slack:                    inf
  Source:                 design_1_i/dff6_0/inst/q_reg[3]/C
                            (rising edge-triggered cell FDCE)
  Destination:            <hidden>
  Path Group:             (none)
  Path Type:              Max at Slow Process Corner
  Data Path Delay:        1.518ns  (logic 0.524ns (34.521%)  route 0.994ns (65.479%))
  Logic Levels:           1  (FDCE=1)

    Location             Delay type                Incr(ns)  Path(ns)    Netlist Resource(s)
  -------------------------------------------------------------------    -------------------
    SLICE_X46Y73         FDCE                         0.000     0.000 r  design_1_i/dff6_0/inst/q_reg[3]/C
    SLICE_X46Y73         FDCE (Prop_fdce_C_Q)         0.524     0.524 r  design_1_i/dff6_0/inst/q_reg[3]/Q
                         net (fo=3, routed)           0.994     1.518    <hidden>
    RAMB18_X3Y28         RAMB18E1                                     r  <hidden>
  -------------------------------------------------------------------    -------------------

Slack:                    inf
  Source:                 design_1_i/dff6_0/inst/q_reg[2]/C
                            (rising edge-triggered cell FDCE)
  Destination:            <hidden>
  Path Group:             (none)
  Path Type:              Max at Slow Process Corner
  Data Path Delay:        1.513ns  (logic 0.524ns (34.628%)  route 0.989ns (65.372%))
  Logic Levels:           1  (FDCE=1)

    Location             Delay type                Incr(ns)  Path(ns)    Netlist Resource(s)
  -------------------------------------------------------------------    -------------------
    SLICE_X46Y73         FDCE                         0.000     0.000 r  design_1_i/dff6_0/inst/q_reg[2]/C
    SLICE_X46Y73         FDCE (Prop_fdce_C_Q)         0.524     0.524 r  design_1_i/dff6_0/inst/q_reg[2]/Q
                         net (fo=3, routed)           0.989     1.513    <hidden>
    RAMB18_X3Y28         RAMB18E1                                     r  <hidden>
  -------------------------------------------------------------------    -------------------

Slack:                    inf
  Source:                 design_1_i/dff6_0/inst/q_reg[2]/C
                            (rising edge-triggered cell FDCE)
  Destination:            <hidden>
  Path Group:             (none)
  Path Type:              Max at Slow Process Corner
  Data Path Delay:        1.499ns  (logic 0.524ns (34.958%)  route 0.975ns (65.042%))
  Logic Levels:           1  (FDCE=1)

    Location             Delay type                Incr(ns)  Path(ns)    Netlist Resource(s)
  -------------------------------------------------------------------    -------------------
    SLICE_X46Y73         FDCE                         0.000     0.000 r  design_1_i/dff6_0/inst/q_reg[2]/C
    SLICE_X46Y73         FDCE (Prop_fdce_C_Q)         0.524     0.524 r  design_1_i/dff6_0/inst/q_reg[2]/Q
                         net (fo=3, routed)           0.975     1.499    <hidden>
    RAMB18_X3Y28         RAMB18E1                                     r  <hidden>
  -------------------------------------------------------------------    -------------------

Slack:                    inf
  Source:                 design_1_i/dff6_0/inst/q_reg[0]/C
                            (rising edge-triggered cell FDCE)
  Destination:            <hidden>
  Path Group:             (none)
  Path Type:              Max at Slow Process Corner
  Data Path Delay:        1.398ns  (logic 0.524ns (37.482%)  route 0.874ns (62.518%))
  Logic Levels:           1  (FDCE=1)

    Location             Delay type                Incr(ns)  Path(ns)    Netlist Resource(s)
  -------------------------------------------------------------------    -------------------
    SLICE_X46Y73         FDCE                         0.000     0.000 r  design_1_i/dff6_0/inst/q_reg[0]/C
    SLICE_X46Y73         FDCE (Prop_fdce_C_Q)         0.524     0.524 r  design_1_i/dff6_0/inst/q_reg[0]/Q
                         net (fo=3, routed)           0.874     1.398    <hidden>
    RAMB18_X3Y28         RAMB18E1                                     r  <hidden>
  -------------------------------------------------------------------    -------------------

Slack:                    inf
  Source:                 design_1_i/dff6_0/inst/q_reg[0]/C
                            (rising edge-triggered cell FDCE)
  Destination:            <hidden>
  Path Group:             (none)
  Path Type:              Max at Slow Process Corner
  Data Path Delay:        1.396ns  (logic 0.524ns (37.523%)  route 0.872ns (62.477%))
  Logic Levels:           1  (FDCE=1)

    Location             Delay type                Incr(ns)  Path(ns)    Netlist Resource(s)
  -------------------------------------------------------------------    -------------------
    SLICE_X46Y73         FDCE                         0.000     0.000 r  design_1_i/dff6_0/inst/q_reg[0]/C
    SLICE_X46Y73         FDCE (Prop_fdce_C_Q)         0.524     0.524 r  design_1_i/dff6_0/inst/q_reg[0]/Q
                         net (fo=3, routed)           0.872     1.396    <hidden>
    RAMB18_X3Y28         RAMB18E1                                     r  <hidden>
  -------------------------------------------------------------------    -------------------





Min Delay Paths
--------------------------------------------------------------------------------------
Slack:                    inf
  Source:                 design_1_i/dff6_0/inst/q_reg[1]/C
                            (rising edge-triggered cell FDCE)
  Destination:            <hidden>
  Path Group:             (none)
  Path Type:              Min at Fast Process Corner
  Data Path Delay:        0.481ns  (logic 0.146ns (30.348%)  route 0.335ns (69.652%))
  Logic Levels:           1  (FDCE=1)

    Location             Delay type                Incr(ns)  Path(ns)    Netlist Resource(s)
  -------------------------------------------------------------------    -------------------
    SLICE_X48Y73         FDCE                         0.000     0.000 r  design_1_i/dff6_0/inst/q_reg[1]/C
    SLICE_X48Y73         FDCE (Prop_fdce_C_Q)         0.146     0.146 r  design_1_i/dff6_0/inst/q_reg[1]/Q
                         net (fo=3, routed)           0.335     0.481    <hidden>
    RAMB18_X3Y28         RAMB18E1                                     r  <hidden>
  -------------------------------------------------------------------    -------------------

Slack:                    inf
  Source:                 design_1_i/dff6_0/inst/q_reg[1]/C
                            (rising edge-triggered cell FDCE)
  Destination:            <hidden>
  Path Group:             (none)
  Path Type:              Min at Fast Process Corner
  Data Path Delay:        0.481ns  (logic 0.146ns (30.348%)  route 0.335ns (69.652%))
  Logic Levels:           1  (FDCE=1)

    Location             Delay type                Incr(ns)  Path(ns)    Netlist Resource(s)
  -------------------------------------------------------------------    -------------------
    SLICE_X48Y73         FDCE                         0.000     0.000 r  design_1_i/dff6_0/inst/q_reg[1]/C
    SLICE_X48Y73         FDCE (Prop_fdce_C_Q)         0.146     0.146 r  design_1_i/dff6_0/inst/q_reg[1]/Q
                         net (fo=3, routed)           0.335     0.481    <hidden>
    RAMB18_X3Y28         RAMB18E1                                     r  <hidden>
  -------------------------------------------------------------------    -------------------

Slack:                    inf
  Source:                 design_1_i/dff6_0/inst/q_reg[0]/C
                            (rising edge-triggered cell FDCE)
  Destination:            <hidden>
  Path Group:             (none)
  Path Type:              Min at Fast Process Corner
  Data Path Delay:        0.560ns  (logic 0.167ns (29.797%)  route 0.393ns (70.203%))
  Logic Levels:           1  (FDCE=1)

    Location             Delay type                Incr(ns)  Path(ns)    Netlist Resource(s)
  -------------------------------------------------------------------    -------------------
    SLICE_X46Y73         FDCE                         0.000     0.000 r  design_1_i/dff6_0/inst/q_reg[0]/C
    SLICE_X46Y73         FDCE (Prop_fdce_C_Q)         0.167     0.167 r  design_1_i/dff6_0/inst/q_reg[0]/Q
                         net (fo=3, routed)           0.393     0.560    <hidden>
    RAMB18_X3Y28         RAMB18E1                                     r  <hidden>
  -------------------------------------------------------------------    -------------------

Slack:                    inf
  Source:                 design_1_i/dff6_0/inst/q_reg[0]/C
                            (rising edge-triggered cell FDCE)
  Destination:            <hidden>
  Path Group:             (none)
  Path Type:              Min at Fast Process Corner
  Data Path Delay:        0.562ns  (logic 0.167ns (29.714%)  route 0.395ns (70.286%))
  Logic Levels:           1  (FDCE=1)

    Location             Delay type                Incr(ns)  Path(ns)    Netlist Resource(s)
  -------------------------------------------------------------------    -------------------
    SLICE_X46Y73         FDCE                         0.000     0.000 r  design_1_i/dff6_0/inst/q_reg[0]/C
    SLICE_X46Y73         FDCE (Prop_fdce_C_Q)         0.167     0.167 r  design_1_i/dff6_0/inst/q_reg[0]/Q
                         net (fo=3, routed)           0.395     0.562    <hidden>
    RAMB18_X3Y28         RAMB18E1                                     r  <hidden>
  -------------------------------------------------------------------    -------------------

Slack:                    inf
  Source:                 design_1_i/dff6_0/inst/q_reg[2]/C
                            (rising edge-triggered cell FDCE)
  Destination:            <hidden>
  Path Group:             (none)
  Path Type:              Min at Fast Process Corner
  Data Path Delay:        0.577ns  (logic 0.167ns (28.947%)  route 0.410ns (71.053%))
  Logic Levels:           1  (FDCE=1)

    Location             Delay type                Incr(ns)  Path(ns)    Netlist Resource(s)
  -------------------------------------------------------------------    -------------------
    SLICE_X46Y73         FDCE                         0.000     0.000 r  design_1_i/dff6_0/inst/q_reg[2]/C
    SLICE_X46Y73         FDCE (Prop_fdce_C_Q)         0.167     0.167 r  design_1_i/dff6_0/inst/q_reg[2]/Q
                         net (fo=3, routed)           0.410     0.577    <hidden>
    RAMB18_X3Y28         RAMB18E1                                     r  <hidden>
  -------------------------------------------------------------------    -------------------

Slack:                    inf
  Source:                 design_1_i/dff6_0/inst/q_reg[3]/C
                            (rising edge-triggered cell FDCE)
  Destination:            <hidden>
  Path Group:             (none)
  Path Type:              Min at Fast Process Corner
  Data Path Delay:        0.599ns  (logic 0.167ns (27.883%)  route 0.432ns (72.117%))
  Logic Levels:           1  (FDCE=1)

    Location             Delay type                Incr(ns)  Path(ns)    Netlist Resource(s)
  -------------------------------------------------------------------    -------------------
    SLICE_X46Y73         FDCE                         0.000     0.000 r  design_1_i/dff6_0/inst/q_reg[3]/C
    SLICE_X46Y73         FDCE (Prop_fdce_C_Q)         0.167     0.167 r  design_1_i/dff6_0/inst/q_reg[3]/Q
                         net (fo=3, routed)           0.432     0.599    <hidden>
    RAMB18_X3Y28         RAMB18E1                                     r  <hidden>
  -------------------------------------------------------------------    -------------------

Slack:                    inf
  Source:                 design_1_i/dff6_0/inst/q_reg[3]/C
                            (rising edge-triggered cell FDCE)
  Destination:            <hidden>
  Path Group:             (none)
  Path Type:              Min at Fast Process Corner
  Data Path Delay:        0.600ns  (logic 0.167ns (27.810%)  route 0.433ns (72.190%))
  Logic Levels:           1  (FDCE=1)

    Location             Delay type                Incr(ns)  Path(ns)    Netlist Resource(s)
  -------------------------------------------------------------------    -------------------
    SLICE_X46Y73         FDCE                         0.000     0.000 r  design_1_i/dff6_0/inst/q_reg[3]/C
    SLICE_X46Y73         FDCE (Prop_fdce_C_Q)         0.167     0.167 r  design_1_i/dff6_0/inst/q_reg[3]/Q
                         net (fo=3, routed)           0.433     0.600    <hidden>
    RAMB18_X3Y28         RAMB18E1                                     r  <hidden>
  -------------------------------------------------------------------    -------------------

Slack:                    inf
  Source:                 design_1_i/dff6_0/inst/q_reg[4]/C
                            (rising edge-triggered cell FDCE)
  Destination:            <hidden>
  Path Group:             (none)
  Path Type:              Min at Fast Process Corner
  Data Path Delay:        0.604ns  (logic 0.146ns (24.183%)  route 0.458ns (75.817%))
  Logic Levels:           1  (FDCE=1)

    Location             Delay type                Incr(ns)  Path(ns)    Netlist Resource(s)
  -------------------------------------------------------------------    -------------------
    SLICE_X48Y73         FDCE                         0.000     0.000 r  design_1_i/dff6_0/inst/q_reg[4]/C
    SLICE_X48Y73         FDCE (Prop_fdce_C_Q)         0.146     0.146 r  design_1_i/dff6_0/inst/q_reg[4]/Q
                         net (fo=3, routed)           0.458     0.604    <hidden>
    RAMB18_X3Y28         RAMB18E1                                     r  <hidden>
  -------------------------------------------------------------------    -------------------

Slack:                    inf
  Source:                 design_1_i/dff6_0/inst/q_reg[4]/C
                            (rising edge-triggered cell FDCE)
  Destination:            <hidden>
  Path Group:             (none)
  Path Type:              Min at Fast Process Corner
  Data Path Delay:        0.605ns  (logic 0.146ns (24.121%)  route 0.459ns (75.879%))
  Logic Levels:           1  (FDCE=1)

    Location             Delay type                Incr(ns)  Path(ns)    Netlist Resource(s)
  -------------------------------------------------------------------    -------------------
    SLICE_X48Y73         FDCE                         0.000     0.000 r  design_1_i/dff6_0/inst/q_reg[4]/C
    SLICE_X48Y73         FDCE (Prop_fdce_C_Q)         0.146     0.146 r  design_1_i/dff6_0/inst/q_reg[4]/Q
                         net (fo=3, routed)           0.459     0.605    <hidden>
    RAMB18_X3Y28         RAMB18E1                                     r  <hidden>
  -------------------------------------------------------------------    -------------------

Slack:                    inf
  Source:                 design_1_i/dff6_0/inst/q_reg[2]/C
                            (rising edge-triggered cell FDCE)
  Destination:            <hidden>
  Path Group:             (none)
  Path Type:              Min at Fast Process Corner
  Data Path Delay:        0.610ns  (logic 0.167ns (27.367%)  route 0.443ns (72.633%))
  Logic Levels:           1  (FDCE=1)

    Location             Delay type                Incr(ns)  Path(ns)    Netlist Resource(s)
  -------------------------------------------------------------------    -------------------
    SLICE_X46Y73         FDCE                         0.000     0.000 r  design_1_i/dff6_0/inst/q_reg[2]/C
    SLICE_X46Y73         FDCE (Prop_fdce_C_Q)         0.167     0.167 r  design_1_i/dff6_0/inst/q_reg[2]/Q
                         net (fo=3, routed)           0.443     0.610    <hidden>
    RAMB18_X3Y28         RAMB18E1                                     r  <hidden>
  -------------------------------------------------------------------    -------------------





--------------------------------------------------------------------------------------
Path Group:  (none)
From Clock:  clk_fpga_0
  To Clock:  

Max Delay            12 Endpoints
Min Delay            12 Endpoints
--------------------------------------------------------------------------------------


Max Delay Paths
--------------------------------------------------------------------------------------
Slack:                    inf
  Source:                 design_1_i/cg_fpga_0/inst/cg_fpga_axi_gpio_o2/U0/gpio_core_1/Dual.gpio_Data_Out_reg[22]/C
                            (rising edge-triggered cell FDRE clocked by clk_fpga_0  {rise@0.000ns fall@5.000ns period=10.000ns})
  Destination:            design_1_i/dff6_0/inst/q_reg[0]/CLR
  Path Group:             (none)
  Path Type:              Max at Slow Process Corner
  Data Path Delay:        2.280ns  (logic 0.580ns (25.440%)  route 1.700ns (74.560%))
  Logic Levels:           1  (LUT1=1)
  Clock Uncertainty:      0.152ns  ((TSJ^2 + TIJ^2)^1/2 + DJ) / 2 + PE
    Total System Jitter     (TSJ):    0.050ns
    Total Input Jitter      (TIJ):    0.300ns
    Discrete Jitter          (DJ):    0.000ns
    Phase Error              (PE):    0.000ns

    Location             Delay type                Incr(ns)  Path(ns)    Netlist Resource(s)
  -------------------------------------------------------------------    -------------------
                         (clock clk_fpga_0 rise edge)
                                                      0.000     0.000 r  
    PS7_X0Y0             PS7                          0.000     0.000 r  design_1_i/cg_fpga_0/inst/processing_system7_0/inst/PS7_i/FCLKCLK[0]
                         net (fo=1, routed)           1.193     1.193    design_1_i/cg_fpga_0/inst/processing_system7_0/inst/FCLK_CLK_unbuffered[0]
    BUFGCTRL_X0Y16       BUFG (Prop_bufg_I_O)         0.101     1.294 r  design_1_i/cg_fpga_0/inst/processing_system7_0/inst/buffer_fclk_clk_0.FCLK_CLK_0_BUFG/O
                         net (fo=6956, routed)        1.631     2.925    design_1_i/cg_fpga_0/inst/cg_fpga_axi_gpio_o2/U0/gpio_core_1/s_axi_aclk
    SLICE_X40Y75         FDRE                                         r  design_1_i/cg_fpga_0/inst/cg_fpga_axi_gpio_o2/U0/gpio_core_1/Dual.gpio_Data_Out_reg[22]/C
  -------------------------------------------------------------------    -------------------
    SLICE_X40Y75         FDRE (Prop_fdre_C_Q)         0.456     3.381 r  design_1_i/cg_fpga_0/inst/cg_fpga_axi_gpio_o2/U0/gpio_core_1/Dual.gpio_Data_Out_reg[22]/Q
                         net (fo=2, routed)           0.760     4.141    design_1_i/dff6_0/inst/rst_n
    SLICE_X41Y73         LUT1 (Prop_lut1_I0_O)        0.124     4.265 f  design_1_i/dff6_0/inst/q[5]_i_1/O
                         net (fo=6, routed)           0.940     5.205    design_1_i/dff6_0/inst/q[5]_i_1_n_0
    SLICE_X46Y73         FDCE                                         f  design_1_i/dff6_0/inst/q_reg[0]/CLR
  -------------------------------------------------------------------    -------------------

Slack:                    inf
  Source:                 design_1_i/cg_fpga_0/inst/cg_fpga_axi_gpio_o2/U0/gpio_core_1/Dual.gpio_Data_Out_reg[22]/C
                            (rising edge-triggered cell FDRE clocked by clk_fpga_0  {rise@0.000ns fall@5.000ns period=10.000ns})
  Destination:            design_1_i/dff6_0/inst/q_reg[2]/CLR
  Path Group:             (none)
  Path Type:              Max at Slow Process Corner
  Data Path Delay:        2.280ns  (logic 0.580ns (25.440%)  route 1.700ns (74.560%))
  Logic Levels:           1  (LUT1=1)
  Clock Uncertainty:      0.152ns  ((TSJ^2 + TIJ^2)^1/2 + DJ) / 2 + PE
    Total System Jitter     (TSJ):    0.050ns
    Total Input Jitter      (TIJ):    0.300ns
    Discrete Jitter          (DJ):    0.000ns
    Phase Error              (PE):    0.000ns

    Location             Delay type                Incr(ns)  Path(ns)    Netlist Resource(s)
  -------------------------------------------------------------------    -------------------
                         (clock clk_fpga_0 rise edge)
                                                      0.000     0.000 r  
    PS7_X0Y0             PS7                          0.000     0.000 r  design_1_i/cg_fpga_0/inst/processing_system7_0/inst/PS7_i/FCLKCLK[0]
                         net (fo=1, routed)           1.193     1.193    design_1_i/cg_fpga_0/inst/processing_system7_0/inst/FCLK_CLK_unbuffered[0]
    BUFGCTRL_X0Y16       BUFG (Prop_bufg_I_O)         0.101     1.294 r  design_1_i/cg_fpga_0/inst/processing_system7_0/inst/buffer_fclk_clk_0.FCLK_CLK_0_BUFG/O
                         net (fo=6956, routed)        1.631     2.925    design_1_i/cg_fpga_0/inst/cg_fpga_axi_gpio_o2/U0/gpio_core_1/s_axi_aclk
    SLICE_X40Y75         FDRE                                         r  design_1_i/cg_fpga_0/inst/cg_fpga_axi_gpio_o2/U0/gpio_core_1/Dual.gpio_Data_Out_reg[22]/C
  -------------------------------------------------------------------    -------------------
    SLICE_X40Y75         FDRE (Prop_fdre_C_Q)         0.456     3.381 r  design_1_i/cg_fpga_0/inst/cg_fpga_axi_gpio_o2/U0/gpio_core_1/Dual.gpio_Data_Out_reg[22]/Q
                         net (fo=2, routed)           0.760     4.141    design_1_i/dff6_0/inst/rst_n
    SLICE_X41Y73         LUT1 (Prop_lut1_I0_O)        0.124     4.265 f  design_1_i/dff6_0/inst/q[5]_i_1/O
                         net (fo=6, routed)           0.940     5.205    design_1_i/dff6_0/inst/q[5]_i_1_n_0
    SLICE_X46Y73         FDCE                                         f  design_1_i/dff6_0/inst/q_reg[2]/CLR
  -------------------------------------------------------------------    -------------------

Slack:                    inf
  Source:                 design_1_i/cg_fpga_0/inst/cg_fpga_axi_gpio_o2/U0/gpio_core_1/Dual.gpio_Data_Out_reg[22]/C
                            (rising edge-triggered cell FDRE clocked by clk_fpga_0  {rise@0.000ns fall@5.000ns period=10.000ns})
  Destination:            design_1_i/dff6_0/inst/q_reg[3]/CLR
  Path Group:             (none)
  Path Type:              Max at Slow Process Corner
  Data Path Delay:        2.280ns  (logic 0.580ns (25.440%)  route 1.700ns (74.560%))
  Logic Levels:           1  (LUT1=1)
  Clock Uncertainty:      0.152ns  ((TSJ^2 + TIJ^2)^1/2 + DJ) / 2 + PE
    Total System Jitter     (TSJ):    0.050ns
    Total Input Jitter      (TIJ):    0.300ns
    Discrete Jitter          (DJ):    0.000ns
    Phase Error              (PE):    0.000ns

    Location             Delay type                Incr(ns)  Path(ns)    Netlist Resource(s)
  -------------------------------------------------------------------    -------------------
                         (clock clk_fpga_0 rise edge)
                                                      0.000     0.000 r  
    PS7_X0Y0             PS7                          0.000     0.000 r  design_1_i/cg_fpga_0/inst/processing_system7_0/inst/PS7_i/FCLKCLK[0]
                         net (fo=1, routed)           1.193     1.193    design_1_i/cg_fpga_0/inst/processing_system7_0/inst/FCLK_CLK_unbuffered[0]
    BUFGCTRL_X0Y16       BUFG (Prop_bufg_I_O)         0.101     1.294 r  design_1_i/cg_fpga_0/inst/processing_system7_0/inst/buffer_fclk_clk_0.FCLK_CLK_0_BUFG/O
                         net (fo=6956, routed)        1.631     2.925    design_1_i/cg_fpga_0/inst/cg_fpga_axi_gpio_o2/U0/gpio_core_1/s_axi_aclk
    SLICE_X40Y75         FDRE                                         r  design_1_i/cg_fpga_0/inst/cg_fpga_axi_gpio_o2/U0/gpio_core_1/Dual.gpio_Data_Out_reg[22]/C
  -------------------------------------------------------------------    -------------------
    SLICE_X40Y75         FDRE (Prop_fdre_C_Q)         0.456     3.381 r  design_1_i/cg_fpga_0/inst/cg_fpga_axi_gpio_o2/U0/gpio_core_1/Dual.gpio_Data_Out_reg[22]/Q
                         net (fo=2, routed)           0.760     4.141    design_1_i/dff6_0/inst/rst_n
    SLICE_X41Y73         LUT1 (Prop_lut1_I0_O)        0.124     4.265 f  design_1_i/dff6_0/inst/q[5]_i_1/O
                         net (fo=6, routed)           0.940     5.205    design_1_i/dff6_0/inst/q[5]_i_1_n_0
    SLICE_X46Y73         FDCE                                         f  design_1_i/dff6_0/inst/q_reg[3]/CLR
  -------------------------------------------------------------------    -------------------

Slack:                    inf
  Source:                 design_1_i/cg_fpga_0/inst/cg_fpga_axi_gpio_o2/U0/gpio_core_1/Dual.gpio_Data_Out_reg[22]/C
                            (rising edge-triggered cell FDRE clocked by clk_fpga_0  {rise@0.000ns fall@5.000ns period=10.000ns})
  Destination:            design_1_i/dff6_0/inst/q_reg[5]/CLR
  Path Group:             (none)
  Path Type:              Max at Slow Process Corner
  Data Path Delay:        2.280ns  (logic 0.580ns (25.440%)  route 1.700ns (74.560%))
  Logic Levels:           1  (LUT1=1)
  Clock Uncertainty:      0.152ns  ((TSJ^2 + TIJ^2)^1/2 + DJ) / 2 + PE
    Total System Jitter     (TSJ):    0.050ns
    Total Input Jitter      (TIJ):    0.300ns
    Discrete Jitter          (DJ):    0.000ns
    Phase Error              (PE):    0.000ns

    Location             Delay type                Incr(ns)  Path(ns)    Netlist Resource(s)
  -------------------------------------------------------------------    -------------------
                         (clock clk_fpga_0 rise edge)
                                                      0.000     0.000 r  
    PS7_X0Y0             PS7                          0.000     0.000 r  design_1_i/cg_fpga_0/inst/processing_system7_0/inst/PS7_i/FCLKCLK[0]
                         net (fo=1, routed)           1.193     1.193    design_1_i/cg_fpga_0/inst/processing_system7_0/inst/FCLK_CLK_unbuffered[0]
    BUFGCTRL_X0Y16       BUFG (Prop_bufg_I_O)         0.101     1.294 r  design_1_i/cg_fpga_0/inst/processing_system7_0/inst/buffer_fclk_clk_0.FCLK_CLK_0_BUFG/O
                         net (fo=6956, routed)        1.631     2.925    design_1_i/cg_fpga_0/inst/cg_fpga_axi_gpio_o2/U0/gpio_core_1/s_axi_aclk
    SLICE_X40Y75         FDRE                                         r  design_1_i/cg_fpga_0/inst/cg_fpga_axi_gpio_o2/U0/gpio_core_1/Dual.gpio_Data_Out_reg[22]/C
  -------------------------------------------------------------------    -------------------
    SLICE_X40Y75         FDRE (Prop_fdre_C_Q)         0.456     3.381 r  design_1_i/cg_fpga_0/inst/cg_fpga_axi_gpio_o2/U0/gpio_core_1/Dual.gpio_Data_Out_reg[22]/Q
                         net (fo=2, routed)           0.760     4.141    design_1_i/dff6_0/inst/rst_n
    SLICE_X41Y73         LUT1 (Prop_lut1_I0_O)        0.124     4.265 f  design_1_i/dff6_0/inst/q[5]_i_1/O
                         net (fo=6, routed)           0.940     5.205    design_1_i/dff6_0/inst/q[5]_i_1_n_0
    SLICE_X46Y73         FDCE                                         f  design_1_i/dff6_0/inst/q_reg[5]/CLR
  -------------------------------------------------------------------    -------------------

Slack:                    inf
  Source:                 design_1_i/cg_fpga_0/inst/cg_fpga_axi_gpio_o2/U0/gpio_core_1/Dual.gpio_Data_Out_reg[22]/C
                            (rising edge-triggered cell FDRE clocked by clk_fpga_0  {rise@0.000ns fall@5.000ns period=10.000ns})
  Destination:            design_1_i/dff6_0/inst/q_reg[1]/CLR
  Path Group:             (none)
  Path Type:              Max at Slow Process Corner
  Data Path Delay:        1.947ns  (logic 0.580ns (29.783%)  route 1.367ns (70.217%))
  Logic Levels:           1  (LUT1=1)
  Clock Uncertainty:      0.152ns  ((TSJ^2 + TIJ^2)^1/2 + DJ) / 2 + PE
    Total System Jitter     (TSJ):    0.050ns
    Total Input Jitter      (TIJ):    0.300ns
    Discrete Jitter          (DJ):    0.000ns
    Phase Error              (PE):    0.000ns

    Location             Delay type                Incr(ns)  Path(ns)    Netlist Resource(s)
  -------------------------------------------------------------------    -------------------
                         (clock clk_fpga_0 rise edge)
                                                      0.000     0.000 r  
    PS7_X0Y0             PS7                          0.000     0.000 r  design_1_i/cg_fpga_0/inst/processing_system7_0/inst/PS7_i/FCLKCLK[0]
                         net (fo=1, routed)           1.193     1.193    design_1_i/cg_fpga_0/inst/processing_system7_0/inst/FCLK_CLK_unbuffered[0]
    BUFGCTRL_X0Y16       BUFG (Prop_bufg_I_O)         0.101     1.294 r  design_1_i/cg_fpga_0/inst/processing_system7_0/inst/buffer_fclk_clk_0.FCLK_CLK_0_BUFG/O
                         net (fo=6956, routed)        1.631     2.925    design_1_i/cg_fpga_0/inst/cg_fpga_axi_gpio_o2/U0/gpio_core_1/s_axi_aclk
    SLICE_X40Y75         FDRE                                         r  design_1_i/cg_fpga_0/inst/cg_fpga_axi_gpio_o2/U0/gpio_core_1/Dual.gpio_Data_Out_reg[22]/C
  -------------------------------------------------------------------    -------------------
    SLICE_X40Y75         FDRE (Prop_fdre_C_Q)         0.456     3.381 r  design_1_i/cg_fpga_0/inst/cg_fpga_axi_gpio_o2/U0/gpio_core_1/Dual.gpio_Data_Out_reg[22]/Q
                         net (fo=2, routed)           0.760     4.141    design_1_i/dff6_0/inst/rst_n
    SLICE_X41Y73         LUT1 (Prop_lut1_I0_O)        0.124     4.265 f  design_1_i/dff6_0/inst/q[5]_i_1/O
                         net (fo=6, routed)           0.607     4.872    design_1_i/dff6_0/inst/q[5]_i_1_n_0
    SLICE_X48Y73         FDCE                                         f  design_1_i/dff6_0/inst/q_reg[1]/CLR
  -------------------------------------------------------------------    -------------------

Slack:                    inf
  Source:                 design_1_i/cg_fpga_0/inst/cg_fpga_axi_gpio_o2/U0/gpio_core_1/Dual.gpio_Data_Out_reg[22]/C
                            (rising edge-triggered cell FDRE clocked by clk_fpga_0  {rise@0.000ns fall@5.000ns period=10.000ns})
  Destination:            design_1_i/dff6_0/inst/q_reg[4]/CLR
  Path Group:             (none)
  Path Type:              Max at Slow Process Corner
  Data Path Delay:        1.947ns  (logic 0.580ns (29.783%)  route 1.367ns (70.217%))
  Logic Levels:           1  (LUT1=1)
  Clock Uncertainty:      0.152ns  ((TSJ^2 + TIJ^2)^1/2 + DJ) / 2 + PE
    Total System Jitter     (TSJ):    0.050ns
    Total Input Jitter      (TIJ):    0.300ns
    Discrete Jitter          (DJ):    0.000ns
    Phase Error              (PE):    0.000ns

    Location             Delay type                Incr(ns)  Path(ns)    Netlist Resource(s)
  -------------------------------------------------------------------    -------------------
                         (clock clk_fpga_0 rise edge)
                                                      0.000     0.000 r  
    PS7_X0Y0             PS7                          0.000     0.000 r  design_1_i/cg_fpga_0/inst/processing_system7_0/inst/PS7_i/FCLKCLK[0]
                         net (fo=1, routed)           1.193     1.193    design_1_i/cg_fpga_0/inst/processing_system7_0/inst/FCLK_CLK_unbuffered[0]
    BUFGCTRL_X0Y16       BUFG (Prop_bufg_I_O)         0.101     1.294 r  design_1_i/cg_fpga_0/inst/processing_system7_0/inst/buffer_fclk_clk_0.FCLK_CLK_0_BUFG/O
                         net (fo=6956, routed)        1.631     2.925    design_1_i/cg_fpga_0/inst/cg_fpga_axi_gpio_o2/U0/gpio_core_1/s_axi_aclk
    SLICE_X40Y75         FDRE                                         r  design_1_i/cg_fpga_0/inst/cg_fpga_axi_gpio_o2/U0/gpio_core_1/Dual.gpio_Data_Out_reg[22]/C
  -------------------------------------------------------------------    -------------------
    SLICE_X40Y75         FDRE (Prop_fdre_C_Q)         0.456     3.381 r  design_1_i/cg_fpga_0/inst/cg_fpga_axi_gpio_o2/U0/gpio_core_1/Dual.gpio_Data_Out_reg[22]/Q
                         net (fo=2, routed)           0.760     4.141    design_1_i/dff6_0/inst/rst_n
    SLICE_X41Y73         LUT1 (Prop_lut1_I0_O)        0.124     4.265 f  design_1_i/dff6_0/inst/q[5]_i_1/O
                         net (fo=6, routed)           0.607     4.872    design_1_i/dff6_0/inst/q[5]_i_1_n_0
    SLICE_X48Y73         FDCE                                         f  design_1_i/dff6_0/inst/q_reg[4]/CLR
  -------------------------------------------------------------------    -------------------

Slack:                    inf
  Source:                 design_1_i/cg_fpga_0/inst/cg_fpga_axi_gpio_o1/U0/gpio_core_1/Dual.gpio2_Data_Out_reg[27]/C
                            (rising edge-triggered cell FDRE clocked by clk_fpga_0  {rise@0.000ns fall@5.000ns period=10.000ns})
  Destination:            design_1_i/dff6_0/inst/q_reg[4]/D
  Path Group:             (none)
  Path Type:              Max at Slow Process Corner
  Data Path Delay:        1.768ns  (logic 0.642ns (36.307%)  route 1.126ns (63.693%))
  Logic Levels:           1  (LUT1=1)
  Clock Uncertainty:      0.152ns  ((TSJ^2 + TIJ^2)^1/2 + DJ) / 2 + PE
    Total System Jitter     (TSJ):    0.050ns
    Total Input Jitter      (TIJ):    0.300ns
    Discrete Jitter          (DJ):    0.000ns
    Phase Error              (PE):    0.000ns

    Location             Delay type                Incr(ns)  Path(ns)    Netlist Resource(s)
  -------------------------------------------------------------------    -------------------
                         (clock clk_fpga_0 rise edge)
                                                      0.000     0.000 r  
    PS7_X0Y0             PS7                          0.000     0.000 r  design_1_i/cg_fpga_0/inst/processing_system7_0/inst/PS7_i/FCLKCLK[0]
                         net (fo=1, routed)           1.193     1.193    design_1_i/cg_fpga_0/inst/processing_system7_0/inst/FCLK_CLK_unbuffered[0]
    BUFGCTRL_X0Y16       BUFG (Prop_bufg_I_O)         0.101     1.294 r  design_1_i/cg_fpga_0/inst/processing_system7_0/inst/buffer_fclk_clk_0.FCLK_CLK_0_BUFG/O
                         net (fo=6956, routed)        1.633     2.927    design_1_i/cg_fpga_0/inst/cg_fpga_axi_gpio_o1/U0/gpio_core_1/s_axi_aclk
    SLICE_X42Y73         FDRE                                         r  design_1_i/cg_fpga_0/inst/cg_fpga_axi_gpio_o1/U0/gpio_core_1/Dual.gpio2_Data_Out_reg[27]/C
  -------------------------------------------------------------------    -------------------
    SLICE_X42Y73         FDRE (Prop_fdre_C_Q)         0.518     3.445 f  design_1_i/cg_fpga_0/inst/cg_fpga_axi_gpio_o1/U0/gpio_core_1/Dual.gpio2_Data_Out_reg[27]/Q
                         net (fo=2, routed)           1.126     4.571    design_1_i/adpt_in_0/inst/sw_a[4]
    SLICE_X48Y73         LUT1 (Prop_lut1_I0_O)        0.124     4.695 r  design_1_i/adpt_in_0/inst/addr[4]_INST_0/O
                         net (fo=1, routed)           0.000     4.695    design_1_i/dff6_0/inst/d[4]
    SLICE_X48Y73         FDCE                                         r  design_1_i/dff6_0/inst/q_reg[4]/D
  -------------------------------------------------------------------    -------------------

Slack:                    inf
  Source:                 design_1_i/cg_fpga_0/inst/cg_fpga_axi_gpio_o1/U0/gpio_core_1/Dual.gpio2_Data_Out_reg[30]/C
                            (rising edge-triggered cell FDRE clocked by clk_fpga_0  {rise@0.000ns fall@5.000ns period=10.000ns})
  Destination:            design_1_i/dff6_0/inst/q_reg[1]/D
  Path Group:             (none)
  Path Type:              Max at Slow Process Corner
  Data Path Delay:        1.528ns  (logic 0.773ns (50.582%)  route 0.755ns (49.418%))
  Logic Levels:           1  (LUT1=1)
  Clock Uncertainty:      0.152ns  ((TSJ^2 + TIJ^2)^1/2 + DJ) / 2 + PE
    Total System Jitter     (TSJ):    0.050ns
    Total Input Jitter      (TIJ):    0.300ns
    Discrete Jitter          (DJ):    0.000ns
    Phase Error              (PE):    0.000ns

    Location             Delay type                Incr(ns)  Path(ns)    Netlist Resource(s)
  -------------------------------------------------------------------    -------------------
                         (clock clk_fpga_0 rise edge)
                                                      0.000     0.000 r  
    PS7_X0Y0             PS7                          0.000     0.000 r  design_1_i/cg_fpga_0/inst/processing_system7_0/inst/PS7_i/FCLKCLK[0]
                         net (fo=1, routed)           1.193     1.193    design_1_i/cg_fpga_0/inst/processing_system7_0/inst/FCLK_CLK_unbuffered[0]
    BUFGCTRL_X0Y16       BUFG (Prop_bufg_I_O)         0.101     1.294 r  design_1_i/cg_fpga_0/inst/processing_system7_0/inst/buffer_fclk_clk_0.FCLK_CLK_0_BUFG/O
                         net (fo=6956, routed)        1.633     2.927    design_1_i/cg_fpga_0/inst/cg_fpga_axi_gpio_o1/U0/gpio_core_1/s_axi_aclk
    SLICE_X42Y73         FDRE                                         r  design_1_i/cg_fpga_0/inst/cg_fpga_axi_gpio_o1/U0/gpio_core_1/Dual.gpio2_Data_Out_reg[30]/C
  -------------------------------------------------------------------    -------------------
    SLICE_X42Y73         FDRE (Prop_fdre_C_Q)         0.478     3.405 f  design_1_i/cg_fpga_0/inst/cg_fpga_axi_gpio_o1/U0/gpio_core_1/Dual.gpio2_Data_Out_reg[30]/Q
                         net (fo=2, routed)           0.755     4.160    design_1_i/adpt_in_0/inst/sw_a[1]
    SLICE_X48Y73         LUT1 (Prop_lut1_I0_O)        0.295     4.455 r  design_1_i/adpt_in_0/inst/addr[1]_INST_0/O
                         net (fo=1, routed)           0.000     4.455    design_1_i/dff6_0/inst/d[1]
    SLICE_X48Y73         FDCE                                         r  design_1_i/dff6_0/inst/q_reg[1]/D
  -------------------------------------------------------------------    -------------------

Slack:                    inf
  Source:                 design_1_i/cg_fpga_0/inst/cg_fpga_axi_gpio_o1/U0/gpio_core_1/Dual.gpio2_Data_Out_reg[31]/C
                            (rising edge-triggered cell FDRE clocked by clk_fpga_0  {rise@0.000ns fall@5.000ns period=10.000ns})
  Destination:            design_1_i/dff6_0/inst/q_reg[0]/D
  Path Group:             (none)
  Path Type:              Max at Slow Process Corner
  Data Path Delay:        1.418ns  (logic 0.580ns (40.899%)  route 0.838ns (59.101%))
  Logic Levels:           1  (LUT1=1)
  Clock Uncertainty:      0.152ns  ((TSJ^2 + TIJ^2)^1/2 + DJ) / 2 + PE
    Total System Jitter     (TSJ):    0.050ns
    Total Input Jitter      (TIJ):    0.300ns
    Discrete Jitter          (DJ):    0.000ns
    Phase Error              (PE):    0.000ns

    Location             Delay type                Incr(ns)  Path(ns)    Netlist Resource(s)
  -------------------------------------------------------------------    -------------------
                         (clock clk_fpga_0 rise edge)
                                                      0.000     0.000 r  
    PS7_X0Y0             PS7                          0.000     0.000 r  design_1_i/cg_fpga_0/inst/processing_system7_0/inst/PS7_i/FCLKCLK[0]
                         net (fo=1, routed)           1.193     1.193    design_1_i/cg_fpga_0/inst/processing_system7_0/inst/FCLK_CLK_unbuffered[0]
    BUFGCTRL_X0Y16       BUFG (Prop_bufg_I_O)         0.101     1.294 r  design_1_i/cg_fpga_0/inst/processing_system7_0/inst/buffer_fclk_clk_0.FCLK_CLK_0_BUFG/O
                         net (fo=6956, routed)        1.634     2.928    design_1_i/cg_fpga_0/inst/cg_fpga_axi_gpio_o1/U0/gpio_core_1/s_axi_aclk
    SLICE_X44Y72         FDRE                                         r  design_1_i/cg_fpga_0/inst/cg_fpga_axi_gpio_o1/U0/gpio_core_1/Dual.gpio2_Data_Out_reg[31]/C
  -------------------------------------------------------------------    -------------------
    SLICE_X44Y72         FDRE (Prop_fdre_C_Q)         0.456     3.384 f  design_1_i/cg_fpga_0/inst/cg_fpga_axi_gpio_o1/U0/gpio_core_1/Dual.gpio2_Data_Out_reg[31]/Q
                         net (fo=2, routed)           0.838     4.222    design_1_i/adpt_in_0/inst/sw_a[0]
    SLICE_X46Y73         LUT1 (Prop_lut1_I0_O)        0.124     4.346 r  design_1_i/adpt_in_0/inst/addr[0]_INST_0/O
                         net (fo=1, routed)           0.000     4.346    design_1_i/dff6_0/inst/d[0]
    SLICE_X46Y73         FDCE                                         r  design_1_i/dff6_0/inst/q_reg[0]/D
  -------------------------------------------------------------------    -------------------

Slack:                    inf
  Source:                 design_1_i/cg_fpga_0/inst/cg_fpga_axi_gpio_o1/U0/gpio_core_1/Dual.gpio2_Data_Out_reg[26]/C
                            (rising edge-triggered cell FDRE clocked by clk_fpga_0  {rise@0.000ns fall@5.000ns period=10.000ns})
  Destination:            design_1_i/dff6_0/inst/q_reg[5]/D
  Path Group:             (none)
  Path Type:              Max at Slow Process Corner
  Data Path Delay:        1.410ns  (logic 0.580ns (41.131%)  route 0.830ns (58.869%))
  Logic Levels:           1  (LUT1=1)
  Clock Uncertainty:      0.152ns  ((TSJ^2 + TIJ^2)^1/2 + DJ) / 2 + PE
    Total System Jitter     (TSJ):    0.050ns
    Total Input Jitter      (TIJ):    0.300ns
    Discrete Jitter          (DJ):    0.000ns
    Phase Error              (PE):    0.000ns

    Location             Delay type                Incr(ns)  Path(ns)    Netlist Resource(s)
  -------------------------------------------------------------------    -------------------
                         (clock clk_fpga_0 rise edge)
                                                      0.000     0.000 r  
    PS7_X0Y0             PS7                          0.000     0.000 r  design_1_i/cg_fpga_0/inst/processing_system7_0/inst/PS7_i/FCLKCLK[0]
                         net (fo=1, routed)           1.193     1.193    design_1_i/cg_fpga_0/inst/processing_system7_0/inst/FCLK_CLK_unbuffered[0]
    BUFGCTRL_X0Y16       BUFG (Prop_bufg_I_O)         0.101     1.294 r  design_1_i/cg_fpga_0/inst/processing_system7_0/inst/buffer_fclk_clk_0.FCLK_CLK_0_BUFG/O
                         net (fo=6956, routed)        1.634     2.928    design_1_i/cg_fpga_0/inst/cg_fpga_axi_gpio_o1/U0/gpio_core_1/s_axi_aclk
    SLICE_X44Y72         FDRE                                         r  design_1_i/cg_fpga_0/inst/cg_fpga_axi_gpio_o1/U0/gpio_core_1/Dual.gpio2_Data_Out_reg[26]/C
  -------------------------------------------------------------------    -------------------
    SLICE_X44Y72         FDRE (Prop_fdre_C_Q)         0.456     3.384 f  design_1_i/cg_fpga_0/inst/cg_fpga_axi_gpio_o1/U0/gpio_core_1/Dual.gpio2_Data_Out_reg[26]/Q
                         net (fo=2, routed)           0.830     4.214    design_1_i/adpt_in_0/inst/sw_a[5]
    SLICE_X46Y73         LUT1 (Prop_lut1_I0_O)        0.124     4.338 r  design_1_i/adpt_in_0/inst/addr[5]_INST_0/O
                         net (fo=1, routed)           0.000     4.338    design_1_i/dff6_0/inst/d[5]
    SLICE_X46Y73         FDCE                                         r  design_1_i/dff6_0/inst/q_reg[5]/D
  -------------------------------------------------------------------    -------------------





Min Delay Paths
--------------------------------------------------------------------------------------
Slack:                    inf
  Source:                 design_1_i/cg_fpga_0/inst/cg_fpga_axi_gpio_o1/U0/gpio_core_1/Dual.gpio2_Data_Out_reg[29]/C
                            (rising edge-triggered cell FDRE clocked by clk_fpga_0  {rise@0.000ns fall@5.000ns period=10.000ns})
  Destination:            design_1_i/dff6_0/inst/q_reg[2]/D
  Path Group:             (none)
  Path Type:              Min at Fast Process Corner
  Data Path Delay:        0.439ns  (logic 0.186ns (42.391%)  route 0.253ns (57.609%))
  Logic Levels:           1  (LUT1=1)
  Clock Uncertainty:      0.152ns  ((TSJ^2 + TIJ^2)^1/2 + DJ) / 2 + PE
    Total System Jitter     (TSJ):    0.050ns
    Total Input Jitter      (TIJ):    0.300ns
    Discrete Jitter          (DJ):    0.000ns
    Phase Error              (PE):    0.000ns

    Location             Delay type                Incr(ns)  Path(ns)    Netlist Resource(s)
  -------------------------------------------------------------------    -------------------
                         (clock clk_fpga_0 rise edge)
                                                      0.000     0.000 r  
    PS7_X0Y0             PS7                          0.000     0.000 r  design_1_i/cg_fpga_0/inst/processing_system7_0/inst/PS7_i/FCLKCLK[0]
                         net (fo=1, routed)           0.310     0.310    design_1_i/cg_fpga_0/inst/processing_system7_0/inst/FCLK_CLK_unbuffered[0]
    BUFGCTRL_X0Y16       BUFG (Prop_bufg_I_O)         0.026     0.336 r  design_1_i/cg_fpga_0/inst/processing_system7_0/inst/buffer_fclk_clk_0.FCLK_CLK_0_BUFG/O
                         net (fo=6956, routed)        0.546     0.882    design_1_i/cg_fpga_0/inst/cg_fpga_axi_gpio_o1/U0/gpio_core_1/s_axi_aclk
    SLICE_X44Y72         FDRE                                         r  design_1_i/cg_fpga_0/inst/cg_fpga_axi_gpio_o1/U0/gpio_core_1/Dual.gpio2_Data_Out_reg[29]/C
  -------------------------------------------------------------------    -------------------
    SLICE_X44Y72         FDRE (Prop_fdre_C_Q)         0.141     1.023 f  design_1_i/cg_fpga_0/inst/cg_fpga_axi_gpio_o1/U0/gpio_core_1/Dual.gpio2_Data_Out_reg[29]/Q
                         net (fo=2, routed)           0.253     1.275    design_1_i/adpt_in_0/inst/sw_a[2]
    SLICE_X46Y73         LUT1 (Prop_lut1_I0_O)        0.045     1.320 r  design_1_i/adpt_in_0/inst/addr[2]_INST_0/O
                         net (fo=1, routed)           0.000     1.320    design_1_i/dff6_0/inst/d[2]
    SLICE_X46Y73         FDCE                                         r  design_1_i/dff6_0/inst/q_reg[2]/D
  -------------------------------------------------------------------    -------------------

Slack:                    inf
  Source:                 design_1_i/cg_fpga_0/inst/cg_fpga_axi_gpio_o1/U0/gpio_core_1/Dual.gpio2_Data_Out_reg[31]/C
                            (rising edge-triggered cell FDRE clocked by clk_fpga_0  {rise@0.000ns fall@5.000ns period=10.000ns})
  Destination:            design_1_i/dff6_0/inst/q_reg[0]/D
  Path Group:             (none)
  Path Type:              Min at Fast Process Corner
  Data Path Delay:        0.441ns  (logic 0.186ns (42.164%)  route 0.255ns (57.836%))
  Logic Levels:           1  (LUT1=1)
  Clock Uncertainty:      0.152ns  ((TSJ^2 + TIJ^2)^1/2 + DJ) / 2 + PE
    Total System Jitter     (TSJ):    0.050ns
    Total Input Jitter      (TIJ):    0.300ns
    Discrete Jitter          (DJ):    0.000ns
    Phase Error              (PE):    0.000ns

    Location             Delay type                Incr(ns)  Path(ns)    Netlist Resource(s)
  -------------------------------------------------------------------    -------------------
                         (clock clk_fpga_0 rise edge)
                                                      0.000     0.000 r  
    PS7_X0Y0             PS7                          0.000     0.000 r  design_1_i/cg_fpga_0/inst/processing_system7_0/inst/PS7_i/FCLKCLK[0]
                         net (fo=1, routed)           0.310     0.310    design_1_i/cg_fpga_0/inst/processing_system7_0/inst/FCLK_CLK_unbuffered[0]
    BUFGCTRL_X0Y16       BUFG (Prop_bufg_I_O)         0.026     0.336 r  design_1_i/cg_fpga_0/inst/processing_system7_0/inst/buffer_fclk_clk_0.FCLK_CLK_0_BUFG/O
                         net (fo=6956, routed)        0.546     0.882    design_1_i/cg_fpga_0/inst/cg_fpga_axi_gpio_o1/U0/gpio_core_1/s_axi_aclk
    SLICE_X44Y72         FDRE                                         r  design_1_i/cg_fpga_0/inst/cg_fpga_axi_gpio_o1/U0/gpio_core_1/Dual.gpio2_Data_Out_reg[31]/C
  -------------------------------------------------------------------    -------------------
    SLICE_X44Y72         FDRE (Prop_fdre_C_Q)         0.141     1.023 f  design_1_i/cg_fpga_0/inst/cg_fpga_axi_gpio_o1/U0/gpio_core_1/Dual.gpio2_Data_Out_reg[31]/Q
                         net (fo=2, routed)           0.255     1.278    design_1_i/adpt_in_0/inst/sw_a[0]
    SLICE_X46Y73         LUT1 (Prop_lut1_I0_O)        0.045     1.323 r  design_1_i/adpt_in_0/inst/addr[0]_INST_0/O
                         net (fo=1, routed)           0.000     1.323    design_1_i/dff6_0/inst/d[0]
    SLICE_X46Y73         FDCE                                         r  design_1_i/dff6_0/inst/q_reg[0]/D
  -------------------------------------------------------------------    -------------------

Slack:                    inf
  Source:                 design_1_i/cg_fpga_0/inst/cg_fpga_axi_gpio_o1/U0/gpio_core_1/Dual.gpio2_Data_Out_reg[28]/C
                            (rising edge-triggered cell FDRE clocked by clk_fpga_0  {rise@0.000ns fall@5.000ns period=10.000ns})
  Destination:            design_1_i/dff6_0/inst/q_reg[3]/D
  Path Group:             (none)
  Path Type:              Min at Fast Process Corner
  Data Path Delay:        0.461ns  (logic 0.186ns (40.369%)  route 0.275ns (59.631%))
  Logic Levels:           1  (LUT1=1)
  Clock Uncertainty:      0.152ns  ((TSJ^2 + TIJ^2)^1/2 + DJ) / 2 + PE
    Total System Jitter     (TSJ):    0.050ns
    Total Input Jitter      (TIJ):    0.300ns
    Discrete Jitter          (DJ):    0.000ns
    Phase Error              (PE):    0.000ns

    Location             Delay type                Incr(ns)  Path(ns)    Netlist Resource(s)
  -------------------------------------------------------------------    -------------------
                         (clock clk_fpga_0 rise edge)
                                                      0.000     0.000 r  
    PS7_X0Y0             PS7                          0.000     0.000 r  design_1_i/cg_fpga_0/inst/processing_system7_0/inst/PS7_i/FCLKCLK[0]
                         net (fo=1, routed)           0.310     0.310    design_1_i/cg_fpga_0/inst/processing_system7_0/inst/FCLK_CLK_unbuffered[0]
    BUFGCTRL_X0Y16       BUFG (Prop_bufg_I_O)         0.026     0.336 r  design_1_i/cg_fpga_0/inst/processing_system7_0/inst/buffer_fclk_clk_0.FCLK_CLK_0_BUFG/O
                         net (fo=6956, routed)        0.546     0.882    design_1_i/cg_fpga_0/inst/cg_fpga_axi_gpio_o1/U0/gpio_core_1/s_axi_aclk
    SLICE_X44Y72         FDRE                                         r  design_1_i/cg_fpga_0/inst/cg_fpga_axi_gpio_o1/U0/gpio_core_1/Dual.gpio2_Data_Out_reg[28]/C
  -------------------------------------------------------------------    -------------------
    SLICE_X44Y72         FDRE (Prop_fdre_C_Q)         0.141     1.023 f  design_1_i/cg_fpga_0/inst/cg_fpga_axi_gpio_o1/U0/gpio_core_1/Dual.gpio2_Data_Out_reg[28]/Q
                         net (fo=2, routed)           0.275     1.297    design_1_i/adpt_in_0/inst/sw_a[3]
    SLICE_X46Y73         LUT1 (Prop_lut1_I0_O)        0.045     1.342 r  design_1_i/adpt_in_0/inst/addr[3]_INST_0/O
                         net (fo=1, routed)           0.000     1.342    design_1_i/dff6_0/inst/d[3]
    SLICE_X46Y73         FDCE                                         r  design_1_i/dff6_0/inst/q_reg[3]/D
  -------------------------------------------------------------------    -------------------

Slack:                    inf
  Source:                 design_1_i/cg_fpga_0/inst/cg_fpga_axi_gpio_o1/U0/gpio_core_1/Dual.gpio2_Data_Out_reg[26]/C
                            (rising edge-triggered cell FDRE clocked by clk_fpga_0  {rise@0.000ns fall@5.000ns period=10.000ns})
  Destination:            design_1_i/dff6_0/inst/q_reg[5]/D
  Path Group:             (none)
  Path Type:              Min at Fast Process Corner
  Data Path Delay:        0.470ns  (logic 0.186ns (39.564%)  route 0.284ns (60.436%))
  Logic Levels:           1  (LUT1=1)
  Clock Uncertainty:      0.152ns  ((TSJ^2 + TIJ^2)^1/2 + DJ) / 2 + PE
    Total System Jitter     (TSJ):    0.050ns
    Total Input Jitter      (TIJ):    0.300ns
    Discrete Jitter          (DJ):    0.000ns
    Phase Error              (PE):    0.000ns

    Location             Delay type                Incr(ns)  Path(ns)    Netlist Resource(s)
  -------------------------------------------------------------------    -------------------
                         (clock clk_fpga_0 rise edge)
                                                      0.000     0.000 r  
    PS7_X0Y0             PS7                          0.000     0.000 r  design_1_i/cg_fpga_0/inst/processing_system7_0/inst/PS7_i/FCLKCLK[0]
                         net (fo=1, routed)           0.310     0.310    design_1_i/cg_fpga_0/inst/processing_system7_0/inst/FCLK_CLK_unbuffered[0]
    BUFGCTRL_X0Y16       BUFG (Prop_bufg_I_O)         0.026     0.336 r  design_1_i/cg_fpga_0/inst/processing_system7_0/inst/buffer_fclk_clk_0.FCLK_CLK_0_BUFG/O
                         net (fo=6956, routed)        0.546     0.882    design_1_i/cg_fpga_0/inst/cg_fpga_axi_gpio_o1/U0/gpio_core_1/s_axi_aclk
    SLICE_X44Y72         FDRE                                         r  design_1_i/cg_fpga_0/inst/cg_fpga_axi_gpio_o1/U0/gpio_core_1/Dual.gpio2_Data_Out_reg[26]/C
  -------------------------------------------------------------------    -------------------
    SLICE_X44Y72         FDRE (Prop_fdre_C_Q)         0.141     1.023 f  design_1_i/cg_fpga_0/inst/cg_fpga_axi_gpio_o1/U0/gpio_core_1/Dual.gpio2_Data_Out_reg[26]/Q
                         net (fo=2, routed)           0.284     1.307    design_1_i/adpt_in_0/inst/sw_a[5]
    SLICE_X46Y73         LUT1 (Prop_lut1_I0_O)        0.045     1.352 r  design_1_i/adpt_in_0/inst/addr[5]_INST_0/O
                         net (fo=1, routed)           0.000     1.352    design_1_i/dff6_0/inst/d[5]
    SLICE_X46Y73         FDCE                                         r  design_1_i/dff6_0/inst/q_reg[5]/D
  -------------------------------------------------------------------    -------------------

Slack:                    inf
  Source:                 design_1_i/cg_fpga_0/inst/cg_fpga_axi_gpio_o1/U0/gpio_core_1/Dual.gpio2_Data_Out_reg[30]/C
                            (rising edge-triggered cell FDRE clocked by clk_fpga_0  {rise@0.000ns fall@5.000ns period=10.000ns})
  Destination:            design_1_i/dff6_0/inst/q_reg[1]/D
  Path Group:             (none)
  Path Type:              Min at Fast Process Corner
  Data Path Delay:        0.525ns  (logic 0.246ns (46.838%)  route 0.279ns (53.162%))
  Logic Levels:           1  (LUT1=1)
  Clock Uncertainty:      0.152ns  ((TSJ^2 + TIJ^2)^1/2 + DJ) / 2 + PE
    Total System Jitter     (TSJ):    0.050ns
    Total Input Jitter      (TIJ):    0.300ns
    Discrete Jitter          (DJ):    0.000ns
    Phase Error              (PE):    0.000ns

    Location             Delay type                Incr(ns)  Path(ns)    Netlist Resource(s)
  -------------------------------------------------------------------    -------------------
                         (clock clk_fpga_0 rise edge)
                                                      0.000     0.000 r  
    PS7_X0Y0             PS7                          0.000     0.000 r  design_1_i/cg_fpga_0/inst/processing_system7_0/inst/PS7_i/FCLKCLK[0]
                         net (fo=1, routed)           0.310     0.310    design_1_i/cg_fpga_0/inst/processing_system7_0/inst/FCLK_CLK_unbuffered[0]
    BUFGCTRL_X0Y16       BUFG (Prop_bufg_I_O)         0.026     0.336 r  design_1_i/cg_fpga_0/inst/processing_system7_0/inst/buffer_fclk_clk_0.FCLK_CLK_0_BUFG/O
                         net (fo=6956, routed)        0.544     0.880    design_1_i/cg_fpga_0/inst/cg_fpga_axi_gpio_o1/U0/gpio_core_1/s_axi_aclk
    SLICE_X42Y73         FDRE                                         r  design_1_i/cg_fpga_0/inst/cg_fpga_axi_gpio_o1/U0/gpio_core_1/Dual.gpio2_Data_Out_reg[30]/C
  -------------------------------------------------------------------    -------------------
    SLICE_X42Y73         FDRE (Prop_fdre_C_Q)         0.148     1.028 f  design_1_i/cg_fpga_0/inst/cg_fpga_axi_gpio_o1/U0/gpio_core_1/Dual.gpio2_Data_Out_reg[30]/Q
                         net (fo=2, routed)           0.279     1.307    design_1_i/adpt_in_0/inst/sw_a[1]
    SLICE_X48Y73         LUT1 (Prop_lut1_I0_O)        0.098     1.405 r  design_1_i/adpt_in_0/inst/addr[1]_INST_0/O
                         net (fo=1, routed)           0.000     1.405    design_1_i/dff6_0/inst/d[1]
    SLICE_X48Y73         FDCE                                         r  design_1_i/dff6_0/inst/q_reg[1]/D
  -------------------------------------------------------------------    -------------------

Slack:                    inf
  Source:                 design_1_i/cg_fpga_0/inst/cg_fpga_axi_gpio_o1/U0/gpio_core_1/Dual.gpio2_Data_Out_reg[27]/C
                            (rising edge-triggered cell FDRE clocked by clk_fpga_0  {rise@0.000ns fall@5.000ns period=10.000ns})
  Destination:            design_1_i/dff6_0/inst/q_reg[4]/D
  Path Group:             (none)
  Path Type:              Min at Fast Process Corner
  Data Path Delay:        0.615ns  (logic 0.209ns (33.970%)  route 0.406ns (66.030%))
  Logic Levels:           1  (LUT1=1)
  Clock Uncertainty:      0.152ns  ((TSJ^2 + TIJ^2)^1/2 + DJ) / 2 + PE
    Total System Jitter     (TSJ):    0.050ns
    Total Input Jitter      (TIJ):    0.300ns
    Discrete Jitter          (DJ):    0.000ns
    Phase Error              (PE):    0.000ns

    Location             Delay type                Incr(ns)  Path(ns)    Netlist Resource(s)
  -------------------------------------------------------------------    -------------------
                         (clock clk_fpga_0 rise edge)
                                                      0.000     0.000 r  
    PS7_X0Y0             PS7                          0.000     0.000 r  design_1_i/cg_fpga_0/inst/processing_system7_0/inst/PS7_i/FCLKCLK[0]
                         net (fo=1, routed)           0.310     0.310    design_1_i/cg_fpga_0/inst/processing_system7_0/inst/FCLK_CLK_unbuffered[0]
    BUFGCTRL_X0Y16       BUFG (Prop_bufg_I_O)         0.026     0.336 r  design_1_i/cg_fpga_0/inst/processing_system7_0/inst/buffer_fclk_clk_0.FCLK_CLK_0_BUFG/O
                         net (fo=6956, routed)        0.544     0.880    design_1_i/cg_fpga_0/inst/cg_fpga_axi_gpio_o1/U0/gpio_core_1/s_axi_aclk
    SLICE_X42Y73         FDRE                                         r  design_1_i/cg_fpga_0/inst/cg_fpga_axi_gpio_o1/U0/gpio_core_1/Dual.gpio2_Data_Out_reg[27]/C
  -------------------------------------------------------------------    -------------------
    SLICE_X42Y73         FDRE (Prop_fdre_C_Q)         0.164     1.044 f  design_1_i/cg_fpga_0/inst/cg_fpga_axi_gpio_o1/U0/gpio_core_1/Dual.gpio2_Data_Out_reg[27]/Q
                         net (fo=2, routed)           0.406     1.450    design_1_i/adpt_in_0/inst/sw_a[4]
    SLICE_X48Y73         LUT1 (Prop_lut1_I0_O)        0.045     1.495 r  design_1_i/adpt_in_0/inst/addr[4]_INST_0/O
                         net (fo=1, routed)           0.000     1.495    design_1_i/dff6_0/inst/d[4]
    SLICE_X48Y73         FDCE                                         r  design_1_i/dff6_0/inst/q_reg[4]/D
  -------------------------------------------------------------------    -------------------

Slack:                    inf
  Source:                 design_1_i/cg_fpga_0/inst/cg_fpga_axi_gpio_o2/U0/gpio_core_1/Dual.gpio_Data_Out_reg[22]/C
                            (rising edge-triggered cell FDRE clocked by clk_fpga_0  {rise@0.000ns fall@5.000ns period=10.000ns})
  Destination:            design_1_i/dff6_0/inst/q_reg[1]/CLR
  Path Group:             (none)
  Path Type:              Min at Fast Process Corner
  Data Path Delay:        0.702ns  (logic 0.186ns (26.480%)  route 0.516ns (73.520%))
  Logic Levels:           1  (LUT1=1)
  Clock Uncertainty:      0.152ns  ((TSJ^2 + TIJ^2)^1/2 + DJ) / 2 + PE
    Total System Jitter     (TSJ):    0.050ns
    Total Input Jitter      (TIJ):    0.300ns
    Discrete Jitter          (DJ):    0.000ns
    Phase Error              (PE):    0.000ns

    Location             Delay type                Incr(ns)  Path(ns)    Netlist Resource(s)
  -------------------------------------------------------------------    -------------------
                         (clock clk_fpga_0 rise edge)
                                                      0.000     0.000 r  
    PS7_X0Y0             PS7                          0.000     0.000 r  design_1_i/cg_fpga_0/inst/processing_system7_0/inst/PS7_i/FCLKCLK[0]
                         net (fo=1, routed)           0.310     0.310    design_1_i/cg_fpga_0/inst/processing_system7_0/inst/FCLK_CLK_unbuffered[0]
    BUFGCTRL_X0Y16       BUFG (Prop_bufg_I_O)         0.026     0.336 r  design_1_i/cg_fpga_0/inst/processing_system7_0/inst/buffer_fclk_clk_0.FCLK_CLK_0_BUFG/O
                         net (fo=6956, routed)        0.543     0.879    design_1_i/cg_fpga_0/inst/cg_fpga_axi_gpio_o2/U0/gpio_core_1/s_axi_aclk
    SLICE_X40Y75         FDRE                                         r  design_1_i/cg_fpga_0/inst/cg_fpga_axi_gpio_o2/U0/gpio_core_1/Dual.gpio_Data_Out_reg[22]/C
  -------------------------------------------------------------------    -------------------
    SLICE_X40Y75         FDRE (Prop_fdre_C_Q)         0.141     1.020 r  design_1_i/cg_fpga_0/inst/cg_fpga_axi_gpio_o2/U0/gpio_core_1/Dual.gpio_Data_Out_reg[22]/Q
                         net (fo=2, routed)           0.294     1.314    design_1_i/dff6_0/inst/rst_n
    SLICE_X41Y73         LUT1 (Prop_lut1_I0_O)        0.045     1.359 f  design_1_i/dff6_0/inst/q[5]_i_1/O
                         net (fo=6, routed)           0.222     1.581    design_1_i/dff6_0/inst/q[5]_i_1_n_0
    SLICE_X48Y73         FDCE                                         f  design_1_i/dff6_0/inst/q_reg[1]/CLR
  -------------------------------------------------------------------    -------------------

Slack:                    inf
  Source:                 design_1_i/cg_fpga_0/inst/cg_fpga_axi_gpio_o2/U0/gpio_core_1/Dual.gpio_Data_Out_reg[22]/C
                            (rising edge-triggered cell FDRE clocked by clk_fpga_0  {rise@0.000ns fall@5.000ns period=10.000ns})
  Destination:            design_1_i/dff6_0/inst/q_reg[4]/CLR
  Path Group:             (none)
  Path Type:              Min at Fast Process Corner
  Data Path Delay:        0.702ns  (logic 0.186ns (26.480%)  route 0.516ns (73.520%))
  Logic Levels:           1  (LUT1=1)
  Clock Uncertainty:      0.152ns  ((TSJ^2 + TIJ^2)^1/2 + DJ) / 2 + PE
    Total System Jitter     (TSJ):    0.050ns
    Total Input Jitter      (TIJ):    0.300ns
    Discrete Jitter          (DJ):    0.000ns
    Phase Error              (PE):    0.000ns

    Location             Delay type                Incr(ns)  Path(ns)    Netlist Resource(s)
  -------------------------------------------------------------------    -------------------
                         (clock clk_fpga_0 rise edge)
                                                      0.000     0.000 r  
    PS7_X0Y0             PS7                          0.000     0.000 r  design_1_i/cg_fpga_0/inst/processing_system7_0/inst/PS7_i/FCLKCLK[0]
                         net (fo=1, routed)           0.310     0.310    design_1_i/cg_fpga_0/inst/processing_system7_0/inst/FCLK_CLK_unbuffered[0]
    BUFGCTRL_X0Y16       BUFG (Prop_bufg_I_O)         0.026     0.336 r  design_1_i/cg_fpga_0/inst/processing_system7_0/inst/buffer_fclk_clk_0.FCLK_CLK_0_BUFG/O
                         net (fo=6956, routed)        0.543     0.879    design_1_i/cg_fpga_0/inst/cg_fpga_axi_gpio_o2/U0/gpio_core_1/s_axi_aclk
    SLICE_X40Y75         FDRE                                         r  design_1_i/cg_fpga_0/inst/cg_fpga_axi_gpio_o2/U0/gpio_core_1/Dual.gpio_Data_Out_reg[22]/C
  -------------------------------------------------------------------    -------------------
    SLICE_X40Y75         FDRE (Prop_fdre_C_Q)         0.141     1.020 r  design_1_i/cg_fpga_0/inst/cg_fpga_axi_gpio_o2/U0/gpio_core_1/Dual.gpio_Data_Out_reg[22]/Q
                         net (fo=2, routed)           0.294     1.314    design_1_i/dff6_0/inst/rst_n
    SLICE_X41Y73         LUT1 (Prop_lut1_I0_O)        0.045     1.359 f  design_1_i/dff6_0/inst/q[5]_i_1/O
                         net (fo=6, routed)           0.222     1.581    design_1_i/dff6_0/inst/q[5]_i_1_n_0
    SLICE_X48Y73         FDCE                                         f  design_1_i/dff6_0/inst/q_reg[4]/CLR
  -------------------------------------------------------------------    -------------------

Slack:                    inf
  Source:                 design_1_i/cg_fpga_0/inst/cg_fpga_axi_gpio_o2/U0/gpio_core_1/Dual.gpio_Data_Out_reg[22]/C
                            (rising edge-triggered cell FDRE clocked by clk_fpga_0  {rise@0.000ns fall@5.000ns period=10.000ns})
  Destination:            design_1_i/dff6_0/inst/q_reg[0]/CLR
  Path Group:             (none)
  Path Type:              Min at Fast Process Corner
  Data Path Delay:        0.818ns  (logic 0.186ns (22.743%)  route 0.632ns (77.257%))
  Logic Levels:           1  (LUT1=1)
  Clock Uncertainty:      0.152ns  ((TSJ^2 + TIJ^2)^1/2 + DJ) / 2 + PE
    Total System Jitter     (TSJ):    0.050ns
    Total Input Jitter      (TIJ):    0.300ns
    Discrete Jitter          (DJ):    0.000ns
    Phase Error              (PE):    0.000ns

    Location             Delay type                Incr(ns)  Path(ns)    Netlist Resource(s)
  -------------------------------------------------------------------    -------------------
                         (clock clk_fpga_0 rise edge)
                                                      0.000     0.000 r  
    PS7_X0Y0             PS7                          0.000     0.000 r  design_1_i/cg_fpga_0/inst/processing_system7_0/inst/PS7_i/FCLKCLK[0]
                         net (fo=1, routed)           0.310     0.310    design_1_i/cg_fpga_0/inst/processing_system7_0/inst/FCLK_CLK_unbuffered[0]
    BUFGCTRL_X0Y16       BUFG (Prop_bufg_I_O)         0.026     0.336 r  design_1_i/cg_fpga_0/inst/processing_system7_0/inst/buffer_fclk_clk_0.FCLK_CLK_0_BUFG/O
                         net (fo=6956, routed)        0.543     0.879    design_1_i/cg_fpga_0/inst/cg_fpga_axi_gpio_o2/U0/gpio_core_1/s_axi_aclk
    SLICE_X40Y75         FDRE                                         r  design_1_i/cg_fpga_0/inst/cg_fpga_axi_gpio_o2/U0/gpio_core_1/Dual.gpio_Data_Out_reg[22]/C
  -------------------------------------------------------------------    -------------------
    SLICE_X40Y75         FDRE (Prop_fdre_C_Q)         0.141     1.020 r  design_1_i/cg_fpga_0/inst/cg_fpga_axi_gpio_o2/U0/gpio_core_1/Dual.gpio_Data_Out_reg[22]/Q
                         net (fo=2, routed)           0.294     1.314    design_1_i/dff6_0/inst/rst_n
    SLICE_X41Y73         LUT1 (Prop_lut1_I0_O)        0.045     1.359 f  design_1_i/dff6_0/inst/q[5]_i_1/O
                         net (fo=6, routed)           0.338     1.696    design_1_i/dff6_0/inst/q[5]_i_1_n_0
    SLICE_X46Y73         FDCE                                         f  design_1_i/dff6_0/inst/q_reg[0]/CLR
  -------------------------------------------------------------------    -------------------

Slack:                    inf
  Source:                 design_1_i/cg_fpga_0/inst/cg_fpga_axi_gpio_o2/U0/gpio_core_1/Dual.gpio_Data_Out_reg[22]/C
                            (rising edge-triggered cell FDRE clocked by clk_fpga_0  {rise@0.000ns fall@5.000ns period=10.000ns})
  Destination:            design_1_i/dff6_0/inst/q_reg[2]/CLR
  Path Group:             (none)
  Path Type:              Min at Fast Process Corner
  Data Path Delay:        0.818ns  (logic 0.186ns (22.743%)  route 0.632ns (77.257%))
  Logic Levels:           1  (LUT1=1)
  Clock Uncertainty:      0.152ns  ((TSJ^2 + TIJ^2)^1/2 + DJ) / 2 + PE
    Total System Jitter     (TSJ):    0.050ns
    Total Input Jitter      (TIJ):    0.300ns
    Discrete Jitter          (DJ):    0.000ns
    Phase Error              (PE):    0.000ns

    Location             Delay type                Incr(ns)  Path(ns)    Netlist Resource(s)
  -------------------------------------------------------------------    -------------------
                         (clock clk_fpga_0 rise edge)
                                                      0.000     0.000 r  
    PS7_X0Y0             PS7                          0.000     0.000 r  design_1_i/cg_fpga_0/inst/processing_system7_0/inst/PS7_i/FCLKCLK[0]
                         net (fo=1, routed)           0.310     0.310    design_1_i/cg_fpga_0/inst/processing_system7_0/inst/FCLK_CLK_unbuffered[0]
    BUFGCTRL_X0Y16       BUFG (Prop_bufg_I_O)         0.026     0.336 r  design_1_i/cg_fpga_0/inst/processing_system7_0/inst/buffer_fclk_clk_0.FCLK_CLK_0_BUFG/O
                         net (fo=6956, routed)        0.543     0.879    design_1_i/cg_fpga_0/inst/cg_fpga_axi_gpio_o2/U0/gpio_core_1/s_axi_aclk
    SLICE_X40Y75         FDRE                                         r  design_1_i/cg_fpga_0/inst/cg_fpga_axi_gpio_o2/U0/gpio_core_1/Dual.gpio_Data_Out_reg[22]/C
  -------------------------------------------------------------------    -------------------
    SLICE_X40Y75         FDRE (Prop_fdre_C_Q)         0.141     1.020 r  design_1_i/cg_fpga_0/inst/cg_fpga_axi_gpio_o2/U0/gpio_core_1/Dual.gpio_Data_Out_reg[22]/Q
                         net (fo=2, routed)           0.294     1.314    design_1_i/dff6_0/inst/rst_n
    SLICE_X41Y73         LUT1 (Prop_lut1_I0_O)        0.045     1.359 f  design_1_i/dff6_0/inst/q[5]_i_1/O
                         net (fo=6, routed)           0.338     1.696    design_1_i/dff6_0/inst/q[5]_i_1_n_0
    SLICE_X46Y73         FDCE                                         f  design_1_i/dff6_0/inst/q_reg[2]/CLR
  -------------------------------------------------------------------    -------------------





