Copyright 1986-2022 Xilinx, Inc. All Rights Reserved. Copyright 2022-2024 Advanced Micro Devices, Inc. All Rights Reserved.
---------------------------------------------------------------------------------------------------------------------------------------------------------------------------------------------------------------------------------------------
| Tool Version : Vivado v.2024.2 (win64) Build 5239630 Fri Nov 08 22:35:27 MST 2024
| Date         : Mon Nov 17 11:47:17 2025
| Host         : vj5PC52 running 64-bit major release  (build 9200)
| Command      : report_timing_summary -max_paths 10 -report_unconstrained -file design_1_wrapper_timing_summary_routed.rpt -pb design_1_wrapper_timing_summary_routed.pb -rpx design_1_wrapper_timing_summary_routed.rpx -warn_on_violation
| Design       : design_1_wrapper
| Device       : 7z020-clg400
| Speed File   : -1  PRODUCTION 1.12 2019-11-22
| Design State : Routed
---------------------------------------------------------------------------------------------------------------------------------------------------------------------------------------------------------------------------------------------

Timing Summary Report

------------------------------------------------------------------------------------------------
| Timer Settings
| --------------
------------------------------------------------------------------------------------------------

  Enable Multi Corner Analysis               :  Yes
  Enable Pessimism Removal                   :  Yes
  Pessimism Removal Resolution               :  Nearest Common Node
  Enable Input Delay Default Clock           :  No
  Enable Preset / Clear Arcs                 :  No
  Disable Flight Delays                      :  No
  Ignore I/O Paths                           :  No
  Timing Early Launch at Borrowing Latches   :  No
  Borrow Time for Max Delay Exceptions       :  Yes
  Merge Timing Exceptions                    :  Yes
  Inter-SLR Compensation                     :  Conservative

  Corner  Analyze    Analyze    
  Name    Max Paths  Min Paths  
  ------  ---------  ---------  
  Slow    Yes        Yes        
  Fast    Yes        Yes        


------------------------------------------------------------------------------------------------
| Report Methodology
| ------------------
------------------------------------------------------------------------------------------------

Rule       Severity          Description                   Violations  
---------  ----------------  ----------------------------  ----------  
TIMING-17  Critical Warning  Non-clocked sequential cell   4           
LUTAR-1    Warning           LUT drives async reset alert  3           

Note: This report is based on the most recent report_methodology run and may not be up-to-date. Run report_methodology on the current design for the latest report.



check_timing report

Table of Contents
-----------------
1. checking no_clock (4)
2. checking constant_clock (0)
3. checking pulse_width_clock (0)
4. checking unconstrained_internal_endpoints (56)
5. checking no_input_delay (0)
6. checking no_output_delay (0)
7. checking multiple_clock (0)
8. checking generated_clocks (0)
9. checking loops (0)
10. checking partial_input_delay (0)
11. checking partial_output_delay (0)
12. checking latch_loops (0)

1. checking no_clock (4)
------------------------
 There are 4 register/latch pins with no clock driven by root clock pin: design_1_i/cg_fpga_0/inst/cg_fpga_axi_gpio_o2/U0/gpio_core_1/Dual.gpio_Data_Out_reg[19]/Q (HIGH)


2. checking constant_clock (0)
------------------------------
 There are 0 register/latch pins with constant_clock.


3. checking pulse_width_clock (0)
---------------------------------
 There are 0 register/latch pins which need pulse_width check


4. checking unconstrained_internal_endpoints (56)
-------------------------------------------------
 There are 56 pins that are not constrained for maximum delay. (HIGH)

 There are 0 pins that are not constrained for maximum delay due to constant clock.


5. checking no_input_delay (0)
------------------------------
 There are 0 input ports with no input delay specified.

 There are 0 input ports with no input delay but user has a false path constraint.


6. checking no_output_delay (0)
-------------------------------
 There are 0 ports with no output delay specified.

 There are 0 ports with no output delay but user has a false path constraint

 There are 0 ports with no output delay but with a timing clock defined on it or propagating through it


7. checking multiple_clock (0)
------------------------------
 There are 0 register/latch pins with multiple clocks.


8. checking generated_clocks (0)
--------------------------------
 There are 0 generated clocks that are not connected to a clock source.


9. checking loops (0)
---------------------
 There are 0 combinational loops in the design.


10. checking partial_input_delay (0)
------------------------------------
 There are 0 input ports with partial input delay specified.


11. checking partial_output_delay (0)
-------------------------------------
 There are 0 ports with partial output delay specified.


12. checking latch_loops (0)
----------------------------
 There are 0 combinational latch loops in the design through latch input



------------------------------------------------------------------------------------------------
| Design Timing Summary
| ---------------------
------------------------------------------------------------------------------------------------

    WNS(ns)      TNS(ns)  TNS Failing Endpoints  TNS Total Endpoints      WHS(ns)      THS(ns)  THS Failing Endpoints  THS Total Endpoints     WPWS(ns)     TPWS(ns)  TPWS Failing Endpoints  TPWS Total Endpoints  
    -------      -------  ---------------------  -------------------      -------      -------  ---------------------  -------------------     --------     --------  ----------------------  --------------------  
      2.776        0.000                      0                15920        0.018        0.000                      0                15920        3.750        0.000                       0                  6955  


All user specified timing constraints are met.


------------------------------------------------------------------------------------------------
| Clock Summary
| -------------
------------------------------------------------------------------------------------------------

Clock       Waveform(ns)       Period(ns)      Frequency(MHz)
-----       ------------       ----------      --------------
clk_fpga_0  {0.000 5.000}      10.000          100.000         


------------------------------------------------------------------------------------------------
| Intra Clock Table
| -----------------
------------------------------------------------------------------------------------------------

Clock             WNS(ns)      TNS(ns)  TNS Failing Endpoints  TNS Total Endpoints      WHS(ns)      THS(ns)  THS Failing Endpoints  THS Total Endpoints     WPWS(ns)     TPWS(ns)  TPWS Failing Endpoints  TPWS Total Endpoints  
-----             -------      -------  ---------------------  -------------------      -------      -------  ---------------------  -------------------     --------     --------  ----------------------  --------------------  
clk_fpga_0          2.776        0.000                      0                15824        0.018        0.000                      0                15824        3.750        0.000                       0                  6955  


------------------------------------------------------------------------------------------------
| Inter Clock Table
| -----------------
------------------------------------------------------------------------------------------------

From Clock    To Clock          WNS(ns)      TNS(ns)  TNS Failing Endpoints  TNS Total Endpoints      WHS(ns)      THS(ns)  THS Failing Endpoints  THS Total Endpoints  
----------    --------          -------      -------  ---------------------  -------------------      -------      -------  ---------------------  -------------------  


------------------------------------------------------------------------------------------------
| Other Path Groups Table
| -----------------------
------------------------------------------------------------------------------------------------

Path Group         From Clock         To Clock               WNS(ns)      TNS(ns)  TNS Failing Endpoints  TNS Total Endpoints      WHS(ns)      THS(ns)  THS Failing Endpoints  THS Total Endpoints  
----------         ----------         --------               -------      -------  ---------------------  -------------------      -------      -------  ---------------------  -------------------  
**async_default**  clk_fpga_0         clk_fpga_0               6.861        0.000                      0                   96        0.570        0.000                      0                   96  


------------------------------------------------------------------------------------------------
| User Ignored Path Table
| -----------------------
------------------------------------------------------------------------------------------------

Path Group    From Clock    To Clock    
----------    ----------    --------    
(none)                      clk_fpga_0    
(none)        clk_fpga_0    clk_fpga_0    


------------------------------------------------------------------------------------------------
| Unconstrained Path Table
| ------------------------
------------------------------------------------------------------------------------------------

Path Group    From Clock    To Clock    
----------    ----------    --------    
(none)        clk_fpga_0                  


------------------------------------------------------------------------------------------------
| Timing Details
| --------------
------------------------------------------------------------------------------------------------


---------------------------------------------------------------------------------------------------
From Clock:  clk_fpga_0
  To Clock:  clk_fpga_0

Setup :            0  Failing Endpoints,  Worst Slack        2.776ns,  Total Violation        0.000ns
Hold  :            0  Failing Endpoints,  Worst Slack        0.018ns,  Total Violation        0.000ns
PW    :            0  Failing Endpoints,  Worst Slack        3.750ns,  Total Violation        0.000ns
---------------------------------------------------------------------------------------------------


Max Delay Paths
--------------------------------------------------------------------------------------
Slack (MET) :             2.776ns  (required time - arrival time)
  Source:                 design_1_i/cg_fpga_0/inst/cg_axi_vdma_0/U0/I_PRMRY_DATAMOVER/GEN_S2MM_FULL.I_S2MM_FULL_WRAPPER/I_S2MM_MMAP_SKID_BUF/sig_m_valid_out_reg/C
                            (rising edge-triggered cell FDRE clocked by clk_fpga_0  {rise@0.000ns fall@5.000ns period=10.000ns})
  Destination:            design_1_i/cg_fpga_0/inst/cg_axi_vdma_0/U0/I_PRMRY_DATAMOVER/GEN_S2MM_FULL.I_S2MM_FULL_WRAPPER/I_S2MM_MMAP_SKID_BUF/sig_data_reg_out_reg[9]/CE
                            (rising edge-triggered cell FDRE clocked by clk_fpga_0  {rise@0.000ns fall@5.000ns period=10.000ns})
  Path Group:             clk_fpga_0
  Path Type:              Setup (Max at Slow Process Corner)
  Requirement:            10.000ns  (clk_fpga_0 rise@10.000ns - clk_fpga_0 rise@0.000ns)
  Data Path Delay:        6.843ns  (logic 1.504ns (21.977%)  route 5.339ns (78.023%))
  Logic Levels:           5  (LUT2=1 LUT3=1 LUT4=1 LUT5=1 LUT6=1)
  Clock Path Skew:        -0.057ns (DCD - SCD + CPR)
    Destination Clock Delay (DCD):    2.760ns = ( 12.760 - 10.000 ) 
    Source Clock Delay      (SCD):    3.047ns
    Clock Pessimism Removal (CPR):    0.230ns
  Clock Uncertainty:      0.154ns  ((TSJ^2 + TIJ^2)^1/2 + DJ) / 2 + PE
    Total System Jitter     (TSJ):    0.071ns
    Total Input Jitter      (TIJ):    0.300ns
    Discrete Jitter          (DJ):    0.000ns
    Phase Error              (PE):    0.000ns

    Location             Delay type                Incr(ns)  Path(ns)    Netlist Resource(s)
  -------------------------------------------------------------------    -------------------
                         (clock clk_fpga_0 rise edge)
                                                      0.000     0.000 r  
    PS7_X0Y0             PS7                          0.000     0.000 r  design_1_i/cg_fpga_0/inst/processing_system7_0/inst/PS7_i/FCLKCLK[0]
                         net (fo=1, routed)           1.193     1.193    design_1_i/cg_fpga_0/inst/processing_system7_0/inst/FCLK_CLK_unbuffered[0]
    BUFGCTRL_X0Y16       BUFG (Prop_bufg_I_O)         0.101     1.294 r  design_1_i/cg_fpga_0/inst/processing_system7_0/inst/buffer_fclk_clk_0.FCLK_CLK_0_BUFG/O
                         net (fo=6956, routed)        1.753     3.047    design_1_i/cg_fpga_0/inst/cg_axi_vdma_0/U0/I_PRMRY_DATAMOVER/GEN_S2MM_FULL.I_S2MM_FULL_WRAPPER/I_S2MM_MMAP_SKID_BUF/s_axi_lite_aclk
    SLICE_X23Y44         FDRE                                         r  design_1_i/cg_fpga_0/inst/cg_axi_vdma_0/U0/I_PRMRY_DATAMOVER/GEN_S2MM_FULL.I_S2MM_FULL_WRAPPER/I_S2MM_MMAP_SKID_BUF/sig_m_valid_out_reg/C
  -------------------------------------------------------------------    -------------------
    SLICE_X23Y44         FDRE (Prop_fdre_C_Q)         0.456     3.503 r  design_1_i/cg_fpga_0/inst/cg_axi_vdma_0/U0/I_PRMRY_DATAMOVER/GEN_S2MM_FULL.I_S2MM_FULL_WRAPPER/I_S2MM_MMAP_SKID_BUF/sig_m_valid_out_reg/Q
                         net (fo=8, routed)           1.341     4.844    design_1_i/cg_fpga_0/inst/axi_mem_intercon/xbar/inst/gen_samd.crossbar_samd/gen_master_slots[0].gen_mi_write.wdata_mux_w/gen_wmux.wmux_aw_fifo/gen_srls[0].gen_rep[0].srl_nx1/s_axi_wvalid[0]
    SLICE_X29Y53         LUT5 (Prop_lut5_I3_O)        0.124     4.968 r  design_1_i/cg_fpga_0/inst/axi_mem_intercon/xbar/inst/gen_samd.crossbar_samd/gen_master_slots[0].gen_mi_write.wdata_mux_w/gen_wmux.wmux_aw_fifo/gen_srls[0].gen_rep[0].srl_nx1/m_axi_wvalid[0]_INST_0/O
                         net (fo=5, routed)           0.734     5.702    design_1_i/cg_fpga_0/inst/axi_mem_intercon/m00_couplers/auto_pc/inst/gen_axi4_axi3.axi3_conv_inst/USE_WRITE.write_addr_inst/USE_BURSTS.cmd_queue/inst/s_axi_wvalid
    SLICE_X26Y55         LUT3 (Prop_lut3_I2_O)        0.116     5.818 r  design_1_i/cg_fpga_0/inst/axi_mem_intercon/m00_couplers/auto_pc/inst/gen_axi4_axi3.axi3_conv_inst/USE_WRITE.write_addr_inst/USE_BURSTS.cmd_queue/inst/s_axi_wready_INST_0/O
                         net (fo=12, routed)          0.783     6.601    design_1_i/cg_fpga_0/inst/axi_mem_intercon/xbar/inst/gen_samd.crossbar_samd/gen_master_slots[0].gen_mi_write.wdata_mux_w/gen_wmux.wmux_aw_fifo/m_axi_wready[0]
    SLICE_X28Y52         LUT4 (Prop_lut4_I2_O)        0.357     6.958 r  design_1_i/cg_fpga_0/inst/axi_mem_intercon/xbar/inst/gen_samd.crossbar_samd/gen_master_slots[0].gen_mi_write.wdata_mux_w/gen_wmux.wmux_aw_fifo/s_axi_wready[1]_INST_0_i_1/O
                         net (fo=7, routed)           0.359     7.317    design_1_i/cg_fpga_0/inst/axi_mem_intercon/xbar/inst/gen_samd.crossbar_samd/gen_slave_slots[1].gen_si_write.wdata_router_w/wrouter_aw_fifo/gen_primitive_shifter.gen_srls[0].srl_inst_1
    SLICE_X30Y52         LUT6 (Prop_lut6_I1_O)        0.327     7.644 r  design_1_i/cg_fpga_0/inst/axi_mem_intercon/xbar/inst/gen_samd.crossbar_samd/gen_slave_slots[1].gen_si_write.wdata_router_w/wrouter_aw_fifo/s_axi_wready[1]_INST_0/O
                         net (fo=3, routed)           1.069     8.713    design_1_i/cg_fpga_0/inst/cg_axi_vdma_0/U0/I_PRMRY_DATAMOVER/GEN_S2MM_FULL.I_S2MM_FULL_WRAPPER/I_S2MM_MMAP_SKID_BUF/m_axi_s2mm_wready
    SLICE_X20Y43         LUT2 (Prop_lut2_I0_O)        0.124     8.837 r  design_1_i/cg_fpga_0/inst/cg_axi_vdma_0/U0/I_PRMRY_DATAMOVER/GEN_S2MM_FULL.I_S2MM_FULL_WRAPPER/I_S2MM_MMAP_SKID_BUF/sig_data_reg_out[63]_i_1/O
                         net (fo=73, routed)          1.054     9.890    design_1_i/cg_fpga_0/inst/cg_axi_vdma_0/U0/I_PRMRY_DATAMOVER/GEN_S2MM_FULL.I_S2MM_FULL_WRAPPER/I_S2MM_MMAP_SKID_BUF/sig_data_reg_out_en
    SLICE_X8Y47          FDRE                                         r  design_1_i/cg_fpga_0/inst/cg_axi_vdma_0/U0/I_PRMRY_DATAMOVER/GEN_S2MM_FULL.I_S2MM_FULL_WRAPPER/I_S2MM_MMAP_SKID_BUF/sig_data_reg_out_reg[9]/CE
  -------------------------------------------------------------------    -------------------

                         (clock clk_fpga_0 rise edge)
                                                     10.000    10.000 r  
    PS7_X0Y0             PS7                          0.000    10.000 r  design_1_i/cg_fpga_0/inst/processing_system7_0/inst/PS7_i/FCLKCLK[0]
                         net (fo=1, routed)           1.088    11.088    design_1_i/cg_fpga_0/inst/processing_system7_0/inst/FCLK_CLK_unbuffered[0]
    BUFGCTRL_X0Y16       BUFG (Prop_bufg_I_O)         0.091    11.179 r  design_1_i/cg_fpga_0/inst/processing_system7_0/inst/buffer_fclk_clk_0.FCLK_CLK_0_BUFG/O
                         net (fo=6956, routed)        1.581    12.760    design_1_i/cg_fpga_0/inst/cg_axi_vdma_0/U0/I_PRMRY_DATAMOVER/GEN_S2MM_FULL.I_S2MM_FULL_WRAPPER/I_S2MM_MMAP_SKID_BUF/s_axi_lite_aclk
    SLICE_X8Y47          FDRE                                         r  design_1_i/cg_fpga_0/inst/cg_axi_vdma_0/U0/I_PRMRY_DATAMOVER/GEN_S2MM_FULL.I_S2MM_FULL_WRAPPER/I_S2MM_MMAP_SKID_BUF/sig_data_reg_out_reg[9]/C
                         clock pessimism              0.230    12.990    
                         clock uncertainty           -0.154    12.836    
    SLICE_X8Y47          FDRE (Setup_fdre_C_CE)      -0.169    12.667    design_1_i/cg_fpga_0/inst/cg_axi_vdma_0/U0/I_PRMRY_DATAMOVER/GEN_S2MM_FULL.I_S2MM_FULL_WRAPPER/I_S2MM_MMAP_SKID_BUF/sig_data_reg_out_reg[9]
  -------------------------------------------------------------------
                         required time                         12.667    
                         arrival time                          -9.890    
  -------------------------------------------------------------------
                         slack                                  2.776    

Slack (MET) :             2.784ns  (required time - arrival time)
  Source:                 design_1_i/cg_fpga_0/inst/cg_axi_vdma_0/U0/I_PRMRY_DATAMOVER/GEN_S2MM_FULL.I_S2MM_FULL_WRAPPER/GEN_INCLUDE_REALIGNER.I_S2MM_REALIGNER/GEN_INCLUDE_SCATTER.I_S2MM_SCATTER/sig_max_first_increment_reg[1]/C
                            (rising edge-triggered cell FDRE clocked by clk_fpga_0  {rise@0.000ns fall@5.000ns period=10.000ns})
  Destination:            design_1_i/cg_fpga_0/inst/cg_axi_vdma_0/U0/I_PRMRY_DATAMOVER/GEN_S2MM_FULL.I_S2MM_FULL_WRAPPER/GEN_INCLUDE_REALIGNER.I_S2MM_REALIGNER/GEN_INCLUDE_SCATTER.I_S2MM_SCATTER/sig_btt_eq_0_reg/D
                            (rising edge-triggered cell FDRE clocked by clk_fpga_0  {rise@0.000ns fall@5.000ns period=10.000ns})
  Path Group:             clk_fpga_0
  Path Type:              Setup (Max at Slow Process Corner)
  Requirement:            10.000ns  (clk_fpga_0 rise@10.000ns - clk_fpga_0 rise@0.000ns)
  Data Path Delay:        7.004ns  (logic 3.015ns (43.047%)  route 3.989ns (56.953%))
  Logic Levels:           10  (CARRY4=5 LUT4=3 LUT6=2)
  Clock Path Skew:        -0.135ns (DCD - SCD + CPR)
    Destination Clock Delay (DCD):    2.667ns = ( 12.667 - 10.000 ) 
    Source Clock Delay      (SCD):    3.032ns
    Clock Pessimism Removal (CPR):    0.230ns
  Clock Uncertainty:      0.154ns  ((TSJ^2 + TIJ^2)^1/2 + DJ) / 2 + PE
    Total System Jitter     (TSJ):    0.071ns
    Total Input Jitter      (TIJ):    0.300ns
    Discrete Jitter          (DJ):    0.000ns
    Phase Error              (PE):    0.000ns

    Location             Delay type                Incr(ns)  Path(ns)    Netlist Resource(s)
  -------------------------------------------------------------------    -------------------
                         (clock clk_fpga_0 rise edge)
                                                      0.000     0.000 r  
    PS7_X0Y0             PS7                          0.000     0.000 r  design_1_i/cg_fpga_0/inst/processing_system7_0/inst/PS7_i/FCLKCLK[0]
                         net (fo=1, routed)           1.193     1.193    design_1_i/cg_fpga_0/inst/processing_system7_0/inst/FCLK_CLK_unbuffered[0]
    BUFGCTRL_X0Y16       BUFG (Prop_bufg_I_O)         0.101     1.294 r  design_1_i/cg_fpga_0/inst/processing_system7_0/inst/buffer_fclk_clk_0.FCLK_CLK_0_BUFG/O
                         net (fo=6956, routed)        1.738     3.032    design_1_i/cg_fpga_0/inst/cg_axi_vdma_0/U0/I_PRMRY_DATAMOVER/GEN_S2MM_FULL.I_S2MM_FULL_WRAPPER/GEN_INCLUDE_REALIGNER.I_S2MM_REALIGNER/GEN_INCLUDE_SCATTER.I_S2MM_SCATTER/s_axi_lite_aclk
    SLICE_X29Y32         FDRE                                         r  design_1_i/cg_fpga_0/inst/cg_axi_vdma_0/U0/I_PRMRY_DATAMOVER/GEN_S2MM_FULL.I_S2MM_FULL_WRAPPER/GEN_INCLUDE_REALIGNER.I_S2MM_REALIGNER/GEN_INCLUDE_SCATTER.I_S2MM_SCATTER/sig_max_first_increment_reg[1]/C
  -------------------------------------------------------------------    -------------------
    SLICE_X29Y32         FDRE (Prop_fdre_C_Q)         0.456     3.488 r  design_1_i/cg_fpga_0/inst/cg_axi_vdma_0/U0/I_PRMRY_DATAMOVER/GEN_S2MM_FULL.I_S2MM_FULL_WRAPPER/GEN_INCLUDE_REALIGNER.I_S2MM_REALIGNER/GEN_INCLUDE_SCATTER.I_S2MM_SCATTER/sig_max_first_increment_reg[1]/Q
                         net (fo=4, routed)           0.956     4.444    design_1_i/cg_fpga_0/inst/cg_axi_vdma_0/U0/I_PRMRY_DATAMOVER/GEN_S2MM_FULL.I_S2MM_FULL_WRAPPER/GEN_INCLUDE_REALIGNER.I_S2MM_REALIGNER/GEN_INCLUDE_SCATTER.I_S2MM_SCATTER/sig_max_first_increment_reg_n_0_[1]
    SLICE_X30Y32         LUT4 (Prop_lut4_I1_O)        0.124     4.568 r  design_1_i/cg_fpga_0/inst/cg_axi_vdma_0/U0/I_PRMRY_DATAMOVER/GEN_S2MM_FULL.I_S2MM_FULL_WRAPPER/GEN_INCLUDE_REALIGNER.I_S2MM_REALIGNER/GEN_INCLUDE_SCATTER.I_S2MM_SCATTER/sig_btt_lteq_max_first_incr0_carry_i_6/O
                         net (fo=1, routed)           0.000     4.568    design_1_i/cg_fpga_0/inst/cg_axi_vdma_0/U0/I_PRMRY_DATAMOVER/GEN_S2MM_FULL.I_S2MM_FULL_WRAPPER/GEN_INCLUDE_REALIGNER.I_S2MM_REALIGNER/GEN_INCLUDE_SCATTER.I_S2MM_SCATTER/sig_btt_lteq_max_first_incr0_carry_i_6_n_0
    SLICE_X30Y32         CARRY4 (Prop_carry4_S[0]_CO[3])
                                                      0.513     5.081 r  design_1_i/cg_fpga_0/inst/cg_axi_vdma_0/U0/I_PRMRY_DATAMOVER/GEN_S2MM_FULL.I_S2MM_FULL_WRAPPER/GEN_INCLUDE_REALIGNER.I_S2MM_REALIGNER/GEN_INCLUDE_SCATTER.I_S2MM_SCATTER/sig_btt_lteq_max_first_incr0_carry/CO[3]
                         net (fo=1, routed)           0.000     5.081    design_1_i/cg_fpga_0/inst/cg_axi_vdma_0/U0/I_PRMRY_DATAMOVER/GEN_S2MM_FULL.I_S2MM_FULL_WRAPPER/GEN_INCLUDE_REALIGNER.I_S2MM_REALIGNER/GEN_INCLUDE_SCATTER.I_S2MM_SCATTER/sig_btt_lteq_max_first_incr0_carry_n_0
    SLICE_X30Y33         CARRY4 (Prop_carry4_CI_CO[3])
                                                      0.117     5.198 r  design_1_i/cg_fpga_0/inst/cg_axi_vdma_0/U0/I_PRMRY_DATAMOVER/GEN_S2MM_FULL.I_S2MM_FULL_WRAPPER/GEN_INCLUDE_REALIGNER.I_S2MM_REALIGNER/GEN_INCLUDE_SCATTER.I_S2MM_SCATTER/sig_btt_lteq_max_first_incr0_carry__0/CO[3]
                         net (fo=23, routed)          0.995     6.193    design_1_i/cg_fpga_0/inst/cg_axi_vdma_0/U0/I_PRMRY_DATAMOVER/GEN_S2MM_FULL.I_S2MM_FULL_WRAPPER/GEN_INCLUDE_REALIGNER.I_S2MM_REALIGNER/GEN_INCLUDE_SCATTER.I_S2MM_SCATTER/sig_btt_lteq_max_first_incr
    SLICE_X31Y32         LUT4 (Prop_lut4_I2_O)        0.124     6.317 r  design_1_i/cg_fpga_0/inst/cg_axi_vdma_0/U0/I_PRMRY_DATAMOVER/GEN_S2MM_FULL.I_S2MM_FULL_WRAPPER/GEN_INCLUDE_REALIGNER.I_S2MM_REALIGNER/GEN_INCLUDE_SCATTER.I_S2MM_SCATTER/sig_btt_cntr_prv0_carry_i_3/O
                         net (fo=1, routed)           0.000     6.317    design_1_i/cg_fpga_0/inst/cg_axi_vdma_0/U0/I_PRMRY_DATAMOVER/GEN_S2MM_FULL.I_S2MM_FULL_WRAPPER/GEN_INCLUDE_REALIGNER.I_S2MM_REALIGNER/GEN_INCLUDE_SCATTER.I_S2MM_SCATTER/sig_btt_cntr_prv0_carry_i_3_n_0
    SLICE_X31Y32         CARRY4 (Prop_carry4_S[1]_CO[3])
                                                      0.550     6.867 r  design_1_i/cg_fpga_0/inst/cg_axi_vdma_0/U0/I_PRMRY_DATAMOVER/GEN_S2MM_FULL.I_S2MM_FULL_WRAPPER/GEN_INCLUDE_REALIGNER.I_S2MM_REALIGNER/GEN_INCLUDE_SCATTER.I_S2MM_SCATTER/sig_btt_cntr_prv0_carry/CO[3]
                         net (fo=1, routed)           0.000     6.867    design_1_i/cg_fpga_0/inst/cg_axi_vdma_0/U0/I_PRMRY_DATAMOVER/GEN_S2MM_FULL.I_S2MM_FULL_WRAPPER/GEN_INCLUDE_REALIGNER.I_S2MM_REALIGNER/GEN_INCLUDE_SCATTER.I_S2MM_SCATTER/sig_btt_cntr_prv0_carry_n_0
    SLICE_X31Y33         CARRY4 (Prop_carry4_CI_CO[3])
                                                      0.114     6.981 r  design_1_i/cg_fpga_0/inst/cg_axi_vdma_0/U0/I_PRMRY_DATAMOVER/GEN_S2MM_FULL.I_S2MM_FULL_WRAPPER/GEN_INCLUDE_REALIGNER.I_S2MM_REALIGNER/GEN_INCLUDE_SCATTER.I_S2MM_SCATTER/sig_btt_cntr_prv0_carry__0/CO[3]
                         net (fo=1, routed)           0.000     6.981    design_1_i/cg_fpga_0/inst/cg_axi_vdma_0/U0/I_PRMRY_DATAMOVER/GEN_S2MM_FULL.I_S2MM_FULL_WRAPPER/GEN_INCLUDE_REALIGNER.I_S2MM_REALIGNER/GEN_INCLUDE_SCATTER.I_S2MM_SCATTER/sig_btt_cntr_prv0_carry__0_n_0
    SLICE_X31Y34         CARRY4 (Prop_carry4_CI_O[2])
                                                      0.239     7.220 f  design_1_i/cg_fpga_0/inst/cg_axi_vdma_0/U0/I_PRMRY_DATAMOVER/GEN_S2MM_FULL.I_S2MM_FULL_WRAPPER/GEN_INCLUDE_REALIGNER.I_S2MM_REALIGNER/GEN_INCLUDE_SCATTER.I_S2MM_SCATTER/sig_btt_cntr_prv0_carry__1/O[2]
                         net (fo=1, routed)           0.524     7.745    design_1_i/cg_fpga_0/inst/cg_axi_vdma_0/U0/I_PRMRY_DATAMOVER/GEN_S2MM_FULL.I_S2MM_FULL_WRAPPER/GEN_INCLUDE_REALIGNER.I_S2MM_REALIGNER/GEN_INCLUDE_SCATTER.I_S2MM_SCATTER/sig_btt_cntr_prv0[10]
    SLICE_X30Y34         LUT4 (Prop_lut4_I3_O)        0.326     8.071 f  design_1_i/cg_fpga_0/inst/cg_axi_vdma_0/U0/I_PRMRY_DATAMOVER/GEN_S2MM_FULL.I_S2MM_FULL_WRAPPER/GEN_INCLUDE_REALIGNER.I_S2MM_REALIGNER/GEN_INCLUDE_SCATTER.I_S2MM_SCATTER/sig_btt_cntr[10]_i_1/O
                         net (fo=3, routed)           0.919     8.989    design_1_i/cg_fpga_0/inst/cg_axi_vdma_0/U0/I_PRMRY_DATAMOVER/GEN_S2MM_FULL.I_S2MM_FULL_WRAPPER/GEN_INCLUDE_REALIGNER.I_S2MM_REALIGNER/GEN_INCLUDE_SCATTER.I_S2MM_SCATTER/sel0[10]
    SLICE_X32Y34         LUT6 (Prop_lut6_I0_O)        0.328     9.317 f  design_1_i/cg_fpga_0/inst/cg_axi_vdma_0/U0/I_PRMRY_DATAMOVER/GEN_S2MM_FULL.I_S2MM_FULL_WRAPPER/GEN_INCLUDE_REALIGNER.I_S2MM_REALIGNER/GEN_INCLUDE_SCATTER.I_S2MM_SCATTER/sig_btt_eq_0_i_2/O
                         net (fo=1, routed)           0.594     9.912    design_1_i/cg_fpga_0/inst/cg_axi_vdma_0/U0/I_PRMRY_DATAMOVER/GEN_S2MM_FULL.I_S2MM_FULL_WRAPPER/GEN_INCLUDE_REALIGNER.I_S2MM_REALIGNER/GEN_INCLUDE_SCATTER.I_S2MM_SCATTER/I_MSSAI_SKID_BUF/sig_btt_eq_0_reg_0
    SLICE_X32Y33         LUT6 (Prop_lut6_I2_O)        0.124    10.036 r  design_1_i/cg_fpga_0/inst/cg_axi_vdma_0/U0/I_PRMRY_DATAMOVER/GEN_S2MM_FULL.I_S2MM_FULL_WRAPPER/GEN_INCLUDE_REALIGNER.I_S2MM_REALIGNER/GEN_INCLUDE_SCATTER.I_S2MM_SCATTER/I_MSSAI_SKID_BUF/sig_btt_eq_0_i_1/O
                         net (fo=1, routed)           0.000    10.036    design_1_i/cg_fpga_0/inst/cg_axi_vdma_0/U0/I_PRMRY_DATAMOVER/GEN_S2MM_FULL.I_S2MM_FULL_WRAPPER/GEN_INCLUDE_REALIGNER.I_S2MM_REALIGNER/GEN_INCLUDE_SCATTER.I_S2MM_SCATTER/I_MSSAI_SKID_BUF_n_54
    SLICE_X32Y33         FDRE                                         r  design_1_i/cg_fpga_0/inst/cg_axi_vdma_0/U0/I_PRMRY_DATAMOVER/GEN_S2MM_FULL.I_S2MM_FULL_WRAPPER/GEN_INCLUDE_REALIGNER.I_S2MM_REALIGNER/GEN_INCLUDE_SCATTER.I_S2MM_SCATTER/sig_btt_eq_0_reg/D
  -------------------------------------------------------------------    -------------------

                         (clock clk_fpga_0 rise edge)
                                                     10.000    10.000 r  
    PS7_X0Y0             PS7                          0.000    10.000 r  design_1_i/cg_fpga_0/inst/processing_system7_0/inst/PS7_i/FCLKCLK[0]
                         net (fo=1, routed)           1.088    11.088    design_1_i/cg_fpga_0/inst/processing_system7_0/inst/FCLK_CLK_unbuffered[0]
    BUFGCTRL_X0Y16       BUFG (Prop_bufg_I_O)         0.091    11.179 r  design_1_i/cg_fpga_0/inst/processing_system7_0/inst/buffer_fclk_clk_0.FCLK_CLK_0_BUFG/O
                         net (fo=6956, routed)        1.488    12.667    design_1_i/cg_fpga_0/inst/cg_axi_vdma_0/U0/I_PRMRY_DATAMOVER/GEN_S2MM_FULL.I_S2MM_FULL_WRAPPER/GEN_INCLUDE_REALIGNER.I_S2MM_REALIGNER/GEN_INCLUDE_SCATTER.I_S2MM_SCATTER/s_axi_lite_aclk
    SLICE_X32Y33         FDRE                                         r  design_1_i/cg_fpga_0/inst/cg_axi_vdma_0/U0/I_PRMRY_DATAMOVER/GEN_S2MM_FULL.I_S2MM_FULL_WRAPPER/GEN_INCLUDE_REALIGNER.I_S2MM_REALIGNER/GEN_INCLUDE_SCATTER.I_S2MM_SCATTER/sig_btt_eq_0_reg/C
                         clock pessimism              0.230    12.897    
                         clock uncertainty           -0.154    12.743    
    SLICE_X32Y33         FDRE (Setup_fdre_C_D)        0.077    12.820    design_1_i/cg_fpga_0/inst/cg_axi_vdma_0/U0/I_PRMRY_DATAMOVER/GEN_S2MM_FULL.I_S2MM_FULL_WRAPPER/GEN_INCLUDE_REALIGNER.I_S2MM_REALIGNER/GEN_INCLUDE_SCATTER.I_S2MM_SCATTER/sig_btt_eq_0_reg
  -------------------------------------------------------------------
                         required time                         12.820    
                         arrival time                         -10.036    
  -------------------------------------------------------------------
                         slack                                  2.784    

Slack (MET) :             2.833ns  (required time - arrival time)
  Source:                 design_1_i/cg_fpga_0/inst/cg_axi_vdma_0/U0/I_PRMRY_DATAMOVER/GEN_S2MM_FULL.I_S2MM_FULL_WRAPPER/I_S2MM_MMAP_SKID_BUF/sig_m_valid_out_reg/C
                            (rising edge-triggered cell FDRE clocked by clk_fpga_0  {rise@0.000ns fall@5.000ns period=10.000ns})
  Destination:            design_1_i/cg_fpga_0/inst/cg_axi_vdma_0/U0/I_PRMRY_DATAMOVER/GEN_S2MM_FULL.I_S2MM_FULL_WRAPPER/I_S2MM_MMAP_SKID_BUF/sig_data_reg_out_reg[24]/CE
                            (rising edge-triggered cell FDRE clocked by clk_fpga_0  {rise@0.000ns fall@5.000ns period=10.000ns})
  Path Group:             clk_fpga_0
  Path Type:              Setup (Max at Slow Process Corner)
  Requirement:            10.000ns  (clk_fpga_0 rise@10.000ns - clk_fpga_0 rise@0.000ns)
  Data Path Delay:        6.749ns  (logic 1.504ns (22.284%)  route 5.245ns (77.716%))
  Logic Levels:           5  (LUT2=1 LUT3=1 LUT4=1 LUT5=1 LUT6=1)
  Clock Path Skew:        -0.059ns (DCD - SCD + CPR)
    Destination Clock Delay (DCD):    2.758ns = ( 12.759 - 10.000 ) 
    Source Clock Delay      (SCD):    3.047ns
    Clock Pessimism Removal (CPR):    0.230ns
  Clock Uncertainty:      0.154ns  ((TSJ^2 + TIJ^2)^1/2 + DJ) / 2 + PE
    Total System Jitter     (TSJ):    0.071ns
    Total Input Jitter      (TIJ):    0.300ns
    Discrete Jitter          (DJ):    0.000ns
    Phase Error              (PE):    0.000ns

    Location             Delay type                Incr(ns)  Path(ns)    Netlist Resource(s)
  -------------------------------------------------------------------    -------------------
                         (clock clk_fpga_0 rise edge)
                                                      0.000     0.000 r  
    PS7_X0Y0             PS7                          0.000     0.000 r  design_1_i/cg_fpga_0/inst/processing_system7_0/inst/PS7_i/FCLKCLK[0]
                         net (fo=1, routed)           1.193     1.193    design_1_i/cg_fpga_0/inst/processing_system7_0/inst/FCLK_CLK_unbuffered[0]
    BUFGCTRL_X0Y16       BUFG (Prop_bufg_I_O)         0.101     1.294 r  design_1_i/cg_fpga_0/inst/processing_system7_0/inst/buffer_fclk_clk_0.FCLK_CLK_0_BUFG/O
                         net (fo=6956, routed)        1.753     3.047    design_1_i/cg_fpga_0/inst/cg_axi_vdma_0/U0/I_PRMRY_DATAMOVER/GEN_S2MM_FULL.I_S2MM_FULL_WRAPPER/I_S2MM_MMAP_SKID_BUF/s_axi_lite_aclk
    SLICE_X23Y44         FDRE                                         r  design_1_i/cg_fpga_0/inst/cg_axi_vdma_0/U0/I_PRMRY_DATAMOVER/GEN_S2MM_FULL.I_S2MM_FULL_WRAPPER/I_S2MM_MMAP_SKID_BUF/sig_m_valid_out_reg/C
  -------------------------------------------------------------------    -------------------
    SLICE_X23Y44         FDRE (Prop_fdre_C_Q)         0.456     3.503 r  design_1_i/cg_fpga_0/inst/cg_axi_vdma_0/U0/I_PRMRY_DATAMOVER/GEN_S2MM_FULL.I_S2MM_FULL_WRAPPER/I_S2MM_MMAP_SKID_BUF/sig_m_valid_out_reg/Q
                         net (fo=8, routed)           1.341     4.844    design_1_i/cg_fpga_0/inst/axi_mem_intercon/xbar/inst/gen_samd.crossbar_samd/gen_master_slots[0].gen_mi_write.wdata_mux_w/gen_wmux.wmux_aw_fifo/gen_srls[0].gen_rep[0].srl_nx1/s_axi_wvalid[0]
    SLICE_X29Y53         LUT5 (Prop_lut5_I3_O)        0.124     4.968 r  design_1_i/cg_fpga_0/inst/axi_mem_intercon/xbar/inst/gen_samd.crossbar_samd/gen_master_slots[0].gen_mi_write.wdata_mux_w/gen_wmux.wmux_aw_fifo/gen_srls[0].gen_rep[0].srl_nx1/m_axi_wvalid[0]_INST_0/O
                         net (fo=5, routed)           0.734     5.702    design_1_i/cg_fpga_0/inst/axi_mem_intercon/m00_couplers/auto_pc/inst/gen_axi4_axi3.axi3_conv_inst/USE_WRITE.write_addr_inst/USE_BURSTS.cmd_queue/inst/s_axi_wvalid
    SLICE_X26Y55         LUT3 (Prop_lut3_I2_O)        0.116     5.818 r  design_1_i/cg_fpga_0/inst/axi_mem_intercon/m00_couplers/auto_pc/inst/gen_axi4_axi3.axi3_conv_inst/USE_WRITE.write_addr_inst/USE_BURSTS.cmd_queue/inst/s_axi_wready_INST_0/O
                         net (fo=12, routed)          0.783     6.601    design_1_i/cg_fpga_0/inst/axi_mem_intercon/xbar/inst/gen_samd.crossbar_samd/gen_master_slots[0].gen_mi_write.wdata_mux_w/gen_wmux.wmux_aw_fifo/m_axi_wready[0]
    SLICE_X28Y52         LUT4 (Prop_lut4_I2_O)        0.357     6.958 r  design_1_i/cg_fpga_0/inst/axi_mem_intercon/xbar/inst/gen_samd.crossbar_samd/gen_master_slots[0].gen_mi_write.wdata_mux_w/gen_wmux.wmux_aw_fifo/s_axi_wready[1]_INST_0_i_1/O
                         net (fo=7, routed)           0.359     7.317    design_1_i/cg_fpga_0/inst/axi_mem_intercon/xbar/inst/gen_samd.crossbar_samd/gen_slave_slots[1].gen_si_write.wdata_router_w/wrouter_aw_fifo/gen_primitive_shifter.gen_srls[0].srl_inst_1
    SLICE_X30Y52         LUT6 (Prop_lut6_I1_O)        0.327     7.644 r  design_1_i/cg_fpga_0/inst/axi_mem_intercon/xbar/inst/gen_samd.crossbar_samd/gen_slave_slots[1].gen_si_write.wdata_router_w/wrouter_aw_fifo/s_axi_wready[1]_INST_0/O
                         net (fo=3, routed)           1.069     8.713    design_1_i/cg_fpga_0/inst/cg_axi_vdma_0/U0/I_PRMRY_DATAMOVER/GEN_S2MM_FULL.I_S2MM_FULL_WRAPPER/I_S2MM_MMAP_SKID_BUF/m_axi_s2mm_wready
    SLICE_X20Y43         LUT2 (Prop_lut2_I0_O)        0.124     8.837 r  design_1_i/cg_fpga_0/inst/cg_axi_vdma_0/U0/I_PRMRY_DATAMOVER/GEN_S2MM_FULL.I_S2MM_FULL_WRAPPER/I_S2MM_MMAP_SKID_BUF/sig_data_reg_out[63]_i_1/O
                         net (fo=73, routed)          0.960     9.796    design_1_i/cg_fpga_0/inst/cg_axi_vdma_0/U0/I_PRMRY_DATAMOVER/GEN_S2MM_FULL.I_S2MM_FULL_WRAPPER/I_S2MM_MMAP_SKID_BUF/sig_data_reg_out_en
    SLICE_X9Y42          FDRE                                         r  design_1_i/cg_fpga_0/inst/cg_axi_vdma_0/U0/I_PRMRY_DATAMOVER/GEN_S2MM_FULL.I_S2MM_FULL_WRAPPER/I_S2MM_MMAP_SKID_BUF/sig_data_reg_out_reg[24]/CE
  -------------------------------------------------------------------    -------------------

                         (clock clk_fpga_0 rise edge)
                                                     10.000    10.000 r  
    PS7_X0Y0             PS7                          0.000    10.000 r  design_1_i/cg_fpga_0/inst/processing_system7_0/inst/PS7_i/FCLKCLK[0]
                         net (fo=1, routed)           1.088    11.088    design_1_i/cg_fpga_0/inst/processing_system7_0/inst/FCLK_CLK_unbuffered[0]
    BUFGCTRL_X0Y16       BUFG (Prop_bufg_I_O)         0.091    11.179 r  design_1_i/cg_fpga_0/inst/processing_system7_0/inst/buffer_fclk_clk_0.FCLK_CLK_0_BUFG/O
                         net (fo=6956, routed)        1.579    12.759    design_1_i/cg_fpga_0/inst/cg_axi_vdma_0/U0/I_PRMRY_DATAMOVER/GEN_S2MM_FULL.I_S2MM_FULL_WRAPPER/I_S2MM_MMAP_SKID_BUF/s_axi_lite_aclk
    SLICE_X9Y42          FDRE                                         r  design_1_i/cg_fpga_0/inst/cg_axi_vdma_0/U0/I_PRMRY_DATAMOVER/GEN_S2MM_FULL.I_S2MM_FULL_WRAPPER/I_S2MM_MMAP_SKID_BUF/sig_data_reg_out_reg[24]/C
                         clock pessimism              0.230    12.988    
                         clock uncertainty           -0.154    12.834    
    SLICE_X9Y42          FDRE (Setup_fdre_C_CE)      -0.205    12.629    design_1_i/cg_fpga_0/inst/cg_axi_vdma_0/U0/I_PRMRY_DATAMOVER/GEN_S2MM_FULL.I_S2MM_FULL_WRAPPER/I_S2MM_MMAP_SKID_BUF/sig_data_reg_out_reg[24]
  -------------------------------------------------------------------
                         required time                         12.629    
                         arrival time                          -9.796    
  -------------------------------------------------------------------
                         slack                                  2.833    

Slack (MET) :             2.833ns  (required time - arrival time)
  Source:                 design_1_i/cg_fpga_0/inst/cg_axi_vdma_0/U0/I_PRMRY_DATAMOVER/GEN_S2MM_FULL.I_S2MM_FULL_WRAPPER/I_S2MM_MMAP_SKID_BUF/sig_m_valid_out_reg/C
                            (rising edge-triggered cell FDRE clocked by clk_fpga_0  {rise@0.000ns fall@5.000ns period=10.000ns})
  Destination:            design_1_i/cg_fpga_0/inst/cg_axi_vdma_0/U0/I_PRMRY_DATAMOVER/GEN_S2MM_FULL.I_S2MM_FULL_WRAPPER/I_S2MM_MMAP_SKID_BUF/sig_data_reg_out_reg[40]/CE
                            (rising edge-triggered cell FDRE clocked by clk_fpga_0  {rise@0.000ns fall@5.000ns period=10.000ns})
  Path Group:             clk_fpga_0
  Path Type:              Setup (Max at Slow Process Corner)
  Requirement:            10.000ns  (clk_fpga_0 rise@10.000ns - clk_fpga_0 rise@0.000ns)
  Data Path Delay:        6.749ns  (logic 1.504ns (22.284%)  route 5.245ns (77.716%))
  Logic Levels:           5  (LUT2=1 LUT3=1 LUT4=1 LUT5=1 LUT6=1)
  Clock Path Skew:        -0.059ns (DCD - SCD + CPR)
    Destination Clock Delay (DCD):    2.758ns = ( 12.759 - 10.000 ) 
    Source Clock Delay      (SCD):    3.047ns
    Clock Pessimism Removal (CPR):    0.230ns
  Clock Uncertainty:      0.154ns  ((TSJ^2 + TIJ^2)^1/2 + DJ) / 2 + PE
    Total System Jitter     (TSJ):    0.071ns
    Total Input Jitter      (TIJ):    0.300ns
    Discrete Jitter          (DJ):    0.000ns
    Phase Error              (PE):    0.000ns

    Location             Delay type                Incr(ns)  Path(ns)    Netlist Resource(s)
  -------------------------------------------------------------------    -------------------
                         (clock clk_fpga_0 rise edge)
                                                      0.000     0.000 r  
    PS7_X0Y0             PS7                          0.000     0.000 r  design_1_i/cg_fpga_0/inst/processing_system7_0/inst/PS7_i/FCLKCLK[0]
                         net (fo=1, routed)           1.193     1.193    design_1_i/cg_fpga_0/inst/processing_system7_0/inst/FCLK_CLK_unbuffered[0]
    BUFGCTRL_X0Y16       BUFG (Prop_bufg_I_O)         0.101     1.294 r  design_1_i/cg_fpga_0/inst/processing_system7_0/inst/buffer_fclk_clk_0.FCLK_CLK_0_BUFG/O
                         net (fo=6956, routed)        1.753     3.047    design_1_i/cg_fpga_0/inst/cg_axi_vdma_0/U0/I_PRMRY_DATAMOVER/GEN_S2MM_FULL.I_S2MM_FULL_WRAPPER/I_S2MM_MMAP_SKID_BUF/s_axi_lite_aclk
    SLICE_X23Y44         FDRE                                         r  design_1_i/cg_fpga_0/inst/cg_axi_vdma_0/U0/I_PRMRY_DATAMOVER/GEN_S2MM_FULL.I_S2MM_FULL_WRAPPER/I_S2MM_MMAP_SKID_BUF/sig_m_valid_out_reg/C
  -------------------------------------------------------------------    -------------------
    SLICE_X23Y44         FDRE (Prop_fdre_C_Q)         0.456     3.503 r  design_1_i/cg_fpga_0/inst/cg_axi_vdma_0/U0/I_PRMRY_DATAMOVER/GEN_S2MM_FULL.I_S2MM_FULL_WRAPPER/I_S2MM_MMAP_SKID_BUF/sig_m_valid_out_reg/Q
                         net (fo=8, routed)           1.341     4.844    design_1_i/cg_fpga_0/inst/axi_mem_intercon/xbar/inst/gen_samd.crossbar_samd/gen_master_slots[0].gen_mi_write.wdata_mux_w/gen_wmux.wmux_aw_fifo/gen_srls[0].gen_rep[0].srl_nx1/s_axi_wvalid[0]
    SLICE_X29Y53         LUT5 (Prop_lut5_I3_O)        0.124     4.968 r  design_1_i/cg_fpga_0/inst/axi_mem_intercon/xbar/inst/gen_samd.crossbar_samd/gen_master_slots[0].gen_mi_write.wdata_mux_w/gen_wmux.wmux_aw_fifo/gen_srls[0].gen_rep[0].srl_nx1/m_axi_wvalid[0]_INST_0/O
                         net (fo=5, routed)           0.734     5.702    design_1_i/cg_fpga_0/inst/axi_mem_intercon/m00_couplers/auto_pc/inst/gen_axi4_axi3.axi3_conv_inst/USE_WRITE.write_addr_inst/USE_BURSTS.cmd_queue/inst/s_axi_wvalid
    SLICE_X26Y55         LUT3 (Prop_lut3_I2_O)        0.116     5.818 r  design_1_i/cg_fpga_0/inst/axi_mem_intercon/m00_couplers/auto_pc/inst/gen_axi4_axi3.axi3_conv_inst/USE_WRITE.write_addr_inst/USE_BURSTS.cmd_queue/inst/s_axi_wready_INST_0/O
                         net (fo=12, routed)          0.783     6.601    design_1_i/cg_fpga_0/inst/axi_mem_intercon/xbar/inst/gen_samd.crossbar_samd/gen_master_slots[0].gen_mi_write.wdata_mux_w/gen_wmux.wmux_aw_fifo/m_axi_wready[0]
    SLICE_X28Y52         LUT4 (Prop_lut4_I2_O)        0.357     6.958 r  design_1_i/cg_fpga_0/inst/axi_mem_intercon/xbar/inst/gen_samd.crossbar_samd/gen_master_slots[0].gen_mi_write.wdata_mux_w/gen_wmux.wmux_aw_fifo/s_axi_wready[1]_INST_0_i_1/O
                         net (fo=7, routed)           0.359     7.317    design_1_i/cg_fpga_0/inst/axi_mem_intercon/xbar/inst/gen_samd.crossbar_samd/gen_slave_slots[1].gen_si_write.wdata_router_w/wrouter_aw_fifo/gen_primitive_shifter.gen_srls[0].srl_inst_1
    SLICE_X30Y52         LUT6 (Prop_lut6_I1_O)        0.327     7.644 r  design_1_i/cg_fpga_0/inst/axi_mem_intercon/xbar/inst/gen_samd.crossbar_samd/gen_slave_slots[1].gen_si_write.wdata_router_w/wrouter_aw_fifo/s_axi_wready[1]_INST_0/O
                         net (fo=3, routed)           1.069     8.713    design_1_i/cg_fpga_0/inst/cg_axi_vdma_0/U0/I_PRMRY_DATAMOVER/GEN_S2MM_FULL.I_S2MM_FULL_WRAPPER/I_S2MM_MMAP_SKID_BUF/m_axi_s2mm_wready
    SLICE_X20Y43         LUT2 (Prop_lut2_I0_O)        0.124     8.837 r  design_1_i/cg_fpga_0/inst/cg_axi_vdma_0/U0/I_PRMRY_DATAMOVER/GEN_S2MM_FULL.I_S2MM_FULL_WRAPPER/I_S2MM_MMAP_SKID_BUF/sig_data_reg_out[63]_i_1/O
                         net (fo=73, routed)          0.960     9.796    design_1_i/cg_fpga_0/inst/cg_axi_vdma_0/U0/I_PRMRY_DATAMOVER/GEN_S2MM_FULL.I_S2MM_FULL_WRAPPER/I_S2MM_MMAP_SKID_BUF/sig_data_reg_out_en
    SLICE_X9Y42          FDRE                                         r  design_1_i/cg_fpga_0/inst/cg_axi_vdma_0/U0/I_PRMRY_DATAMOVER/GEN_S2MM_FULL.I_S2MM_FULL_WRAPPER/I_S2MM_MMAP_SKID_BUF/sig_data_reg_out_reg[40]/CE
  -------------------------------------------------------------------    -------------------

                         (clock clk_fpga_0 rise edge)
                                                     10.000    10.000 r  
    PS7_X0Y0             PS7                          0.000    10.000 r  design_1_i/cg_fpga_0/inst/processing_system7_0/inst/PS7_i/FCLKCLK[0]
                         net (fo=1, routed)           1.088    11.088    design_1_i/cg_fpga_0/inst/processing_system7_0/inst/FCLK_CLK_unbuffered[0]
    BUFGCTRL_X0Y16       BUFG (Prop_bufg_I_O)         0.091    11.179 r  design_1_i/cg_fpga_0/inst/processing_system7_0/inst/buffer_fclk_clk_0.FCLK_CLK_0_BUFG/O
                         net (fo=6956, routed)        1.579    12.759    design_1_i/cg_fpga_0/inst/cg_axi_vdma_0/U0/I_PRMRY_DATAMOVER/GEN_S2MM_FULL.I_S2MM_FULL_WRAPPER/I_S2MM_MMAP_SKID_BUF/s_axi_lite_aclk
    SLICE_X9Y42          FDRE                                         r  design_1_i/cg_fpga_0/inst/cg_axi_vdma_0/U0/I_PRMRY_DATAMOVER/GEN_S2MM_FULL.I_S2MM_FULL_WRAPPER/I_S2MM_MMAP_SKID_BUF/sig_data_reg_out_reg[40]/C
                         clock pessimism              0.230    12.988    
                         clock uncertainty           -0.154    12.834    
    SLICE_X9Y42          FDRE (Setup_fdre_C_CE)      -0.205    12.629    design_1_i/cg_fpga_0/inst/cg_axi_vdma_0/U0/I_PRMRY_DATAMOVER/GEN_S2MM_FULL.I_S2MM_FULL_WRAPPER/I_S2MM_MMAP_SKID_BUF/sig_data_reg_out_reg[40]
  -------------------------------------------------------------------
                         required time                         12.629    
                         arrival time                          -9.796    
  -------------------------------------------------------------------
                         slack                                  2.833    

Slack (MET) :             2.833ns  (required time - arrival time)
  Source:                 design_1_i/cg_fpga_0/inst/cg_axi_vdma_0/U0/I_PRMRY_DATAMOVER/GEN_S2MM_FULL.I_S2MM_FULL_WRAPPER/I_S2MM_MMAP_SKID_BUF/sig_m_valid_out_reg/C
                            (rising edge-triggered cell FDRE clocked by clk_fpga_0  {rise@0.000ns fall@5.000ns period=10.000ns})
  Destination:            design_1_i/cg_fpga_0/inst/cg_axi_vdma_0/U0/I_PRMRY_DATAMOVER/GEN_S2MM_FULL.I_S2MM_FULL_WRAPPER/I_S2MM_MMAP_SKID_BUF/sig_data_reg_out_reg[52]/CE
                            (rising edge-triggered cell FDRE clocked by clk_fpga_0  {rise@0.000ns fall@5.000ns period=10.000ns})
  Path Group:             clk_fpga_0
  Path Type:              Setup (Max at Slow Process Corner)
  Requirement:            10.000ns  (clk_fpga_0 rise@10.000ns - clk_fpga_0 rise@0.000ns)
  Data Path Delay:        6.749ns  (logic 1.504ns (22.284%)  route 5.245ns (77.716%))
  Logic Levels:           5  (LUT2=1 LUT3=1 LUT4=1 LUT5=1 LUT6=1)
  Clock Path Skew:        -0.059ns (DCD - SCD + CPR)
    Destination Clock Delay (DCD):    2.758ns = ( 12.759 - 10.000 ) 
    Source Clock Delay      (SCD):    3.047ns
    Clock Pessimism Removal (CPR):    0.230ns
  Clock Uncertainty:      0.154ns  ((TSJ^2 + TIJ^2)^1/2 + DJ) / 2 + PE
    Total System Jitter     (TSJ):    0.071ns
    Total Input Jitter      (TIJ):    0.300ns
    Discrete Jitter          (DJ):    0.000ns
    Phase Error              (PE):    0.000ns

    Location             Delay type                Incr(ns)  Path(ns)    Netlist Resource(s)
  -------------------------------------------------------------------    -------------------
                         (clock clk_fpga_0 rise edge)
                                                      0.000     0.000 r  
    PS7_X0Y0             PS7                          0.000     0.000 r  design_1_i/cg_fpga_0/inst/processing_system7_0/inst/PS7_i/FCLKCLK[0]
                         net (fo=1, routed)           1.193     1.193    design_1_i/cg_fpga_0/inst/processing_system7_0/inst/FCLK_CLK_unbuffered[0]
    BUFGCTRL_X0Y16       BUFG (Prop_bufg_I_O)         0.101     1.294 r  design_1_i/cg_fpga_0/inst/processing_system7_0/inst/buffer_fclk_clk_0.FCLK_CLK_0_BUFG/O
                         net (fo=6956, routed)        1.753     3.047    design_1_i/cg_fpga_0/inst/cg_axi_vdma_0/U0/I_PRMRY_DATAMOVER/GEN_S2MM_FULL.I_S2MM_FULL_WRAPPER/I_S2MM_MMAP_SKID_BUF/s_axi_lite_aclk
    SLICE_X23Y44         FDRE                                         r  design_1_i/cg_fpga_0/inst/cg_axi_vdma_0/U0/I_PRMRY_DATAMOVER/GEN_S2MM_FULL.I_S2MM_FULL_WRAPPER/I_S2MM_MMAP_SKID_BUF/sig_m_valid_out_reg/C
  -------------------------------------------------------------------    -------------------
    SLICE_X23Y44         FDRE (Prop_fdre_C_Q)         0.456     3.503 r  design_1_i/cg_fpga_0/inst/cg_axi_vdma_0/U0/I_PRMRY_DATAMOVER/GEN_S2MM_FULL.I_S2MM_FULL_WRAPPER/I_S2MM_MMAP_SKID_BUF/sig_m_valid_out_reg/Q
                         net (fo=8, routed)           1.341     4.844    design_1_i/cg_fpga_0/inst/axi_mem_intercon/xbar/inst/gen_samd.crossbar_samd/gen_master_slots[0].gen_mi_write.wdata_mux_w/gen_wmux.wmux_aw_fifo/gen_srls[0].gen_rep[0].srl_nx1/s_axi_wvalid[0]
    SLICE_X29Y53         LUT5 (Prop_lut5_I3_O)        0.124     4.968 r  design_1_i/cg_fpga_0/inst/axi_mem_intercon/xbar/inst/gen_samd.crossbar_samd/gen_master_slots[0].gen_mi_write.wdata_mux_w/gen_wmux.wmux_aw_fifo/gen_srls[0].gen_rep[0].srl_nx1/m_axi_wvalid[0]_INST_0/O
                         net (fo=5, routed)           0.734     5.702    design_1_i/cg_fpga_0/inst/axi_mem_intercon/m00_couplers/auto_pc/inst/gen_axi4_axi3.axi3_conv_inst/USE_WRITE.write_addr_inst/USE_BURSTS.cmd_queue/inst/s_axi_wvalid
    SLICE_X26Y55         LUT3 (Prop_lut3_I2_O)        0.116     5.818 r  design_1_i/cg_fpga_0/inst/axi_mem_intercon/m00_couplers/auto_pc/inst/gen_axi4_axi3.axi3_conv_inst/USE_WRITE.write_addr_inst/USE_BURSTS.cmd_queue/inst/s_axi_wready_INST_0/O
                         net (fo=12, routed)          0.783     6.601    design_1_i/cg_fpga_0/inst/axi_mem_intercon/xbar/inst/gen_samd.crossbar_samd/gen_master_slots[0].gen_mi_write.wdata_mux_w/gen_wmux.wmux_aw_fifo/m_axi_wready[0]
    SLICE_X28Y52         LUT4 (Prop_lut4_I2_O)        0.357     6.958 r  design_1_i/cg_fpga_0/inst/axi_mem_intercon/xbar/inst/gen_samd.crossbar_samd/gen_master_slots[0].gen_mi_write.wdata_mux_w/gen_wmux.wmux_aw_fifo/s_axi_wready[1]_INST_0_i_1/O
                         net (fo=7, routed)           0.359     7.317    design_1_i/cg_fpga_0/inst/axi_mem_intercon/xbar/inst/gen_samd.crossbar_samd/gen_slave_slots[1].gen_si_write.wdata_router_w/wrouter_aw_fifo/gen_primitive_shifter.gen_srls[0].srl_inst_1
    SLICE_X30Y52         LUT6 (Prop_lut6_I1_O)        0.327     7.644 r  design_1_i/cg_fpga_0/inst/axi_mem_intercon/xbar/inst/gen_samd.crossbar_samd/gen_slave_slots[1].gen_si_write.wdata_router_w/wrouter_aw_fifo/s_axi_wready[1]_INST_0/O
                         net (fo=3, routed)           1.069     8.713    design_1_i/cg_fpga_0/inst/cg_axi_vdma_0/U0/I_PRMRY_DATAMOVER/GEN_S2MM_FULL.I_S2MM_FULL_WRAPPER/I_S2MM_MMAP_SKID_BUF/m_axi_s2mm_wready
    SLICE_X20Y43         LUT2 (Prop_lut2_I0_O)        0.124     8.837 r  design_1_i/cg_fpga_0/inst/cg_axi_vdma_0/U0/I_PRMRY_DATAMOVER/GEN_S2MM_FULL.I_S2MM_FULL_WRAPPER/I_S2MM_MMAP_SKID_BUF/sig_data_reg_out[63]_i_1/O
                         net (fo=73, routed)          0.960     9.796    design_1_i/cg_fpga_0/inst/cg_axi_vdma_0/U0/I_PRMRY_DATAMOVER/GEN_S2MM_FULL.I_S2MM_FULL_WRAPPER/I_S2MM_MMAP_SKID_BUF/sig_data_reg_out_en
    SLICE_X9Y42          FDRE                                         r  design_1_i/cg_fpga_0/inst/cg_axi_vdma_0/U0/I_PRMRY_DATAMOVER/GEN_S2MM_FULL.I_S2MM_FULL_WRAPPER/I_S2MM_MMAP_SKID_BUF/sig_data_reg_out_reg[52]/CE
  -------------------------------------------------------------------    -------------------

                         (clock clk_fpga_0 rise edge)
                                                     10.000    10.000 r  
    PS7_X0Y0             PS7                          0.000    10.000 r  design_1_i/cg_fpga_0/inst/processing_system7_0/inst/PS7_i/FCLKCLK[0]
                         net (fo=1, routed)           1.088    11.088    design_1_i/cg_fpga_0/inst/processing_system7_0/inst/FCLK_CLK_unbuffered[0]
    BUFGCTRL_X0Y16       BUFG (Prop_bufg_I_O)         0.091    11.179 r  design_1_i/cg_fpga_0/inst/processing_system7_0/inst/buffer_fclk_clk_0.FCLK_CLK_0_BUFG/O
                         net (fo=6956, routed)        1.579    12.759    design_1_i/cg_fpga_0/inst/cg_axi_vdma_0/U0/I_PRMRY_DATAMOVER/GEN_S2MM_FULL.I_S2MM_FULL_WRAPPER/I_S2MM_MMAP_SKID_BUF/s_axi_lite_aclk
    SLICE_X9Y42          FDRE                                         r  design_1_i/cg_fpga_0/inst/cg_axi_vdma_0/U0/I_PRMRY_DATAMOVER/GEN_S2MM_FULL.I_S2MM_FULL_WRAPPER/I_S2MM_MMAP_SKID_BUF/sig_data_reg_out_reg[52]/C
                         clock pessimism              0.230    12.988    
                         clock uncertainty           -0.154    12.834    
    SLICE_X9Y42          FDRE (Setup_fdre_C_CE)      -0.205    12.629    design_1_i/cg_fpga_0/inst/cg_axi_vdma_0/U0/I_PRMRY_DATAMOVER/GEN_S2MM_FULL.I_S2MM_FULL_WRAPPER/I_S2MM_MMAP_SKID_BUF/sig_data_reg_out_reg[52]
  -------------------------------------------------------------------
                         required time                         12.629    
                         arrival time                          -9.796    
  -------------------------------------------------------------------
                         slack                                  2.833    

Slack (MET) :             2.848ns  (required time - arrival time)
  Source:                 design_1_i/cg_fpga_0/inst/cg_axi_vdma_0/U0/I_PRMRY_DATAMOVER/GEN_S2MM_FULL.I_S2MM_FULL_WRAPPER/I_S2MM_MMAP_SKID_BUF/sig_m_valid_out_reg/C
                            (rising edge-triggered cell FDRE clocked by clk_fpga_0  {rise@0.000ns fall@5.000ns period=10.000ns})
  Destination:            design_1_i/cg_fpga_0/inst/cg_axi_vdma_0/U0/I_PRMRY_DATAMOVER/GEN_S2MM_FULL.I_S2MM_FULL_WRAPPER/I_S2MM_MMAP_SKID_BUF/sig_data_reg_out_reg[41]/CE
                            (rising edge-triggered cell FDRE clocked by clk_fpga_0  {rise@0.000ns fall@5.000ns period=10.000ns})
  Path Group:             clk_fpga_0
  Path Type:              Setup (Max at Slow Process Corner)
  Requirement:            10.000ns  (clk_fpga_0 rise@10.000ns - clk_fpga_0 rise@0.000ns)
  Data Path Delay:        6.736ns  (logic 1.504ns (22.327%)  route 5.232ns (77.673%))
  Logic Levels:           5  (LUT2=1 LUT3=1 LUT4=1 LUT5=1 LUT6=1)
  Clock Path Skew:        -0.057ns (DCD - SCD + CPR)
    Destination Clock Delay (DCD):    2.760ns = ( 12.760 - 10.000 ) 
    Source Clock Delay      (SCD):    3.047ns
    Clock Pessimism Removal (CPR):    0.230ns
  Clock Uncertainty:      0.154ns  ((TSJ^2 + TIJ^2)^1/2 + DJ) / 2 + PE
    Total System Jitter     (TSJ):    0.071ns
    Total Input Jitter      (TIJ):    0.300ns
    Discrete Jitter          (DJ):    0.000ns
    Phase Error              (PE):    0.000ns

    Location             Delay type                Incr(ns)  Path(ns)    Netlist Resource(s)
  -------------------------------------------------------------------    -------------------
                         (clock clk_fpga_0 rise edge)
                                                      0.000     0.000 r  
    PS7_X0Y0             PS7                          0.000     0.000 r  design_1_i/cg_fpga_0/inst/processing_system7_0/inst/PS7_i/FCLKCLK[0]
                         net (fo=1, routed)           1.193     1.193    design_1_i/cg_fpga_0/inst/processing_system7_0/inst/FCLK_CLK_unbuffered[0]
    BUFGCTRL_X0Y16       BUFG (Prop_bufg_I_O)         0.101     1.294 r  design_1_i/cg_fpga_0/inst/processing_system7_0/inst/buffer_fclk_clk_0.FCLK_CLK_0_BUFG/O
                         net (fo=6956, routed)        1.753     3.047    design_1_i/cg_fpga_0/inst/cg_axi_vdma_0/U0/I_PRMRY_DATAMOVER/GEN_S2MM_FULL.I_S2MM_FULL_WRAPPER/I_S2MM_MMAP_SKID_BUF/s_axi_lite_aclk
    SLICE_X23Y44         FDRE                                         r  design_1_i/cg_fpga_0/inst/cg_axi_vdma_0/U0/I_PRMRY_DATAMOVER/GEN_S2MM_FULL.I_S2MM_FULL_WRAPPER/I_S2MM_MMAP_SKID_BUF/sig_m_valid_out_reg/C
  -------------------------------------------------------------------    -------------------
    SLICE_X23Y44         FDRE (Prop_fdre_C_Q)         0.456     3.503 r  design_1_i/cg_fpga_0/inst/cg_axi_vdma_0/U0/I_PRMRY_DATAMOVER/GEN_S2MM_FULL.I_S2MM_FULL_WRAPPER/I_S2MM_MMAP_SKID_BUF/sig_m_valid_out_reg/Q
                         net (fo=8, routed)           1.341     4.844    design_1_i/cg_fpga_0/inst/axi_mem_intercon/xbar/inst/gen_samd.crossbar_samd/gen_master_slots[0].gen_mi_write.wdata_mux_w/gen_wmux.wmux_aw_fifo/gen_srls[0].gen_rep[0].srl_nx1/s_axi_wvalid[0]
    SLICE_X29Y53         LUT5 (Prop_lut5_I3_O)        0.124     4.968 r  design_1_i/cg_fpga_0/inst/axi_mem_intercon/xbar/inst/gen_samd.crossbar_samd/gen_master_slots[0].gen_mi_write.wdata_mux_w/gen_wmux.wmux_aw_fifo/gen_srls[0].gen_rep[0].srl_nx1/m_axi_wvalid[0]_INST_0/O
                         net (fo=5, routed)           0.734     5.702    design_1_i/cg_fpga_0/inst/axi_mem_intercon/m00_couplers/auto_pc/inst/gen_axi4_axi3.axi3_conv_inst/USE_WRITE.write_addr_inst/USE_BURSTS.cmd_queue/inst/s_axi_wvalid
    SLICE_X26Y55         LUT3 (Prop_lut3_I2_O)        0.116     5.818 r  design_1_i/cg_fpga_0/inst/axi_mem_intercon/m00_couplers/auto_pc/inst/gen_axi4_axi3.axi3_conv_inst/USE_WRITE.write_addr_inst/USE_BURSTS.cmd_queue/inst/s_axi_wready_INST_0/O
                         net (fo=12, routed)          0.783     6.601    design_1_i/cg_fpga_0/inst/axi_mem_intercon/xbar/inst/gen_samd.crossbar_samd/gen_master_slots[0].gen_mi_write.wdata_mux_w/gen_wmux.wmux_aw_fifo/m_axi_wready[0]
    SLICE_X28Y52         LUT4 (Prop_lut4_I2_O)        0.357     6.958 r  design_1_i/cg_fpga_0/inst/axi_mem_intercon/xbar/inst/gen_samd.crossbar_samd/gen_master_slots[0].gen_mi_write.wdata_mux_w/gen_wmux.wmux_aw_fifo/s_axi_wready[1]_INST_0_i_1/O
                         net (fo=7, routed)           0.359     7.317    design_1_i/cg_fpga_0/inst/axi_mem_intercon/xbar/inst/gen_samd.crossbar_samd/gen_slave_slots[1].gen_si_write.wdata_router_w/wrouter_aw_fifo/gen_primitive_shifter.gen_srls[0].srl_inst_1
    SLICE_X30Y52         LUT6 (Prop_lut6_I1_O)        0.327     7.644 r  design_1_i/cg_fpga_0/inst/axi_mem_intercon/xbar/inst/gen_samd.crossbar_samd/gen_slave_slots[1].gen_si_write.wdata_router_w/wrouter_aw_fifo/s_axi_wready[1]_INST_0/O
                         net (fo=3, routed)           1.069     8.713    design_1_i/cg_fpga_0/inst/cg_axi_vdma_0/U0/I_PRMRY_DATAMOVER/GEN_S2MM_FULL.I_S2MM_FULL_WRAPPER/I_S2MM_MMAP_SKID_BUF/m_axi_s2mm_wready
    SLICE_X20Y43         LUT2 (Prop_lut2_I0_O)        0.124     8.837 r  design_1_i/cg_fpga_0/inst/cg_axi_vdma_0/U0/I_PRMRY_DATAMOVER/GEN_S2MM_FULL.I_S2MM_FULL_WRAPPER/I_S2MM_MMAP_SKID_BUF/sig_data_reg_out[63]_i_1/O
                         net (fo=73, routed)          0.947     9.783    design_1_i/cg_fpga_0/inst/cg_axi_vdma_0/U0/I_PRMRY_DATAMOVER/GEN_S2MM_FULL.I_S2MM_FULL_WRAPPER/I_S2MM_MMAP_SKID_BUF/sig_data_reg_out_en
    SLICE_X11Y46         FDRE                                         r  design_1_i/cg_fpga_0/inst/cg_axi_vdma_0/U0/I_PRMRY_DATAMOVER/GEN_S2MM_FULL.I_S2MM_FULL_WRAPPER/I_S2MM_MMAP_SKID_BUF/sig_data_reg_out_reg[41]/CE
  -------------------------------------------------------------------    -------------------

                         (clock clk_fpga_0 rise edge)
                                                     10.000    10.000 r  
    PS7_X0Y0             PS7                          0.000    10.000 r  design_1_i/cg_fpga_0/inst/processing_system7_0/inst/PS7_i/FCLKCLK[0]
                         net (fo=1, routed)           1.088    11.088    design_1_i/cg_fpga_0/inst/processing_system7_0/inst/FCLK_CLK_unbuffered[0]
    BUFGCTRL_X0Y16       BUFG (Prop_bufg_I_O)         0.091    11.179 r  design_1_i/cg_fpga_0/inst/processing_system7_0/inst/buffer_fclk_clk_0.FCLK_CLK_0_BUFG/O
                         net (fo=6956, routed)        1.581    12.760    design_1_i/cg_fpga_0/inst/cg_axi_vdma_0/U0/I_PRMRY_DATAMOVER/GEN_S2MM_FULL.I_S2MM_FULL_WRAPPER/I_S2MM_MMAP_SKID_BUF/s_axi_lite_aclk
    SLICE_X11Y46         FDRE                                         r  design_1_i/cg_fpga_0/inst/cg_axi_vdma_0/U0/I_PRMRY_DATAMOVER/GEN_S2MM_FULL.I_S2MM_FULL_WRAPPER/I_S2MM_MMAP_SKID_BUF/sig_data_reg_out_reg[41]/C
                         clock pessimism              0.230    12.990    
                         clock uncertainty           -0.154    12.836    
    SLICE_X11Y46         FDRE (Setup_fdre_C_CE)      -0.205    12.631    design_1_i/cg_fpga_0/inst/cg_axi_vdma_0/U0/I_PRMRY_DATAMOVER/GEN_S2MM_FULL.I_S2MM_FULL_WRAPPER/I_S2MM_MMAP_SKID_BUF/sig_data_reg_out_reg[41]
  -------------------------------------------------------------------
                         required time                         12.631    
                         arrival time                          -9.783    
  -------------------------------------------------------------------
                         slack                                  2.848    

Slack (MET) :             2.884ns  (required time - arrival time)
  Source:                 design_1_i/cg_fpga_0/inst/cg_axi_vdma_0/U0/I_PRMRY_DATAMOVER/GEN_S2MM_FULL.I_S2MM_FULL_WRAPPER/I_S2MM_MMAP_SKID_BUF/sig_m_valid_out_reg/C
                            (rising edge-triggered cell FDRE clocked by clk_fpga_0  {rise@0.000ns fall@5.000ns period=10.000ns})
  Destination:            design_1_i/cg_fpga_0/inst/cg_axi_vdma_0/U0/I_PRMRY_DATAMOVER/GEN_S2MM_FULL.I_S2MM_FULL_WRAPPER/I_S2MM_MMAP_SKID_BUF/sig_data_reg_out_reg[16]/CE
                            (rising edge-triggered cell FDRE clocked by clk_fpga_0  {rise@0.000ns fall@5.000ns period=10.000ns})
  Path Group:             clk_fpga_0
  Path Type:              Setup (Max at Slow Process Corner)
  Requirement:            10.000ns  (clk_fpga_0 rise@10.000ns - clk_fpga_0 rise@0.000ns)
  Data Path Delay:        6.699ns  (logic 1.504ns (22.452%)  route 5.195ns (77.548%))
  Logic Levels:           5  (LUT2=1 LUT3=1 LUT4=1 LUT5=1 LUT6=1)
  Clock Path Skew:        -0.058ns (DCD - SCD + CPR)
    Destination Clock Delay (DCD):    2.760ns = ( 12.760 - 10.000 ) 
    Source Clock Delay      (SCD):    3.047ns
    Clock Pessimism Removal (CPR):    0.230ns
  Clock Uncertainty:      0.154ns  ((TSJ^2 + TIJ^2)^1/2 + DJ) / 2 + PE
    Total System Jitter     (TSJ):    0.071ns
    Total Input Jitter      (TIJ):    0.300ns
    Discrete Jitter          (DJ):    0.000ns
    Phase Error              (PE):    0.000ns

    Location             Delay type                Incr(ns)  Path(ns)    Netlist Resource(s)
  -------------------------------------------------------------------    -------------------
                         (clock clk_fpga_0 rise edge)
                                                      0.000     0.000 r  
    PS7_X0Y0             PS7                          0.000     0.000 r  design_1_i/cg_fpga_0/inst/processing_system7_0/inst/PS7_i/FCLKCLK[0]
                         net (fo=1, routed)           1.193     1.193    design_1_i/cg_fpga_0/inst/processing_system7_0/inst/FCLK_CLK_unbuffered[0]
    BUFGCTRL_X0Y16       BUFG (Prop_bufg_I_O)         0.101     1.294 r  design_1_i/cg_fpga_0/inst/processing_system7_0/inst/buffer_fclk_clk_0.FCLK_CLK_0_BUFG/O
                         net (fo=6956, routed)        1.753     3.047    design_1_i/cg_fpga_0/inst/cg_axi_vdma_0/U0/I_PRMRY_DATAMOVER/GEN_S2MM_FULL.I_S2MM_FULL_WRAPPER/I_S2MM_MMAP_SKID_BUF/s_axi_lite_aclk
    SLICE_X23Y44         FDRE                                         r  design_1_i/cg_fpga_0/inst/cg_axi_vdma_0/U0/I_PRMRY_DATAMOVER/GEN_S2MM_FULL.I_S2MM_FULL_WRAPPER/I_S2MM_MMAP_SKID_BUF/sig_m_valid_out_reg/C
  -------------------------------------------------------------------    -------------------
    SLICE_X23Y44         FDRE (Prop_fdre_C_Q)         0.456     3.503 r  design_1_i/cg_fpga_0/inst/cg_axi_vdma_0/U0/I_PRMRY_DATAMOVER/GEN_S2MM_FULL.I_S2MM_FULL_WRAPPER/I_S2MM_MMAP_SKID_BUF/sig_m_valid_out_reg/Q
                         net (fo=8, routed)           1.341     4.844    design_1_i/cg_fpga_0/inst/axi_mem_intercon/xbar/inst/gen_samd.crossbar_samd/gen_master_slots[0].gen_mi_write.wdata_mux_w/gen_wmux.wmux_aw_fifo/gen_srls[0].gen_rep[0].srl_nx1/s_axi_wvalid[0]
    SLICE_X29Y53         LUT5 (Prop_lut5_I3_O)        0.124     4.968 r  design_1_i/cg_fpga_0/inst/axi_mem_intercon/xbar/inst/gen_samd.crossbar_samd/gen_master_slots[0].gen_mi_write.wdata_mux_w/gen_wmux.wmux_aw_fifo/gen_srls[0].gen_rep[0].srl_nx1/m_axi_wvalid[0]_INST_0/O
                         net (fo=5, routed)           0.734     5.702    design_1_i/cg_fpga_0/inst/axi_mem_intercon/m00_couplers/auto_pc/inst/gen_axi4_axi3.axi3_conv_inst/USE_WRITE.write_addr_inst/USE_BURSTS.cmd_queue/inst/s_axi_wvalid
    SLICE_X26Y55         LUT3 (Prop_lut3_I2_O)        0.116     5.818 r  design_1_i/cg_fpga_0/inst/axi_mem_intercon/m00_couplers/auto_pc/inst/gen_axi4_axi3.axi3_conv_inst/USE_WRITE.write_addr_inst/USE_BURSTS.cmd_queue/inst/s_axi_wready_INST_0/O
                         net (fo=12, routed)          0.783     6.601    design_1_i/cg_fpga_0/inst/axi_mem_intercon/xbar/inst/gen_samd.crossbar_samd/gen_master_slots[0].gen_mi_write.wdata_mux_w/gen_wmux.wmux_aw_fifo/m_axi_wready[0]
    SLICE_X28Y52         LUT4 (Prop_lut4_I2_O)        0.357     6.958 r  design_1_i/cg_fpga_0/inst/axi_mem_intercon/xbar/inst/gen_samd.crossbar_samd/gen_master_slots[0].gen_mi_write.wdata_mux_w/gen_wmux.wmux_aw_fifo/s_axi_wready[1]_INST_0_i_1/O
                         net (fo=7, routed)           0.359     7.317    design_1_i/cg_fpga_0/inst/axi_mem_intercon/xbar/inst/gen_samd.crossbar_samd/gen_slave_slots[1].gen_si_write.wdata_router_w/wrouter_aw_fifo/gen_primitive_shifter.gen_srls[0].srl_inst_1
    SLICE_X30Y52         LUT6 (Prop_lut6_I1_O)        0.327     7.644 r  design_1_i/cg_fpga_0/inst/axi_mem_intercon/xbar/inst/gen_samd.crossbar_samd/gen_slave_slots[1].gen_si_write.wdata_router_w/wrouter_aw_fifo/s_axi_wready[1]_INST_0/O
                         net (fo=3, routed)           1.069     8.713    design_1_i/cg_fpga_0/inst/cg_axi_vdma_0/U0/I_PRMRY_DATAMOVER/GEN_S2MM_FULL.I_S2MM_FULL_WRAPPER/I_S2MM_MMAP_SKID_BUF/m_axi_s2mm_wready
    SLICE_X20Y43         LUT2 (Prop_lut2_I0_O)        0.124     8.837 r  design_1_i/cg_fpga_0/inst/cg_axi_vdma_0/U0/I_PRMRY_DATAMOVER/GEN_S2MM_FULL.I_S2MM_FULL_WRAPPER/I_S2MM_MMAP_SKID_BUF/sig_data_reg_out[63]_i_1/O
                         net (fo=73, routed)          0.909     9.746    design_1_i/cg_fpga_0/inst/cg_axi_vdma_0/U0/I_PRMRY_DATAMOVER/GEN_S2MM_FULL.I_S2MM_FULL_WRAPPER/I_S2MM_MMAP_SKID_BUF/sig_data_reg_out_en
    SLICE_X11Y42         FDRE                                         r  design_1_i/cg_fpga_0/inst/cg_axi_vdma_0/U0/I_PRMRY_DATAMOVER/GEN_S2MM_FULL.I_S2MM_FULL_WRAPPER/I_S2MM_MMAP_SKID_BUF/sig_data_reg_out_reg[16]/CE
  -------------------------------------------------------------------    -------------------

                         (clock clk_fpga_0 rise edge)
                                                     10.000    10.000 r  
    PS7_X0Y0             PS7                          0.000    10.000 r  design_1_i/cg_fpga_0/inst/processing_system7_0/inst/PS7_i/FCLKCLK[0]
                         net (fo=1, routed)           1.088    11.088    design_1_i/cg_fpga_0/inst/processing_system7_0/inst/FCLK_CLK_unbuffered[0]
    BUFGCTRL_X0Y16       BUFG (Prop_bufg_I_O)         0.091    11.179 r  design_1_i/cg_fpga_0/inst/processing_system7_0/inst/buffer_fclk_clk_0.FCLK_CLK_0_BUFG/O
                         net (fo=6956, routed)        1.580    12.760    design_1_i/cg_fpga_0/inst/cg_axi_vdma_0/U0/I_PRMRY_DATAMOVER/GEN_S2MM_FULL.I_S2MM_FULL_WRAPPER/I_S2MM_MMAP_SKID_BUF/s_axi_lite_aclk
    SLICE_X11Y42         FDRE                                         r  design_1_i/cg_fpga_0/inst/cg_axi_vdma_0/U0/I_PRMRY_DATAMOVER/GEN_S2MM_FULL.I_S2MM_FULL_WRAPPER/I_S2MM_MMAP_SKID_BUF/sig_data_reg_out_reg[16]/C
                         clock pessimism              0.230    12.989    
                         clock uncertainty           -0.154    12.835    
    SLICE_X11Y42         FDRE (Setup_fdre_C_CE)      -0.205    12.630    design_1_i/cg_fpga_0/inst/cg_axi_vdma_0/U0/I_PRMRY_DATAMOVER/GEN_S2MM_FULL.I_S2MM_FULL_WRAPPER/I_S2MM_MMAP_SKID_BUF/sig_data_reg_out_reg[16]
  -------------------------------------------------------------------
                         required time                         12.630    
                         arrival time                          -9.746    
  -------------------------------------------------------------------
                         slack                                  2.884    

Slack (MET) :             2.884ns  (required time - arrival time)
  Source:                 design_1_i/cg_fpga_0/inst/cg_axi_vdma_0/U0/I_PRMRY_DATAMOVER/GEN_S2MM_FULL.I_S2MM_FULL_WRAPPER/I_S2MM_MMAP_SKID_BUF/sig_m_valid_out_reg/C
                            (rising edge-triggered cell FDRE clocked by clk_fpga_0  {rise@0.000ns fall@5.000ns period=10.000ns})
  Destination:            design_1_i/cg_fpga_0/inst/cg_axi_vdma_0/U0/I_PRMRY_DATAMOVER/GEN_S2MM_FULL.I_S2MM_FULL_WRAPPER/I_S2MM_MMAP_SKID_BUF/sig_data_reg_out_reg[28]/CE
                            (rising edge-triggered cell FDRE clocked by clk_fpga_0  {rise@0.000ns fall@5.000ns period=10.000ns})
  Path Group:             clk_fpga_0
  Path Type:              Setup (Max at Slow Process Corner)
  Requirement:            10.000ns  (clk_fpga_0 rise@10.000ns - clk_fpga_0 rise@0.000ns)
  Data Path Delay:        6.699ns  (logic 1.504ns (22.452%)  route 5.195ns (77.548%))
  Logic Levels:           5  (LUT2=1 LUT3=1 LUT4=1 LUT5=1 LUT6=1)
  Clock Path Skew:        -0.058ns (DCD - SCD + CPR)
    Destination Clock Delay (DCD):    2.760ns = ( 12.760 - 10.000 ) 
    Source Clock Delay      (SCD):    3.047ns
    Clock Pessimism Removal (CPR):    0.230ns
  Clock Uncertainty:      0.154ns  ((TSJ^2 + TIJ^2)^1/2 + DJ) / 2 + PE
    Total System Jitter     (TSJ):    0.071ns
    Total Input Jitter      (TIJ):    0.300ns
    Discrete Jitter          (DJ):    0.000ns
    Phase Error              (PE):    0.000ns

    Location             Delay type                Incr(ns)  Path(ns)    Netlist Resource(s)
  -------------------------------------------------------------------    -------------------
                         (clock clk_fpga_0 rise edge)
                                                      0.000     0.000 r  
    PS7_X0Y0             PS7                          0.000     0.000 r  design_1_i/cg_fpga_0/inst/processing_system7_0/inst/PS7_i/FCLKCLK[0]
                         net (fo=1, routed)           1.193     1.193    design_1_i/cg_fpga_0/inst/processing_system7_0/inst/FCLK_CLK_unbuffered[0]
    BUFGCTRL_X0Y16       BUFG (Prop_bufg_I_O)         0.101     1.294 r  design_1_i/cg_fpga_0/inst/processing_system7_0/inst/buffer_fclk_clk_0.FCLK_CLK_0_BUFG/O
                         net (fo=6956, routed)        1.753     3.047    design_1_i/cg_fpga_0/inst/cg_axi_vdma_0/U0/I_PRMRY_DATAMOVER/GEN_S2MM_FULL.I_S2MM_FULL_WRAPPER/I_S2MM_MMAP_SKID_BUF/s_axi_lite_aclk
    SLICE_X23Y44         FDRE                                         r  design_1_i/cg_fpga_0/inst/cg_axi_vdma_0/U0/I_PRMRY_DATAMOVER/GEN_S2MM_FULL.I_S2MM_FULL_WRAPPER/I_S2MM_MMAP_SKID_BUF/sig_m_valid_out_reg/C
  -------------------------------------------------------------------    -------------------
    SLICE_X23Y44         FDRE (Prop_fdre_C_Q)         0.456     3.503 r  design_1_i/cg_fpga_0/inst/cg_axi_vdma_0/U0/I_PRMRY_DATAMOVER/GEN_S2MM_FULL.I_S2MM_FULL_WRAPPER/I_S2MM_MMAP_SKID_BUF/sig_m_valid_out_reg/Q
                         net (fo=8, routed)           1.341     4.844    design_1_i/cg_fpga_0/inst/axi_mem_intercon/xbar/inst/gen_samd.crossbar_samd/gen_master_slots[0].gen_mi_write.wdata_mux_w/gen_wmux.wmux_aw_fifo/gen_srls[0].gen_rep[0].srl_nx1/s_axi_wvalid[0]
    SLICE_X29Y53         LUT5 (Prop_lut5_I3_O)        0.124     4.968 r  design_1_i/cg_fpga_0/inst/axi_mem_intercon/xbar/inst/gen_samd.crossbar_samd/gen_master_slots[0].gen_mi_write.wdata_mux_w/gen_wmux.wmux_aw_fifo/gen_srls[0].gen_rep[0].srl_nx1/m_axi_wvalid[0]_INST_0/O
                         net (fo=5, routed)           0.734     5.702    design_1_i/cg_fpga_0/inst/axi_mem_intercon/m00_couplers/auto_pc/inst/gen_axi4_axi3.axi3_conv_inst/USE_WRITE.write_addr_inst/USE_BURSTS.cmd_queue/inst/s_axi_wvalid
    SLICE_X26Y55         LUT3 (Prop_lut3_I2_O)        0.116     5.818 r  design_1_i/cg_fpga_0/inst/axi_mem_intercon/m00_couplers/auto_pc/inst/gen_axi4_axi3.axi3_conv_inst/USE_WRITE.write_addr_inst/USE_BURSTS.cmd_queue/inst/s_axi_wready_INST_0/O
                         net (fo=12, routed)          0.783     6.601    design_1_i/cg_fpga_0/inst/axi_mem_intercon/xbar/inst/gen_samd.crossbar_samd/gen_master_slots[0].gen_mi_write.wdata_mux_w/gen_wmux.wmux_aw_fifo/m_axi_wready[0]
    SLICE_X28Y52         LUT4 (Prop_lut4_I2_O)        0.357     6.958 r  design_1_i/cg_fpga_0/inst/axi_mem_intercon/xbar/inst/gen_samd.crossbar_samd/gen_master_slots[0].gen_mi_write.wdata_mux_w/gen_wmux.wmux_aw_fifo/s_axi_wready[1]_INST_0_i_1/O
                         net (fo=7, routed)           0.359     7.317    design_1_i/cg_fpga_0/inst/axi_mem_intercon/xbar/inst/gen_samd.crossbar_samd/gen_slave_slots[1].gen_si_write.wdata_router_w/wrouter_aw_fifo/gen_primitive_shifter.gen_srls[0].srl_inst_1
    SLICE_X30Y52         LUT6 (Prop_lut6_I1_O)        0.327     7.644 r  design_1_i/cg_fpga_0/inst/axi_mem_intercon/xbar/inst/gen_samd.crossbar_samd/gen_slave_slots[1].gen_si_write.wdata_router_w/wrouter_aw_fifo/s_axi_wready[1]_INST_0/O
                         net (fo=3, routed)           1.069     8.713    design_1_i/cg_fpga_0/inst/cg_axi_vdma_0/U0/I_PRMRY_DATAMOVER/GEN_S2MM_FULL.I_S2MM_FULL_WRAPPER/I_S2MM_MMAP_SKID_BUF/m_axi_s2mm_wready
    SLICE_X20Y43         LUT2 (Prop_lut2_I0_O)        0.124     8.837 r  design_1_i/cg_fpga_0/inst/cg_axi_vdma_0/U0/I_PRMRY_DATAMOVER/GEN_S2MM_FULL.I_S2MM_FULL_WRAPPER/I_S2MM_MMAP_SKID_BUF/sig_data_reg_out[63]_i_1/O
                         net (fo=73, routed)          0.909     9.746    design_1_i/cg_fpga_0/inst/cg_axi_vdma_0/U0/I_PRMRY_DATAMOVER/GEN_S2MM_FULL.I_S2MM_FULL_WRAPPER/I_S2MM_MMAP_SKID_BUF/sig_data_reg_out_en
    SLICE_X11Y42         FDRE                                         r  design_1_i/cg_fpga_0/inst/cg_axi_vdma_0/U0/I_PRMRY_DATAMOVER/GEN_S2MM_FULL.I_S2MM_FULL_WRAPPER/I_S2MM_MMAP_SKID_BUF/sig_data_reg_out_reg[28]/CE
  -------------------------------------------------------------------    -------------------

                         (clock clk_fpga_0 rise edge)
                                                     10.000    10.000 r  
    PS7_X0Y0             PS7                          0.000    10.000 r  design_1_i/cg_fpga_0/inst/processing_system7_0/inst/PS7_i/FCLKCLK[0]
                         net (fo=1, routed)           1.088    11.088    design_1_i/cg_fpga_0/inst/processing_system7_0/inst/FCLK_CLK_unbuffered[0]
    BUFGCTRL_X0Y16       BUFG (Prop_bufg_I_O)         0.091    11.179 r  design_1_i/cg_fpga_0/inst/processing_system7_0/inst/buffer_fclk_clk_0.FCLK_CLK_0_BUFG/O
                         net (fo=6956, routed)        1.580    12.760    design_1_i/cg_fpga_0/inst/cg_axi_vdma_0/U0/I_PRMRY_DATAMOVER/GEN_S2MM_FULL.I_S2MM_FULL_WRAPPER/I_S2MM_MMAP_SKID_BUF/s_axi_lite_aclk
    SLICE_X11Y42         FDRE                                         r  design_1_i/cg_fpga_0/inst/cg_axi_vdma_0/U0/I_PRMRY_DATAMOVER/GEN_S2MM_FULL.I_S2MM_FULL_WRAPPER/I_S2MM_MMAP_SKID_BUF/sig_data_reg_out_reg[28]/C
                         clock pessimism              0.230    12.989    
                         clock uncertainty           -0.154    12.835    
    SLICE_X11Y42         FDRE (Setup_fdre_C_CE)      -0.205    12.630    design_1_i/cg_fpga_0/inst/cg_axi_vdma_0/U0/I_PRMRY_DATAMOVER/GEN_S2MM_FULL.I_S2MM_FULL_WRAPPER/I_S2MM_MMAP_SKID_BUF/sig_data_reg_out_reg[28]
  -------------------------------------------------------------------
                         required time                         12.630    
                         arrival time                          -9.746    
  -------------------------------------------------------------------
                         slack                                  2.884    

Slack (MET) :             2.884ns  (required time - arrival time)
  Source:                 design_1_i/cg_fpga_0/inst/cg_axi_vdma_0/U0/I_PRMRY_DATAMOVER/GEN_S2MM_FULL.I_S2MM_FULL_WRAPPER/I_S2MM_MMAP_SKID_BUF/sig_m_valid_out_reg/C
                            (rising edge-triggered cell FDRE clocked by clk_fpga_0  {rise@0.000ns fall@5.000ns period=10.000ns})
  Destination:            design_1_i/cg_fpga_0/inst/cg_axi_vdma_0/U0/I_PRMRY_DATAMOVER/GEN_S2MM_FULL.I_S2MM_FULL_WRAPPER/I_S2MM_MMAP_SKID_BUF/sig_data_reg_out_reg[36]/CE
                            (rising edge-triggered cell FDRE clocked by clk_fpga_0  {rise@0.000ns fall@5.000ns period=10.000ns})
  Path Group:             clk_fpga_0
  Path Type:              Setup (Max at Slow Process Corner)
  Requirement:            10.000ns  (clk_fpga_0 rise@10.000ns - clk_fpga_0 rise@0.000ns)
  Data Path Delay:        6.699ns  (logic 1.504ns (22.452%)  route 5.195ns (77.548%))
  Logic Levels:           5  (LUT2=1 LUT3=1 LUT4=1 LUT5=1 LUT6=1)
  Clock Path Skew:        -0.058ns (DCD - SCD + CPR)
    Destination Clock Delay (DCD):    2.760ns = ( 12.760 - 10.000 ) 
    Source Clock Delay      (SCD):    3.047ns
    Clock Pessimism Removal (CPR):    0.230ns
  Clock Uncertainty:      0.154ns  ((TSJ^2 + TIJ^2)^1/2 + DJ) / 2 + PE
    Total System Jitter     (TSJ):    0.071ns
    Total Input Jitter      (TIJ):    0.300ns
    Discrete Jitter          (DJ):    0.000ns
    Phase Error              (PE):    0.000ns

    Location             Delay type                Incr(ns)  Path(ns)    Netlist Resource(s)
  -------------------------------------------------------------------    -------------------
                         (clock clk_fpga_0 rise edge)
                                                      0.000     0.000 r  
    PS7_X0Y0             PS7                          0.000     0.000 r  design_1_i/cg_fpga_0/inst/processing_system7_0/inst/PS7_i/FCLKCLK[0]
                         net (fo=1, routed)           1.193     1.193    design_1_i/cg_fpga_0/inst/processing_system7_0/inst/FCLK_CLK_unbuffered[0]
    BUFGCTRL_X0Y16       BUFG (Prop_bufg_I_O)         0.101     1.294 r  design_1_i/cg_fpga_0/inst/processing_system7_0/inst/buffer_fclk_clk_0.FCLK_CLK_0_BUFG/O
                         net (fo=6956, routed)        1.753     3.047    design_1_i/cg_fpga_0/inst/cg_axi_vdma_0/U0/I_PRMRY_DATAMOVER/GEN_S2MM_FULL.I_S2MM_FULL_WRAPPER/I_S2MM_MMAP_SKID_BUF/s_axi_lite_aclk
    SLICE_X23Y44         FDRE                                         r  design_1_i/cg_fpga_0/inst/cg_axi_vdma_0/U0/I_PRMRY_DATAMOVER/GEN_S2MM_FULL.I_S2MM_FULL_WRAPPER/I_S2MM_MMAP_SKID_BUF/sig_m_valid_out_reg/C
  -------------------------------------------------------------------    -------------------
    SLICE_X23Y44         FDRE (Prop_fdre_C_Q)         0.456     3.503 r  design_1_i/cg_fpga_0/inst/cg_axi_vdma_0/U0/I_PRMRY_DATAMOVER/GEN_S2MM_FULL.I_S2MM_FULL_WRAPPER/I_S2MM_MMAP_SKID_BUF/sig_m_valid_out_reg/Q
                         net (fo=8, routed)           1.341     4.844    design_1_i/cg_fpga_0/inst/axi_mem_intercon/xbar/inst/gen_samd.crossbar_samd/gen_master_slots[0].gen_mi_write.wdata_mux_w/gen_wmux.wmux_aw_fifo/gen_srls[0].gen_rep[0].srl_nx1/s_axi_wvalid[0]
    SLICE_X29Y53         LUT5 (Prop_lut5_I3_O)        0.124     4.968 r  design_1_i/cg_fpga_0/inst/axi_mem_intercon/xbar/inst/gen_samd.crossbar_samd/gen_master_slots[0].gen_mi_write.wdata_mux_w/gen_wmux.wmux_aw_fifo/gen_srls[0].gen_rep[0].srl_nx1/m_axi_wvalid[0]_INST_0/O
                         net (fo=5, routed)           0.734     5.702    design_1_i/cg_fpga_0/inst/axi_mem_intercon/m00_couplers/auto_pc/inst/gen_axi4_axi3.axi3_conv_inst/USE_WRITE.write_addr_inst/USE_BURSTS.cmd_queue/inst/s_axi_wvalid
    SLICE_X26Y55         LUT3 (Prop_lut3_I2_O)        0.116     5.818 r  design_1_i/cg_fpga_0/inst/axi_mem_intercon/m00_couplers/auto_pc/inst/gen_axi4_axi3.axi3_conv_inst/USE_WRITE.write_addr_inst/USE_BURSTS.cmd_queue/inst/s_axi_wready_INST_0/O
                         net (fo=12, routed)          0.783     6.601    design_1_i/cg_fpga_0/inst/axi_mem_intercon/xbar/inst/gen_samd.crossbar_samd/gen_master_slots[0].gen_mi_write.wdata_mux_w/gen_wmux.wmux_aw_fifo/m_axi_wready[0]
    SLICE_X28Y52         LUT4 (Prop_lut4_I2_O)        0.357     6.958 r  design_1_i/cg_fpga_0/inst/axi_mem_intercon/xbar/inst/gen_samd.crossbar_samd/gen_master_slots[0].gen_mi_write.wdata_mux_w/gen_wmux.wmux_aw_fifo/s_axi_wready[1]_INST_0_i_1/O
                         net (fo=7, routed)           0.359     7.317    design_1_i/cg_fpga_0/inst/axi_mem_intercon/xbar/inst/gen_samd.crossbar_samd/gen_slave_slots[1].gen_si_write.wdata_router_w/wrouter_aw_fifo/gen_primitive_shifter.gen_srls[0].srl_inst_1
    SLICE_X30Y52         LUT6 (Prop_lut6_I1_O)        0.327     7.644 r  design_1_i/cg_fpga_0/inst/axi_mem_intercon/xbar/inst/gen_samd.crossbar_samd/gen_slave_slots[1].gen_si_write.wdata_router_w/wrouter_aw_fifo/s_axi_wready[1]_INST_0/O
                         net (fo=3, routed)           1.069     8.713    design_1_i/cg_fpga_0/inst/cg_axi_vdma_0/U0/I_PRMRY_DATAMOVER/GEN_S2MM_FULL.I_S2MM_FULL_WRAPPER/I_S2MM_MMAP_SKID_BUF/m_axi_s2mm_wready
    SLICE_X20Y43         LUT2 (Prop_lut2_I0_O)        0.124     8.837 r  design_1_i/cg_fpga_0/inst/cg_axi_vdma_0/U0/I_PRMRY_DATAMOVER/GEN_S2MM_FULL.I_S2MM_FULL_WRAPPER/I_S2MM_MMAP_SKID_BUF/sig_data_reg_out[63]_i_1/O
                         net (fo=73, routed)          0.909     9.746    design_1_i/cg_fpga_0/inst/cg_axi_vdma_0/U0/I_PRMRY_DATAMOVER/GEN_S2MM_FULL.I_S2MM_FULL_WRAPPER/I_S2MM_MMAP_SKID_BUF/sig_data_reg_out_en
    SLICE_X11Y42         FDRE                                         r  design_1_i/cg_fpga_0/inst/cg_axi_vdma_0/U0/I_PRMRY_DATAMOVER/GEN_S2MM_FULL.I_S2MM_FULL_WRAPPER/I_S2MM_MMAP_SKID_BUF/sig_data_reg_out_reg[36]/CE
  -------------------------------------------------------------------    -------------------

                         (clock clk_fpga_0 rise edge)
                                                     10.000    10.000 r  
    PS7_X0Y0             PS7                          0.000    10.000 r  design_1_i/cg_fpga_0/inst/processing_system7_0/inst/PS7_i/FCLKCLK[0]
                         net (fo=1, routed)           1.088    11.088    design_1_i/cg_fpga_0/inst/processing_system7_0/inst/FCLK_CLK_unbuffered[0]
    BUFGCTRL_X0Y16       BUFG (Prop_bufg_I_O)         0.091    11.179 r  design_1_i/cg_fpga_0/inst/processing_system7_0/inst/buffer_fclk_clk_0.FCLK_CLK_0_BUFG/O
                         net (fo=6956, routed)        1.580    12.760    design_1_i/cg_fpga_0/inst/cg_axi_vdma_0/U0/I_PRMRY_DATAMOVER/GEN_S2MM_FULL.I_S2MM_FULL_WRAPPER/I_S2MM_MMAP_SKID_BUF/s_axi_lite_aclk
    SLICE_X11Y42         FDRE                                         r  design_1_i/cg_fpga_0/inst/cg_axi_vdma_0/U0/I_PRMRY_DATAMOVER/GEN_S2MM_FULL.I_S2MM_FULL_WRAPPER/I_S2MM_MMAP_SKID_BUF/sig_data_reg_out_reg[36]/C
                         clock pessimism              0.230    12.989    
                         clock uncertainty           -0.154    12.835    
    SLICE_X11Y42         FDRE (Setup_fdre_C_CE)      -0.205    12.630    design_1_i/cg_fpga_0/inst/cg_axi_vdma_0/U0/I_PRMRY_DATAMOVER/GEN_S2MM_FULL.I_S2MM_FULL_WRAPPER/I_S2MM_MMAP_SKID_BUF/sig_data_reg_out_reg[36]
  -------------------------------------------------------------------
                         required time                         12.630    
                         arrival time                          -9.746    
  -------------------------------------------------------------------
                         slack                                  2.884    

Slack (MET) :             2.884ns  (required time - arrival time)
  Source:                 design_1_i/cg_fpga_0/inst/cg_axi_vdma_0/U0/I_PRMRY_DATAMOVER/GEN_S2MM_FULL.I_S2MM_FULL_WRAPPER/I_S2MM_MMAP_SKID_BUF/sig_m_valid_out_reg/C
                            (rising edge-triggered cell FDRE clocked by clk_fpga_0  {rise@0.000ns fall@5.000ns period=10.000ns})
  Destination:            design_1_i/cg_fpga_0/inst/cg_axi_vdma_0/U0/I_PRMRY_DATAMOVER/GEN_S2MM_FULL.I_S2MM_FULL_WRAPPER/I_S2MM_MMAP_SKID_BUF/sig_data_reg_out_reg[50]/CE
                            (rising edge-triggered cell FDRE clocked by clk_fpga_0  {rise@0.000ns fall@5.000ns period=10.000ns})
  Path Group:             clk_fpga_0
  Path Type:              Setup (Max at Slow Process Corner)
  Requirement:            10.000ns  (clk_fpga_0 rise@10.000ns - clk_fpga_0 rise@0.000ns)
  Data Path Delay:        6.699ns  (logic 1.504ns (22.452%)  route 5.195ns (77.548%))
  Logic Levels:           5  (LUT2=1 LUT3=1 LUT4=1 LUT5=1 LUT6=1)
  Clock Path Skew:        -0.058ns (DCD - SCD + CPR)
    Destination Clock Delay (DCD):    2.760ns = ( 12.760 - 10.000 ) 
    Source Clock Delay      (SCD):    3.047ns
    Clock Pessimism Removal (CPR):    0.230ns
  Clock Uncertainty:      0.154ns  ((TSJ^2 + TIJ^2)^1/2 + DJ) / 2 + PE
    Total System Jitter     (TSJ):    0.071ns
    Total Input Jitter      (TIJ):    0.300ns
    Discrete Jitter          (DJ):    0.000ns
    Phase Error              (PE):    0.000ns

    Location             Delay type                Incr(ns)  Path(ns)    Netlist Resource(s)
  -------------------------------------------------------------------    -------------------
                         (clock clk_fpga_0 rise edge)
                                                      0.000     0.000 r  
    PS7_X0Y0             PS7                          0.000     0.000 r  design_1_i/cg_fpga_0/inst/processing_system7_0/inst/PS7_i/FCLKCLK[0]
                         net (fo=1, routed)           1.193     1.193    design_1_i/cg_fpga_0/inst/processing_system7_0/inst/FCLK_CLK_unbuffered[0]
    BUFGCTRL_X0Y16       BUFG (Prop_bufg_I_O)         0.101     1.294 r  design_1_i/cg_fpga_0/inst/processing_system7_0/inst/buffer_fclk_clk_0.FCLK_CLK_0_BUFG/O
                         net (fo=6956, routed)        1.753     3.047    design_1_i/cg_fpga_0/inst/cg_axi_vdma_0/U0/I_PRMRY_DATAMOVER/GEN_S2MM_FULL.I_S2MM_FULL_WRAPPER/I_S2MM_MMAP_SKID_BUF/s_axi_lite_aclk
    SLICE_X23Y44         FDRE                                         r  design_1_i/cg_fpga_0/inst/cg_axi_vdma_0/U0/I_PRMRY_DATAMOVER/GEN_S2MM_FULL.I_S2MM_FULL_WRAPPER/I_S2MM_MMAP_SKID_BUF/sig_m_valid_out_reg/C
  -------------------------------------------------------------------    -------------------
    SLICE_X23Y44         FDRE (Prop_fdre_C_Q)         0.456     3.503 r  design_1_i/cg_fpga_0/inst/cg_axi_vdma_0/U0/I_PRMRY_DATAMOVER/GEN_S2MM_FULL.I_S2MM_FULL_WRAPPER/I_S2MM_MMAP_SKID_BUF/sig_m_valid_out_reg/Q
                         net (fo=8, routed)           1.341     4.844    design_1_i/cg_fpga_0/inst/axi_mem_intercon/xbar/inst/gen_samd.crossbar_samd/gen_master_slots[0].gen_mi_write.wdata_mux_w/gen_wmux.wmux_aw_fifo/gen_srls[0].gen_rep[0].srl_nx1/s_axi_wvalid[0]
    SLICE_X29Y53         LUT5 (Prop_lut5_I3_O)        0.124     4.968 r  design_1_i/cg_fpga_0/inst/axi_mem_intercon/xbar/inst/gen_samd.crossbar_samd/gen_master_slots[0].gen_mi_write.wdata_mux_w/gen_wmux.wmux_aw_fifo/gen_srls[0].gen_rep[0].srl_nx1/m_axi_wvalid[0]_INST_0/O
                         net (fo=5, routed)           0.734     5.702    design_1_i/cg_fpga_0/inst/axi_mem_intercon/m00_couplers/auto_pc/inst/gen_axi4_axi3.axi3_conv_inst/USE_WRITE.write_addr_inst/USE_BURSTS.cmd_queue/inst/s_axi_wvalid
    SLICE_X26Y55         LUT3 (Prop_lut3_I2_O)        0.116     5.818 r  design_1_i/cg_fpga_0/inst/axi_mem_intercon/m00_couplers/auto_pc/inst/gen_axi4_axi3.axi3_conv_inst/USE_WRITE.write_addr_inst/USE_BURSTS.cmd_queue/inst/s_axi_wready_INST_0/O
                         net (fo=12, routed)          0.783     6.601    design_1_i/cg_fpga_0/inst/axi_mem_intercon/xbar/inst/gen_samd.crossbar_samd/gen_master_slots[0].gen_mi_write.wdata_mux_w/gen_wmux.wmux_aw_fifo/m_axi_wready[0]
    SLICE_X28Y52         LUT4 (Prop_lut4_I2_O)        0.357     6.958 r  design_1_i/cg_fpga_0/inst/axi_mem_intercon/xbar/inst/gen_samd.crossbar_samd/gen_master_slots[0].gen_mi_write.wdata_mux_w/gen_wmux.wmux_aw_fifo/s_axi_wready[1]_INST_0_i_1/O
                         net (fo=7, routed)           0.359     7.317    design_1_i/cg_fpga_0/inst/axi_mem_intercon/xbar/inst/gen_samd.crossbar_samd/gen_slave_slots[1].gen_si_write.wdata_router_w/wrouter_aw_fifo/gen_primitive_shifter.gen_srls[0].srl_inst_1
    SLICE_X30Y52         LUT6 (Prop_lut6_I1_O)        0.327     7.644 r  design_1_i/cg_fpga_0/inst/axi_mem_intercon/xbar/inst/gen_samd.crossbar_samd/gen_slave_slots[1].gen_si_write.wdata_router_w/wrouter_aw_fifo/s_axi_wready[1]_INST_0/O
                         net (fo=3, routed)           1.069     8.713    design_1_i/cg_fpga_0/inst/cg_axi_vdma_0/U0/I_PRMRY_DATAMOVER/GEN_S2MM_FULL.I_S2MM_FULL_WRAPPER/I_S2MM_MMAP_SKID_BUF/m_axi_s2mm_wready
    SLICE_X20Y43         LUT2 (Prop_lut2_I0_O)        0.124     8.837 r  design_1_i/cg_fpga_0/inst/cg_axi_vdma_0/U0/I_PRMRY_DATAMOVER/GEN_S2MM_FULL.I_S2MM_FULL_WRAPPER/I_S2MM_MMAP_SKID_BUF/sig_data_reg_out[63]_i_1/O
                         net (fo=73, routed)          0.909     9.746    design_1_i/cg_fpga_0/inst/cg_axi_vdma_0/U0/I_PRMRY_DATAMOVER/GEN_S2MM_FULL.I_S2MM_FULL_WRAPPER/I_S2MM_MMAP_SKID_BUF/sig_data_reg_out_en
    SLICE_X11Y42         FDRE                                         r  design_1_i/cg_fpga_0/inst/cg_axi_vdma_0/U0/I_PRMRY_DATAMOVER/GEN_S2MM_FULL.I_S2MM_FULL_WRAPPER/I_S2MM_MMAP_SKID_BUF/sig_data_reg_out_reg[50]/CE
  -------------------------------------------------------------------    -------------------

                         (clock clk_fpga_0 rise edge)
                                                     10.000    10.000 r  
    PS7_X0Y0             PS7                          0.000    10.000 r  design_1_i/cg_fpga_0/inst/processing_system7_0/inst/PS7_i/FCLKCLK[0]
                         net (fo=1, routed)           1.088    11.088    design_1_i/cg_fpga_0/inst/processing_system7_0/inst/FCLK_CLK_unbuffered[0]
    BUFGCTRL_X0Y16       BUFG (Prop_bufg_I_O)         0.091    11.179 r  design_1_i/cg_fpga_0/inst/processing_system7_0/inst/buffer_fclk_clk_0.FCLK_CLK_0_BUFG/O
                         net (fo=6956, routed)        1.580    12.760    design_1_i/cg_fpga_0/inst/cg_axi_vdma_0/U0/I_PRMRY_DATAMOVER/GEN_S2MM_FULL.I_S2MM_FULL_WRAPPER/I_S2MM_MMAP_SKID_BUF/s_axi_lite_aclk
    SLICE_X11Y42         FDRE                                         r  design_1_i/cg_fpga_0/inst/cg_axi_vdma_0/U0/I_PRMRY_DATAMOVER/GEN_S2MM_FULL.I_S2MM_FULL_WRAPPER/I_S2MM_MMAP_SKID_BUF/sig_data_reg_out_reg[50]/C
                         clock pessimism              0.230    12.989    
                         clock uncertainty           -0.154    12.835    
    SLICE_X11Y42         FDRE (Setup_fdre_C_CE)      -0.205    12.630    design_1_i/cg_fpga_0/inst/cg_axi_vdma_0/U0/I_PRMRY_DATAMOVER/GEN_S2MM_FULL.I_S2MM_FULL_WRAPPER/I_S2MM_MMAP_SKID_BUF/sig_data_reg_out_reg[50]
  -------------------------------------------------------------------
                         required time                         12.630    
                         arrival time                          -9.746    
  -------------------------------------------------------------------
                         slack                                  2.884    





Min Delay Paths
--------------------------------------------------------------------------------------
Slack (MET) :             0.018ns  (arrival time - required time)
  Source:                 design_1_i/cg_fpga_0/inst/cg_axi_vdma_0/U0/GEN_SPRT_FOR_MM2S.MM2S_REGISTER_MODULE_I/GEN_REG_DIRECT_MODE.REGDIRECT_I/GEN_NUM_FSTORES_3.reg_module_start_address3_i_reg[29]/C
                            (rising edge-triggered cell FDRE clocked by clk_fpga_0  {rise@0.000ns fall@5.000ns period=10.000ns})
  Destination:            design_1_i/cg_fpga_0/inst/cg_axi_vdma_0/U0/GEN_SPRT_FOR_MM2S.ADDR32.I_MM2S_DMA_MNGR/VIDEO_REG_I/GEN_REGISTER_DIRECT.GEN_REGDIRECT_DRES.VIDREGISTER_I/GEN_START_ADDR_REG[2].start_address_vid_reg[2][29]/D
                            (rising edge-triggered cell FDRE clocked by clk_fpga_0  {rise@0.000ns fall@5.000ns period=10.000ns})
  Path Group:             clk_fpga_0
  Path Type:              Hold (Min at Fast Process Corner)
  Requirement:            0.000ns  (clk_fpga_0 rise@0.000ns - clk_fpga_0 rise@0.000ns)
  Data Path Delay:        0.357ns  (logic 0.141ns (39.526%)  route 0.216ns (60.474%))
  Logic Levels:           0  
  Clock Path Skew:        0.267ns (DCD - SCD - CPR)
    Destination Clock Delay (DCD):    1.182ns
    Source Clock Delay      (SCD):    0.880ns
    Clock Pessimism Removal (CPR):    0.035ns

    Location             Delay type                Incr(ns)  Path(ns)    Netlist Resource(s)
  -------------------------------------------------------------------    -------------------
                         (clock clk_fpga_0 rise edge)
                                                      0.000     0.000 r  
    PS7_X0Y0             PS7                          0.000     0.000 r  design_1_i/cg_fpga_0/inst/processing_system7_0/inst/PS7_i/FCLKCLK[0]
                         net (fo=1, routed)           0.310     0.310    design_1_i/cg_fpga_0/inst/processing_system7_0/inst/FCLK_CLK_unbuffered[0]
    BUFGCTRL_X0Y16       BUFG (Prop_bufg_I_O)         0.026     0.336 r  design_1_i/cg_fpga_0/inst/processing_system7_0/inst/buffer_fclk_clk_0.FCLK_CLK_0_BUFG/O
                         net (fo=6956, routed)        0.544     0.880    design_1_i/cg_fpga_0/inst/cg_axi_vdma_0/U0/GEN_SPRT_FOR_MM2S.MM2S_REGISTER_MODULE_I/GEN_REG_DIRECT_MODE.REGDIRECT_I/s_axi_lite_aclk
    SLICE_X51Y69         FDRE                                         r  design_1_i/cg_fpga_0/inst/cg_axi_vdma_0/U0/GEN_SPRT_FOR_MM2S.MM2S_REGISTER_MODULE_I/GEN_REG_DIRECT_MODE.REGDIRECT_I/GEN_NUM_FSTORES_3.reg_module_start_address3_i_reg[29]/C
  -------------------------------------------------------------------    -------------------
    SLICE_X51Y69         FDRE (Prop_fdre_C_Q)         0.141     1.021 r  design_1_i/cg_fpga_0/inst/cg_axi_vdma_0/U0/GEN_SPRT_FOR_MM2S.MM2S_REGISTER_MODULE_I/GEN_REG_DIRECT_MODE.REGDIRECT_I/GEN_NUM_FSTORES_3.reg_module_start_address3_i_reg[29]/Q
                         net (fo=2, routed)           0.216     1.236    design_1_i/cg_fpga_0/inst/cg_axi_vdma_0/U0/GEN_SPRT_FOR_MM2S.ADDR32.I_MM2S_DMA_MNGR/VIDEO_REG_I/GEN_REGISTER_DIRECT.GEN_REGDIRECT_DRES.VIDREGISTER_I/GEN_START_ADDR_REG[2].start_address_vid_reg[2][31]_0[29]
    SLICE_X49Y67         FDRE                                         r  design_1_i/cg_fpga_0/inst/cg_axi_vdma_0/U0/GEN_SPRT_FOR_MM2S.ADDR32.I_MM2S_DMA_MNGR/VIDEO_REG_I/GEN_REGISTER_DIRECT.GEN_REGDIRECT_DRES.VIDREGISTER_I/GEN_START_ADDR_REG[2].start_address_vid_reg[2][29]/D
  -------------------------------------------------------------------    -------------------

                         (clock clk_fpga_0 rise edge)
                                                      0.000     0.000 r  
    PS7_X0Y0             PS7                          0.000     0.000 r  design_1_i/cg_fpga_0/inst/processing_system7_0/inst/PS7_i/FCLKCLK[0]
                         net (fo=1, routed)           0.337     0.337    design_1_i/cg_fpga_0/inst/processing_system7_0/inst/FCLK_CLK_unbuffered[0]
    BUFGCTRL_X0Y16       BUFG (Prop_bufg_I_O)         0.029     0.366 r  design_1_i/cg_fpga_0/inst/processing_system7_0/inst/buffer_fclk_clk_0.FCLK_CLK_0_BUFG/O
                         net (fo=6956, routed)        0.816     1.182    design_1_i/cg_fpga_0/inst/cg_axi_vdma_0/U0/GEN_SPRT_FOR_MM2S.ADDR32.I_MM2S_DMA_MNGR/VIDEO_REG_I/GEN_REGISTER_DIRECT.GEN_REGDIRECT_DRES.VIDREGISTER_I/s_axi_lite_aclk
    SLICE_X49Y67         FDRE                                         r  design_1_i/cg_fpga_0/inst/cg_axi_vdma_0/U0/GEN_SPRT_FOR_MM2S.ADDR32.I_MM2S_DMA_MNGR/VIDEO_REG_I/GEN_REGISTER_DIRECT.GEN_REGDIRECT_DRES.VIDREGISTER_I/GEN_START_ADDR_REG[2].start_address_vid_reg[2][29]/C
                         clock pessimism             -0.035     1.147    
    SLICE_X49Y67         FDRE (Hold_fdre_C_D)         0.071     1.218    design_1_i/cg_fpga_0/inst/cg_axi_vdma_0/U0/GEN_SPRT_FOR_MM2S.ADDR32.I_MM2S_DMA_MNGR/VIDEO_REG_I/GEN_REGISTER_DIRECT.GEN_REGDIRECT_DRES.VIDREGISTER_I/GEN_START_ADDR_REG[2].start_address_vid_reg[2][29]
  -------------------------------------------------------------------
                         required time                         -1.218    
                         arrival time                           1.236    
  -------------------------------------------------------------------
                         slack                                  0.018    

Slack (MET) :             0.021ns  (arrival time - required time)
  Source:                 design_1_i/cg_fpga_0/inst/cg_axi_vdma_0/U0/GEN_SPRT_FOR_S2MM.S2MMADDR32.I_S2MM_DMA_MNGR/I_SM/GEN_NORMAL_DM_COMMAND.cmnd_data_reg[52]/C
                            (rising edge-triggered cell FDRE clocked by clk_fpga_0  {rise@0.000ns fall@5.000ns period=10.000ns})
  Destination:            design_1_i/cg_fpga_0/inst/cg_axi_vdma_0/U0/GEN_SPRT_FOR_S2MM.S2MMADDR32.I_S2MM_DMA_MNGR/I_CMDSTS/s_axis_cmd_tdata_reg[52]/D
                            (rising edge-triggered cell FDRE clocked by clk_fpga_0  {rise@0.000ns fall@5.000ns period=10.000ns})
  Path Group:             clk_fpga_0
  Path Type:              Hold (Min at Fast Process Corner)
  Requirement:            0.000ns  (clk_fpga_0 rise@0.000ns - clk_fpga_0 rise@0.000ns)
  Data Path Delay:        0.386ns  (logic 0.186ns (48.245%)  route 0.200ns (51.755%))
  Logic Levels:           1  (LUT2=1)
  Clock Path Skew:        0.273ns (DCD - SCD - CPR)
    Destination Clock Delay (DCD):    1.196ns
    Source Clock Delay      (SCD):    0.893ns
    Clock Pessimism Removal (CPR):    0.030ns

    Location             Delay type                Incr(ns)  Path(ns)    Netlist Resource(s)
  -------------------------------------------------------------------    -------------------
                         (clock clk_fpga_0 rise edge)
                                                      0.000     0.000 r  
    PS7_X0Y0             PS7                          0.000     0.000 r  design_1_i/cg_fpga_0/inst/processing_system7_0/inst/PS7_i/FCLKCLK[0]
                         net (fo=1, routed)           0.310     0.310    design_1_i/cg_fpga_0/inst/processing_system7_0/inst/FCLK_CLK_unbuffered[0]
    BUFGCTRL_X0Y16       BUFG (Prop_bufg_I_O)         0.026     0.336 r  design_1_i/cg_fpga_0/inst/processing_system7_0/inst/buffer_fclk_clk_0.FCLK_CLK_0_BUFG/O
                         net (fo=6956, routed)        0.557     0.893    design_1_i/cg_fpga_0/inst/cg_axi_vdma_0/U0/GEN_SPRT_FOR_S2MM.S2MMADDR32.I_S2MM_DMA_MNGR/I_SM/s_axi_lite_aclk
    SLICE_X37Y50         FDRE                                         r  design_1_i/cg_fpga_0/inst/cg_axi_vdma_0/U0/GEN_SPRT_FOR_S2MM.S2MMADDR32.I_S2MM_DMA_MNGR/I_SM/GEN_NORMAL_DM_COMMAND.cmnd_data_reg[52]/C
  -------------------------------------------------------------------    -------------------
    SLICE_X37Y50         FDRE (Prop_fdre_C_Q)         0.141     1.034 r  design_1_i/cg_fpga_0/inst/cg_axi_vdma_0/U0/GEN_SPRT_FOR_S2MM.S2MMADDR32.I_S2MM_DMA_MNGR/I_SM/GEN_NORMAL_DM_COMMAND.cmnd_data_reg[52]/Q
                         net (fo=1, routed)           0.200     1.233    design_1_i/cg_fpga_0/inst/cg_axi_vdma_0/U0/GEN_SPRT_FOR_S2MM.S2MMADDR32.I_S2MM_DMA_MNGR/I_SM/GEN_NORMAL_DM_COMMAND.cmnd_data_reg_n_0_[52]
    SLICE_X37Y49         LUT2 (Prop_lut2_I1_O)        0.045     1.278 r  design_1_i/cg_fpga_0/inst/cg_axi_vdma_0/U0/GEN_SPRT_FOR_S2MM.S2MMADDR32.I_S2MM_DMA_MNGR/I_SM/s_axis_cmd_tdata[52]_i_1/O
                         net (fo=1, routed)           0.000     1.278    design_1_i/cg_fpga_0/inst/cg_axi_vdma_0/U0/GEN_SPRT_FOR_S2MM.S2MMADDR32.I_S2MM_DMA_MNGR/I_CMDSTS/D[37]
    SLICE_X37Y49         FDRE                                         r  design_1_i/cg_fpga_0/inst/cg_axi_vdma_0/U0/GEN_SPRT_FOR_S2MM.S2MMADDR32.I_S2MM_DMA_MNGR/I_CMDSTS/s_axis_cmd_tdata_reg[52]/D
  -------------------------------------------------------------------    -------------------

                         (clock clk_fpga_0 rise edge)
                                                      0.000     0.000 r  
    PS7_X0Y0             PS7                          0.000     0.000 r  design_1_i/cg_fpga_0/inst/processing_system7_0/inst/PS7_i/FCLKCLK[0]
                         net (fo=1, routed)           0.337     0.337    design_1_i/cg_fpga_0/inst/processing_system7_0/inst/FCLK_CLK_unbuffered[0]
    BUFGCTRL_X0Y16       BUFG (Prop_bufg_I_O)         0.029     0.366 r  design_1_i/cg_fpga_0/inst/processing_system7_0/inst/buffer_fclk_clk_0.FCLK_CLK_0_BUFG/O
                         net (fo=6956, routed)        0.830     1.196    design_1_i/cg_fpga_0/inst/cg_axi_vdma_0/U0/GEN_SPRT_FOR_S2MM.S2MMADDR32.I_S2MM_DMA_MNGR/I_CMDSTS/s_axi_lite_aclk
    SLICE_X37Y49         FDRE                                         r  design_1_i/cg_fpga_0/inst/cg_axi_vdma_0/U0/GEN_SPRT_FOR_S2MM.S2MMADDR32.I_S2MM_DMA_MNGR/I_CMDSTS/s_axis_cmd_tdata_reg[52]/C
                         clock pessimism             -0.030     1.166    
    SLICE_X37Y49         FDRE (Hold_fdre_C_D)         0.091     1.257    design_1_i/cg_fpga_0/inst/cg_axi_vdma_0/U0/GEN_SPRT_FOR_S2MM.S2MMADDR32.I_S2MM_DMA_MNGR/I_CMDSTS/s_axis_cmd_tdata_reg[52]
  -------------------------------------------------------------------
                         required time                         -1.257    
                         arrival time                           1.278    
  -------------------------------------------------------------------
                         slack                                  0.021    

Slack (MET) :             0.028ns  (arrival time - required time)
  Source:                 design_1_i/cg_fpga_0/inst/cg_axi_vdma_0/U0/GEN_SPRT_FOR_S2MM.S2MMADDR32.I_S2MM_DMA_MNGR/I_SM/VFLIP_DISABLE.dm_address_reg[23]/C
                            (rising edge-triggered cell FDRE clocked by clk_fpga_0  {rise@0.000ns fall@5.000ns period=10.000ns})
  Destination:            design_1_i/cg_fpga_0/inst/cg_axi_vdma_0/U0/GEN_SPRT_FOR_S2MM.S2MMADDR32.I_S2MM_DMA_MNGR/I_SM/GEN_NORMAL_DM_COMMAND.cmnd_data_reg[55]/D
                            (rising edge-triggered cell FDRE clocked by clk_fpga_0  {rise@0.000ns fall@5.000ns period=10.000ns})
  Path Group:             clk_fpga_0
  Path Type:              Hold (Min at Fast Process Corner)
  Requirement:            0.000ns  (clk_fpga_0 rise@0.000ns - clk_fpga_0 rise@0.000ns)
  Data Path Delay:        0.377ns  (logic 0.164ns (43.554%)  route 0.213ns (56.446%))
  Logic Levels:           0  
  Clock Path Skew:        0.273ns (DCD - SCD - CPR)
    Destination Clock Delay (DCD):    1.196ns
    Source Clock Delay      (SCD):    0.893ns
    Clock Pessimism Removal (CPR):    0.030ns

    Location             Delay type                Incr(ns)  Path(ns)    Netlist Resource(s)
  -------------------------------------------------------------------    -------------------
                         (clock clk_fpga_0 rise edge)
                                                      0.000     0.000 r  
    PS7_X0Y0             PS7                          0.000     0.000 r  design_1_i/cg_fpga_0/inst/processing_system7_0/inst/PS7_i/FCLKCLK[0]
                         net (fo=1, routed)           0.310     0.310    design_1_i/cg_fpga_0/inst/processing_system7_0/inst/FCLK_CLK_unbuffered[0]
    BUFGCTRL_X0Y16       BUFG (Prop_bufg_I_O)         0.026     0.336 r  design_1_i/cg_fpga_0/inst/processing_system7_0/inst/buffer_fclk_clk_0.FCLK_CLK_0_BUFG/O
                         net (fo=6956, routed)        0.557     0.893    design_1_i/cg_fpga_0/inst/cg_axi_vdma_0/U0/GEN_SPRT_FOR_S2MM.S2MMADDR32.I_S2MM_DMA_MNGR/I_SM/s_axi_lite_aclk
    SLICE_X38Y50         FDRE                                         r  design_1_i/cg_fpga_0/inst/cg_axi_vdma_0/U0/GEN_SPRT_FOR_S2MM.S2MMADDR32.I_S2MM_DMA_MNGR/I_SM/VFLIP_DISABLE.dm_address_reg[23]/C
  -------------------------------------------------------------------    -------------------
    SLICE_X38Y50         FDRE (Prop_fdre_C_Q)         0.164     1.057 r  design_1_i/cg_fpga_0/inst/cg_axi_vdma_0/U0/GEN_SPRT_FOR_S2MM.S2MMADDR32.I_S2MM_DMA_MNGR/I_SM/VFLIP_DISABLE.dm_address_reg[23]/Q
                         net (fo=2, routed)           0.213     1.269    design_1_i/cg_fpga_0/inst/cg_axi_vdma_0/U0/GEN_SPRT_FOR_S2MM.S2MMADDR32.I_S2MM_DMA_MNGR/I_SM/dm_address[23]
    SLICE_X39Y49         FDRE                                         r  design_1_i/cg_fpga_0/inst/cg_axi_vdma_0/U0/GEN_SPRT_FOR_S2MM.S2MMADDR32.I_S2MM_DMA_MNGR/I_SM/GEN_NORMAL_DM_COMMAND.cmnd_data_reg[55]/D
  -------------------------------------------------------------------    -------------------

                         (clock clk_fpga_0 rise edge)
                                                      0.000     0.000 r  
    PS7_X0Y0             PS7                          0.000     0.000 r  design_1_i/cg_fpga_0/inst/processing_system7_0/inst/PS7_i/FCLKCLK[0]
                         net (fo=1, routed)           0.337     0.337    design_1_i/cg_fpga_0/inst/processing_system7_0/inst/FCLK_CLK_unbuffered[0]
    BUFGCTRL_X0Y16       BUFG (Prop_bufg_I_O)         0.029     0.366 r  design_1_i/cg_fpga_0/inst/processing_system7_0/inst/buffer_fclk_clk_0.FCLK_CLK_0_BUFG/O
                         net (fo=6956, routed)        0.830     1.196    design_1_i/cg_fpga_0/inst/cg_axi_vdma_0/U0/GEN_SPRT_FOR_S2MM.S2MMADDR32.I_S2MM_DMA_MNGR/I_SM/s_axi_lite_aclk
    SLICE_X39Y49         FDRE                                         r  design_1_i/cg_fpga_0/inst/cg_axi_vdma_0/U0/GEN_SPRT_FOR_S2MM.S2MMADDR32.I_S2MM_DMA_MNGR/I_SM/GEN_NORMAL_DM_COMMAND.cmnd_data_reg[55]/C
                         clock pessimism             -0.030     1.166    
    SLICE_X39Y49         FDRE (Hold_fdre_C_D)         0.075     1.241    design_1_i/cg_fpga_0/inst/cg_axi_vdma_0/U0/GEN_SPRT_FOR_S2MM.S2MMADDR32.I_S2MM_DMA_MNGR/I_SM/GEN_NORMAL_DM_COMMAND.cmnd_data_reg[55]
  -------------------------------------------------------------------
                         required time                         -1.241    
                         arrival time                           1.269    
  -------------------------------------------------------------------
                         slack                                  0.028    

Slack (MET) :             0.030ns  (arrival time - required time)
  Source:                 design_1_i/cg_fpga_0/inst/cg_axi_vdma_0/U0/GEN_SPRT_FOR_S2MM.S2MMADDR32.I_S2MM_DMA_MNGR/I_SM/GEN_NORMAL_DM_COMMAND.cmnd_data_reg[53]/C
                            (rising edge-triggered cell FDRE clocked by clk_fpga_0  {rise@0.000ns fall@5.000ns period=10.000ns})
  Destination:            design_1_i/cg_fpga_0/inst/cg_axi_vdma_0/U0/GEN_SPRT_FOR_S2MM.S2MMADDR32.I_S2MM_DMA_MNGR/I_CMDSTS/s_axis_cmd_tdata_reg[53]/D
                            (rising edge-triggered cell FDRE clocked by clk_fpga_0  {rise@0.000ns fall@5.000ns period=10.000ns})
  Path Group:             clk_fpga_0
  Path Type:              Hold (Min at Fast Process Corner)
  Requirement:            0.000ns  (clk_fpga_0 rise@0.000ns - clk_fpga_0 rise@0.000ns)
  Data Path Delay:        0.411ns  (logic 0.187ns (45.550%)  route 0.224ns (54.450%))
  Logic Levels:           1  (LUT2=1)
  Clock Path Skew:        0.273ns (DCD - SCD - CPR)
    Destination Clock Delay (DCD):    1.196ns
    Source Clock Delay      (SCD):    0.893ns
    Clock Pessimism Removal (CPR):    0.030ns

    Location             Delay type                Incr(ns)  Path(ns)    Netlist Resource(s)
  -------------------------------------------------------------------    -------------------
                         (clock clk_fpga_0 rise edge)
                                                      0.000     0.000 r  
    PS7_X0Y0             PS7                          0.000     0.000 r  design_1_i/cg_fpga_0/inst/processing_system7_0/inst/PS7_i/FCLKCLK[0]
                         net (fo=1, routed)           0.310     0.310    design_1_i/cg_fpga_0/inst/processing_system7_0/inst/FCLK_CLK_unbuffered[0]
    BUFGCTRL_X0Y16       BUFG (Prop_bufg_I_O)         0.026     0.336 r  design_1_i/cg_fpga_0/inst/processing_system7_0/inst/buffer_fclk_clk_0.FCLK_CLK_0_BUFG/O
                         net (fo=6956, routed)        0.557     0.893    design_1_i/cg_fpga_0/inst/cg_axi_vdma_0/U0/GEN_SPRT_FOR_S2MM.S2MMADDR32.I_S2MM_DMA_MNGR/I_SM/s_axi_lite_aclk
    SLICE_X37Y50         FDRE                                         r  design_1_i/cg_fpga_0/inst/cg_axi_vdma_0/U0/GEN_SPRT_FOR_S2MM.S2MMADDR32.I_S2MM_DMA_MNGR/I_SM/GEN_NORMAL_DM_COMMAND.cmnd_data_reg[53]/C
  -------------------------------------------------------------------    -------------------
    SLICE_X37Y50         FDRE (Prop_fdre_C_Q)         0.141     1.034 r  design_1_i/cg_fpga_0/inst/cg_axi_vdma_0/U0/GEN_SPRT_FOR_S2MM.S2MMADDR32.I_S2MM_DMA_MNGR/I_SM/GEN_NORMAL_DM_COMMAND.cmnd_data_reg[53]/Q
                         net (fo=1, routed)           0.224     1.257    design_1_i/cg_fpga_0/inst/cg_axi_vdma_0/U0/GEN_SPRT_FOR_S2MM.S2MMADDR32.I_S2MM_DMA_MNGR/I_SM/GEN_NORMAL_DM_COMMAND.cmnd_data_reg_n_0_[53]
    SLICE_X37Y49         LUT2 (Prop_lut2_I1_O)        0.046     1.303 r  design_1_i/cg_fpga_0/inst/cg_axi_vdma_0/U0/GEN_SPRT_FOR_S2MM.S2MMADDR32.I_S2MM_DMA_MNGR/I_SM/s_axis_cmd_tdata[53]_i_1/O
                         net (fo=1, routed)           0.000     1.303    design_1_i/cg_fpga_0/inst/cg_axi_vdma_0/U0/GEN_SPRT_FOR_S2MM.S2MMADDR32.I_S2MM_DMA_MNGR/I_CMDSTS/D[38]
    SLICE_X37Y49         FDRE                                         r  design_1_i/cg_fpga_0/inst/cg_axi_vdma_0/U0/GEN_SPRT_FOR_S2MM.S2MMADDR32.I_S2MM_DMA_MNGR/I_CMDSTS/s_axis_cmd_tdata_reg[53]/D
  -------------------------------------------------------------------    -------------------

                         (clock clk_fpga_0 rise edge)
                                                      0.000     0.000 r  
    PS7_X0Y0             PS7                          0.000     0.000 r  design_1_i/cg_fpga_0/inst/processing_system7_0/inst/PS7_i/FCLKCLK[0]
                         net (fo=1, routed)           0.337     0.337    design_1_i/cg_fpga_0/inst/processing_system7_0/inst/FCLK_CLK_unbuffered[0]
    BUFGCTRL_X0Y16       BUFG (Prop_bufg_I_O)         0.029     0.366 r  design_1_i/cg_fpga_0/inst/processing_system7_0/inst/buffer_fclk_clk_0.FCLK_CLK_0_BUFG/O
                         net (fo=6956, routed)        0.830     1.196    design_1_i/cg_fpga_0/inst/cg_axi_vdma_0/U0/GEN_SPRT_FOR_S2MM.S2MMADDR32.I_S2MM_DMA_MNGR/I_CMDSTS/s_axi_lite_aclk
    SLICE_X37Y49         FDRE                                         r  design_1_i/cg_fpga_0/inst/cg_axi_vdma_0/U0/GEN_SPRT_FOR_S2MM.S2MMADDR32.I_S2MM_DMA_MNGR/I_CMDSTS/s_axis_cmd_tdata_reg[53]/C
                         clock pessimism             -0.030     1.166    
    SLICE_X37Y49         FDRE (Hold_fdre_C_D)         0.107     1.273    design_1_i/cg_fpga_0/inst/cg_axi_vdma_0/U0/GEN_SPRT_FOR_S2MM.S2MMADDR32.I_S2MM_DMA_MNGR/I_CMDSTS/s_axis_cmd_tdata_reg[53]
  -------------------------------------------------------------------
                         required time                         -1.273    
                         arrival time                           1.303    
  -------------------------------------------------------------------
                         slack                                  0.030    

Slack (MET) :             0.032ns  (arrival time - required time)
  Source:                 design_1_i/cg_fpga_0/inst/cg_axi_vdma_0/U0/GEN_SPRT_FOR_MM2S.MM2S_REGISTER_MODULE_I/GEN_REG_DIRECT_MODE.REGDIRECT_I/DS_GEN_DLYSTRIDE_REGISTER.reg_module_strid_reg[7]/C
                            (rising edge-triggered cell FDRE clocked by clk_fpga_0  {rise@0.000ns fall@5.000ns period=10.000ns})
  Destination:            design_1_i/cg_fpga_0/inst/cg_axi_vdma_0/U0/GEN_SPRT_FOR_MM2S.ADDR32.I_MM2S_DMA_MNGR/VIDEO_REG_I/GEN_REGISTER_DIRECT.GEN_REGDIRECT_DRES.VIDREGISTER_I/stride_vid_reg[7]/D
                            (rising edge-triggered cell FDRE clocked by clk_fpga_0  {rise@0.000ns fall@5.000ns period=10.000ns})
  Path Group:             clk_fpga_0
  Path Type:              Hold (Min at Fast Process Corner)
  Requirement:            0.000ns  (clk_fpga_0 rise@0.000ns - clk_fpga_0 rise@0.000ns)
  Data Path Delay:        0.322ns  (logic 0.148ns (45.986%)  route 0.174ns (54.014%))
  Logic Levels:           0  
  Clock Path Skew:        0.267ns (DCD - SCD - CPR)
    Destination Clock Delay (DCD):    1.190ns
    Source Clock Delay      (SCD):    0.888ns
    Clock Pessimism Removal (CPR):    0.035ns

    Location             Delay type                Incr(ns)  Path(ns)    Netlist Resource(s)
  -------------------------------------------------------------------    -------------------
                         (clock clk_fpga_0 rise edge)
                                                      0.000     0.000 r  
    PS7_X0Y0             PS7                          0.000     0.000 r  design_1_i/cg_fpga_0/inst/processing_system7_0/inst/PS7_i/FCLKCLK[0]
                         net (fo=1, routed)           0.310     0.310    design_1_i/cg_fpga_0/inst/processing_system7_0/inst/FCLK_CLK_unbuffered[0]
    BUFGCTRL_X0Y16       BUFG (Prop_bufg_I_O)         0.026     0.336 r  design_1_i/cg_fpga_0/inst/processing_system7_0/inst/buffer_fclk_clk_0.FCLK_CLK_0_BUFG/O
                         net (fo=6956, routed)        0.552     0.888    design_1_i/cg_fpga_0/inst/cg_axi_vdma_0/U0/GEN_SPRT_FOR_MM2S.MM2S_REGISTER_MODULE_I/GEN_REG_DIRECT_MODE.REGDIRECT_I/s_axi_lite_aclk
    SLICE_X50Y55         FDRE                                         r  design_1_i/cg_fpga_0/inst/cg_axi_vdma_0/U0/GEN_SPRT_FOR_MM2S.MM2S_REGISTER_MODULE_I/GEN_REG_DIRECT_MODE.REGDIRECT_I/DS_GEN_DLYSTRIDE_REGISTER.reg_module_strid_reg[7]/C
  -------------------------------------------------------------------    -------------------
    SLICE_X50Y55         FDRE (Prop_fdre_C_Q)         0.148     1.036 r  design_1_i/cg_fpga_0/inst/cg_axi_vdma_0/U0/GEN_SPRT_FOR_MM2S.MM2S_REGISTER_MODULE_I/GEN_REG_DIRECT_MODE.REGDIRECT_I/DS_GEN_DLYSTRIDE_REGISTER.reg_module_strid_reg[7]/Q
                         net (fo=2, routed)           0.174     1.209    design_1_i/cg_fpga_0/inst/cg_axi_vdma_0/U0/GEN_SPRT_FOR_MM2S.ADDR32.I_MM2S_DMA_MNGR/VIDEO_REG_I/GEN_REGISTER_DIRECT.GEN_REGDIRECT_DRES.VIDREGISTER_I/stride_vid_reg[15]_1[7]
    SLICE_X49Y56         FDRE                                         r  design_1_i/cg_fpga_0/inst/cg_axi_vdma_0/U0/GEN_SPRT_FOR_MM2S.ADDR32.I_MM2S_DMA_MNGR/VIDEO_REG_I/GEN_REGISTER_DIRECT.GEN_REGDIRECT_DRES.VIDREGISTER_I/stride_vid_reg[7]/D
  -------------------------------------------------------------------    -------------------

                         (clock clk_fpga_0 rise edge)
                                                      0.000     0.000 r  
    PS7_X0Y0             PS7                          0.000     0.000 r  design_1_i/cg_fpga_0/inst/processing_system7_0/inst/PS7_i/FCLKCLK[0]
                         net (fo=1, routed)           0.337     0.337    design_1_i/cg_fpga_0/inst/processing_system7_0/inst/FCLK_CLK_unbuffered[0]
    BUFGCTRL_X0Y16       BUFG (Prop_bufg_I_O)         0.029     0.366 r  design_1_i/cg_fpga_0/inst/processing_system7_0/inst/buffer_fclk_clk_0.FCLK_CLK_0_BUFG/O
                         net (fo=6956, routed)        0.824     1.190    design_1_i/cg_fpga_0/inst/cg_axi_vdma_0/U0/GEN_SPRT_FOR_MM2S.ADDR32.I_MM2S_DMA_MNGR/VIDEO_REG_I/GEN_REGISTER_DIRECT.GEN_REGDIRECT_DRES.VIDREGISTER_I/s_axi_lite_aclk
    SLICE_X49Y56         FDRE                                         r  design_1_i/cg_fpga_0/inst/cg_axi_vdma_0/U0/GEN_SPRT_FOR_MM2S.ADDR32.I_MM2S_DMA_MNGR/VIDEO_REG_I/GEN_REGISTER_DIRECT.GEN_REGDIRECT_DRES.VIDREGISTER_I/stride_vid_reg[7]/C
                         clock pessimism             -0.035     1.155    
    SLICE_X49Y56         FDRE (Hold_fdre_C_D)         0.023     1.178    design_1_i/cg_fpga_0/inst/cg_axi_vdma_0/U0/GEN_SPRT_FOR_MM2S.ADDR32.I_MM2S_DMA_MNGR/VIDEO_REG_I/GEN_REGISTER_DIRECT.GEN_REGDIRECT_DRES.VIDREGISTER_I/stride_vid_reg[7]
  -------------------------------------------------------------------
                         required time                         -1.178    
                         arrival time                           1.209    
  -------------------------------------------------------------------
                         slack                                  0.032    

Slack (MET) :             0.037ns  (arrival time - required time)
  Source:                 design_1_i/cg_fpga_0/inst/cg_axi_vdma_0/U0/GEN_SPRT_FOR_MM2S.MM2S_REGISTER_MODULE_I/GEN_REG_DIRECT_MODE.REGDIRECT_I/GEN_NUM_FSTORES_3.reg_module_start_address3_i_reg[27]/C
                            (rising edge-triggered cell FDRE clocked by clk_fpga_0  {rise@0.000ns fall@5.000ns period=10.000ns})
  Destination:            design_1_i/cg_fpga_0/inst/cg_axi_vdma_0/U0/GEN_SPRT_FOR_MM2S.ADDR32.I_MM2S_DMA_MNGR/VIDEO_REG_I/GEN_REGISTER_DIRECT.GEN_REGDIRECT_DRES.VIDREGISTER_I/GEN_START_ADDR_REG[2].start_address_vid_reg[2][27]/D
                            (rising edge-triggered cell FDRE clocked by clk_fpga_0  {rise@0.000ns fall@5.000ns period=10.000ns})
  Path Group:             clk_fpga_0
  Path Type:              Hold (Min at Fast Process Corner)
  Requirement:            0.000ns  (clk_fpga_0 rise@0.000ns - clk_fpga_0 rise@0.000ns)
  Data Path Delay:        0.320ns  (logic 0.148ns (46.251%)  route 0.172ns (53.749%))
  Logic Levels:           0  
  Clock Path Skew:        0.265ns (DCD - SCD - CPR)
    Destination Clock Delay (DCD):    1.182ns
    Source Clock Delay      (SCD):    0.882ns
    Clock Pessimism Removal (CPR):    0.035ns

    Location             Delay type                Incr(ns)  Path(ns)    Netlist Resource(s)
  -------------------------------------------------------------------    -------------------
                         (clock clk_fpga_0 rise edge)
                                                      0.000     0.000 r  
    PS7_X0Y0             PS7                          0.000     0.000 r  design_1_i/cg_fpga_0/inst/processing_system7_0/inst/PS7_i/FCLKCLK[0]
                         net (fo=1, routed)           0.310     0.310    design_1_i/cg_fpga_0/inst/processing_system7_0/inst/FCLK_CLK_unbuffered[0]
    BUFGCTRL_X0Y16       BUFG (Prop_bufg_I_O)         0.026     0.336 r  design_1_i/cg_fpga_0/inst/processing_system7_0/inst/buffer_fclk_clk_0.FCLK_CLK_0_BUFG/O
                         net (fo=6956, routed)        0.546     0.882    design_1_i/cg_fpga_0/inst/cg_axi_vdma_0/U0/GEN_SPRT_FOR_MM2S.MM2S_REGISTER_MODULE_I/GEN_REG_DIRECT_MODE.REGDIRECT_I/s_axi_lite_aclk
    SLICE_X50Y67         FDRE                                         r  design_1_i/cg_fpga_0/inst/cg_axi_vdma_0/U0/GEN_SPRT_FOR_MM2S.MM2S_REGISTER_MODULE_I/GEN_REG_DIRECT_MODE.REGDIRECT_I/GEN_NUM_FSTORES_3.reg_module_start_address3_i_reg[27]/C
  -------------------------------------------------------------------    -------------------
    SLICE_X50Y67         FDRE (Prop_fdre_C_Q)         0.148     1.030 r  design_1_i/cg_fpga_0/inst/cg_axi_vdma_0/U0/GEN_SPRT_FOR_MM2S.MM2S_REGISTER_MODULE_I/GEN_REG_DIRECT_MODE.REGDIRECT_I/GEN_NUM_FSTORES_3.reg_module_start_address3_i_reg[27]/Q
                         net (fo=2, routed)           0.172     1.202    design_1_i/cg_fpga_0/inst/cg_axi_vdma_0/U0/GEN_SPRT_FOR_MM2S.ADDR32.I_MM2S_DMA_MNGR/VIDEO_REG_I/GEN_REGISTER_DIRECT.GEN_REGDIRECT_DRES.VIDREGISTER_I/GEN_START_ADDR_REG[2].start_address_vid_reg[2][31]_0[27]
    SLICE_X48Y67         FDRE                                         r  design_1_i/cg_fpga_0/inst/cg_axi_vdma_0/U0/GEN_SPRT_FOR_MM2S.ADDR32.I_MM2S_DMA_MNGR/VIDEO_REG_I/GEN_REGISTER_DIRECT.GEN_REGDIRECT_DRES.VIDREGISTER_I/GEN_START_ADDR_REG[2].start_address_vid_reg[2][27]/D
  -------------------------------------------------------------------    -------------------

                         (clock clk_fpga_0 rise edge)
                                                      0.000     0.000 r  
    PS7_X0Y0             PS7                          0.000     0.000 r  design_1_i/cg_fpga_0/inst/processing_system7_0/inst/PS7_i/FCLKCLK[0]
                         net (fo=1, routed)           0.337     0.337    design_1_i/cg_fpga_0/inst/processing_system7_0/inst/FCLK_CLK_unbuffered[0]
    BUFGCTRL_X0Y16       BUFG (Prop_bufg_I_O)         0.029     0.366 r  design_1_i/cg_fpga_0/inst/processing_system7_0/inst/buffer_fclk_clk_0.FCLK_CLK_0_BUFG/O
                         net (fo=6956, routed)        0.816     1.182    design_1_i/cg_fpga_0/inst/cg_axi_vdma_0/U0/GEN_SPRT_FOR_MM2S.ADDR32.I_MM2S_DMA_MNGR/VIDEO_REG_I/GEN_REGISTER_DIRECT.GEN_REGDIRECT_DRES.VIDREGISTER_I/s_axi_lite_aclk
    SLICE_X48Y67         FDRE                                         r  design_1_i/cg_fpga_0/inst/cg_axi_vdma_0/U0/GEN_SPRT_FOR_MM2S.ADDR32.I_MM2S_DMA_MNGR/VIDEO_REG_I/GEN_REGISTER_DIRECT.GEN_REGDIRECT_DRES.VIDREGISTER_I/GEN_START_ADDR_REG[2].start_address_vid_reg[2][27]/C
                         clock pessimism             -0.035     1.147    
    SLICE_X48Y67         FDRE (Hold_fdre_C_D)         0.018     1.165    design_1_i/cg_fpga_0/inst/cg_axi_vdma_0/U0/GEN_SPRT_FOR_MM2S.ADDR32.I_MM2S_DMA_MNGR/VIDEO_REG_I/GEN_REGISTER_DIRECT.GEN_REGDIRECT_DRES.VIDREGISTER_I/GEN_START_ADDR_REG[2].start_address_vid_reg[2][27]
  -------------------------------------------------------------------
                         required time                         -1.165    
                         arrival time                           1.202    
  -------------------------------------------------------------------
                         slack                                  0.037    

Slack (MET) :             0.038ns  (arrival time - required time)
  Source:                 design_1_i/cg_fpga_0/inst/cg_axi_vdma_0/U0/I_PRMRY_DATAMOVER/GEN_S2MM_FULL.I_S2MM_FULL_WRAPPER/GEN_ENABLE_INDET_BTT_SF.I_INDET_BTT/INCLUDE_PACKING.DO_REG_SLICES[1].lsig_data_slice_reg_reg[1][7]/C
                            (rising edge-triggered cell FDRE clocked by clk_fpga_0  {rise@0.000ns fall@5.000ns period=10.000ns})
  Destination:            design_1_i/cg_fpga_0/inst/cg_axi_vdma_0/U0/I_PRMRY_DATAMOVER/GEN_S2MM_FULL.I_S2MM_FULL_WRAPPER/GEN_ENABLE_INDET_BTT_SF.I_INDET_BTT/I_DATA_FIFO/BLK_MEM.I_SYNC_FIFOGEN_FIFO/xpm_fifo_instance.xpm_fifo_sync_inst/xpm_fifo_base_inst/gen_sdpram.xpm_memory_base_inst/gen_wr_a.gen_word_narrow.mem_reg_0/DIBDI[7]
                            (rising edge-triggered cell RAMB36E1 clocked by clk_fpga_0  {rise@0.000ns fall@5.000ns period=10.000ns})
  Path Group:             clk_fpga_0
  Path Type:              Hold (Min at Fast Process Corner)
  Requirement:            0.000ns  (clk_fpga_0 rise@0.000ns - clk_fpga_0 rise@0.000ns)
  Data Path Delay:        0.359ns  (logic 0.128ns (35.703%)  route 0.231ns (64.297%))
  Logic Levels:           0  
  Clock Path Skew:        0.077ns (DCD - SCD - CPR)
    Destination Clock Delay (DCD):    1.268ns
    Source Clock Delay      (SCD):    0.928ns
    Clock Pessimism Removal (CPR):    0.263ns

    Location             Delay type                Incr(ns)  Path(ns)    Netlist Resource(s)
  -------------------------------------------------------------------    -------------------
                         (clock clk_fpga_0 rise edge)
                                                      0.000     0.000 r  
    PS7_X0Y0             PS7                          0.000     0.000 r  design_1_i/cg_fpga_0/inst/processing_system7_0/inst/PS7_i/FCLKCLK[0]
                         net (fo=1, routed)           0.310     0.310    design_1_i/cg_fpga_0/inst/processing_system7_0/inst/FCLK_CLK_unbuffered[0]
    BUFGCTRL_X0Y16       BUFG (Prop_bufg_I_O)         0.026     0.336 r  design_1_i/cg_fpga_0/inst/processing_system7_0/inst/buffer_fclk_clk_0.FCLK_CLK_0_BUFG/O
                         net (fo=6956, routed)        0.592     0.928    design_1_i/cg_fpga_0/inst/cg_axi_vdma_0/U0/I_PRMRY_DATAMOVER/GEN_S2MM_FULL.I_S2MM_FULL_WRAPPER/GEN_ENABLE_INDET_BTT_SF.I_INDET_BTT/s_axi_lite_aclk
    SLICE_X11Y35         FDRE                                         r  design_1_i/cg_fpga_0/inst/cg_axi_vdma_0/U0/I_PRMRY_DATAMOVER/GEN_S2MM_FULL.I_S2MM_FULL_WRAPPER/GEN_ENABLE_INDET_BTT_SF.I_INDET_BTT/INCLUDE_PACKING.DO_REG_SLICES[1].lsig_data_slice_reg_reg[1][7]/C
  -------------------------------------------------------------------    -------------------
    SLICE_X11Y35         FDRE (Prop_fdre_C_Q)         0.128     1.056 r  design_1_i/cg_fpga_0/inst/cg_axi_vdma_0/U0/I_PRMRY_DATAMOVER/GEN_S2MM_FULL.I_S2MM_FULL_WRAPPER/GEN_ENABLE_INDET_BTT_SF.I_INDET_BTT/INCLUDE_PACKING.DO_REG_SLICES[1].lsig_data_slice_reg_reg[1][7]/Q
                         net (fo=1, routed)           0.231     1.286    design_1_i/cg_fpga_0/inst/cg_axi_vdma_0/U0/I_PRMRY_DATAMOVER/GEN_S2MM_FULL.I_S2MM_FULL_WRAPPER/GEN_ENABLE_INDET_BTT_SF.I_INDET_BTT/I_DATA_FIFO/BLK_MEM.I_SYNC_FIFOGEN_FIFO/xpm_fifo_instance.xpm_fifo_sync_inst/xpm_fifo_base_inst/gen_sdpram.xpm_memory_base_inst/dina[39]
    RAMB36_X0Y7          RAMB36E1                                     r  design_1_i/cg_fpga_0/inst/cg_axi_vdma_0/U0/I_PRMRY_DATAMOVER/GEN_S2MM_FULL.I_S2MM_FULL_WRAPPER/GEN_ENABLE_INDET_BTT_SF.I_INDET_BTT/I_DATA_FIFO/BLK_MEM.I_SYNC_FIFOGEN_FIFO/xpm_fifo_instance.xpm_fifo_sync_inst/xpm_fifo_base_inst/gen_sdpram.xpm_memory_base_inst/gen_wr_a.gen_word_narrow.mem_reg_0/DIBDI[7]
  -------------------------------------------------------------------    -------------------

                         (clock clk_fpga_0 rise edge)
                                                      0.000     0.000 r  
    PS7_X0Y0             PS7                          0.000     0.000 r  design_1_i/cg_fpga_0/inst/processing_system7_0/inst/PS7_i/FCLKCLK[0]
                         net (fo=1, routed)           0.337     0.337    design_1_i/cg_fpga_0/inst/processing_system7_0/inst/FCLK_CLK_unbuffered[0]
    BUFGCTRL_X0Y16       BUFG (Prop_bufg_I_O)         0.029     0.366 r  design_1_i/cg_fpga_0/inst/processing_system7_0/inst/buffer_fclk_clk_0.FCLK_CLK_0_BUFG/O
                         net (fo=6956, routed)        0.902     1.268    design_1_i/cg_fpga_0/inst/cg_axi_vdma_0/U0/I_PRMRY_DATAMOVER/GEN_S2MM_FULL.I_S2MM_FULL_WRAPPER/GEN_ENABLE_INDET_BTT_SF.I_INDET_BTT/I_DATA_FIFO/BLK_MEM.I_SYNC_FIFOGEN_FIFO/xpm_fifo_instance.xpm_fifo_sync_inst/xpm_fifo_base_inst/gen_sdpram.xpm_memory_base_inst/clka
    RAMB36_X0Y7          RAMB36E1                                     r  design_1_i/cg_fpga_0/inst/cg_axi_vdma_0/U0/I_PRMRY_DATAMOVER/GEN_S2MM_FULL.I_S2MM_FULL_WRAPPER/GEN_ENABLE_INDET_BTT_SF.I_INDET_BTT/I_DATA_FIFO/BLK_MEM.I_SYNC_FIFOGEN_FIFO/xpm_fifo_instance.xpm_fifo_sync_inst/xpm_fifo_base_inst/gen_sdpram.xpm_memory_base_inst/gen_wr_a.gen_word_narrow.mem_reg_0/CLKBWRCLK
                         clock pessimism             -0.263     1.005    
    RAMB36_X0Y7          RAMB36E1 (Hold_ramb36e1_CLKBWRCLK_DIBDI[7])
                                                      0.243     1.248    design_1_i/cg_fpga_0/inst/cg_axi_vdma_0/U0/I_PRMRY_DATAMOVER/GEN_S2MM_FULL.I_S2MM_FULL_WRAPPER/GEN_ENABLE_INDET_BTT_SF.I_INDET_BTT/I_DATA_FIFO/BLK_MEM.I_SYNC_FIFOGEN_FIFO/xpm_fifo_instance.xpm_fifo_sync_inst/xpm_fifo_base_inst/gen_sdpram.xpm_memory_base_inst/gen_wr_a.gen_word_narrow.mem_reg_0
  -------------------------------------------------------------------
                         required time                         -1.248    
                         arrival time                           1.286    
  -------------------------------------------------------------------
                         slack                                  0.038    

Slack (MET) :             0.039ns  (arrival time - required time)
  Source:                 design_1_i/cg_fpga_0/inst/cg_axi_vdma_0/U0/GEN_SPRT_FOR_MM2S.ADDR32.I_MM2S_DMA_MNGR/I_CMDSTS/s_axis_cmd_tdata_reg[10]/C
                            (rising edge-triggered cell FDRE clocked by clk_fpga_0  {rise@0.000ns fall@5.000ns period=10.000ns})
  Destination:            design_1_i/cg_fpga_0/inst/cg_axi_vdma_0/U0/I_PRMRY_DATAMOVER/GEN_MM2S_FULL.I_MM2S_FULL_WRAPPER/I_CMD_STATUS/I_CMD_FIFO/USE_SRL_FIFO.I_SYNC_FIFO/I_SRL_FIFO_RBU_F/DYNSHREG_F_I/INFERRED_GEN.data_reg[3][57]_srl4/D
                            (rising edge-triggered cell SRL16E clocked by clk_fpga_0  {rise@0.000ns fall@5.000ns period=10.000ns})
  Path Group:             clk_fpga_0
  Path Type:              Hold (Min at Fast Process Corner)
  Requirement:            0.000ns  (clk_fpga_0 rise@0.000ns - clk_fpga_0 rise@0.000ns)
  Data Path Delay:        0.256ns  (logic 0.141ns (55.071%)  route 0.115ns (44.929%))
  Logic Levels:           0  
  Clock Path Skew:        0.034ns (DCD - SCD - CPR)
    Destination Clock Delay (DCD):    1.189ns
    Source Clock Delay      (SCD):    0.891ns
    Clock Pessimism Removal (CPR):    0.264ns

    Location             Delay type                Incr(ns)  Path(ns)    Netlist Resource(s)
  -------------------------------------------------------------------    -------------------
                         (clock clk_fpga_0 rise edge)
                                                      0.000     0.000 r  
    PS7_X0Y0             PS7                          0.000     0.000 r  design_1_i/cg_fpga_0/inst/processing_system7_0/inst/PS7_i/FCLKCLK[0]
                         net (fo=1, routed)           0.310     0.310    design_1_i/cg_fpga_0/inst/processing_system7_0/inst/FCLK_CLK_unbuffered[0]
    BUFGCTRL_X0Y16       BUFG (Prop_bufg_I_O)         0.026     0.336 r  design_1_i/cg_fpga_0/inst/processing_system7_0/inst/buffer_fclk_clk_0.FCLK_CLK_0_BUFG/O
                         net (fo=6956, routed)        0.555     0.891    design_1_i/cg_fpga_0/inst/cg_axi_vdma_0/U0/GEN_SPRT_FOR_MM2S.ADDR32.I_MM2S_DMA_MNGR/I_CMDSTS/s_axi_lite_aclk
    SLICE_X45Y59         FDRE                                         r  design_1_i/cg_fpga_0/inst/cg_axi_vdma_0/U0/GEN_SPRT_FOR_MM2S.ADDR32.I_MM2S_DMA_MNGR/I_CMDSTS/s_axis_cmd_tdata_reg[10]/C
  -------------------------------------------------------------------    -------------------
    SLICE_X45Y59         FDRE (Prop_fdre_C_Q)         0.141     1.032 r  design_1_i/cg_fpga_0/inst/cg_axi_vdma_0/U0/GEN_SPRT_FOR_MM2S.ADDR32.I_MM2S_DMA_MNGR/I_CMDSTS/s_axis_cmd_tdata_reg[10]/Q
                         net (fo=1, routed)           0.115     1.147    design_1_i/cg_fpga_0/inst/cg_axi_vdma_0/U0/I_PRMRY_DATAMOVER/GEN_MM2S_FULL.I_MM2S_FULL_WRAPPER/I_CMD_STATUS/I_CMD_FIFO/USE_SRL_FIFO.I_SYNC_FIFO/I_SRL_FIFO_RBU_F/DYNSHREG_F_I/in[10]
    SLICE_X42Y59         SRL16E                                       r  design_1_i/cg_fpga_0/inst/cg_axi_vdma_0/U0/I_PRMRY_DATAMOVER/GEN_MM2S_FULL.I_MM2S_FULL_WRAPPER/I_CMD_STATUS/I_CMD_FIFO/USE_SRL_FIFO.I_SYNC_FIFO/I_SRL_FIFO_RBU_F/DYNSHREG_F_I/INFERRED_GEN.data_reg[3][57]_srl4/D
  -------------------------------------------------------------------    -------------------

                         (clock clk_fpga_0 rise edge)
                                                      0.000     0.000 r  
    PS7_X0Y0             PS7                          0.000     0.000 r  design_1_i/cg_fpga_0/inst/processing_system7_0/inst/PS7_i/FCLKCLK[0]
                         net (fo=1, routed)           0.337     0.337    design_1_i/cg_fpga_0/inst/processing_system7_0/inst/FCLK_CLK_unbuffered[0]
    BUFGCTRL_X0Y16       BUFG (Prop_bufg_I_O)         0.029     0.366 r  design_1_i/cg_fpga_0/inst/processing_system7_0/inst/buffer_fclk_clk_0.FCLK_CLK_0_BUFG/O
                         net (fo=6956, routed)        0.823     1.189    design_1_i/cg_fpga_0/inst/cg_axi_vdma_0/U0/I_PRMRY_DATAMOVER/GEN_MM2S_FULL.I_MM2S_FULL_WRAPPER/I_CMD_STATUS/I_CMD_FIFO/USE_SRL_FIFO.I_SYNC_FIFO/I_SRL_FIFO_RBU_F/DYNSHREG_F_I/s_axi_lite_aclk
    SLICE_X42Y59         SRL16E                                       r  design_1_i/cg_fpga_0/inst/cg_axi_vdma_0/U0/I_PRMRY_DATAMOVER/GEN_MM2S_FULL.I_MM2S_FULL_WRAPPER/I_CMD_STATUS/I_CMD_FIFO/USE_SRL_FIFO.I_SYNC_FIFO/I_SRL_FIFO_RBU_F/DYNSHREG_F_I/INFERRED_GEN.data_reg[3][57]_srl4/CLK
                         clock pessimism             -0.264     0.925    
    SLICE_X42Y59         SRL16E (Hold_srl16e_CLK_D)
                                                      0.183     1.108    design_1_i/cg_fpga_0/inst/cg_axi_vdma_0/U0/I_PRMRY_DATAMOVER/GEN_MM2S_FULL.I_MM2S_FULL_WRAPPER/I_CMD_STATUS/I_CMD_FIFO/USE_SRL_FIFO.I_SYNC_FIFO/I_SRL_FIFO_RBU_F/DYNSHREG_F_I/INFERRED_GEN.data_reg[3][57]_srl4
  -------------------------------------------------------------------
                         required time                         -1.108    
                         arrival time                           1.147    
  -------------------------------------------------------------------
                         slack                                  0.039    

Slack (MET) :             0.039ns  (arrival time - required time)
  Source:                 design_1_i/cg_fpga_0/inst/cg_fpga_axi_gpio_i2/U0/gpio_core_1/Dual.gpio_Data_In_reg[19]/C
                            (rising edge-triggered cell FDRE clocked by clk_fpga_0  {rise@0.000ns fall@5.000ns period=10.000ns})
  Destination:            design_1_i/cg_fpga_0/inst/cg_fpga_axi_gpio_i2/U0/gpio_core_1/Dual.ALLIN0_ND_G0.READ_REG_GEN[19].reg1_reg[19]/D
                            (rising edge-triggered cell FDRE clocked by clk_fpga_0  {rise@0.000ns fall@5.000ns period=10.000ns})
  Path Group:             clk_fpga_0
  Path Type:              Hold (Min at Fast Process Corner)
  Requirement:            0.000ns  (clk_fpga_0 rise@0.000ns - clk_fpga_0 rise@0.000ns)
  Data Path Delay:        0.397ns  (logic 0.186ns (46.909%)  route 0.211ns (53.091%))
  Logic Levels:           1  (LUT5=1)
  Clock Path Skew:        0.266ns (DCD - SCD - CPR)
    Destination Clock Delay (DCD):    1.184ns
    Source Clock Delay      (SCD):    0.883ns
    Clock Pessimism Removal (CPR):    0.035ns

    Location             Delay type                Incr(ns)  Path(ns)    Netlist Resource(s)
  -------------------------------------------------------------------    -------------------
                         (clock clk_fpga_0 rise edge)
                                                      0.000     0.000 r  
    PS7_X0Y0             PS7                          0.000     0.000 r  design_1_i/cg_fpga_0/inst/processing_system7_0/inst/PS7_i/FCLKCLK[0]
                         net (fo=1, routed)           0.310     0.310    design_1_i/cg_fpga_0/inst/processing_system7_0/inst/FCLK_CLK_unbuffered[0]
    BUFGCTRL_X0Y16       BUFG (Prop_bufg_I_O)         0.026     0.336 r  design_1_i/cg_fpga_0/inst/processing_system7_0/inst/buffer_fclk_clk_0.FCLK_CLK_0_BUFG/O
                         net (fo=6956, routed)        0.547     0.883    design_1_i/cg_fpga_0/inst/cg_fpga_axi_gpio_i2/U0/gpio_core_1/s_axi_aclk
    SLICE_X53Y83         FDRE                                         r  design_1_i/cg_fpga_0/inst/cg_fpga_axi_gpio_i2/U0/gpio_core_1/Dual.gpio_Data_In_reg[19]/C
  -------------------------------------------------------------------    -------------------
    SLICE_X53Y83         FDRE (Prop_fdre_C_Q)         0.141     1.024 r  design_1_i/cg_fpga_0/inst/cg_fpga_axi_gpio_i2/U0/gpio_core_1/Dual.gpio_Data_In_reg[19]/Q
                         net (fo=2, routed)           0.211     1.234    design_1_i/cg_fpga_0/inst/cg_fpga_axi_gpio_i2/U0/AXI_LITE_IPIF_I/I_SLAVE_ATTACHMENT/Q[12]
    SLICE_X48Y84         LUT5 (Prop_lut5_I0_O)        0.045     1.279 r  design_1_i/cg_fpga_0/inst/cg_fpga_axi_gpio_i2/U0/AXI_LITE_IPIF_I/I_SLAVE_ATTACHMENT/Dual.ALLIN0_ND_G0.READ_REG_GEN[19].reg1[19]_i_1/O
                         net (fo=1, routed)           0.000     1.279    design_1_i/cg_fpga_0/inst/cg_fpga_axi_gpio_i2/U0/gpio_core_1/Dual.ALLIN0_ND_G0.READ_REG_GEN[19].reg1_reg[19]_0
    SLICE_X48Y84         FDRE                                         r  design_1_i/cg_fpga_0/inst/cg_fpga_axi_gpio_i2/U0/gpio_core_1/Dual.ALLIN0_ND_G0.READ_REG_GEN[19].reg1_reg[19]/D
  -------------------------------------------------------------------    -------------------

                         (clock clk_fpga_0 rise edge)
                                                      0.000     0.000 r  
    PS7_X0Y0             PS7                          0.000     0.000 r  design_1_i/cg_fpga_0/inst/processing_system7_0/inst/PS7_i/FCLKCLK[0]
                         net (fo=1, routed)           0.337     0.337    design_1_i/cg_fpga_0/inst/processing_system7_0/inst/FCLK_CLK_unbuffered[0]
    BUFGCTRL_X0Y16       BUFG (Prop_bufg_I_O)         0.029     0.366 r  design_1_i/cg_fpga_0/inst/processing_system7_0/inst/buffer_fclk_clk_0.FCLK_CLK_0_BUFG/O
                         net (fo=6956, routed)        0.818     1.184    design_1_i/cg_fpga_0/inst/cg_fpga_axi_gpio_i2/U0/gpio_core_1/s_axi_aclk
    SLICE_X48Y84         FDRE                                         r  design_1_i/cg_fpga_0/inst/cg_fpga_axi_gpio_i2/U0/gpio_core_1/Dual.ALLIN0_ND_G0.READ_REG_GEN[19].reg1_reg[19]/C
                         clock pessimism             -0.035     1.149    
    SLICE_X48Y84         FDRE (Hold_fdre_C_D)         0.091     1.240    design_1_i/cg_fpga_0/inst/cg_fpga_axi_gpio_i2/U0/gpio_core_1/Dual.ALLIN0_ND_G0.READ_REG_GEN[19].reg1_reg[19]
  -------------------------------------------------------------------
                         required time                         -1.240    
                         arrival time                           1.279    
  -------------------------------------------------------------------
                         slack                                  0.039    

Slack (MET) :             0.041ns  (arrival time - required time)
  Source:                 design_1_i/cg_fpga_0/inst/cg_axi_vdma_0/U0/I_PRMRY_DATAMOVER/GEN_S2MM_FULL.I_S2MM_FULL_WRAPPER/GEN_ENABLE_INDET_BTT_SF.I_INDET_BTT/INCLUDE_PACKING.DO_REG_SLICES[1].lsig_data_slice_reg_reg[1][13]/C
                            (rising edge-triggered cell FDRE clocked by clk_fpga_0  {rise@0.000ns fall@5.000ns period=10.000ns})
  Destination:            design_1_i/cg_fpga_0/inst/cg_axi_vdma_0/U0/I_PRMRY_DATAMOVER/GEN_S2MM_FULL.I_S2MM_FULL_WRAPPER/GEN_ENABLE_INDET_BTT_SF.I_INDET_BTT/I_DATA_FIFO/BLK_MEM.I_SYNC_FIFOGEN_FIFO/xpm_fifo_instance.xpm_fifo_sync_inst/xpm_fifo_base_inst/gen_sdpram.xpm_memory_base_inst/gen_wr_a.gen_word_narrow.mem_reg_0/DIBDI[13]
                            (rising edge-triggered cell RAMB36E1 clocked by clk_fpga_0  {rise@0.000ns fall@5.000ns period=10.000ns})
  Path Group:             clk_fpga_0
  Path Type:              Hold (Min at Fast Process Corner)
  Requirement:            0.000ns  (clk_fpga_0 rise@0.000ns - clk_fpga_0 rise@0.000ns)
  Data Path Delay:        0.361ns  (logic 0.128ns (35.460%)  route 0.233ns (64.540%))
  Logic Levels:           0  
  Clock Path Skew:        0.077ns (DCD - SCD - CPR)
    Destination Clock Delay (DCD):    1.268ns
    Source Clock Delay      (SCD):    0.928ns
    Clock Pessimism Removal (CPR):    0.263ns

    Location             Delay type                Incr(ns)  Path(ns)    Netlist Resource(s)
  -------------------------------------------------------------------    -------------------
                         (clock clk_fpga_0 rise edge)
                                                      0.000     0.000 r  
    PS7_X0Y0             PS7                          0.000     0.000 r  design_1_i/cg_fpga_0/inst/processing_system7_0/inst/PS7_i/FCLKCLK[0]
                         net (fo=1, routed)           0.310     0.310    design_1_i/cg_fpga_0/inst/processing_system7_0/inst/FCLK_CLK_unbuffered[0]
    BUFGCTRL_X0Y16       BUFG (Prop_bufg_I_O)         0.026     0.336 r  design_1_i/cg_fpga_0/inst/processing_system7_0/inst/buffer_fclk_clk_0.FCLK_CLK_0_BUFG/O
                         net (fo=6956, routed)        0.592     0.928    design_1_i/cg_fpga_0/inst/cg_axi_vdma_0/U0/I_PRMRY_DATAMOVER/GEN_S2MM_FULL.I_S2MM_FULL_WRAPPER/GEN_ENABLE_INDET_BTT_SF.I_INDET_BTT/s_axi_lite_aclk
    SLICE_X11Y35         FDRE                                         r  design_1_i/cg_fpga_0/inst/cg_axi_vdma_0/U0/I_PRMRY_DATAMOVER/GEN_S2MM_FULL.I_S2MM_FULL_WRAPPER/GEN_ENABLE_INDET_BTT_SF.I_INDET_BTT/INCLUDE_PACKING.DO_REG_SLICES[1].lsig_data_slice_reg_reg[1][13]/C
  -------------------------------------------------------------------    -------------------
    SLICE_X11Y35         FDRE (Prop_fdre_C_Q)         0.128     1.056 r  design_1_i/cg_fpga_0/inst/cg_axi_vdma_0/U0/I_PRMRY_DATAMOVER/GEN_S2MM_FULL.I_S2MM_FULL_WRAPPER/GEN_ENABLE_INDET_BTT_SF.I_INDET_BTT/INCLUDE_PACKING.DO_REG_SLICES[1].lsig_data_slice_reg_reg[1][13]/Q
                         net (fo=1, routed)           0.233     1.288    design_1_i/cg_fpga_0/inst/cg_axi_vdma_0/U0/I_PRMRY_DATAMOVER/GEN_S2MM_FULL.I_S2MM_FULL_WRAPPER/GEN_ENABLE_INDET_BTT_SF.I_INDET_BTT/I_DATA_FIFO/BLK_MEM.I_SYNC_FIFOGEN_FIFO/xpm_fifo_instance.xpm_fifo_sync_inst/xpm_fifo_base_inst/gen_sdpram.xpm_memory_base_inst/dina[45]
    RAMB36_X0Y7          RAMB36E1                                     r  design_1_i/cg_fpga_0/inst/cg_axi_vdma_0/U0/I_PRMRY_DATAMOVER/GEN_S2MM_FULL.I_S2MM_FULL_WRAPPER/GEN_ENABLE_INDET_BTT_SF.I_INDET_BTT/I_DATA_FIFO/BLK_MEM.I_SYNC_FIFOGEN_FIFO/xpm_fifo_instance.xpm_fifo_sync_inst/xpm_fifo_base_inst/gen_sdpram.xpm_memory_base_inst/gen_wr_a.gen_word_narrow.mem_reg_0/DIBDI[13]
  -------------------------------------------------------------------    -------------------

                         (clock clk_fpga_0 rise edge)
                                                      0.000     0.000 r  
    PS7_X0Y0             PS7                          0.000     0.000 r  design_1_i/cg_fpga_0/inst/processing_system7_0/inst/PS7_i/FCLKCLK[0]
                         net (fo=1, routed)           0.337     0.337    design_1_i/cg_fpga_0/inst/processing_system7_0/inst/FCLK_CLK_unbuffered[0]
    BUFGCTRL_X0Y16       BUFG (Prop_bufg_I_O)         0.029     0.366 r  design_1_i/cg_fpga_0/inst/processing_system7_0/inst/buffer_fclk_clk_0.FCLK_CLK_0_BUFG/O
                         net (fo=6956, routed)        0.902     1.268    design_1_i/cg_fpga_0/inst/cg_axi_vdma_0/U0/I_PRMRY_DATAMOVER/GEN_S2MM_FULL.I_S2MM_FULL_WRAPPER/GEN_ENABLE_INDET_BTT_SF.I_INDET_BTT/I_DATA_FIFO/BLK_MEM.I_SYNC_FIFOGEN_FIFO/xpm_fifo_instance.xpm_fifo_sync_inst/xpm_fifo_base_inst/gen_sdpram.xpm_memory_base_inst/clka
    RAMB36_X0Y7          RAMB36E1                                     r  design_1_i/cg_fpga_0/inst/cg_axi_vdma_0/U0/I_PRMRY_DATAMOVER/GEN_S2MM_FULL.I_S2MM_FULL_WRAPPER/GEN_ENABLE_INDET_BTT_SF.I_INDET_BTT/I_DATA_FIFO/BLK_MEM.I_SYNC_FIFOGEN_FIFO/xpm_fifo_instance.xpm_fifo_sync_inst/xpm_fifo_base_inst/gen_sdpram.xpm_memory_base_inst/gen_wr_a.gen_word_narrow.mem_reg_0/CLKBWRCLK
                         clock pessimism             -0.263     1.005    
    RAMB36_X0Y7          RAMB36E1 (Hold_ramb36e1_CLKBWRCLK_DIBDI[13])
                                                      0.242     1.247    design_1_i/cg_fpga_0/inst/cg_axi_vdma_0/U0/I_PRMRY_DATAMOVER/GEN_S2MM_FULL.I_S2MM_FULL_WRAPPER/GEN_ENABLE_INDET_BTT_SF.I_INDET_BTT/I_DATA_FIFO/BLK_MEM.I_SYNC_FIFOGEN_FIFO/xpm_fifo_instance.xpm_fifo_sync_inst/xpm_fifo_base_inst/gen_sdpram.xpm_memory_base_inst/gen_wr_a.gen_word_narrow.mem_reg_0
  -------------------------------------------------------------------
                         required time                         -1.247    
                         arrival time                           1.288    
  -------------------------------------------------------------------
                         slack                                  0.041    





Pulse Width Checks
--------------------------------------------------------------------------------------
Clock Name:         clk_fpga_0
Waveform(ns):       { 0.000 5.000 }
Period(ns):         10.000
Sources:            { design_1_i/cg_fpga_0/inst/processing_system7_0/inst/PS7_i/FCLKCLK[0] }

Check Type        Corner  Lib Pin             Reference Pin  Required(ns)  Actual(ns)  Slack(ns)  Location      Pin
Min Period        n/a     RAMB18E1/CLKARDCLK  n/a            2.944         10.000      7.056      RAMB18_X1Y16  design_1_i/cg_fpga_0/inst/cg_axi_vdma_0/U0/GEN_SPRT_FOR_MM2S.MM2S_LINEBUFFER_I/GEN_LINEBUF_NO_SOF.GEN_LINEBUFFER.GEN_SYNC_FIFO.I_LINEBUFFER_FIFO/xpm_fifo_sync_inst/xpm_fifo_base_inst/gen_sdpram.xpm_memory_base_inst/gen_wr_a.gen_word_narrow.mem_reg/CLKARDCLK
Min Period        n/a     RAMB18E1/CLKBWRCLK  n/a            2.944         10.000      7.056      RAMB18_X1Y16  design_1_i/cg_fpga_0/inst/cg_axi_vdma_0/U0/GEN_SPRT_FOR_MM2S.MM2S_LINEBUFFER_I/GEN_LINEBUF_NO_SOF.GEN_LINEBUFFER.GEN_SYNC_FIFO.I_LINEBUFFER_FIFO/xpm_fifo_sync_inst/xpm_fifo_base_inst/gen_sdpram.xpm_memory_base_inst/gen_wr_a.gen_word_narrow.mem_reg/CLKBWRCLK
Min Period        n/a     RAMB36E1/CLKARDCLK  n/a            2.944         10.000      7.056      RAMB36_X1Y5   design_1_i/cg_fpga_0/inst/cg_axi_vdma_0/U0/GEN_SPRT_FOR_S2MM.S2MM_LINEBUFFER_I/GEN_S2MM_FLUSH_SOF_LOGIC.GEN_LINEBUFFER_FLUSH_SOF.GEN_SYNC_FIFO_FLUSH_SOF.I_LINEBUFFER_FIFO/xpm_fifo_sync_inst/xpm_fifo_base_inst/gen_sdpram.xpm_memory_base_inst/gen_wr_a.gen_word_narrow.mem_reg/CLKARDCLK
Min Period        n/a     RAMB36E1/CLKBWRCLK  n/a            2.944         10.000      7.056      RAMB36_X1Y5   design_1_i/cg_fpga_0/inst/cg_axi_vdma_0/U0/GEN_SPRT_FOR_S2MM.S2MM_LINEBUFFER_I/GEN_S2MM_FLUSH_SOF_LOGIC.GEN_LINEBUFFER_FLUSH_SOF.GEN_SYNC_FIFO_FLUSH_SOF.I_LINEBUFFER_FIFO/xpm_fifo_sync_inst/xpm_fifo_base_inst/gen_sdpram.xpm_memory_base_inst/gen_wr_a.gen_word_narrow.mem_reg/CLKBWRCLK
Min Period        n/a     RAMB36E1/CLKARDCLK  n/a            2.576         10.000      7.424      RAMB36_X1Y9   design_1_i/cg_fpga_0/inst/cg_axi_vdma_0/U0/I_PRMRY_DATAMOVER/GEN_MM2S_FULL.I_MM2S_FULL_WRAPPER/GEN_INCLUDE_MM2S_SF.I_RD_SF/I_DATA_FIFO/BLK_MEM.I_SYNC_FIFOGEN_FIFO/xpm_fifo_instance.xpm_fifo_sync_inst/xpm_fifo_base_inst/gen_sdpram.xpm_memory_base_inst/gen_wr_a.gen_word_narrow.mem_reg/CLKARDCLK
Min Period        n/a     RAMB36E1/CLKBWRCLK  n/a            2.576         10.000      7.424      RAMB36_X1Y9   design_1_i/cg_fpga_0/inst/cg_axi_vdma_0/U0/I_PRMRY_DATAMOVER/GEN_MM2S_FULL.I_MM2S_FULL_WRAPPER/GEN_INCLUDE_MM2S_SF.I_RD_SF/I_DATA_FIFO/BLK_MEM.I_SYNC_FIFOGEN_FIFO/xpm_fifo_instance.xpm_fifo_sync_inst/xpm_fifo_base_inst/gen_sdpram.xpm_memory_base_inst/gen_wr_a.gen_word_narrow.mem_reg/CLKBWRCLK
Min Period        n/a     RAMB36E1/CLKARDCLK  n/a            2.576         10.000      7.424      RAMB36_X0Y7   design_1_i/cg_fpga_0/inst/cg_axi_vdma_0/U0/I_PRMRY_DATAMOVER/GEN_S2MM_FULL.I_S2MM_FULL_WRAPPER/GEN_ENABLE_INDET_BTT_SF.I_INDET_BTT/I_DATA_FIFO/BLK_MEM.I_SYNC_FIFOGEN_FIFO/xpm_fifo_instance.xpm_fifo_sync_inst/xpm_fifo_base_inst/gen_sdpram.xpm_memory_base_inst/gen_wr_a.gen_word_narrow.mem_reg_0/CLKARDCLK
Min Period        n/a     RAMB36E1/CLKBWRCLK  n/a            2.576         10.000      7.424      RAMB36_X0Y7   design_1_i/cg_fpga_0/inst/cg_axi_vdma_0/U0/I_PRMRY_DATAMOVER/GEN_S2MM_FULL.I_S2MM_FULL_WRAPPER/GEN_ENABLE_INDET_BTT_SF.I_INDET_BTT/I_DATA_FIFO/BLK_MEM.I_SYNC_FIFOGEN_FIFO/xpm_fifo_instance.xpm_fifo_sync_inst/xpm_fifo_base_inst/gen_sdpram.xpm_memory_base_inst/gen_wr_a.gen_word_narrow.mem_reg_0/CLKBWRCLK
Min Period        n/a     RAMB18E1/CLKARDCLK  n/a            2.576         10.000      7.424      RAMB18_X0Y12  design_1_i/cg_fpga_0/inst/cg_axi_vdma_0/U0/I_PRMRY_DATAMOVER/GEN_S2MM_FULL.I_S2MM_FULL_WRAPPER/GEN_ENABLE_INDET_BTT_SF.I_INDET_BTT/I_DATA_FIFO/BLK_MEM.I_SYNC_FIFOGEN_FIFO/xpm_fifo_instance.xpm_fifo_sync_inst/xpm_fifo_base_inst/gen_sdpram.xpm_memory_base_inst/gen_wr_a.gen_word_narrow.mem_reg_1/CLKARDCLK
Min Period        n/a     RAMB18E1/CLKBWRCLK  n/a            2.576         10.000      7.424      RAMB18_X0Y12  design_1_i/cg_fpga_0/inst/cg_axi_vdma_0/U0/I_PRMRY_DATAMOVER/GEN_S2MM_FULL.I_S2MM_FULL_WRAPPER/GEN_ENABLE_INDET_BTT_SF.I_INDET_BTT/I_DATA_FIFO/BLK_MEM.I_SYNC_FIFOGEN_FIFO/xpm_fifo_instance.xpm_fifo_sync_inst/xpm_fifo_base_inst/gen_sdpram.xpm_memory_base_inst/gen_wr_a.gen_word_narrow.mem_reg_1/CLKBWRCLK
Low Pulse Width   Slow    RAMD32/CLK          n/a            1.250         5.000       3.750      SLICE_X26Y64  <hidden>
Low Pulse Width   Fast    RAMD32/CLK          n/a            1.250         5.000       3.750      SLICE_X26Y64  <hidden>
Low Pulse Width   Slow    RAMD32/CLK          n/a            1.250         5.000       3.750      SLICE_X26Y64  <hidden>
Low Pulse Width   Fast    RAMD32/CLK          n/a            1.250         5.000       3.750      SLICE_X26Y64  <hidden>
Low Pulse Width   Slow    RAMD32/CLK          n/a            1.250         5.000       3.750      SLICE_X26Y64  <hidden>
Low Pulse Width   Fast    RAMD32/CLK          n/a            1.250         5.000       3.750      SLICE_X26Y64  <hidden>
Low Pulse Width   Slow    RAMD32/CLK          n/a            1.250         5.000       3.750      SLICE_X26Y64  <hidden>
Low Pulse Width   Fast    RAMD32/CLK          n/a            1.250         5.000       3.750      SLICE_X26Y64  <hidden>
Low Pulse Width   Slow    RAMD32/CLK          n/a            1.250         5.000       3.750      SLICE_X26Y64  <hidden>
Low Pulse Width   Fast    RAMD32/CLK          n/a            1.250         5.000       3.750      SLICE_X26Y64  <hidden>
High Pulse Width  Slow    RAMD32/CLK          n/a            1.250         5.000       3.750      SLICE_X26Y64  <hidden>
High Pulse Width  Fast    RAMD32/CLK          n/a            1.250         5.000       3.750      SLICE_X26Y64  <hidden>
High Pulse Width  Slow    RAMD32/CLK          n/a            1.250         5.000       3.750      SLICE_X26Y64  <hidden>
High Pulse Width  Fast    RAMD32/CLK          n/a            1.250         5.000       3.750      SLICE_X26Y64  <hidden>
High Pulse Width  Slow    RAMD32/CLK          n/a            1.250         5.000       3.750      SLICE_X26Y64  <hidden>
High Pulse Width  Fast    RAMD32/CLK          n/a            1.250         5.000       3.750      SLICE_X26Y64  <hidden>
High Pulse Width  Slow    RAMD32/CLK          n/a            1.250         5.000       3.750      SLICE_X26Y64  <hidden>
High Pulse Width  Fast    RAMD32/CLK          n/a            1.250         5.000       3.750      SLICE_X26Y64  <hidden>
High Pulse Width  Slow    RAMD32/CLK          n/a            1.250         5.000       3.750      SLICE_X26Y64  <hidden>
High Pulse Width  Fast    RAMD32/CLK          n/a            1.250         5.000       3.750      SLICE_X26Y64  <hidden>



---------------------------------------------------------------------------------------------------
Path Group:  **async_default**
From Clock:  clk_fpga_0
  To Clock:  clk_fpga_0

Setup :            0  Failing Endpoints,  Worst Slack        6.861ns,  Total Violation        0.000ns
Hold  :            0  Failing Endpoints,  Worst Slack        0.570ns,  Total Violation        0.000ns
---------------------------------------------------------------------------------------------------


Max Delay Paths
--------------------------------------------------------------------------------------
Slack (MET) :             6.861ns  (required time - arrival time)
  Source:                 <hidden>
                            (rising edge-triggered cell FDPE clocked by clk_fpga_0  {rise@0.000ns fall@5.000ns period=10.000ns})
  Destination:            <hidden>
                            (recovery check against rising-edge clock clk_fpga_0  {rise@0.000ns fall@5.000ns period=10.000ns})
  Path Group:             **async_default**
  Path Type:              Recovery (Max at Slow Process Corner)
  Requirement:            10.000ns  (clk_fpga_0 rise@10.000ns - clk_fpga_0 rise@0.000ns)
  Data Path Delay:        2.552ns  (logic 0.773ns (30.293%)  route 1.779ns (69.707%))
  Logic Levels:           1  (LUT3=1)
  Clock Path Skew:        -0.028ns (DCD - SCD + CPR)
    Destination Clock Delay (DCD):    2.649ns = ( 12.649 - 10.000 ) 
    Source Clock Delay      (SCD):    2.939ns
    Clock Pessimism Removal (CPR):    0.262ns
  Clock Uncertainty:      0.154ns  ((TSJ^2 + TIJ^2)^1/2 + DJ) / 2 + PE
    Total System Jitter     (TSJ):    0.071ns
    Total Input Jitter      (TIJ):    0.300ns
    Discrete Jitter          (DJ):    0.000ns
    Phase Error              (PE):    0.000ns

    Location             Delay type                Incr(ns)  Path(ns)    Netlist Resource(s)
  -------------------------------------------------------------------    -------------------
                         (clock clk_fpga_0 rise edge)
                                                      0.000     0.000 r  
    PS7_X0Y0             PS7                          0.000     0.000 r  design_1_i/cg_fpga_0/inst/processing_system7_0/inst/PS7_i/FCLKCLK[0]
                         net (fo=1, routed)           1.193     1.193    design_1_i/cg_fpga_0/inst/processing_system7_0/inst/FCLK_CLK_unbuffered[0]
    BUFGCTRL_X0Y16       BUFG (Prop_bufg_I_O)         0.101     1.294 r  design_1_i/cg_fpga_0/inst/processing_system7_0/inst/buffer_fclk_clk_0.FCLK_CLK_0_BUFG/O
                         net (fo=6956, routed)        1.645     2.939    <hidden>
    SLICE_X34Y65         FDPE                                         r  <hidden>
  -------------------------------------------------------------------    -------------------
    SLICE_X34Y65         FDPE (Prop_fdpe_C_Q)         0.478     3.417 f  <hidden>
                         net (fo=2, routed)           0.819     4.236    <hidden>
    SLICE_X33Y65         LUT3 (Prop_lut3_I2_O)        0.295     4.531 f  <hidden>
                         net (fo=32, routed)          0.960     5.491    <hidden>
    SLICE_X35Y68         FDCE                                         f  <hidden>
  -------------------------------------------------------------------    -------------------

                         (clock clk_fpga_0 rise edge)
                                                     10.000    10.000 r  
    PS7_X0Y0             PS7                          0.000    10.000 r  design_1_i/cg_fpga_0/inst/processing_system7_0/inst/PS7_i/FCLKCLK[0]
                         net (fo=1, routed)           1.088    11.088    design_1_i/cg_fpga_0/inst/processing_system7_0/inst/FCLK_CLK_unbuffered[0]
    BUFGCTRL_X0Y16       BUFG (Prop_bufg_I_O)         0.091    11.179 r  design_1_i/cg_fpga_0/inst/processing_system7_0/inst/buffer_fclk_clk_0.FCLK_CLK_0_BUFG/O
                         net (fo=6956, routed)        1.470    12.649    <hidden>
    SLICE_X35Y68         FDCE                                         r  <hidden>
                         clock pessimism              0.262    12.911    
                         clock uncertainty           -0.154    12.757    
    SLICE_X35Y68         FDCE (Recov_fdce_C_CLR)     -0.405    12.352    <hidden>
  -------------------------------------------------------------------
                         required time                         12.352    
                         arrival time                          -5.491    
  -------------------------------------------------------------------
                         slack                                  6.861    

Slack (MET) :             6.861ns  (required time - arrival time)
  Source:                 <hidden>
                            (rising edge-triggered cell FDPE clocked by clk_fpga_0  {rise@0.000ns fall@5.000ns period=10.000ns})
  Destination:            <hidden>
                            (recovery check against rising-edge clock clk_fpga_0  {rise@0.000ns fall@5.000ns period=10.000ns})
  Path Group:             **async_default**
  Path Type:              Recovery (Max at Slow Process Corner)
  Requirement:            10.000ns  (clk_fpga_0 rise@10.000ns - clk_fpga_0 rise@0.000ns)
  Data Path Delay:        2.552ns  (logic 0.773ns (30.293%)  route 1.779ns (69.707%))
  Logic Levels:           1  (LUT3=1)
  Clock Path Skew:        -0.028ns (DCD - SCD + CPR)
    Destination Clock Delay (DCD):    2.649ns = ( 12.649 - 10.000 ) 
    Source Clock Delay      (SCD):    2.939ns
    Clock Pessimism Removal (CPR):    0.262ns
  Clock Uncertainty:      0.154ns  ((TSJ^2 + TIJ^2)^1/2 + DJ) / 2 + PE
    Total System Jitter     (TSJ):    0.071ns
    Total Input Jitter      (TIJ):    0.300ns
    Discrete Jitter          (DJ):    0.000ns
    Phase Error              (PE):    0.000ns

    Location             Delay type                Incr(ns)  Path(ns)    Netlist Resource(s)
  -------------------------------------------------------------------    -------------------
                         (clock clk_fpga_0 rise edge)
                                                      0.000     0.000 r  
    PS7_X0Y0             PS7                          0.000     0.000 r  design_1_i/cg_fpga_0/inst/processing_system7_0/inst/PS7_i/FCLKCLK[0]
                         net (fo=1, routed)           1.193     1.193    design_1_i/cg_fpga_0/inst/processing_system7_0/inst/FCLK_CLK_unbuffered[0]
    BUFGCTRL_X0Y16       BUFG (Prop_bufg_I_O)         0.101     1.294 r  design_1_i/cg_fpga_0/inst/processing_system7_0/inst/buffer_fclk_clk_0.FCLK_CLK_0_BUFG/O
                         net (fo=6956, routed)        1.645     2.939    <hidden>
    SLICE_X34Y65         FDPE                                         r  <hidden>
  -------------------------------------------------------------------    -------------------
    SLICE_X34Y65         FDPE (Prop_fdpe_C_Q)         0.478     3.417 f  <hidden>
                         net (fo=2, routed)           0.819     4.236    <hidden>
    SLICE_X33Y65         LUT3 (Prop_lut3_I2_O)        0.295     4.531 f  <hidden>
                         net (fo=32, routed)          0.960     5.491    <hidden>
    SLICE_X35Y68         FDCE                                         f  <hidden>
  -------------------------------------------------------------------    -------------------

                         (clock clk_fpga_0 rise edge)
                                                     10.000    10.000 r  
    PS7_X0Y0             PS7                          0.000    10.000 r  design_1_i/cg_fpga_0/inst/processing_system7_0/inst/PS7_i/FCLKCLK[0]
                         net (fo=1, routed)           1.088    11.088    design_1_i/cg_fpga_0/inst/processing_system7_0/inst/FCLK_CLK_unbuffered[0]
    BUFGCTRL_X0Y16       BUFG (Prop_bufg_I_O)         0.091    11.179 r  design_1_i/cg_fpga_0/inst/processing_system7_0/inst/buffer_fclk_clk_0.FCLK_CLK_0_BUFG/O
                         net (fo=6956, routed)        1.470    12.649    <hidden>
    SLICE_X35Y68         FDCE                                         r  <hidden>
                         clock pessimism              0.262    12.911    
                         clock uncertainty           -0.154    12.757    
    SLICE_X35Y68         FDCE (Recov_fdce_C_CLR)     -0.405    12.352    <hidden>
  -------------------------------------------------------------------
                         required time                         12.352    
                         arrival time                          -5.491    
  -------------------------------------------------------------------
                         slack                                  6.861    

Slack (MET) :             6.861ns  (required time - arrival time)
  Source:                 <hidden>
                            (rising edge-triggered cell FDPE clocked by clk_fpga_0  {rise@0.000ns fall@5.000ns period=10.000ns})
  Destination:            <hidden>
                            (recovery check against rising-edge clock clk_fpga_0  {rise@0.000ns fall@5.000ns period=10.000ns})
  Path Group:             **async_default**
  Path Type:              Recovery (Max at Slow Process Corner)
  Requirement:            10.000ns  (clk_fpga_0 rise@10.000ns - clk_fpga_0 rise@0.000ns)
  Data Path Delay:        2.552ns  (logic 0.773ns (30.293%)  route 1.779ns (69.707%))
  Logic Levels:           1  (LUT3=1)
  Clock Path Skew:        -0.028ns (DCD - SCD + CPR)
    Destination Clock Delay (DCD):    2.649ns = ( 12.649 - 10.000 ) 
    Source Clock Delay      (SCD):    2.939ns
    Clock Pessimism Removal (CPR):    0.262ns
  Clock Uncertainty:      0.154ns  ((TSJ^2 + TIJ^2)^1/2 + DJ) / 2 + PE
    Total System Jitter     (TSJ):    0.071ns
    Total Input Jitter      (TIJ):    0.300ns
    Discrete Jitter          (DJ):    0.000ns
    Phase Error              (PE):    0.000ns

    Location             Delay type                Incr(ns)  Path(ns)    Netlist Resource(s)
  -------------------------------------------------------------------    -------------------
                         (clock clk_fpga_0 rise edge)
                                                      0.000     0.000 r  
    PS7_X0Y0             PS7                          0.000     0.000 r  design_1_i/cg_fpga_0/inst/processing_system7_0/inst/PS7_i/FCLKCLK[0]
                         net (fo=1, routed)           1.193     1.193    design_1_i/cg_fpga_0/inst/processing_system7_0/inst/FCLK_CLK_unbuffered[0]
    BUFGCTRL_X0Y16       BUFG (Prop_bufg_I_O)         0.101     1.294 r  design_1_i/cg_fpga_0/inst/processing_system7_0/inst/buffer_fclk_clk_0.FCLK_CLK_0_BUFG/O
                         net (fo=6956, routed)        1.645     2.939    <hidden>
    SLICE_X34Y65         FDPE                                         r  <hidden>
  -------------------------------------------------------------------    -------------------
    SLICE_X34Y65         FDPE (Prop_fdpe_C_Q)         0.478     3.417 f  <hidden>
                         net (fo=2, routed)           0.819     4.236    <hidden>
    SLICE_X33Y65         LUT3 (Prop_lut3_I2_O)        0.295     4.531 f  <hidden>
                         net (fo=32, routed)          0.960     5.491    <hidden>
    SLICE_X35Y68         FDCE                                         f  <hidden>
  -------------------------------------------------------------------    -------------------

                         (clock clk_fpga_0 rise edge)
                                                     10.000    10.000 r  
    PS7_X0Y0             PS7                          0.000    10.000 r  design_1_i/cg_fpga_0/inst/processing_system7_0/inst/PS7_i/FCLKCLK[0]
                         net (fo=1, routed)           1.088    11.088    design_1_i/cg_fpga_0/inst/processing_system7_0/inst/FCLK_CLK_unbuffered[0]
    BUFGCTRL_X0Y16       BUFG (Prop_bufg_I_O)         0.091    11.179 r  design_1_i/cg_fpga_0/inst/processing_system7_0/inst/buffer_fclk_clk_0.FCLK_CLK_0_BUFG/O
                         net (fo=6956, routed)        1.470    12.649    <hidden>
    SLICE_X35Y68         FDCE                                         r  <hidden>
                         clock pessimism              0.262    12.911    
                         clock uncertainty           -0.154    12.757    
    SLICE_X35Y68         FDCE (Recov_fdce_C_CLR)     -0.405    12.352    <hidden>
  -------------------------------------------------------------------
                         required time                         12.352    
                         arrival time                          -5.491    
  -------------------------------------------------------------------
                         slack                                  6.861    

Slack (MET) :             6.861ns  (required time - arrival time)
  Source:                 <hidden>
                            (rising edge-triggered cell FDPE clocked by clk_fpga_0  {rise@0.000ns fall@5.000ns period=10.000ns})
  Destination:            <hidden>
                            (recovery check against rising-edge clock clk_fpga_0  {rise@0.000ns fall@5.000ns period=10.000ns})
  Path Group:             **async_default**
  Path Type:              Recovery (Max at Slow Process Corner)
  Requirement:            10.000ns  (clk_fpga_0 rise@10.000ns - clk_fpga_0 rise@0.000ns)
  Data Path Delay:        2.552ns  (logic 0.773ns (30.293%)  route 1.779ns (69.707%))
  Logic Levels:           1  (LUT3=1)
  Clock Path Skew:        -0.028ns (DCD - SCD + CPR)
    Destination Clock Delay (DCD):    2.649ns = ( 12.649 - 10.000 ) 
    Source Clock Delay      (SCD):    2.939ns
    Clock Pessimism Removal (CPR):    0.262ns
  Clock Uncertainty:      0.154ns  ((TSJ^2 + TIJ^2)^1/2 + DJ) / 2 + PE
    Total System Jitter     (TSJ):    0.071ns
    Total Input Jitter      (TIJ):    0.300ns
    Discrete Jitter          (DJ):    0.000ns
    Phase Error              (PE):    0.000ns

    Location             Delay type                Incr(ns)  Path(ns)    Netlist Resource(s)
  -------------------------------------------------------------------    -------------------
                         (clock clk_fpga_0 rise edge)
                                                      0.000     0.000 r  
    PS7_X0Y0             PS7                          0.000     0.000 r  design_1_i/cg_fpga_0/inst/processing_system7_0/inst/PS7_i/FCLKCLK[0]
                         net (fo=1, routed)           1.193     1.193    design_1_i/cg_fpga_0/inst/processing_system7_0/inst/FCLK_CLK_unbuffered[0]
    BUFGCTRL_X0Y16       BUFG (Prop_bufg_I_O)         0.101     1.294 r  design_1_i/cg_fpga_0/inst/processing_system7_0/inst/buffer_fclk_clk_0.FCLK_CLK_0_BUFG/O
                         net (fo=6956, routed)        1.645     2.939    <hidden>
    SLICE_X34Y65         FDPE                                         r  <hidden>
  -------------------------------------------------------------------    -------------------
    SLICE_X34Y65         FDPE (Prop_fdpe_C_Q)         0.478     3.417 f  <hidden>
                         net (fo=2, routed)           0.819     4.236    <hidden>
    SLICE_X33Y65         LUT3 (Prop_lut3_I2_O)        0.295     4.531 f  <hidden>
                         net (fo=32, routed)          0.960     5.491    <hidden>
    SLICE_X35Y68         FDCE                                         f  <hidden>
  -------------------------------------------------------------------    -------------------

                         (clock clk_fpga_0 rise edge)
                                                     10.000    10.000 r  
    PS7_X0Y0             PS7                          0.000    10.000 r  design_1_i/cg_fpga_0/inst/processing_system7_0/inst/PS7_i/FCLKCLK[0]
                         net (fo=1, routed)           1.088    11.088    design_1_i/cg_fpga_0/inst/processing_system7_0/inst/FCLK_CLK_unbuffered[0]
    BUFGCTRL_X0Y16       BUFG (Prop_bufg_I_O)         0.091    11.179 r  design_1_i/cg_fpga_0/inst/processing_system7_0/inst/buffer_fclk_clk_0.FCLK_CLK_0_BUFG/O
                         net (fo=6956, routed)        1.470    12.649    <hidden>
    SLICE_X35Y68         FDCE                                         r  <hidden>
                         clock pessimism              0.262    12.911    
                         clock uncertainty           -0.154    12.757    
    SLICE_X35Y68         FDCE (Recov_fdce_C_CLR)     -0.405    12.352    <hidden>
  -------------------------------------------------------------------
                         required time                         12.352    
                         arrival time                          -5.491    
  -------------------------------------------------------------------
                         slack                                  6.861    

Slack (MET) :             6.861ns  (required time - arrival time)
  Source:                 <hidden>
                            (rising edge-triggered cell FDPE clocked by clk_fpga_0  {rise@0.000ns fall@5.000ns period=10.000ns})
  Destination:            <hidden>
                            (recovery check against rising-edge clock clk_fpga_0  {rise@0.000ns fall@5.000ns period=10.000ns})
  Path Group:             **async_default**
  Path Type:              Recovery (Max at Slow Process Corner)
  Requirement:            10.000ns  (clk_fpga_0 rise@10.000ns - clk_fpga_0 rise@0.000ns)
  Data Path Delay:        2.552ns  (logic 0.773ns (30.293%)  route 1.779ns (69.707%))
  Logic Levels:           1  (LUT3=1)
  Clock Path Skew:        -0.028ns (DCD - SCD + CPR)
    Destination Clock Delay (DCD):    2.649ns = ( 12.649 - 10.000 ) 
    Source Clock Delay      (SCD):    2.939ns
    Clock Pessimism Removal (CPR):    0.262ns
  Clock Uncertainty:      0.154ns  ((TSJ^2 + TIJ^2)^1/2 + DJ) / 2 + PE
    Total System Jitter     (TSJ):    0.071ns
    Total Input Jitter      (TIJ):    0.300ns
    Discrete Jitter          (DJ):    0.000ns
    Phase Error              (PE):    0.000ns

    Location             Delay type                Incr(ns)  Path(ns)    Netlist Resource(s)
  -------------------------------------------------------------------    -------------------
                         (clock clk_fpga_0 rise edge)
                                                      0.000     0.000 r  
    PS7_X0Y0             PS7                          0.000     0.000 r  design_1_i/cg_fpga_0/inst/processing_system7_0/inst/PS7_i/FCLKCLK[0]
                         net (fo=1, routed)           1.193     1.193    design_1_i/cg_fpga_0/inst/processing_system7_0/inst/FCLK_CLK_unbuffered[0]
    BUFGCTRL_X0Y16       BUFG (Prop_bufg_I_O)         0.101     1.294 r  design_1_i/cg_fpga_0/inst/processing_system7_0/inst/buffer_fclk_clk_0.FCLK_CLK_0_BUFG/O
                         net (fo=6956, routed)        1.645     2.939    <hidden>
    SLICE_X34Y65         FDPE                                         r  <hidden>
  -------------------------------------------------------------------    -------------------
    SLICE_X34Y65         FDPE (Prop_fdpe_C_Q)         0.478     3.417 f  <hidden>
                         net (fo=2, routed)           0.819     4.236    <hidden>
    SLICE_X33Y65         LUT3 (Prop_lut3_I2_O)        0.295     4.531 f  <hidden>
                         net (fo=32, routed)          0.960     5.491    <hidden>
    SLICE_X35Y68         FDCE                                         f  <hidden>
  -------------------------------------------------------------------    -------------------

                         (clock clk_fpga_0 rise edge)
                                                     10.000    10.000 r  
    PS7_X0Y0             PS7                          0.000    10.000 r  design_1_i/cg_fpga_0/inst/processing_system7_0/inst/PS7_i/FCLKCLK[0]
                         net (fo=1, routed)           1.088    11.088    design_1_i/cg_fpga_0/inst/processing_system7_0/inst/FCLK_CLK_unbuffered[0]
    BUFGCTRL_X0Y16       BUFG (Prop_bufg_I_O)         0.091    11.179 r  design_1_i/cg_fpga_0/inst/processing_system7_0/inst/buffer_fclk_clk_0.FCLK_CLK_0_BUFG/O
                         net (fo=6956, routed)        1.470    12.649    <hidden>
    SLICE_X35Y68         FDCE                                         r  <hidden>
                         clock pessimism              0.262    12.911    
                         clock uncertainty           -0.154    12.757    
    SLICE_X35Y68         FDCE (Recov_fdce_C_CLR)     -0.405    12.352    <hidden>
  -------------------------------------------------------------------
                         required time                         12.352    
                         arrival time                          -5.491    
  -------------------------------------------------------------------
                         slack                                  6.861    

Slack (MET) :             6.905ns  (required time - arrival time)
  Source:                 <hidden>
                            (rising edge-triggered cell FDPE clocked by clk_fpga_0  {rise@0.000ns fall@5.000ns period=10.000ns})
  Destination:            <hidden>
                            (recovery check against rising-edge clock clk_fpga_0  {rise@0.000ns fall@5.000ns period=10.000ns})
  Path Group:             **async_default**
  Path Type:              Recovery (Max at Slow Process Corner)
  Requirement:            10.000ns  (clk_fpga_0 rise@10.000ns - clk_fpga_0 rise@0.000ns)
  Data Path Delay:        2.552ns  (logic 0.773ns (30.293%)  route 1.779ns (69.707%))
  Logic Levels:           1  (LUT3=1)
  Clock Path Skew:        -0.028ns (DCD - SCD + CPR)
    Destination Clock Delay (DCD):    2.649ns = ( 12.649 - 10.000 ) 
    Source Clock Delay      (SCD):    2.939ns
    Clock Pessimism Removal (CPR):    0.262ns
  Clock Uncertainty:      0.154ns  ((TSJ^2 + TIJ^2)^1/2 + DJ) / 2 + PE
    Total System Jitter     (TSJ):    0.071ns
    Total Input Jitter      (TIJ):    0.300ns
    Discrete Jitter          (DJ):    0.000ns
    Phase Error              (PE):    0.000ns

    Location             Delay type                Incr(ns)  Path(ns)    Netlist Resource(s)
  -------------------------------------------------------------------    -------------------
                         (clock clk_fpga_0 rise edge)
                                                      0.000     0.000 r  
    PS7_X0Y0             PS7                          0.000     0.000 r  design_1_i/cg_fpga_0/inst/processing_system7_0/inst/PS7_i/FCLKCLK[0]
                         net (fo=1, routed)           1.193     1.193    design_1_i/cg_fpga_0/inst/processing_system7_0/inst/FCLK_CLK_unbuffered[0]
    BUFGCTRL_X0Y16       BUFG (Prop_bufg_I_O)         0.101     1.294 r  design_1_i/cg_fpga_0/inst/processing_system7_0/inst/buffer_fclk_clk_0.FCLK_CLK_0_BUFG/O
                         net (fo=6956, routed)        1.645     2.939    <hidden>
    SLICE_X34Y65         FDPE                                         r  <hidden>
  -------------------------------------------------------------------    -------------------
    SLICE_X34Y65         FDPE (Prop_fdpe_C_Q)         0.478     3.417 f  <hidden>
                         net (fo=2, routed)           0.819     4.236    <hidden>
    SLICE_X33Y65         LUT3 (Prop_lut3_I2_O)        0.295     4.531 f  <hidden>
                         net (fo=32, routed)          0.960     5.491    <hidden>
    SLICE_X34Y68         FDCE                                         f  <hidden>
  -------------------------------------------------------------------    -------------------

                         (clock clk_fpga_0 rise edge)
                                                     10.000    10.000 r  
    PS7_X0Y0             PS7                          0.000    10.000 r  design_1_i/cg_fpga_0/inst/processing_system7_0/inst/PS7_i/FCLKCLK[0]
                         net (fo=1, routed)           1.088    11.088    design_1_i/cg_fpga_0/inst/processing_system7_0/inst/FCLK_CLK_unbuffered[0]
    BUFGCTRL_X0Y16       BUFG (Prop_bufg_I_O)         0.091    11.179 r  design_1_i/cg_fpga_0/inst/processing_system7_0/inst/buffer_fclk_clk_0.FCLK_CLK_0_BUFG/O
                         net (fo=6956, routed)        1.470    12.649    <hidden>
    SLICE_X34Y68         FDCE                                         r  <hidden>
                         clock pessimism              0.262    12.911    
                         clock uncertainty           -0.154    12.757    
    SLICE_X34Y68         FDCE (Recov_fdce_C_CLR)     -0.361    12.396    <hidden>
  -------------------------------------------------------------------
                         required time                         12.396    
                         arrival time                          -5.491    
  -------------------------------------------------------------------
                         slack                                  6.905    

Slack (MET) :             6.905ns  (required time - arrival time)
  Source:                 <hidden>
                            (rising edge-triggered cell FDPE clocked by clk_fpga_0  {rise@0.000ns fall@5.000ns period=10.000ns})
  Destination:            <hidden>
                            (recovery check against rising-edge clock clk_fpga_0  {rise@0.000ns fall@5.000ns period=10.000ns})
  Path Group:             **async_default**
  Path Type:              Recovery (Max at Slow Process Corner)
  Requirement:            10.000ns  (clk_fpga_0 rise@10.000ns - clk_fpga_0 rise@0.000ns)
  Data Path Delay:        2.552ns  (logic 0.773ns (30.293%)  route 1.779ns (69.707%))
  Logic Levels:           1  (LUT3=1)
  Clock Path Skew:        -0.028ns (DCD - SCD + CPR)
    Destination Clock Delay (DCD):    2.649ns = ( 12.649 - 10.000 ) 
    Source Clock Delay      (SCD):    2.939ns
    Clock Pessimism Removal (CPR):    0.262ns
  Clock Uncertainty:      0.154ns  ((TSJ^2 + TIJ^2)^1/2 + DJ) / 2 + PE
    Total System Jitter     (TSJ):    0.071ns
    Total Input Jitter      (TIJ):    0.300ns
    Discrete Jitter          (DJ):    0.000ns
    Phase Error              (PE):    0.000ns

    Location             Delay type                Incr(ns)  Path(ns)    Netlist Resource(s)
  -------------------------------------------------------------------    -------------------
                         (clock clk_fpga_0 rise edge)
                                                      0.000     0.000 r  
    PS7_X0Y0             PS7                          0.000     0.000 r  design_1_i/cg_fpga_0/inst/processing_system7_0/inst/PS7_i/FCLKCLK[0]
                         net (fo=1, routed)           1.193     1.193    design_1_i/cg_fpga_0/inst/processing_system7_0/inst/FCLK_CLK_unbuffered[0]
    BUFGCTRL_X0Y16       BUFG (Prop_bufg_I_O)         0.101     1.294 r  design_1_i/cg_fpga_0/inst/processing_system7_0/inst/buffer_fclk_clk_0.FCLK_CLK_0_BUFG/O
                         net (fo=6956, routed)        1.645     2.939    <hidden>
    SLICE_X34Y65         FDPE                                         r  <hidden>
  -------------------------------------------------------------------    -------------------
    SLICE_X34Y65         FDPE (Prop_fdpe_C_Q)         0.478     3.417 f  <hidden>
                         net (fo=2, routed)           0.819     4.236    <hidden>
    SLICE_X33Y65         LUT3 (Prop_lut3_I2_O)        0.295     4.531 f  <hidden>
                         net (fo=32, routed)          0.960     5.491    <hidden>
    SLICE_X34Y68         FDCE                                         f  <hidden>
  -------------------------------------------------------------------    -------------------

                         (clock clk_fpga_0 rise edge)
                                                     10.000    10.000 r  
    PS7_X0Y0             PS7                          0.000    10.000 r  design_1_i/cg_fpga_0/inst/processing_system7_0/inst/PS7_i/FCLKCLK[0]
                         net (fo=1, routed)           1.088    11.088    design_1_i/cg_fpga_0/inst/processing_system7_0/inst/FCLK_CLK_unbuffered[0]
    BUFGCTRL_X0Y16       BUFG (Prop_bufg_I_O)         0.091    11.179 r  design_1_i/cg_fpga_0/inst/processing_system7_0/inst/buffer_fclk_clk_0.FCLK_CLK_0_BUFG/O
                         net (fo=6956, routed)        1.470    12.649    <hidden>
    SLICE_X34Y68         FDCE                                         r  <hidden>
                         clock pessimism              0.262    12.911    
                         clock uncertainty           -0.154    12.757    
    SLICE_X34Y68         FDCE (Recov_fdce_C_CLR)     -0.361    12.396    <hidden>
  -------------------------------------------------------------------
                         required time                         12.396    
                         arrival time                          -5.491    
  -------------------------------------------------------------------
                         slack                                  6.905    

Slack (MET) :             6.947ns  (required time - arrival time)
  Source:                 <hidden>
                            (rising edge-triggered cell FDPE clocked by clk_fpga_0  {rise@0.000ns fall@5.000ns period=10.000ns})
  Destination:            <hidden>
                            (recovery check against rising-edge clock clk_fpga_0  {rise@0.000ns fall@5.000ns period=10.000ns})
  Path Group:             **async_default**
  Path Type:              Recovery (Max at Slow Process Corner)
  Requirement:            10.000ns  (clk_fpga_0 rise@10.000ns - clk_fpga_0 rise@0.000ns)
  Data Path Delay:        2.552ns  (logic 0.773ns (30.293%)  route 1.779ns (69.707%))
  Logic Levels:           1  (LUT3=1)
  Clock Path Skew:        -0.028ns (DCD - SCD + CPR)
    Destination Clock Delay (DCD):    2.649ns = ( 12.649 - 10.000 ) 
    Source Clock Delay      (SCD):    2.939ns
    Clock Pessimism Removal (CPR):    0.262ns
  Clock Uncertainty:      0.154ns  ((TSJ^2 + TIJ^2)^1/2 + DJ) / 2 + PE
    Total System Jitter     (TSJ):    0.071ns
    Total Input Jitter      (TIJ):    0.300ns
    Discrete Jitter          (DJ):    0.000ns
    Phase Error              (PE):    0.000ns

    Location             Delay type                Incr(ns)  Path(ns)    Netlist Resource(s)
  -------------------------------------------------------------------    -------------------
                         (clock clk_fpga_0 rise edge)
                                                      0.000     0.000 r  
    PS7_X0Y0             PS7                          0.000     0.000 r  design_1_i/cg_fpga_0/inst/processing_system7_0/inst/PS7_i/FCLKCLK[0]
                         net (fo=1, routed)           1.193     1.193    design_1_i/cg_fpga_0/inst/processing_system7_0/inst/FCLK_CLK_unbuffered[0]
    BUFGCTRL_X0Y16       BUFG (Prop_bufg_I_O)         0.101     1.294 r  design_1_i/cg_fpga_0/inst/processing_system7_0/inst/buffer_fclk_clk_0.FCLK_CLK_0_BUFG/O
                         net (fo=6956, routed)        1.645     2.939    <hidden>
    SLICE_X34Y65         FDPE                                         r  <hidden>
  -------------------------------------------------------------------    -------------------
    SLICE_X34Y65         FDPE (Prop_fdpe_C_Q)         0.478     3.417 f  <hidden>
                         net (fo=2, routed)           0.819     4.236    <hidden>
    SLICE_X33Y65         LUT3 (Prop_lut3_I2_O)        0.295     4.531 f  <hidden>
                         net (fo=32, routed)          0.960     5.491    <hidden>
    SLICE_X34Y68         FDCE                                         f  <hidden>
  -------------------------------------------------------------------    -------------------

                         (clock clk_fpga_0 rise edge)
                                                     10.000    10.000 r  
    PS7_X0Y0             PS7                          0.000    10.000 r  design_1_i/cg_fpga_0/inst/processing_system7_0/inst/PS7_i/FCLKCLK[0]
                         net (fo=1, routed)           1.088    11.088    design_1_i/cg_fpga_0/inst/processing_system7_0/inst/FCLK_CLK_unbuffered[0]
    BUFGCTRL_X0Y16       BUFG (Prop_bufg_I_O)         0.091    11.179 r  design_1_i/cg_fpga_0/inst/processing_system7_0/inst/buffer_fclk_clk_0.FCLK_CLK_0_BUFG/O
                         net (fo=6956, routed)        1.470    12.649    <hidden>
    SLICE_X34Y68         FDCE                                         r  <hidden>
                         clock pessimism              0.262    12.911    
                         clock uncertainty           -0.154    12.757    
    SLICE_X34Y68         FDCE (Recov_fdce_C_CLR)     -0.319    12.438    <hidden>
  -------------------------------------------------------------------
                         required time                         12.438    
                         arrival time                          -5.491    
  -------------------------------------------------------------------
                         slack                                  6.947    

Slack (MET) :             6.947ns  (required time - arrival time)
  Source:                 <hidden>
                            (rising edge-triggered cell FDPE clocked by clk_fpga_0  {rise@0.000ns fall@5.000ns period=10.000ns})
  Destination:            <hidden>
                            (recovery check against rising-edge clock clk_fpga_0  {rise@0.000ns fall@5.000ns period=10.000ns})
  Path Group:             **async_default**
  Path Type:              Recovery (Max at Slow Process Corner)
  Requirement:            10.000ns  (clk_fpga_0 rise@10.000ns - clk_fpga_0 rise@0.000ns)
  Data Path Delay:        2.552ns  (logic 0.773ns (30.293%)  route 1.779ns (69.707%))
  Logic Levels:           1  (LUT3=1)
  Clock Path Skew:        -0.028ns (DCD - SCD + CPR)
    Destination Clock Delay (DCD):    2.649ns = ( 12.649 - 10.000 ) 
    Source Clock Delay      (SCD):    2.939ns
    Clock Pessimism Removal (CPR):    0.262ns
  Clock Uncertainty:      0.154ns  ((TSJ^2 + TIJ^2)^1/2 + DJ) / 2 + PE
    Total System Jitter     (TSJ):    0.071ns
    Total Input Jitter      (TIJ):    0.300ns
    Discrete Jitter          (DJ):    0.000ns
    Phase Error              (PE):    0.000ns

    Location             Delay type                Incr(ns)  Path(ns)    Netlist Resource(s)
  -------------------------------------------------------------------    -------------------
                         (clock clk_fpga_0 rise edge)
                                                      0.000     0.000 r  
    PS7_X0Y0             PS7                          0.000     0.000 r  design_1_i/cg_fpga_0/inst/processing_system7_0/inst/PS7_i/FCLKCLK[0]
                         net (fo=1, routed)           1.193     1.193    design_1_i/cg_fpga_0/inst/processing_system7_0/inst/FCLK_CLK_unbuffered[0]
    BUFGCTRL_X0Y16       BUFG (Prop_bufg_I_O)         0.101     1.294 r  design_1_i/cg_fpga_0/inst/processing_system7_0/inst/buffer_fclk_clk_0.FCLK_CLK_0_BUFG/O
                         net (fo=6956, routed)        1.645     2.939    <hidden>
    SLICE_X34Y65         FDPE                                         r  <hidden>
  -------------------------------------------------------------------    -------------------
    SLICE_X34Y65         FDPE (Prop_fdpe_C_Q)         0.478     3.417 f  <hidden>
                         net (fo=2, routed)           0.819     4.236    <hidden>
    SLICE_X33Y65         LUT3 (Prop_lut3_I2_O)        0.295     4.531 f  <hidden>
                         net (fo=32, routed)          0.960     5.491    <hidden>
    SLICE_X34Y68         FDCE                                         f  <hidden>
  -------------------------------------------------------------------    -------------------

                         (clock clk_fpga_0 rise edge)
                                                     10.000    10.000 r  
    PS7_X0Y0             PS7                          0.000    10.000 r  design_1_i/cg_fpga_0/inst/processing_system7_0/inst/PS7_i/FCLKCLK[0]
                         net (fo=1, routed)           1.088    11.088    design_1_i/cg_fpga_0/inst/processing_system7_0/inst/FCLK_CLK_unbuffered[0]
    BUFGCTRL_X0Y16       BUFG (Prop_bufg_I_O)         0.091    11.179 r  design_1_i/cg_fpga_0/inst/processing_system7_0/inst/buffer_fclk_clk_0.FCLK_CLK_0_BUFG/O
                         net (fo=6956, routed)        1.470    12.649    <hidden>
    SLICE_X34Y68         FDCE                                         r  <hidden>
                         clock pessimism              0.262    12.911    
                         clock uncertainty           -0.154    12.757    
    SLICE_X34Y68         FDCE (Recov_fdce_C_CLR)     -0.319    12.438    <hidden>
  -------------------------------------------------------------------
                         required time                         12.438    
                         arrival time                          -5.491    
  -------------------------------------------------------------------
                         slack                                  6.947    

Slack (MET) :             6.947ns  (required time - arrival time)
  Source:                 <hidden>
                            (rising edge-triggered cell FDPE clocked by clk_fpga_0  {rise@0.000ns fall@5.000ns period=10.000ns})
  Destination:            <hidden>
                            (recovery check against rising-edge clock clk_fpga_0  {rise@0.000ns fall@5.000ns period=10.000ns})
  Path Group:             **async_default**
  Path Type:              Recovery (Max at Slow Process Corner)
  Requirement:            10.000ns  (clk_fpga_0 rise@10.000ns - clk_fpga_0 rise@0.000ns)
  Data Path Delay:        2.552ns  (logic 0.773ns (30.293%)  route 1.779ns (69.707%))
  Logic Levels:           1  (LUT3=1)
  Clock Path Skew:        -0.028ns (DCD - SCD + CPR)
    Destination Clock Delay (DCD):    2.649ns = ( 12.649 - 10.000 ) 
    Source Clock Delay      (SCD):    2.939ns
    Clock Pessimism Removal (CPR):    0.262ns
  Clock Uncertainty:      0.154ns  ((TSJ^2 + TIJ^2)^1/2 + DJ) / 2 + PE
    Total System Jitter     (TSJ):    0.071ns
    Total Input Jitter      (TIJ):    0.300ns
    Discrete Jitter          (DJ):    0.000ns
    Phase Error              (PE):    0.000ns

    Location             Delay type                Incr(ns)  Path(ns)    Netlist Resource(s)
  -------------------------------------------------------------------    -------------------
                         (clock clk_fpga_0 rise edge)
                                                      0.000     0.000 r  
    PS7_X0Y0             PS7                          0.000     0.000 r  design_1_i/cg_fpga_0/inst/processing_system7_0/inst/PS7_i/FCLKCLK[0]
                         net (fo=1, routed)           1.193     1.193    design_1_i/cg_fpga_0/inst/processing_system7_0/inst/FCLK_CLK_unbuffered[0]
    BUFGCTRL_X0Y16       BUFG (Prop_bufg_I_O)         0.101     1.294 r  design_1_i/cg_fpga_0/inst/processing_system7_0/inst/buffer_fclk_clk_0.FCLK_CLK_0_BUFG/O
                         net (fo=6956, routed)        1.645     2.939    <hidden>
    SLICE_X34Y65         FDPE                                         r  <hidden>
  -------------------------------------------------------------------    -------------------
    SLICE_X34Y65         FDPE (Prop_fdpe_C_Q)         0.478     3.417 f  <hidden>
                         net (fo=2, routed)           0.819     4.236    <hidden>
    SLICE_X33Y65         LUT3 (Prop_lut3_I2_O)        0.295     4.531 f  <hidden>
                         net (fo=32, routed)          0.960     5.491    <hidden>
    SLICE_X34Y68         FDCE                                         f  <hidden>
  -------------------------------------------------------------------    -------------------

                         (clock clk_fpga_0 rise edge)
                                                     10.000    10.000 r  
    PS7_X0Y0             PS7                          0.000    10.000 r  design_1_i/cg_fpga_0/inst/processing_system7_0/inst/PS7_i/FCLKCLK[0]
                         net (fo=1, routed)           1.088    11.088    design_1_i/cg_fpga_0/inst/processing_system7_0/inst/FCLK_CLK_unbuffered[0]
    BUFGCTRL_X0Y16       BUFG (Prop_bufg_I_O)         0.091    11.179 r  design_1_i/cg_fpga_0/inst/processing_system7_0/inst/buffer_fclk_clk_0.FCLK_CLK_0_BUFG/O
                         net (fo=6956, routed)        1.470    12.649    <hidden>
    SLICE_X34Y68         FDCE                                         r  <hidden>
                         clock pessimism              0.262    12.911    
                         clock uncertainty           -0.154    12.757    
    SLICE_X34Y68         FDCE (Recov_fdce_C_CLR)     -0.319    12.438    <hidden>
  -------------------------------------------------------------------
                         required time                         12.438    
                         arrival time                          -5.491    
  -------------------------------------------------------------------
                         slack                                  6.947    





Min Delay Paths
--------------------------------------------------------------------------------------
Slack (MET) :             0.570ns  (arrival time - required time)
  Source:                 <hidden>
                            (rising edge-triggered cell FDRE clocked by clk_fpga_0  {rise@0.000ns fall@5.000ns period=10.000ns})
  Destination:            <hidden>
                            (removal check against rising-edge clock clk_fpga_0  {rise@0.000ns fall@5.000ns period=10.000ns})
  Path Group:             **async_default**
  Path Type:              Removal (Min at Fast Process Corner)
  Requirement:            0.000ns  (clk_fpga_0 rise@0.000ns - clk_fpga_0 rise@0.000ns)
  Data Path Delay:        0.534ns  (logic 0.186ns (34.863%)  route 0.348ns (65.137%))
  Logic Levels:           1  (LUT3=1)
  Clock Path Skew:        0.031ns (DCD - SCD - CPR)
    Destination Clock Delay (DCD):    1.202ns
    Source Clock Delay      (SCD):    0.907ns
    Clock Pessimism Removal (CPR):    0.264ns

    Location             Delay type                Incr(ns)  Path(ns)    Netlist Resource(s)
  -------------------------------------------------------------------    -------------------
                         (clock clk_fpga_0 rise edge)
                                                      0.000     0.000 r  
    PS7_X0Y0             PS7                          0.000     0.000 r  design_1_i/cg_fpga_0/inst/processing_system7_0/inst/PS7_i/FCLKCLK[0]
                         net (fo=1, routed)           0.310     0.310    design_1_i/cg_fpga_0/inst/processing_system7_0/inst/FCLK_CLK_unbuffered[0]
    BUFGCTRL_X0Y16       BUFG (Prop_bufg_I_O)         0.026     0.336 r  design_1_i/cg_fpga_0/inst/processing_system7_0/inst/buffer_fclk_clk_0.FCLK_CLK_0_BUFG/O
                         net (fo=6956, routed)        0.571     0.907    <hidden>
    SLICE_X28Y66         FDRE                                         r  <hidden>
  -------------------------------------------------------------------    -------------------
    SLICE_X28Y66         FDRE (Prop_fdre_C_Q)         0.141     1.048 f  <hidden>
                         net (fo=3, routed)           0.185     1.233    <hidden>
    SLICE_X28Y66         LUT3 (Prop_lut3_I1_O)        0.045     1.278 f  <hidden>
                         net (fo=32, routed)          0.163     1.440    <hidden>
    SLICE_X26Y66         FDCE                                         f  <hidden>
  -------------------------------------------------------------------    -------------------

                         (clock clk_fpga_0 rise edge)
                                                      0.000     0.000 r  
    PS7_X0Y0             PS7                          0.000     0.000 r  design_1_i/cg_fpga_0/inst/processing_system7_0/inst/PS7_i/FCLKCLK[0]
                         net (fo=1, routed)           0.337     0.337    design_1_i/cg_fpga_0/inst/processing_system7_0/inst/FCLK_CLK_unbuffered[0]
    BUFGCTRL_X0Y16       BUFG (Prop_bufg_I_O)         0.029     0.366 r  design_1_i/cg_fpga_0/inst/processing_system7_0/inst/buffer_fclk_clk_0.FCLK_CLK_0_BUFG/O
                         net (fo=6956, routed)        0.836     1.202    <hidden>
    SLICE_X26Y66         FDCE                                         r  <hidden>
                         clock pessimism             -0.264     0.938    
    SLICE_X26Y66         FDCE (Remov_fdce_C_CLR)     -0.067     0.871    <hidden>
  -------------------------------------------------------------------
                         required time                         -0.871    
                         arrival time                           1.440    
  -------------------------------------------------------------------
                         slack                                  0.570    

Slack (MET) :             0.570ns  (arrival time - required time)
  Source:                 <hidden>
                            (rising edge-triggered cell FDRE clocked by clk_fpga_0  {rise@0.000ns fall@5.000ns period=10.000ns})
  Destination:            <hidden>
                            (removal check against rising-edge clock clk_fpga_0  {rise@0.000ns fall@5.000ns period=10.000ns})
  Path Group:             **async_default**
  Path Type:              Removal (Min at Fast Process Corner)
  Requirement:            0.000ns  (clk_fpga_0 rise@0.000ns - clk_fpga_0 rise@0.000ns)
  Data Path Delay:        0.534ns  (logic 0.186ns (34.863%)  route 0.348ns (65.137%))
  Logic Levels:           1  (LUT3=1)
  Clock Path Skew:        0.031ns (DCD - SCD - CPR)
    Destination Clock Delay (DCD):    1.202ns
    Source Clock Delay      (SCD):    0.907ns
    Clock Pessimism Removal (CPR):    0.264ns

    Location             Delay type                Incr(ns)  Path(ns)    Netlist Resource(s)
  -------------------------------------------------------------------    -------------------
                         (clock clk_fpga_0 rise edge)
                                                      0.000     0.000 r  
    PS7_X0Y0             PS7                          0.000     0.000 r  design_1_i/cg_fpga_0/inst/processing_system7_0/inst/PS7_i/FCLKCLK[0]
                         net (fo=1, routed)           0.310     0.310    design_1_i/cg_fpga_0/inst/processing_system7_0/inst/FCLK_CLK_unbuffered[0]
    BUFGCTRL_X0Y16       BUFG (Prop_bufg_I_O)         0.026     0.336 r  design_1_i/cg_fpga_0/inst/processing_system7_0/inst/buffer_fclk_clk_0.FCLK_CLK_0_BUFG/O
                         net (fo=6956, routed)        0.571     0.907    <hidden>
    SLICE_X28Y66         FDRE                                         r  <hidden>
  -------------------------------------------------------------------    -------------------
    SLICE_X28Y66         FDRE (Prop_fdre_C_Q)         0.141     1.048 f  <hidden>
                         net (fo=3, routed)           0.185     1.233    <hidden>
    SLICE_X28Y66         LUT3 (Prop_lut3_I1_O)        0.045     1.278 f  <hidden>
                         net (fo=32, routed)          0.163     1.440    <hidden>
    SLICE_X26Y66         FDCE                                         f  <hidden>
  -------------------------------------------------------------------    -------------------

                         (clock clk_fpga_0 rise edge)
                                                      0.000     0.000 r  
    PS7_X0Y0             PS7                          0.000     0.000 r  design_1_i/cg_fpga_0/inst/processing_system7_0/inst/PS7_i/FCLKCLK[0]
                         net (fo=1, routed)           0.337     0.337    design_1_i/cg_fpga_0/inst/processing_system7_0/inst/FCLK_CLK_unbuffered[0]
    BUFGCTRL_X0Y16       BUFG (Prop_bufg_I_O)         0.029     0.366 r  design_1_i/cg_fpga_0/inst/processing_system7_0/inst/buffer_fclk_clk_0.FCLK_CLK_0_BUFG/O
                         net (fo=6956, routed)        0.836     1.202    <hidden>
    SLICE_X26Y66         FDCE                                         r  <hidden>
                         clock pessimism             -0.264     0.938    
    SLICE_X26Y66         FDCE (Remov_fdce_C_CLR)     -0.067     0.871    <hidden>
  -------------------------------------------------------------------
                         required time                         -0.871    
                         arrival time                           1.440    
  -------------------------------------------------------------------
                         slack                                  0.570    

Slack (MET) :             0.570ns  (arrival time - required time)
  Source:                 <hidden>
                            (rising edge-triggered cell FDRE clocked by clk_fpga_0  {rise@0.000ns fall@5.000ns period=10.000ns})
  Destination:            <hidden>
                            (removal check against rising-edge clock clk_fpga_0  {rise@0.000ns fall@5.000ns period=10.000ns})
  Path Group:             **async_default**
  Path Type:              Removal (Min at Fast Process Corner)
  Requirement:            0.000ns  (clk_fpga_0 rise@0.000ns - clk_fpga_0 rise@0.000ns)
  Data Path Delay:        0.534ns  (logic 0.186ns (34.863%)  route 0.348ns (65.137%))
  Logic Levels:           1  (LUT3=1)
  Clock Path Skew:        0.031ns (DCD - SCD - CPR)
    Destination Clock Delay (DCD):    1.202ns
    Source Clock Delay      (SCD):    0.907ns
    Clock Pessimism Removal (CPR):    0.264ns

    Location             Delay type                Incr(ns)  Path(ns)    Netlist Resource(s)
  -------------------------------------------------------------------    -------------------
                         (clock clk_fpga_0 rise edge)
                                                      0.000     0.000 r  
    PS7_X0Y0             PS7                          0.000     0.000 r  design_1_i/cg_fpga_0/inst/processing_system7_0/inst/PS7_i/FCLKCLK[0]
                         net (fo=1, routed)           0.310     0.310    design_1_i/cg_fpga_0/inst/processing_system7_0/inst/FCLK_CLK_unbuffered[0]
    BUFGCTRL_X0Y16       BUFG (Prop_bufg_I_O)         0.026     0.336 r  design_1_i/cg_fpga_0/inst/processing_system7_0/inst/buffer_fclk_clk_0.FCLK_CLK_0_BUFG/O
                         net (fo=6956, routed)        0.571     0.907    <hidden>
    SLICE_X28Y66         FDRE                                         r  <hidden>
  -------------------------------------------------------------------    -------------------
    SLICE_X28Y66         FDRE (Prop_fdre_C_Q)         0.141     1.048 f  <hidden>
                         net (fo=3, routed)           0.185     1.233    <hidden>
    SLICE_X28Y66         LUT3 (Prop_lut3_I1_O)        0.045     1.278 f  <hidden>
                         net (fo=32, routed)          0.163     1.440    <hidden>
    SLICE_X26Y66         FDCE                                         f  <hidden>
  -------------------------------------------------------------------    -------------------

                         (clock clk_fpga_0 rise edge)
                                                      0.000     0.000 r  
    PS7_X0Y0             PS7                          0.000     0.000 r  design_1_i/cg_fpga_0/inst/processing_system7_0/inst/PS7_i/FCLKCLK[0]
                         net (fo=1, routed)           0.337     0.337    design_1_i/cg_fpga_0/inst/processing_system7_0/inst/FCLK_CLK_unbuffered[0]
    BUFGCTRL_X0Y16       BUFG (Prop_bufg_I_O)         0.029     0.366 r  design_1_i/cg_fpga_0/inst/processing_system7_0/inst/buffer_fclk_clk_0.FCLK_CLK_0_BUFG/O
                         net (fo=6956, routed)        0.836     1.202    <hidden>
    SLICE_X26Y66         FDCE                                         r  <hidden>
                         clock pessimism             -0.264     0.938    
    SLICE_X26Y66         FDCE (Remov_fdce_C_CLR)     -0.067     0.871    <hidden>
  -------------------------------------------------------------------
                         required time                         -0.871    
                         arrival time                           1.440    
  -------------------------------------------------------------------
                         slack                                  0.570    

Slack (MET) :             0.574ns  (arrival time - required time)
  Source:                 <hidden>
                            (rising edge-triggered cell FDRE clocked by clk_fpga_0  {rise@0.000ns fall@5.000ns period=10.000ns})
  Destination:            <hidden>
                            (removal check against rising-edge clock clk_fpga_0  {rise@0.000ns fall@5.000ns period=10.000ns})
  Path Group:             **async_default**
  Path Type:              Removal (Min at Fast Process Corner)
  Requirement:            0.000ns  (clk_fpga_0 rise@0.000ns - clk_fpga_0 rise@0.000ns)
  Data Path Delay:        0.534ns  (logic 0.186ns (34.863%)  route 0.348ns (65.137%))
  Logic Levels:           1  (LUT3=1)
  Clock Path Skew:        0.031ns (DCD - SCD - CPR)
    Destination Clock Delay (DCD):    1.202ns
    Source Clock Delay      (SCD):    0.907ns
    Clock Pessimism Removal (CPR):    0.264ns

    Location             Delay type                Incr(ns)  Path(ns)    Netlist Resource(s)
  -------------------------------------------------------------------    -------------------
                         (clock clk_fpga_0 rise edge)
                                                      0.000     0.000 r  
    PS7_X0Y0             PS7                          0.000     0.000 r  design_1_i/cg_fpga_0/inst/processing_system7_0/inst/PS7_i/FCLKCLK[0]
                         net (fo=1, routed)           0.310     0.310    design_1_i/cg_fpga_0/inst/processing_system7_0/inst/FCLK_CLK_unbuffered[0]
    BUFGCTRL_X0Y16       BUFG (Prop_bufg_I_O)         0.026     0.336 r  design_1_i/cg_fpga_0/inst/processing_system7_0/inst/buffer_fclk_clk_0.FCLK_CLK_0_BUFG/O
                         net (fo=6956, routed)        0.571     0.907    <hidden>
    SLICE_X28Y66         FDRE                                         r  <hidden>
  -------------------------------------------------------------------    -------------------
    SLICE_X28Y66         FDRE (Prop_fdre_C_Q)         0.141     1.048 f  <hidden>
                         net (fo=3, routed)           0.185     1.233    <hidden>
    SLICE_X28Y66         LUT3 (Prop_lut3_I1_O)        0.045     1.278 f  <hidden>
                         net (fo=32, routed)          0.163     1.440    <hidden>
    SLICE_X26Y66         FDPE                                         f  <hidden>
  -------------------------------------------------------------------    -------------------

                         (clock clk_fpga_0 rise edge)
                                                      0.000     0.000 r  
    PS7_X0Y0             PS7                          0.000     0.000 r  design_1_i/cg_fpga_0/inst/processing_system7_0/inst/PS7_i/FCLKCLK[0]
                         net (fo=1, routed)           0.337     0.337    design_1_i/cg_fpga_0/inst/processing_system7_0/inst/FCLK_CLK_unbuffered[0]
    BUFGCTRL_X0Y16       BUFG (Prop_bufg_I_O)         0.029     0.366 r  design_1_i/cg_fpga_0/inst/processing_system7_0/inst/buffer_fclk_clk_0.FCLK_CLK_0_BUFG/O
                         net (fo=6956, routed)        0.836     1.202    <hidden>
    SLICE_X26Y66         FDPE                                         r  <hidden>
                         clock pessimism             -0.264     0.938    
    SLICE_X26Y66         FDPE (Remov_fdpe_C_PRE)     -0.071     0.867    <hidden>
  -------------------------------------------------------------------
                         required time                         -0.867    
                         arrival time                           1.440    
  -------------------------------------------------------------------
                         slack                                  0.574    

Slack (MET) :             0.574ns  (arrival time - required time)
  Source:                 <hidden>
                            (rising edge-triggered cell FDRE clocked by clk_fpga_0  {rise@0.000ns fall@5.000ns period=10.000ns})
  Destination:            <hidden>
                            (removal check against rising-edge clock clk_fpga_0  {rise@0.000ns fall@5.000ns period=10.000ns})
  Path Group:             **async_default**
  Path Type:              Removal (Min at Fast Process Corner)
  Requirement:            0.000ns  (clk_fpga_0 rise@0.000ns - clk_fpga_0 rise@0.000ns)
  Data Path Delay:        0.534ns  (logic 0.186ns (34.863%)  route 0.348ns (65.137%))
  Logic Levels:           1  (LUT3=1)
  Clock Path Skew:        0.031ns (DCD - SCD - CPR)
    Destination Clock Delay (DCD):    1.202ns
    Source Clock Delay      (SCD):    0.907ns
    Clock Pessimism Removal (CPR):    0.264ns

    Location             Delay type                Incr(ns)  Path(ns)    Netlist Resource(s)
  -------------------------------------------------------------------    -------------------
                         (clock clk_fpga_0 rise edge)
                                                      0.000     0.000 r  
    PS7_X0Y0             PS7                          0.000     0.000 r  design_1_i/cg_fpga_0/inst/processing_system7_0/inst/PS7_i/FCLKCLK[0]
                         net (fo=1, routed)           0.310     0.310    design_1_i/cg_fpga_0/inst/processing_system7_0/inst/FCLK_CLK_unbuffered[0]
    BUFGCTRL_X0Y16       BUFG (Prop_bufg_I_O)         0.026     0.336 r  design_1_i/cg_fpga_0/inst/processing_system7_0/inst/buffer_fclk_clk_0.FCLK_CLK_0_BUFG/O
                         net (fo=6956, routed)        0.571     0.907    <hidden>
    SLICE_X28Y66         FDRE                                         r  <hidden>
  -------------------------------------------------------------------    -------------------
    SLICE_X28Y66         FDRE (Prop_fdre_C_Q)         0.141     1.048 f  <hidden>
                         net (fo=3, routed)           0.185     1.233    <hidden>
    SLICE_X28Y66         LUT3 (Prop_lut3_I1_O)        0.045     1.278 f  <hidden>
                         net (fo=32, routed)          0.163     1.440    <hidden>
    SLICE_X26Y66         FDPE                                         f  <hidden>
  -------------------------------------------------------------------    -------------------

                         (clock clk_fpga_0 rise edge)
                                                      0.000     0.000 r  
    PS7_X0Y0             PS7                          0.000     0.000 r  design_1_i/cg_fpga_0/inst/processing_system7_0/inst/PS7_i/FCLKCLK[0]
                         net (fo=1, routed)           0.337     0.337    design_1_i/cg_fpga_0/inst/processing_system7_0/inst/FCLK_CLK_unbuffered[0]
    BUFGCTRL_X0Y16       BUFG (Prop_bufg_I_O)         0.029     0.366 r  design_1_i/cg_fpga_0/inst/processing_system7_0/inst/buffer_fclk_clk_0.FCLK_CLK_0_BUFG/O
                         net (fo=6956, routed)        0.836     1.202    <hidden>
    SLICE_X26Y66         FDPE                                         r  <hidden>
                         clock pessimism             -0.264     0.938    
    SLICE_X26Y66         FDPE (Remov_fdpe_C_PRE)     -0.071     0.867    <hidden>
  -------------------------------------------------------------------
                         required time                         -0.867    
                         arrival time                           1.440    
  -------------------------------------------------------------------
                         slack                                  0.574    

Slack (MET) :             0.574ns  (arrival time - required time)
  Source:                 <hidden>
                            (rising edge-triggered cell FDRE clocked by clk_fpga_0  {rise@0.000ns fall@5.000ns period=10.000ns})
  Destination:            <hidden>
                            (removal check against rising-edge clock clk_fpga_0  {rise@0.000ns fall@5.000ns period=10.000ns})
  Path Group:             **async_default**
  Path Type:              Removal (Min at Fast Process Corner)
  Requirement:            0.000ns  (clk_fpga_0 rise@0.000ns - clk_fpga_0 rise@0.000ns)
  Data Path Delay:        0.534ns  (logic 0.186ns (34.863%)  route 0.348ns (65.137%))
  Logic Levels:           1  (LUT3=1)
  Clock Path Skew:        0.031ns (DCD - SCD - CPR)
    Destination Clock Delay (DCD):    1.202ns
    Source Clock Delay      (SCD):    0.907ns
    Clock Pessimism Removal (CPR):    0.264ns

    Location             Delay type                Incr(ns)  Path(ns)    Netlist Resource(s)
  -------------------------------------------------------------------    -------------------
                         (clock clk_fpga_0 rise edge)
                                                      0.000     0.000 r  
    PS7_X0Y0             PS7                          0.000     0.000 r  design_1_i/cg_fpga_0/inst/processing_system7_0/inst/PS7_i/FCLKCLK[0]
                         net (fo=1, routed)           0.310     0.310    design_1_i/cg_fpga_0/inst/processing_system7_0/inst/FCLK_CLK_unbuffered[0]
    BUFGCTRL_X0Y16       BUFG (Prop_bufg_I_O)         0.026     0.336 r  design_1_i/cg_fpga_0/inst/processing_system7_0/inst/buffer_fclk_clk_0.FCLK_CLK_0_BUFG/O
                         net (fo=6956, routed)        0.571     0.907    <hidden>
    SLICE_X28Y66         FDRE                                         r  <hidden>
  -------------------------------------------------------------------    -------------------
    SLICE_X28Y66         FDRE (Prop_fdre_C_Q)         0.141     1.048 f  <hidden>
                         net (fo=3, routed)           0.185     1.233    <hidden>
    SLICE_X28Y66         LUT3 (Prop_lut3_I1_O)        0.045     1.278 f  <hidden>
                         net (fo=32, routed)          0.163     1.440    <hidden>
    SLICE_X26Y66         FDPE                                         f  <hidden>
  -------------------------------------------------------------------    -------------------

                         (clock clk_fpga_0 rise edge)
                                                      0.000     0.000 r  
    PS7_X0Y0             PS7                          0.000     0.000 r  design_1_i/cg_fpga_0/inst/processing_system7_0/inst/PS7_i/FCLKCLK[0]
                         net (fo=1, routed)           0.337     0.337    design_1_i/cg_fpga_0/inst/processing_system7_0/inst/FCLK_CLK_unbuffered[0]
    BUFGCTRL_X0Y16       BUFG (Prop_bufg_I_O)         0.029     0.366 r  design_1_i/cg_fpga_0/inst/processing_system7_0/inst/buffer_fclk_clk_0.FCLK_CLK_0_BUFG/O
                         net (fo=6956, routed)        0.836     1.202    <hidden>
    SLICE_X26Y66         FDPE                                         r  <hidden>
                         clock pessimism             -0.264     0.938    
    SLICE_X26Y66         FDPE (Remov_fdpe_C_PRE)     -0.071     0.867    <hidden>
  -------------------------------------------------------------------
                         required time                         -0.867    
                         arrival time                           1.440    
  -------------------------------------------------------------------
                         slack                                  0.574    

Slack (MET) :             0.574ns  (arrival time - required time)
  Source:                 <hidden>
                            (rising edge-triggered cell FDRE clocked by clk_fpga_0  {rise@0.000ns fall@5.000ns period=10.000ns})
  Destination:            <hidden>
                            (removal check against rising-edge clock clk_fpga_0  {rise@0.000ns fall@5.000ns period=10.000ns})
  Path Group:             **async_default**
  Path Type:              Removal (Min at Fast Process Corner)
  Requirement:            0.000ns  (clk_fpga_0 rise@0.000ns - clk_fpga_0 rise@0.000ns)
  Data Path Delay:        0.534ns  (logic 0.186ns (34.863%)  route 0.348ns (65.137%))
  Logic Levels:           1  (LUT3=1)
  Clock Path Skew:        0.031ns (DCD - SCD - CPR)
    Destination Clock Delay (DCD):    1.202ns
    Source Clock Delay      (SCD):    0.907ns
    Clock Pessimism Removal (CPR):    0.264ns

    Location             Delay type                Incr(ns)  Path(ns)    Netlist Resource(s)
  -------------------------------------------------------------------    -------------------
                         (clock clk_fpga_0 rise edge)
                                                      0.000     0.000 r  
    PS7_X0Y0             PS7                          0.000     0.000 r  design_1_i/cg_fpga_0/inst/processing_system7_0/inst/PS7_i/FCLKCLK[0]
                         net (fo=1, routed)           0.310     0.310    design_1_i/cg_fpga_0/inst/processing_system7_0/inst/FCLK_CLK_unbuffered[0]
    BUFGCTRL_X0Y16       BUFG (Prop_bufg_I_O)         0.026     0.336 r  design_1_i/cg_fpga_0/inst/processing_system7_0/inst/buffer_fclk_clk_0.FCLK_CLK_0_BUFG/O
                         net (fo=6956, routed)        0.571     0.907    <hidden>
    SLICE_X28Y66         FDRE                                         r  <hidden>
  -------------------------------------------------------------------    -------------------
    SLICE_X28Y66         FDRE (Prop_fdre_C_Q)         0.141     1.048 f  <hidden>
                         net (fo=3, routed)           0.185     1.233    <hidden>
    SLICE_X28Y66         LUT3 (Prop_lut3_I1_O)        0.045     1.278 f  <hidden>
                         net (fo=32, routed)          0.163     1.440    <hidden>
    SLICE_X26Y66         FDPE                                         f  <hidden>
  -------------------------------------------------------------------    -------------------

                         (clock clk_fpga_0 rise edge)
                                                      0.000     0.000 r  
    PS7_X0Y0             PS7                          0.000     0.000 r  design_1_i/cg_fpga_0/inst/processing_system7_0/inst/PS7_i/FCLKCLK[0]
                         net (fo=1, routed)           0.337     0.337    design_1_i/cg_fpga_0/inst/processing_system7_0/inst/FCLK_CLK_unbuffered[0]
    BUFGCTRL_X0Y16       BUFG (Prop_bufg_I_O)         0.029     0.366 r  design_1_i/cg_fpga_0/inst/processing_system7_0/inst/buffer_fclk_clk_0.FCLK_CLK_0_BUFG/O
                         net (fo=6956, routed)        0.836     1.202    <hidden>
    SLICE_X26Y66         FDPE                                         r  <hidden>
                         clock pessimism             -0.264     0.938    
    SLICE_X26Y66         FDPE (Remov_fdpe_C_PRE)     -0.071     0.867    <hidden>
  -------------------------------------------------------------------
                         required time                         -0.867    
                         arrival time                           1.440    
  -------------------------------------------------------------------
                         slack                                  0.574    

Slack (MET) :             0.574ns  (arrival time - required time)
  Source:                 <hidden>
                            (rising edge-triggered cell FDRE clocked by clk_fpga_0  {rise@0.000ns fall@5.000ns period=10.000ns})
  Destination:            <hidden>
                            (removal check against rising-edge clock clk_fpga_0  {rise@0.000ns fall@5.000ns period=10.000ns})
  Path Group:             **async_default**
  Path Type:              Removal (Min at Fast Process Corner)
  Requirement:            0.000ns  (clk_fpga_0 rise@0.000ns - clk_fpga_0 rise@0.000ns)
  Data Path Delay:        0.497ns  (logic 0.186ns (37.461%)  route 0.311ns (62.539%))
  Logic Levels:           1  (LUT3=1)
  Clock Path Skew:        0.015ns (DCD - SCD - CPR)
    Destination Clock Delay (DCD):    1.201ns
    Source Clock Delay      (SCD):    0.902ns
    Clock Pessimism Removal (CPR):    0.284ns

    Location             Delay type                Incr(ns)  Path(ns)    Netlist Resource(s)
  -------------------------------------------------------------------    -------------------
                         (clock clk_fpga_0 rise edge)
                                                      0.000     0.000 r  
    PS7_X0Y0             PS7                          0.000     0.000 r  design_1_i/cg_fpga_0/inst/processing_system7_0/inst/PS7_i/FCLKCLK[0]
                         net (fo=1, routed)           0.310     0.310    design_1_i/cg_fpga_0/inst/processing_system7_0/inst/FCLK_CLK_unbuffered[0]
    BUFGCTRL_X0Y16       BUFG (Prop_bufg_I_O)         0.026     0.336 r  design_1_i/cg_fpga_0/inst/processing_system7_0/inst/buffer_fclk_clk_0.FCLK_CLK_0_BUFG/O
                         net (fo=6956, routed)        0.566     0.902    <hidden>
    SLICE_X27Y68         FDRE                                         r  <hidden>
  -------------------------------------------------------------------    -------------------
    SLICE_X27Y68         FDRE (Prop_fdre_C_Q)         0.141     1.043 f  <hidden>
                         net (fo=2, routed)           0.170     1.213    <hidden>
    SLICE_X27Y68         LUT3 (Prop_lut3_I1_O)        0.045     1.258 f  <hidden>
                         net (fo=32, routed)          0.140     1.398    <hidden>
    SLICE_X27Y67         FDCE                                         f  <hidden>
  -------------------------------------------------------------------    -------------------

                         (clock clk_fpga_0 rise edge)
                                                      0.000     0.000 r  
    PS7_X0Y0             PS7                          0.000     0.000 r  design_1_i/cg_fpga_0/inst/processing_system7_0/inst/PS7_i/FCLKCLK[0]
                         net (fo=1, routed)           0.337     0.337    design_1_i/cg_fpga_0/inst/processing_system7_0/inst/FCLK_CLK_unbuffered[0]
    BUFGCTRL_X0Y16       BUFG (Prop_bufg_I_O)         0.029     0.366 r  design_1_i/cg_fpga_0/inst/processing_system7_0/inst/buffer_fclk_clk_0.FCLK_CLK_0_BUFG/O
                         net (fo=6956, routed)        0.835     1.201    <hidden>
    SLICE_X27Y67         FDCE                                         r  <hidden>
                         clock pessimism             -0.284     0.917    
    SLICE_X27Y67         FDCE (Remov_fdce_C_CLR)     -0.092     0.825    <hidden>
  -------------------------------------------------------------------
                         required time                         -0.825    
                         arrival time                           1.398    
  -------------------------------------------------------------------
                         slack                                  0.574    

Slack (MET) :             0.574ns  (arrival time - required time)
  Source:                 <hidden>
                            (rising edge-triggered cell FDRE clocked by clk_fpga_0  {rise@0.000ns fall@5.000ns period=10.000ns})
  Destination:            <hidden>
                            (removal check against rising-edge clock clk_fpga_0  {rise@0.000ns fall@5.000ns period=10.000ns})
  Path Group:             **async_default**
  Path Type:              Removal (Min at Fast Process Corner)
  Requirement:            0.000ns  (clk_fpga_0 rise@0.000ns - clk_fpga_0 rise@0.000ns)
  Data Path Delay:        0.497ns  (logic 0.186ns (37.461%)  route 0.311ns (62.539%))
  Logic Levels:           1  (LUT3=1)
  Clock Path Skew:        0.015ns (DCD - SCD - CPR)
    Destination Clock Delay (DCD):    1.201ns
    Source Clock Delay      (SCD):    0.902ns
    Clock Pessimism Removal (CPR):    0.284ns

    Location             Delay type                Incr(ns)  Path(ns)    Netlist Resource(s)
  -------------------------------------------------------------------    -------------------
                         (clock clk_fpga_0 rise edge)
                                                      0.000     0.000 r  
    PS7_X0Y0             PS7                          0.000     0.000 r  design_1_i/cg_fpga_0/inst/processing_system7_0/inst/PS7_i/FCLKCLK[0]
                         net (fo=1, routed)           0.310     0.310    design_1_i/cg_fpga_0/inst/processing_system7_0/inst/FCLK_CLK_unbuffered[0]
    BUFGCTRL_X0Y16       BUFG (Prop_bufg_I_O)         0.026     0.336 r  design_1_i/cg_fpga_0/inst/processing_system7_0/inst/buffer_fclk_clk_0.FCLK_CLK_0_BUFG/O
                         net (fo=6956, routed)        0.566     0.902    <hidden>
    SLICE_X27Y68         FDRE                                         r  <hidden>
  -------------------------------------------------------------------    -------------------
    SLICE_X27Y68         FDRE (Prop_fdre_C_Q)         0.141     1.043 f  <hidden>
                         net (fo=2, routed)           0.170     1.213    <hidden>
    SLICE_X27Y68         LUT3 (Prop_lut3_I1_O)        0.045     1.258 f  <hidden>
                         net (fo=32, routed)          0.140     1.398    <hidden>
    SLICE_X27Y67         FDCE                                         f  <hidden>
  -------------------------------------------------------------------    -------------------

                         (clock clk_fpga_0 rise edge)
                                                      0.000     0.000 r  
    PS7_X0Y0             PS7                          0.000     0.000 r  design_1_i/cg_fpga_0/inst/processing_system7_0/inst/PS7_i/FCLKCLK[0]
                         net (fo=1, routed)           0.337     0.337    design_1_i/cg_fpga_0/inst/processing_system7_0/inst/FCLK_CLK_unbuffered[0]
    BUFGCTRL_X0Y16       BUFG (Prop_bufg_I_O)         0.029     0.366 r  design_1_i/cg_fpga_0/inst/processing_system7_0/inst/buffer_fclk_clk_0.FCLK_CLK_0_BUFG/O
                         net (fo=6956, routed)        0.835     1.201    <hidden>
    SLICE_X27Y67         FDCE                                         r  <hidden>
                         clock pessimism             -0.284     0.917    
    SLICE_X27Y67         FDCE (Remov_fdce_C_CLR)     -0.092     0.825    <hidden>
  -------------------------------------------------------------------
                         required time                         -0.825    
                         arrival time                           1.398    
  -------------------------------------------------------------------
                         slack                                  0.574    

Slack (MET) :             0.574ns  (arrival time - required time)
  Source:                 <hidden>
                            (rising edge-triggered cell FDRE clocked by clk_fpga_0  {rise@0.000ns fall@5.000ns period=10.000ns})
  Destination:            <hidden>
                            (removal check against rising-edge clock clk_fpga_0  {rise@0.000ns fall@5.000ns period=10.000ns})
  Path Group:             **async_default**
  Path Type:              Removal (Min at Fast Process Corner)
  Requirement:            0.000ns  (clk_fpga_0 rise@0.000ns - clk_fpga_0 rise@0.000ns)
  Data Path Delay:        0.497ns  (logic 0.186ns (37.461%)  route 0.311ns (62.539%))
  Logic Levels:           1  (LUT3=1)
  Clock Path Skew:        0.015ns (DCD - SCD - CPR)
    Destination Clock Delay (DCD):    1.201ns
    Source Clock Delay      (SCD):    0.902ns
    Clock Pessimism Removal (CPR):    0.284ns

    Location             Delay type                Incr(ns)  Path(ns)    Netlist Resource(s)
  -------------------------------------------------------------------    -------------------
                         (clock clk_fpga_0 rise edge)
                                                      0.000     0.000 r  
    PS7_X0Y0             PS7                          0.000     0.000 r  design_1_i/cg_fpga_0/inst/processing_system7_0/inst/PS7_i/FCLKCLK[0]
                         net (fo=1, routed)           0.310     0.310    design_1_i/cg_fpga_0/inst/processing_system7_0/inst/FCLK_CLK_unbuffered[0]
    BUFGCTRL_X0Y16       BUFG (Prop_bufg_I_O)         0.026     0.336 r  design_1_i/cg_fpga_0/inst/processing_system7_0/inst/buffer_fclk_clk_0.FCLK_CLK_0_BUFG/O
                         net (fo=6956, routed)        0.566     0.902    <hidden>
    SLICE_X27Y68         FDRE                                         r  <hidden>
  -------------------------------------------------------------------    -------------------
    SLICE_X27Y68         FDRE (Prop_fdre_C_Q)         0.141     1.043 f  <hidden>
                         net (fo=2, routed)           0.170     1.213    <hidden>
    SLICE_X27Y68         LUT3 (Prop_lut3_I1_O)        0.045     1.258 f  <hidden>
                         net (fo=32, routed)          0.140     1.398    <hidden>
    SLICE_X27Y67         FDCE                                         f  <hidden>
  -------------------------------------------------------------------    -------------------

                         (clock clk_fpga_0 rise edge)
                                                      0.000     0.000 r  
    PS7_X0Y0             PS7                          0.000     0.000 r  design_1_i/cg_fpga_0/inst/processing_system7_0/inst/PS7_i/FCLKCLK[0]
                         net (fo=1, routed)           0.337     0.337    design_1_i/cg_fpga_0/inst/processing_system7_0/inst/FCLK_CLK_unbuffered[0]
    BUFGCTRL_X0Y16       BUFG (Prop_bufg_I_O)         0.029     0.366 r  design_1_i/cg_fpga_0/inst/processing_system7_0/inst/buffer_fclk_clk_0.FCLK_CLK_0_BUFG/O
                         net (fo=6956, routed)        0.835     1.201    <hidden>
    SLICE_X27Y67         FDCE                                         r  <hidden>
                         clock pessimism             -0.284     0.917    
    SLICE_X27Y67         FDCE (Remov_fdce_C_CLR)     -0.092     0.825    <hidden>
  -------------------------------------------------------------------
                         required time                         -0.825    
                         arrival time                           1.398    
  -------------------------------------------------------------------
                         slack                                  0.574    





--------------------------------------------------------------------------------------
Path Group:  (none)
From Clock:  
  To Clock:  clk_fpga_0

Max Delay             8 Endpoints
Min Delay             8 Endpoints
--------------------------------------------------------------------------------------


Max Delay Paths
--------------------------------------------------------------------------------------
Slack:                    inf
  Source:                 <hidden>
                            (rising edge-triggered cell RAMB18E1)
  Destination:            design_1_i/cg_fpga_0/inst/cg_fpga_axi_gpio_i1/U0/gpio_core_1/Dual.INPUT_DOUBLE_REGS5/GENERATE_LEVEL_P_S_CDC.MULTI_BIT.FOR_IN_cdc_to[3].CROSS2_PLEVEL_IN2SCNDRY_IN_cdc_to/D
                            (rising edge-triggered cell FDRE clocked by clk_fpga_0  {rise@0.000ns fall@5.000ns period=10.000ns})
  Path Group:             (none)
  Path Type:              Setup (Max at Slow Process Corner)
  Data Path Delay:        4.565ns  (logic 1.130ns (24.756%)  route 3.435ns (75.244%))
  Logic Levels:           3  (LUT6=2 RAMB18E1=1)
  Clock Uncertainty:      0.152ns  ((TSJ^2 + TIJ^2)^1/2 + DJ) / 2 + PE
    Total System Jitter     (TSJ):    0.050ns
    Total Input Jitter      (TIJ):    0.300ns
    Discrete Jitter          (DJ):    0.000ns
    Phase Error              (PE):    0.000ns
  Timing Exception:       False Path

    Location             Delay type                Incr(ns)  Path(ns)    Netlist Resource(s)
  -------------------------------------------------------------------    -------------------
    RAMB18_X2Y28         RAMB18E1                     0.000     0.000 r  <hidden>
    RAMB18_X2Y28         RAMB18E1 (Prop_ramb18e1_CLKARDCLK_DOADO[1])
                                                      0.882     0.882 r  <hidden>
                         net (fo=1, routed)           1.544     2.426    design_1_i/adpt_out_0/inst/digit0[1]
    SLICE_X32Y73         LUT6 (Prop_lut6_I1_O)        0.124     2.550 r  design_1_i/adpt_out_0/inst/seg_data[6]_INST_0_i_4/O
                         net (fo=7, routed)           1.239     3.789    design_1_i/adpt_out_0/inst/seg_data[6]_INST_0_i_4_n_0
    SLICE_X41Y73         LUT6 (Prop_lut6_I5_O)        0.124     3.913 r  design_1_i/adpt_out_0/inst/seg_data[3]_INST_0/O
                         net (fo=1, routed)           0.652     4.565    design_1_i/cg_fpga_0/inst/cg_fpga_axi_gpio_i1/U0/gpio_core_1/Dual.INPUT_DOUBLE_REGS5/gpio2_io_i[3]
    SLICE_X45Y76         FDRE                                         r  design_1_i/cg_fpga_0/inst/cg_fpga_axi_gpio_i1/U0/gpio_core_1/Dual.INPUT_DOUBLE_REGS5/GENERATE_LEVEL_P_S_CDC.MULTI_BIT.FOR_IN_cdc_to[3].CROSS2_PLEVEL_IN2SCNDRY_IN_cdc_to/D
  -------------------------------------------------------------------    -------------------

                         (clock clk_fpga_0 rise edge)
                                                      0.000     0.000 r  
    PS7_X0Y0             PS7                          0.000     0.000 r  design_1_i/cg_fpga_0/inst/processing_system7_0/inst/PS7_i/FCLKCLK[0]
                         net (fo=1, routed)           1.088     1.088    design_1_i/cg_fpga_0/inst/processing_system7_0/inst/FCLK_CLK_unbuffered[0]
    BUFGCTRL_X0Y16       BUFG (Prop_bufg_I_O)         0.091     1.179 r  design_1_i/cg_fpga_0/inst/processing_system7_0/inst/buffer_fclk_clk_0.FCLK_CLK_0_BUFG/O
                         net (fo=6956, routed)        1.463     2.642    design_1_i/cg_fpga_0/inst/cg_fpga_axi_gpio_i1/U0/gpio_core_1/Dual.INPUT_DOUBLE_REGS5/s_axi_aclk
    SLICE_X45Y76         FDRE                                         r  design_1_i/cg_fpga_0/inst/cg_fpga_axi_gpio_i1/U0/gpio_core_1/Dual.INPUT_DOUBLE_REGS5/GENERATE_LEVEL_P_S_CDC.MULTI_BIT.FOR_IN_cdc_to[3].CROSS2_PLEVEL_IN2SCNDRY_IN_cdc_to/C

Slack:                    inf
  Source:                 <hidden>
                            (rising edge-triggered cell RAMB18E1)
  Destination:            design_1_i/cg_fpga_0/inst/cg_fpga_axi_gpio_i1/U0/gpio_core_1/Dual.INPUT_DOUBLE_REGS5/GENERATE_LEVEL_P_S_CDC.MULTI_BIT.FOR_IN_cdc_to[1].CROSS2_PLEVEL_IN2SCNDRY_IN_cdc_to/D
                            (rising edge-triggered cell FDRE clocked by clk_fpga_0  {rise@0.000ns fall@5.000ns period=10.000ns})
  Path Group:             (none)
  Path Type:              Setup (Max at Slow Process Corner)
  Data Path Delay:        4.372ns  (logic 1.130ns (25.846%)  route 3.242ns (74.154%))
  Logic Levels:           3  (LUT6=2 RAMB18E1=1)
  Clock Uncertainty:      0.152ns  ((TSJ^2 + TIJ^2)^1/2 + DJ) / 2 + PE
    Total System Jitter     (TSJ):    0.050ns
    Total Input Jitter      (TIJ):    0.300ns
    Discrete Jitter          (DJ):    0.000ns
    Phase Error              (PE):    0.000ns
  Timing Exception:       False Path

    Location             Delay type                Incr(ns)  Path(ns)    Netlist Resource(s)
  -------------------------------------------------------------------    -------------------
    RAMB18_X2Y28         RAMB18E1                     0.000     0.000 r  <hidden>
    RAMB18_X2Y28         RAMB18E1 (Prop_ramb18e1_CLKARDCLK_DOADO[1])
                                                      0.882     0.882 r  <hidden>
                         net (fo=1, routed)           1.544     2.426    design_1_i/adpt_out_0/inst/digit0[1]
    SLICE_X32Y73         LUT6 (Prop_lut6_I1_O)        0.124     2.550 r  design_1_i/adpt_out_0/inst/seg_data[6]_INST_0_i_4/O
                         net (fo=7, routed)           1.057     3.607    design_1_i/adpt_out_0/inst/seg_data[6]_INST_0_i_4_n_0
    SLICE_X40Y73         LUT6 (Prop_lut6_I4_O)        0.124     3.731 r  design_1_i/adpt_out_0/inst/seg_data[1]_INST_0/O
                         net (fo=1, routed)           0.641     4.372    design_1_i/cg_fpga_0/inst/cg_fpga_axi_gpio_i1/U0/gpio_core_1/Dual.INPUT_DOUBLE_REGS5/gpio2_io_i[1]
    SLICE_X40Y76         FDRE                                         r  design_1_i/cg_fpga_0/inst/cg_fpga_axi_gpio_i1/U0/gpio_core_1/Dual.INPUT_DOUBLE_REGS5/GENERATE_LEVEL_P_S_CDC.MULTI_BIT.FOR_IN_cdc_to[1].CROSS2_PLEVEL_IN2SCNDRY_IN_cdc_to/D
  -------------------------------------------------------------------    -------------------

                         (clock clk_fpga_0 rise edge)
                                                      0.000     0.000 r  
    PS7_X0Y0             PS7                          0.000     0.000 r  design_1_i/cg_fpga_0/inst/processing_system7_0/inst/PS7_i/FCLKCLK[0]
                         net (fo=1, routed)           1.088     1.088    design_1_i/cg_fpga_0/inst/processing_system7_0/inst/FCLK_CLK_unbuffered[0]
    BUFGCTRL_X0Y16       BUFG (Prop_bufg_I_O)         0.091     1.179 r  design_1_i/cg_fpga_0/inst/processing_system7_0/inst/buffer_fclk_clk_0.FCLK_CLK_0_BUFG/O
                         net (fo=6956, routed)        1.464     2.643    design_1_i/cg_fpga_0/inst/cg_fpga_axi_gpio_i1/U0/gpio_core_1/Dual.INPUT_DOUBLE_REGS5/s_axi_aclk
    SLICE_X40Y76         FDRE                                         r  design_1_i/cg_fpga_0/inst/cg_fpga_axi_gpio_i1/U0/gpio_core_1/Dual.INPUT_DOUBLE_REGS5/GENERATE_LEVEL_P_S_CDC.MULTI_BIT.FOR_IN_cdc_to[1].CROSS2_PLEVEL_IN2SCNDRY_IN_cdc_to/C

Slack:                    inf
  Source:                 <hidden>
                            (rising edge-triggered cell RAMB18E1)
  Destination:            design_1_i/cg_fpga_0/inst/cg_fpga_axi_gpio_i1/U0/gpio_core_1/Dual.INPUT_DOUBLE_REGS5/GENERATE_LEVEL_P_S_CDC.MULTI_BIT.FOR_IN_cdc_to[0].CROSS2_PLEVEL_IN2SCNDRY_IN_cdc_to/D
                            (rising edge-triggered cell FDRE clocked by clk_fpga_0  {rise@0.000ns fall@5.000ns period=10.000ns})
  Path Group:             (none)
  Path Type:              Setup (Max at Slow Process Corner)
  Data Path Delay:        4.211ns  (logic 1.130ns (26.833%)  route 3.081ns (73.167%))
  Logic Levels:           3  (LUT6=2 RAMB18E1=1)
  Clock Uncertainty:      0.152ns  ((TSJ^2 + TIJ^2)^1/2 + DJ) / 2 + PE
    Total System Jitter     (TSJ):    0.050ns
    Total Input Jitter      (TIJ):    0.300ns
    Discrete Jitter          (DJ):    0.000ns
    Phase Error              (PE):    0.000ns
  Timing Exception:       False Path

    Location             Delay type                Incr(ns)  Path(ns)    Netlist Resource(s)
  -------------------------------------------------------------------    -------------------
    RAMB18_X2Y28         RAMB18E1                     0.000     0.000 r  <hidden>
    RAMB18_X2Y28         RAMB18E1 (Prop_ramb18e1_CLKARDCLK_DOADO[8])
                                                      0.882     0.882 r  <hidden>
                         net (fo=1, routed)           1.306     2.188    design_1_i/adpt_out_0/inst/digit0[2]
    SLICE_X32Y72         LUT6 (Prop_lut6_I1_O)        0.124     2.312 r  design_1_i/adpt_out_0/inst/seg_data[6]_INST_0_i_3/O
                         net (fo=7, routed)           1.299     3.611    design_1_i/adpt_out_0/inst/seg_data[6]_INST_0_i_3_n_0
    SLICE_X42Y73         LUT6 (Prop_lut6_I3_O)        0.124     3.735 r  design_1_i/adpt_out_0/inst/seg_data[0]_INST_0/O
                         net (fo=1, routed)           0.476     4.211    design_1_i/cg_fpga_0/inst/cg_fpga_axi_gpio_i1/U0/gpio_core_1/Dual.INPUT_DOUBLE_REGS5/gpio2_io_i[0]
    SLICE_X42Y76         FDRE                                         r  design_1_i/cg_fpga_0/inst/cg_fpga_axi_gpio_i1/U0/gpio_core_1/Dual.INPUT_DOUBLE_REGS5/GENERATE_LEVEL_P_S_CDC.MULTI_BIT.FOR_IN_cdc_to[0].CROSS2_PLEVEL_IN2SCNDRY_IN_cdc_to/D
  -------------------------------------------------------------------    -------------------

                         (clock clk_fpga_0 rise edge)
                                                      0.000     0.000 r  
    PS7_X0Y0             PS7                          0.000     0.000 r  design_1_i/cg_fpga_0/inst/processing_system7_0/inst/PS7_i/FCLKCLK[0]
                         net (fo=1, routed)           1.088     1.088    design_1_i/cg_fpga_0/inst/processing_system7_0/inst/FCLK_CLK_unbuffered[0]
    BUFGCTRL_X0Y16       BUFG (Prop_bufg_I_O)         0.091     1.179 r  design_1_i/cg_fpga_0/inst/processing_system7_0/inst/buffer_fclk_clk_0.FCLK_CLK_0_BUFG/O
                         net (fo=6956, routed)        1.464     2.643    design_1_i/cg_fpga_0/inst/cg_fpga_axi_gpio_i1/U0/gpio_core_1/Dual.INPUT_DOUBLE_REGS5/s_axi_aclk
    SLICE_X42Y76         FDRE                                         r  design_1_i/cg_fpga_0/inst/cg_fpga_axi_gpio_i1/U0/gpio_core_1/Dual.INPUT_DOUBLE_REGS5/GENERATE_LEVEL_P_S_CDC.MULTI_BIT.FOR_IN_cdc_to[0].CROSS2_PLEVEL_IN2SCNDRY_IN_cdc_to/C

Slack:                    inf
  Source:                 <hidden>
                            (rising edge-triggered cell RAMB18E1)
  Destination:            design_1_i/cg_fpga_0/inst/cg_fpga_axi_gpio_i1/U0/gpio_core_1/Dual.INPUT_DOUBLE_REGS5/GENERATE_LEVEL_P_S_CDC.MULTI_BIT.FOR_IN_cdc_to[6].CROSS2_PLEVEL_IN2SCNDRY_IN_cdc_to/D
                            (rising edge-triggered cell FDRE clocked by clk_fpga_0  {rise@0.000ns fall@5.000ns period=10.000ns})
  Path Group:             (none)
  Path Type:              Setup (Max at Slow Process Corner)
  Data Path Delay:        4.175ns  (logic 1.130ns (27.064%)  route 3.045ns (72.936%))
  Logic Levels:           3  (LUT6=2 RAMB18E1=1)
  Clock Uncertainty:      0.152ns  ((TSJ^2 + TIJ^2)^1/2 + DJ) / 2 + PE
    Total System Jitter     (TSJ):    0.050ns
    Total Input Jitter      (TIJ):    0.300ns
    Discrete Jitter          (DJ):    0.000ns
    Phase Error              (PE):    0.000ns
  Timing Exception:       False Path

    Location             Delay type                Incr(ns)  Path(ns)    Netlist Resource(s)
  -------------------------------------------------------------------    -------------------
    RAMB18_X2Y28         RAMB18E1                     0.000     0.000 r  <hidden>
    RAMB18_X2Y28         RAMB18E1 (Prop_ramb18e1_CLKARDCLK_DOADO[1])
                                                      0.882     0.882 r  <hidden>
                         net (fo=1, routed)           1.544     2.426    design_1_i/adpt_out_0/inst/digit0[1]
    SLICE_X32Y73         LUT6 (Prop_lut6_I1_O)        0.124     2.550 r  design_1_i/adpt_out_0/inst/seg_data[6]_INST_0_i_4/O
                         net (fo=7, routed)           0.878     3.428    design_1_i/adpt_out_0/inst/seg_data[6]_INST_0_i_4_n_0
    SLICE_X41Y73         LUT6 (Prop_lut6_I5_O)        0.124     3.552 r  design_1_i/adpt_out_0/inst/seg_data[6]_INST_0/O
                         net (fo=1, routed)           0.624     4.175    design_1_i/cg_fpga_0/inst/cg_fpga_axi_gpio_i1/U0/gpio_core_1/Dual.INPUT_DOUBLE_REGS5/gpio2_io_i[6]
    SLICE_X46Y75         FDRE                                         r  design_1_i/cg_fpga_0/inst/cg_fpga_axi_gpio_i1/U0/gpio_core_1/Dual.INPUT_DOUBLE_REGS5/GENERATE_LEVEL_P_S_CDC.MULTI_BIT.FOR_IN_cdc_to[6].CROSS2_PLEVEL_IN2SCNDRY_IN_cdc_to/D
  -------------------------------------------------------------------    -------------------

                         (clock clk_fpga_0 rise edge)
                                                      0.000     0.000 r  
    PS7_X0Y0             PS7                          0.000     0.000 r  design_1_i/cg_fpga_0/inst/processing_system7_0/inst/PS7_i/FCLKCLK[0]
                         net (fo=1, routed)           1.088     1.088    design_1_i/cg_fpga_0/inst/processing_system7_0/inst/FCLK_CLK_unbuffered[0]
    BUFGCTRL_X0Y16       BUFG (Prop_bufg_I_O)         0.091     1.179 r  design_1_i/cg_fpga_0/inst/processing_system7_0/inst/buffer_fclk_clk_0.FCLK_CLK_0_BUFG/O
                         net (fo=6956, routed)        1.461     2.640    design_1_i/cg_fpga_0/inst/cg_fpga_axi_gpio_i1/U0/gpio_core_1/Dual.INPUT_DOUBLE_REGS5/s_axi_aclk
    SLICE_X46Y75         FDRE                                         r  design_1_i/cg_fpga_0/inst/cg_fpga_axi_gpio_i1/U0/gpio_core_1/Dual.INPUT_DOUBLE_REGS5/GENERATE_LEVEL_P_S_CDC.MULTI_BIT.FOR_IN_cdc_to[6].CROSS2_PLEVEL_IN2SCNDRY_IN_cdc_to/C

Slack:                    inf
  Source:                 <hidden>
                            (rising edge-triggered cell RAMB18E1)
  Destination:            design_1_i/cg_fpga_0/inst/cg_fpga_axi_gpio_i1/U0/gpio_core_1/Dual.INPUT_DOUBLE_REGS5/GENERATE_LEVEL_P_S_CDC.MULTI_BIT.FOR_IN_cdc_to[4].CROSS2_PLEVEL_IN2SCNDRY_IN_cdc_to/D
                            (rising edge-triggered cell FDRE clocked by clk_fpga_0  {rise@0.000ns fall@5.000ns period=10.000ns})
  Path Group:             (none)
  Path Type:              Setup (Max at Slow Process Corner)
  Data Path Delay:        4.170ns  (logic 1.130ns (27.101%)  route 3.040ns (72.899%))
  Logic Levels:           3  (LUT6=2 RAMB18E1=1)
  Clock Uncertainty:      0.152ns  ((TSJ^2 + TIJ^2)^1/2 + DJ) / 2 + PE
    Total System Jitter     (TSJ):    0.050ns
    Total Input Jitter      (TIJ):    0.300ns
    Discrete Jitter          (DJ):    0.000ns
    Phase Error              (PE):    0.000ns
  Timing Exception:       False Path

    Location             Delay type                Incr(ns)  Path(ns)    Netlist Resource(s)
  -------------------------------------------------------------------    -------------------
    RAMB18_X2Y28         RAMB18E1                     0.000     0.000 r  <hidden>
    RAMB18_X2Y28         RAMB18E1 (Prop_ramb18e1_CLKARDCLK_DOADO[1])
                                                      0.882     0.882 f  <hidden>
                         net (fo=1, routed)           1.544     2.426    design_1_i/adpt_out_0/inst/digit0[1]
    SLICE_X32Y73         LUT6 (Prop_lut6_I1_O)        0.124     2.550 f  design_1_i/adpt_out_0/inst/seg_data[6]_INST_0_i_4/O
                         net (fo=7, routed)           0.883     3.433    design_1_i/adpt_out_0/inst/seg_data[6]_INST_0_i_4_n_0
    SLICE_X41Y73         LUT6 (Prop_lut6_I3_O)        0.124     3.557 r  design_1_i/adpt_out_0/inst/seg_data[4]_INST_0/O
                         net (fo=1, routed)           0.613     4.170    design_1_i/cg_fpga_0/inst/cg_fpga_axi_gpio_i1/U0/gpio_core_1/Dual.INPUT_DOUBLE_REGS5/gpio2_io_i[4]
    SLICE_X47Y75         FDRE                                         r  design_1_i/cg_fpga_0/inst/cg_fpga_axi_gpio_i1/U0/gpio_core_1/Dual.INPUT_DOUBLE_REGS5/GENERATE_LEVEL_P_S_CDC.MULTI_BIT.FOR_IN_cdc_to[4].CROSS2_PLEVEL_IN2SCNDRY_IN_cdc_to/D
  -------------------------------------------------------------------    -------------------

                         (clock clk_fpga_0 rise edge)
                                                      0.000     0.000 r  
    PS7_X0Y0             PS7                          0.000     0.000 r  design_1_i/cg_fpga_0/inst/processing_system7_0/inst/PS7_i/FCLKCLK[0]
                         net (fo=1, routed)           1.088     1.088    design_1_i/cg_fpga_0/inst/processing_system7_0/inst/FCLK_CLK_unbuffered[0]
    BUFGCTRL_X0Y16       BUFG (Prop_bufg_I_O)         0.091     1.179 r  design_1_i/cg_fpga_0/inst/processing_system7_0/inst/buffer_fclk_clk_0.FCLK_CLK_0_BUFG/O
                         net (fo=6956, routed)        1.461     2.640    design_1_i/cg_fpga_0/inst/cg_fpga_axi_gpio_i1/U0/gpio_core_1/Dual.INPUT_DOUBLE_REGS5/s_axi_aclk
    SLICE_X47Y75         FDRE                                         r  design_1_i/cg_fpga_0/inst/cg_fpga_axi_gpio_i1/U0/gpio_core_1/Dual.INPUT_DOUBLE_REGS5/GENERATE_LEVEL_P_S_CDC.MULTI_BIT.FOR_IN_cdc_to[4].CROSS2_PLEVEL_IN2SCNDRY_IN_cdc_to/C

Slack:                    inf
  Source:                 <hidden>
                            (rising edge-triggered cell RAMB18E1)
  Destination:            design_1_i/cg_fpga_0/inst/cg_fpga_axi_gpio_i1/U0/gpio_core_1/Dual.INPUT_DOUBLE_REGS5/GENERATE_LEVEL_P_S_CDC.MULTI_BIT.FOR_IN_cdc_to[2].CROSS2_PLEVEL_IN2SCNDRY_IN_cdc_to/D
                            (rising edge-triggered cell FDRE clocked by clk_fpga_0  {rise@0.000ns fall@5.000ns period=10.000ns})
  Path Group:             (none)
  Path Type:              Setup (Max at Slow Process Corner)
  Data Path Delay:        4.026ns  (logic 1.130ns (28.066%)  route 2.896ns (71.934%))
  Logic Levels:           3  (LUT6=2 RAMB18E1=1)
  Clock Uncertainty:      0.152ns  ((TSJ^2 + TIJ^2)^1/2 + DJ) / 2 + PE
    Total System Jitter     (TSJ):    0.050ns
    Total Input Jitter      (TIJ):    0.300ns
    Discrete Jitter          (DJ):    0.000ns
    Phase Error              (PE):    0.000ns
  Timing Exception:       False Path

    Location             Delay type                Incr(ns)  Path(ns)    Netlist Resource(s)
  -------------------------------------------------------------------    -------------------
    RAMB18_X2Y28         RAMB18E1                     0.000     0.000 r  <hidden>
    RAMB18_X2Y28         RAMB18E1 (Prop_ramb18e1_CLKARDCLK_DOADO[1])
                                                      0.882     0.882 r  <hidden>
                         net (fo=1, routed)           1.544     2.426    design_1_i/adpt_out_0/inst/digit0[1]
    SLICE_X32Y73         LUT6 (Prop_lut6_I1_O)        0.124     2.550 r  design_1_i/adpt_out_0/inst/seg_data[6]_INST_0_i_4/O
                         net (fo=7, routed)           0.738     3.288    design_1_i/adpt_out_0/inst/seg_data[6]_INST_0_i_4_n_0
    SLICE_X41Y73         LUT6 (Prop_lut6_I4_O)        0.124     3.412 r  design_1_i/adpt_out_0/inst/seg_data[2]_INST_0/O
                         net (fo=1, routed)           0.615     4.026    design_1_i/cg_fpga_0/inst/cg_fpga_axi_gpio_i1/U0/gpio_core_1/Dual.INPUT_DOUBLE_REGS5/gpio2_io_i[2]
    SLICE_X42Y75         FDRE                                         r  design_1_i/cg_fpga_0/inst/cg_fpga_axi_gpio_i1/U0/gpio_core_1/Dual.INPUT_DOUBLE_REGS5/GENERATE_LEVEL_P_S_CDC.MULTI_BIT.FOR_IN_cdc_to[2].CROSS2_PLEVEL_IN2SCNDRY_IN_cdc_to/D
  -------------------------------------------------------------------    -------------------

                         (clock clk_fpga_0 rise edge)
                                                      0.000     0.000 r  
    PS7_X0Y0             PS7                          0.000     0.000 r  design_1_i/cg_fpga_0/inst/processing_system7_0/inst/PS7_i/FCLKCLK[0]
                         net (fo=1, routed)           1.088     1.088    design_1_i/cg_fpga_0/inst/processing_system7_0/inst/FCLK_CLK_unbuffered[0]
    BUFGCTRL_X0Y16       BUFG (Prop_bufg_I_O)         0.091     1.179 r  design_1_i/cg_fpga_0/inst/processing_system7_0/inst/buffer_fclk_clk_0.FCLK_CLK_0_BUFG/O
                         net (fo=6956, routed)        1.462     2.641    design_1_i/cg_fpga_0/inst/cg_fpga_axi_gpio_i1/U0/gpio_core_1/Dual.INPUT_DOUBLE_REGS5/s_axi_aclk
    SLICE_X42Y75         FDRE                                         r  design_1_i/cg_fpga_0/inst/cg_fpga_axi_gpio_i1/U0/gpio_core_1/Dual.INPUT_DOUBLE_REGS5/GENERATE_LEVEL_P_S_CDC.MULTI_BIT.FOR_IN_cdc_to[2].CROSS2_PLEVEL_IN2SCNDRY_IN_cdc_to/C

Slack:                    inf
  Source:                 <hidden>
                            (rising edge-triggered cell RAMB18E1)
  Destination:            design_1_i/cg_fpga_0/inst/cg_fpga_axi_gpio_i1/U0/gpio_core_1/Dual.INPUT_DOUBLE_REGS5/GENERATE_LEVEL_P_S_CDC.MULTI_BIT.FOR_IN_cdc_to[5].CROSS2_PLEVEL_IN2SCNDRY_IN_cdc_to/D
                            (rising edge-triggered cell FDRE clocked by clk_fpga_0  {rise@0.000ns fall@5.000ns period=10.000ns})
  Path Group:             (none)
  Path Type:              Setup (Max at Slow Process Corner)
  Data Path Delay:        3.465ns  (logic 1.130ns (32.608%)  route 2.335ns (67.392%))
  Logic Levels:           3  (LUT6=2 RAMB18E1=1)
  Clock Uncertainty:      0.152ns  ((TSJ^2 + TIJ^2)^1/2 + DJ) / 2 + PE
    Total System Jitter     (TSJ):    0.050ns
    Total Input Jitter      (TIJ):    0.300ns
    Discrete Jitter          (DJ):    0.000ns
    Phase Error              (PE):    0.000ns
  Timing Exception:       False Path

    Location             Delay type                Incr(ns)  Path(ns)    Netlist Resource(s)
  -------------------------------------------------------------------    -------------------
    RAMB18_X2Y29         RAMB18E1                     0.000     0.000 r  <hidden>
    RAMB18_X2Y29         RAMB18E1 (Prop_ramb18e1_CLKBWRCLK_DOBDO[0])
                                                      0.882     0.882 r  <hidden>
                         net (fo=1, routed)           1.008     1.890    design_1_i/adpt_out_0/inst/digit1[4]
    SLICE_X32Y72         LUT6 (Prop_lut6_I2_O)        0.124     2.014 r  design_1_i/adpt_out_0/inst/seg_data[6]_INST_0_i_2/O
                         net (fo=7, routed)           1.327     3.341    design_1_i/adpt_out_0/inst/seg_data[6]_INST_0_i_2_n_0
    SLICE_X42Y73         LUT6 (Prop_lut6_I4_O)        0.124     3.465 r  design_1_i/adpt_out_0/inst/seg_data[5]_INST_0/O
                         net (fo=1, routed)           0.000     3.465    design_1_i/cg_fpga_0/inst/cg_fpga_axi_gpio_i1/U0/gpio_core_1/Dual.INPUT_DOUBLE_REGS5/gpio2_io_i[5]
    SLICE_X42Y73         FDRE                                         r  design_1_i/cg_fpga_0/inst/cg_fpga_axi_gpio_i1/U0/gpio_core_1/Dual.INPUT_DOUBLE_REGS5/GENERATE_LEVEL_P_S_CDC.MULTI_BIT.FOR_IN_cdc_to[5].CROSS2_PLEVEL_IN2SCNDRY_IN_cdc_to/D
  -------------------------------------------------------------------    -------------------

                         (clock clk_fpga_0 rise edge)
                                                      0.000     0.000 r  
    PS7_X0Y0             PS7                          0.000     0.000 r  design_1_i/cg_fpga_0/inst/processing_system7_0/inst/PS7_i/FCLKCLK[0]
                         net (fo=1, routed)           1.088     1.088    design_1_i/cg_fpga_0/inst/processing_system7_0/inst/FCLK_CLK_unbuffered[0]
    BUFGCTRL_X0Y16       BUFG (Prop_bufg_I_O)         0.091     1.179 r  design_1_i/cg_fpga_0/inst/processing_system7_0/inst/buffer_fclk_clk_0.FCLK_CLK_0_BUFG/O
                         net (fo=6956, routed)        1.464     2.643    design_1_i/cg_fpga_0/inst/cg_fpga_axi_gpio_i1/U0/gpio_core_1/Dual.INPUT_DOUBLE_REGS5/s_axi_aclk
    SLICE_X42Y73         FDRE                                         r  design_1_i/cg_fpga_0/inst/cg_fpga_axi_gpio_i1/U0/gpio_core_1/Dual.INPUT_DOUBLE_REGS5/GENERATE_LEVEL_P_S_CDC.MULTI_BIT.FOR_IN_cdc_to[5].CROSS2_PLEVEL_IN2SCNDRY_IN_cdc_to/C

Slack:                    inf
  Source:                 design_1_i/cg_fpga_0/inst/processing_system7_0/inst/PS7_i/FCLKRESETN[0]
                            (internal pin)
  Destination:            design_1_i/cg_fpga_0/inst/rst_ps7_0_100M/U0/EXT_LPF/ACTIVE_LOW_EXT.ACT_LO_EXT/GENERATE_LEVEL_P_S_CDC.SINGLE_BIT.CROSS_PLEVEL_IN2SCNDRY_IN_cdc_to/D
                            (rising edge-triggered cell FDRE clocked by clk_fpga_0  {rise@0.000ns fall@5.000ns period=10.000ns})
  Path Group:             (none)
  Path Type:              Setup (Max at Slow Process Corner)
  Data Path Delay:        2.178ns  (logic 0.124ns (5.693%)  route 2.054ns (94.307%))
  Logic Levels:           1  (LUT1=1)
  Clock Uncertainty:      0.152ns  ((TSJ^2 + TIJ^2)^1/2 + DJ) / 2 + PE
    Total System Jitter     (TSJ):    0.050ns
    Total Input Jitter      (TIJ):    0.300ns
    Discrete Jitter          (DJ):    0.000ns
    Phase Error              (PE):    0.000ns
  Timing Exception:       False Path

    Location             Delay type                Incr(ns)  Path(ns)    Netlist Resource(s)
  -------------------------------------------------------------------    -------------------
    PS7_X0Y0             PS7                          0.000     0.000 f  design_1_i/cg_fpga_0/inst/processing_system7_0/inst/PS7_i/FCLKRESETN[0]
                         net (fo=1, routed)           2.054     2.054    design_1_i/cg_fpga_0/inst/rst_ps7_0_100M/U0/EXT_LPF/ACTIVE_LOW_EXT.ACT_LO_EXT/ext_reset_in
    SLICE_X48Y75         LUT1 (Prop_lut1_I0_O)        0.124     2.178 r  design_1_i/cg_fpga_0/inst/rst_ps7_0_100M/U0/EXT_LPF/ACTIVE_LOW_EXT.ACT_LO_EXT/GENERATE_LEVEL_P_S_CDC.SINGLE_BIT.CROSS_PLEVEL_IN2SCNDRY_IN_cdc_to_i_1/O
                         net (fo=1, routed)           0.000     2.178    design_1_i/cg_fpga_0/inst/rst_ps7_0_100M/U0/EXT_LPF/ACTIVE_LOW_EXT.ACT_LO_EXT/exr_d1
    SLICE_X48Y75         FDRE                                         r  design_1_i/cg_fpga_0/inst/rst_ps7_0_100M/U0/EXT_LPF/ACTIVE_LOW_EXT.ACT_LO_EXT/GENERATE_LEVEL_P_S_CDC.SINGLE_BIT.CROSS_PLEVEL_IN2SCNDRY_IN_cdc_to/D
  -------------------------------------------------------------------    -------------------

                         (clock clk_fpga_0 rise edge)
                                                      0.000     0.000 r  
    PS7_X0Y0             PS7                          0.000     0.000 r  design_1_i/cg_fpga_0/inst/processing_system7_0/inst/PS7_i/FCLKCLK[0]
                         net (fo=1, routed)           1.088     1.088    design_1_i/cg_fpga_0/inst/processing_system7_0/inst/FCLK_CLK_unbuffered[0]
    BUFGCTRL_X0Y16       BUFG (Prop_bufg_I_O)         0.091     1.179 r  design_1_i/cg_fpga_0/inst/processing_system7_0/inst/buffer_fclk_clk_0.FCLK_CLK_0_BUFG/O
                         net (fo=6956, routed)        1.460     2.639    design_1_i/cg_fpga_0/inst/rst_ps7_0_100M/U0/EXT_LPF/ACTIVE_LOW_EXT.ACT_LO_EXT/slowest_sync_clk
    SLICE_X48Y75         FDRE                                         r  design_1_i/cg_fpga_0/inst/rst_ps7_0_100M/U0/EXT_LPF/ACTIVE_LOW_EXT.ACT_LO_EXT/GENERATE_LEVEL_P_S_CDC.SINGLE_BIT.CROSS_PLEVEL_IN2SCNDRY_IN_cdc_to/C





Min Delay Paths
--------------------------------------------------------------------------------------
Slack:                    inf
  Source:                 <hidden>
                            (rising edge-triggered cell RAMB18E1)
  Destination:            design_1_i/cg_fpga_0/inst/cg_fpga_axi_gpio_i1/U0/gpio_core_1/Dual.INPUT_DOUBLE_REGS5/GENERATE_LEVEL_P_S_CDC.MULTI_BIT.FOR_IN_cdc_to[5].CROSS2_PLEVEL_IN2SCNDRY_IN_cdc_to/D
                            (rising edge-triggered cell FDRE clocked by clk_fpga_0  {rise@0.000ns fall@5.000ns period=10.000ns})
  Path Group:             (none)
  Path Type:              Hold (Min at Fast Process Corner)
  Data Path Delay:        0.699ns  (logic 0.294ns (42.073%)  route 0.405ns (57.927%))
  Logic Levels:           3  (LUT6=2 RAMB18E1=1)
  Clock Uncertainty:      0.152ns  ((TSJ^2 + TIJ^2)^1/2 + DJ) / 2 + PE
    Total System Jitter     (TSJ):    0.050ns
    Total Input Jitter      (TIJ):    0.300ns
    Discrete Jitter          (DJ):    0.000ns
    Phase Error              (PE):    0.000ns
  Timing Exception:       False Path

    Location             Delay type                Incr(ns)  Path(ns)    Netlist Resource(s)
  -------------------------------------------------------------------    -------------------
    RAMB18_X2Y29         RAMB18E1                     0.000     0.000 r  <hidden>
    RAMB18_X2Y29         RAMB18E1 (Prop_ramb18e1_CLKARDCLK_DOADO[1])
                                                      0.204     0.204 r  <hidden>
                         net (fo=1, routed)           0.183     0.387    design_1_i/adpt_out_0/inst/digit1[1]
    SLICE_X32Y73         LUT6 (Prop_lut6_I5_O)        0.045     0.432 r  design_1_i/adpt_out_0/inst/seg_data[6]_INST_0_i_4/O
                         net (fo=7, routed)           0.222     0.654    design_1_i/adpt_out_0/inst/seg_data[6]_INST_0_i_4_n_0
    SLICE_X42Y73         LUT6 (Prop_lut6_I5_O)        0.045     0.699 r  design_1_i/adpt_out_0/inst/seg_data[5]_INST_0/O
                         net (fo=1, routed)           0.000     0.699    design_1_i/cg_fpga_0/inst/cg_fpga_axi_gpio_i1/U0/gpio_core_1/Dual.INPUT_DOUBLE_REGS5/gpio2_io_i[5]
    SLICE_X42Y73         FDRE                                         r  design_1_i/cg_fpga_0/inst/cg_fpga_axi_gpio_i1/U0/gpio_core_1/Dual.INPUT_DOUBLE_REGS5/GENERATE_LEVEL_P_S_CDC.MULTI_BIT.FOR_IN_cdc_to[5].CROSS2_PLEVEL_IN2SCNDRY_IN_cdc_to/D
  -------------------------------------------------------------------    -------------------

                         (clock clk_fpga_0 rise edge)
                                                      0.000     0.000 r  
    PS7_X0Y0             PS7                          0.000     0.000 r  design_1_i/cg_fpga_0/inst/processing_system7_0/inst/PS7_i/FCLKCLK[0]
                         net (fo=1, routed)           0.337     0.337    design_1_i/cg_fpga_0/inst/processing_system7_0/inst/FCLK_CLK_unbuffered[0]
    BUFGCTRL_X0Y16       BUFG (Prop_bufg_I_O)         0.029     0.366 r  design_1_i/cg_fpga_0/inst/processing_system7_0/inst/buffer_fclk_clk_0.FCLK_CLK_0_BUFG/O
                         net (fo=6956, routed)        0.809     1.175    design_1_i/cg_fpga_0/inst/cg_fpga_axi_gpio_i1/U0/gpio_core_1/Dual.INPUT_DOUBLE_REGS5/s_axi_aclk
    SLICE_X42Y73         FDRE                                         r  design_1_i/cg_fpga_0/inst/cg_fpga_axi_gpio_i1/U0/gpio_core_1/Dual.INPUT_DOUBLE_REGS5/GENERATE_LEVEL_P_S_CDC.MULTI_BIT.FOR_IN_cdc_to[5].CROSS2_PLEVEL_IN2SCNDRY_IN_cdc_to/C

Slack:                    inf
  Source:                 design_1_i/cg_fpga_0/inst/processing_system7_0/inst/PS7_i/FCLKRESETN[0]
                            (internal pin)
  Destination:            design_1_i/cg_fpga_0/inst/rst_ps7_0_100M/U0/EXT_LPF/ACTIVE_LOW_EXT.ACT_LO_EXT/GENERATE_LEVEL_P_S_CDC.SINGLE_BIT.CROSS_PLEVEL_IN2SCNDRY_IN_cdc_to/D
                            (rising edge-triggered cell FDRE clocked by clk_fpga_0  {rise@0.000ns fall@5.000ns period=10.000ns})
  Path Group:             (none)
  Path Type:              Hold (Min at Fast Process Corner)
  Data Path Delay:        0.878ns  (logic 0.045ns (5.124%)  route 0.833ns (94.876%))
  Logic Levels:           1  (LUT1=1)
  Clock Uncertainty:      0.152ns  ((TSJ^2 + TIJ^2)^1/2 + DJ) / 2 + PE
    Total System Jitter     (TSJ):    0.050ns
    Total Input Jitter      (TIJ):    0.300ns
    Discrete Jitter          (DJ):    0.000ns
    Phase Error              (PE):    0.000ns
  Timing Exception:       False Path

    Location             Delay type                Incr(ns)  Path(ns)    Netlist Resource(s)
  -------------------------------------------------------------------    -------------------
    PS7_X0Y0             PS7                          0.000     0.000 f  design_1_i/cg_fpga_0/inst/processing_system7_0/inst/PS7_i/FCLKRESETN[0]
                         net (fo=1, routed)           0.833     0.833    design_1_i/cg_fpga_0/inst/rst_ps7_0_100M/U0/EXT_LPF/ACTIVE_LOW_EXT.ACT_LO_EXT/ext_reset_in
    SLICE_X48Y75         LUT1 (Prop_lut1_I0_O)        0.045     0.878 r  design_1_i/cg_fpga_0/inst/rst_ps7_0_100M/U0/EXT_LPF/ACTIVE_LOW_EXT.ACT_LO_EXT/GENERATE_LEVEL_P_S_CDC.SINGLE_BIT.CROSS_PLEVEL_IN2SCNDRY_IN_cdc_to_i_1/O
                         net (fo=1, routed)           0.000     0.878    design_1_i/cg_fpga_0/inst/rst_ps7_0_100M/U0/EXT_LPF/ACTIVE_LOW_EXT.ACT_LO_EXT/exr_d1
    SLICE_X48Y75         FDRE                                         r  design_1_i/cg_fpga_0/inst/rst_ps7_0_100M/U0/EXT_LPF/ACTIVE_LOW_EXT.ACT_LO_EXT/GENERATE_LEVEL_P_S_CDC.SINGLE_BIT.CROSS_PLEVEL_IN2SCNDRY_IN_cdc_to/D
  -------------------------------------------------------------------    -------------------

                         (clock clk_fpga_0 rise edge)
                                                      0.000     0.000 r  
    PS7_X0Y0             PS7                          0.000     0.000 r  design_1_i/cg_fpga_0/inst/processing_system7_0/inst/PS7_i/FCLKCLK[0]
                         net (fo=1, routed)           0.337     0.337    design_1_i/cg_fpga_0/inst/processing_system7_0/inst/FCLK_CLK_unbuffered[0]
    BUFGCTRL_X0Y16       BUFG (Prop_bufg_I_O)         0.029     0.366 r  design_1_i/cg_fpga_0/inst/processing_system7_0/inst/buffer_fclk_clk_0.FCLK_CLK_0_BUFG/O
                         net (fo=6956, routed)        0.808     1.174    design_1_i/cg_fpga_0/inst/rst_ps7_0_100M/U0/EXT_LPF/ACTIVE_LOW_EXT.ACT_LO_EXT/slowest_sync_clk
    SLICE_X48Y75         FDRE                                         r  design_1_i/cg_fpga_0/inst/rst_ps7_0_100M/U0/EXT_LPF/ACTIVE_LOW_EXT.ACT_LO_EXT/GENERATE_LEVEL_P_S_CDC.SINGLE_BIT.CROSS_PLEVEL_IN2SCNDRY_IN_cdc_to/C

Slack:                    inf
  Source:                 <hidden>
                            (rising edge-triggered cell RAMB18E1)
  Destination:            design_1_i/cg_fpga_0/inst/cg_fpga_axi_gpio_i1/U0/gpio_core_1/Dual.INPUT_DOUBLE_REGS5/GENERATE_LEVEL_P_S_CDC.MULTI_BIT.FOR_IN_cdc_to[4].CROSS2_PLEVEL_IN2SCNDRY_IN_cdc_to/D
                            (rising edge-triggered cell FDRE clocked by clk_fpga_0  {rise@0.000ns fall@5.000ns period=10.000ns})
  Path Group:             (none)
  Path Type:              Hold (Min at Fast Process Corner)
  Data Path Delay:        0.959ns  (logic 0.294ns (30.673%)  route 0.665ns (69.327%))
  Logic Levels:           3  (LUT6=2 RAMB18E1=1)
  Clock Uncertainty:      0.152ns  ((TSJ^2 + TIJ^2)^1/2 + DJ) / 2 + PE
    Total System Jitter     (TSJ):    0.050ns
    Total Input Jitter      (TIJ):    0.300ns
    Discrete Jitter          (DJ):    0.000ns
    Phase Error              (PE):    0.000ns
  Timing Exception:       False Path

    Location             Delay type                Incr(ns)  Path(ns)    Netlist Resource(s)
  -------------------------------------------------------------------    -------------------
    RAMB18_X2Y29         RAMB18E1                     0.000     0.000 r  <hidden>
    RAMB18_X2Y29         RAMB18E1 (Prop_ramb18e1_CLKARDCLK_DOADO[8])
                                                      0.204     0.204 r  <hidden>
                         net (fo=1, routed)           0.182     0.386    design_1_i/adpt_out_0/inst/digit1[2]
    SLICE_X32Y72         LUT6 (Prop_lut6_I5_O)        0.045     0.431 r  design_1_i/adpt_out_0/inst/seg_data[6]_INST_0_i_3/O
                         net (fo=7, routed)           0.244     0.675    design_1_i/adpt_out_0/inst/seg_data[6]_INST_0_i_3_n_0
    SLICE_X41Y73         LUT6 (Prop_lut6_I4_O)        0.045     0.720 r  design_1_i/adpt_out_0/inst/seg_data[4]_INST_0/O
                         net (fo=1, routed)           0.238     0.959    design_1_i/cg_fpga_0/inst/cg_fpga_axi_gpio_i1/U0/gpio_core_1/Dual.INPUT_DOUBLE_REGS5/gpio2_io_i[4]
    SLICE_X47Y75         FDRE                                         r  design_1_i/cg_fpga_0/inst/cg_fpga_axi_gpio_i1/U0/gpio_core_1/Dual.INPUT_DOUBLE_REGS5/GENERATE_LEVEL_P_S_CDC.MULTI_BIT.FOR_IN_cdc_to[4].CROSS2_PLEVEL_IN2SCNDRY_IN_cdc_to/D
  -------------------------------------------------------------------    -------------------

                         (clock clk_fpga_0 rise edge)
                                                      0.000     0.000 r  
    PS7_X0Y0             PS7                          0.000     0.000 r  design_1_i/cg_fpga_0/inst/processing_system7_0/inst/PS7_i/FCLKCLK[0]
                         net (fo=1, routed)           0.337     0.337    design_1_i/cg_fpga_0/inst/processing_system7_0/inst/FCLK_CLK_unbuffered[0]
    BUFGCTRL_X0Y16       BUFG (Prop_bufg_I_O)         0.029     0.366 r  design_1_i/cg_fpga_0/inst/processing_system7_0/inst/buffer_fclk_clk_0.FCLK_CLK_0_BUFG/O
                         net (fo=6956, routed)        0.808     1.174    design_1_i/cg_fpga_0/inst/cg_fpga_axi_gpio_i1/U0/gpio_core_1/Dual.INPUT_DOUBLE_REGS5/s_axi_aclk
    SLICE_X47Y75         FDRE                                         r  design_1_i/cg_fpga_0/inst/cg_fpga_axi_gpio_i1/U0/gpio_core_1/Dual.INPUT_DOUBLE_REGS5/GENERATE_LEVEL_P_S_CDC.MULTI_BIT.FOR_IN_cdc_to[4].CROSS2_PLEVEL_IN2SCNDRY_IN_cdc_to/C

Slack:                    inf
  Source:                 <hidden>
                            (rising edge-triggered cell RAMB18E1)
  Destination:            design_1_i/cg_fpga_0/inst/cg_fpga_axi_gpio_i1/U0/gpio_core_1/Dual.INPUT_DOUBLE_REGS5/GENERATE_LEVEL_P_S_CDC.MULTI_BIT.FOR_IN_cdc_to[0].CROSS2_PLEVEL_IN2SCNDRY_IN_cdc_to/D
                            (rising edge-triggered cell FDRE clocked by clk_fpga_0  {rise@0.000ns fall@5.000ns period=10.000ns})
  Path Group:             (none)
  Path Type:              Hold (Min at Fast Process Corner)
  Data Path Delay:        0.983ns  (logic 0.294ns (29.918%)  route 0.689ns (70.082%))
  Logic Levels:           3  (LUT6=2 RAMB18E1=1)
  Clock Uncertainty:      0.152ns  ((TSJ^2 + TIJ^2)^1/2 + DJ) / 2 + PE
    Total System Jitter     (TSJ):    0.050ns
    Total Input Jitter      (TIJ):    0.300ns
    Discrete Jitter          (DJ):    0.000ns
    Phase Error              (PE):    0.000ns
  Timing Exception:       False Path

    Location             Delay type                Incr(ns)  Path(ns)    Netlist Resource(s)
  -------------------------------------------------------------------    -------------------
    RAMB18_X2Y29         RAMB18E1                     0.000     0.000 r  <hidden>
    RAMB18_X2Y29         RAMB18E1 (Prop_ramb18e1_CLKARDCLK_DOADO[1])
                                                      0.204     0.204 r  <hidden>
                         net (fo=1, routed)           0.183     0.387    design_1_i/adpt_out_0/inst/digit1[1]
    SLICE_X32Y73         LUT6 (Prop_lut6_I5_O)        0.045     0.432 r  design_1_i/adpt_out_0/inst/seg_data[6]_INST_0_i_4/O
                         net (fo=7, routed)           0.306     0.738    design_1_i/adpt_out_0/inst/seg_data[6]_INST_0_i_4_n_0
    SLICE_X42Y73         LUT6 (Prop_lut6_I5_O)        0.045     0.783 r  design_1_i/adpt_out_0/inst/seg_data[0]_INST_0/O
                         net (fo=1, routed)           0.200     0.983    design_1_i/cg_fpga_0/inst/cg_fpga_axi_gpio_i1/U0/gpio_core_1/Dual.INPUT_DOUBLE_REGS5/gpio2_io_i[0]
    SLICE_X42Y76         FDRE                                         r  design_1_i/cg_fpga_0/inst/cg_fpga_axi_gpio_i1/U0/gpio_core_1/Dual.INPUT_DOUBLE_REGS5/GENERATE_LEVEL_P_S_CDC.MULTI_BIT.FOR_IN_cdc_to[0].CROSS2_PLEVEL_IN2SCNDRY_IN_cdc_to/D
  -------------------------------------------------------------------    -------------------

                         (clock clk_fpga_0 rise edge)
                                                      0.000     0.000 r  
    PS7_X0Y0             PS7                          0.000     0.000 r  design_1_i/cg_fpga_0/inst/processing_system7_0/inst/PS7_i/FCLKCLK[0]
                         net (fo=1, routed)           0.337     0.337    design_1_i/cg_fpga_0/inst/processing_system7_0/inst/FCLK_CLK_unbuffered[0]
    BUFGCTRL_X0Y16       BUFG (Prop_bufg_I_O)         0.029     0.366 r  design_1_i/cg_fpga_0/inst/processing_system7_0/inst/buffer_fclk_clk_0.FCLK_CLK_0_BUFG/O
                         net (fo=6956, routed)        0.809     1.175    design_1_i/cg_fpga_0/inst/cg_fpga_axi_gpio_i1/U0/gpio_core_1/Dual.INPUT_DOUBLE_REGS5/s_axi_aclk
    SLICE_X42Y76         FDRE                                         r  design_1_i/cg_fpga_0/inst/cg_fpga_axi_gpio_i1/U0/gpio_core_1/Dual.INPUT_DOUBLE_REGS5/GENERATE_LEVEL_P_S_CDC.MULTI_BIT.FOR_IN_cdc_to[0].CROSS2_PLEVEL_IN2SCNDRY_IN_cdc_to/C

Slack:                    inf
  Source:                 <hidden>
                            (rising edge-triggered cell RAMB18E1)
  Destination:            design_1_i/cg_fpga_0/inst/cg_fpga_axi_gpio_i1/U0/gpio_core_1/Dual.INPUT_DOUBLE_REGS5/GENERATE_LEVEL_P_S_CDC.MULTI_BIT.FOR_IN_cdc_to[3].CROSS2_PLEVEL_IN2SCNDRY_IN_cdc_to/D
                            (rising edge-triggered cell FDRE clocked by clk_fpga_0  {rise@0.000ns fall@5.000ns period=10.000ns})
  Path Group:             (none)
  Path Type:              Hold (Min at Fast Process Corner)
  Data Path Delay:        0.998ns  (logic 0.294ns (29.444%)  route 0.704ns (70.556%))
  Logic Levels:           3  (LUT6=2 RAMB18E1=1)
  Clock Uncertainty:      0.152ns  ((TSJ^2 + TIJ^2)^1/2 + DJ) / 2 + PE
    Total System Jitter     (TSJ):    0.050ns
    Total Input Jitter      (TIJ):    0.300ns
    Discrete Jitter          (DJ):    0.000ns
    Phase Error              (PE):    0.000ns
  Timing Exception:       False Path

    Location             Delay type                Incr(ns)  Path(ns)    Netlist Resource(s)
  -------------------------------------------------------------------    -------------------
    RAMB18_X2Y29         RAMB18E1                     0.000     0.000 r  <hidden>
    RAMB18_X2Y29         RAMB18E1 (Prop_ramb18e1_CLKARDCLK_DOADO[8])
                                                      0.204     0.204 r  <hidden>
                         net (fo=1, routed)           0.182     0.386    design_1_i/adpt_out_0/inst/digit1[2]
    SLICE_X32Y72         LUT6 (Prop_lut6_I5_O)        0.045     0.431 r  design_1_i/adpt_out_0/inst/seg_data[6]_INST_0_i_3/O
                         net (fo=7, routed)           0.278     0.709    design_1_i/adpt_out_0/inst/seg_data[6]_INST_0_i_3_n_0
    SLICE_X41Y73         LUT6 (Prop_lut6_I3_O)        0.045     0.754 r  design_1_i/adpt_out_0/inst/seg_data[3]_INST_0/O
                         net (fo=1, routed)           0.244     0.998    design_1_i/cg_fpga_0/inst/cg_fpga_axi_gpio_i1/U0/gpio_core_1/Dual.INPUT_DOUBLE_REGS5/gpio2_io_i[3]
    SLICE_X45Y76         FDRE                                         r  design_1_i/cg_fpga_0/inst/cg_fpga_axi_gpio_i1/U0/gpio_core_1/Dual.INPUT_DOUBLE_REGS5/GENERATE_LEVEL_P_S_CDC.MULTI_BIT.FOR_IN_cdc_to[3].CROSS2_PLEVEL_IN2SCNDRY_IN_cdc_to/D
  -------------------------------------------------------------------    -------------------

                         (clock clk_fpga_0 rise edge)
                                                      0.000     0.000 r  
    PS7_X0Y0             PS7                          0.000     0.000 r  design_1_i/cg_fpga_0/inst/processing_system7_0/inst/PS7_i/FCLKCLK[0]
                         net (fo=1, routed)           0.337     0.337    design_1_i/cg_fpga_0/inst/processing_system7_0/inst/FCLK_CLK_unbuffered[0]
    BUFGCTRL_X0Y16       BUFG (Prop_bufg_I_O)         0.029     0.366 r  design_1_i/cg_fpga_0/inst/processing_system7_0/inst/buffer_fclk_clk_0.FCLK_CLK_0_BUFG/O
                         net (fo=6956, routed)        0.809     1.175    design_1_i/cg_fpga_0/inst/cg_fpga_axi_gpio_i1/U0/gpio_core_1/Dual.INPUT_DOUBLE_REGS5/s_axi_aclk
    SLICE_X45Y76         FDRE                                         r  design_1_i/cg_fpga_0/inst/cg_fpga_axi_gpio_i1/U0/gpio_core_1/Dual.INPUT_DOUBLE_REGS5/GENERATE_LEVEL_P_S_CDC.MULTI_BIT.FOR_IN_cdc_to[3].CROSS2_PLEVEL_IN2SCNDRY_IN_cdc_to/C

Slack:                    inf
  Source:                 <hidden>
                            (rising edge-triggered cell RAMB18E1)
  Destination:            design_1_i/cg_fpga_0/inst/cg_fpga_axi_gpio_i1/U0/gpio_core_1/Dual.INPUT_DOUBLE_REGS5/GENERATE_LEVEL_P_S_CDC.MULTI_BIT.FOR_IN_cdc_to[2].CROSS2_PLEVEL_IN2SCNDRY_IN_cdc_to/D
                            (rising edge-triggered cell FDRE clocked by clk_fpga_0  {rise@0.000ns fall@5.000ns period=10.000ns})
  Path Group:             (none)
  Path Type:              Hold (Min at Fast Process Corner)
  Data Path Delay:        1.020ns  (logic 0.294ns (28.810%)  route 0.726ns (71.190%))
  Logic Levels:           3  (LUT6=2 RAMB18E1=1)
  Clock Uncertainty:      0.152ns  ((TSJ^2 + TIJ^2)^1/2 + DJ) / 2 + PE
    Total System Jitter     (TSJ):    0.050ns
    Total Input Jitter      (TIJ):    0.300ns
    Discrete Jitter          (DJ):    0.000ns
    Phase Error              (PE):    0.000ns
  Timing Exception:       False Path

    Location             Delay type                Incr(ns)  Path(ns)    Netlist Resource(s)
  -------------------------------------------------------------------    -------------------
    RAMB18_X2Y29         RAMB18E1                     0.000     0.000 r  <hidden>
    RAMB18_X2Y29         RAMB18E1 (Prop_ramb18e1_CLKARDCLK_DOADO[1])
                                                      0.204     0.204 r  <hidden>
                         net (fo=1, routed)           0.183     0.387    design_1_i/adpt_out_0/inst/digit1[1]
    SLICE_X32Y73         LUT6 (Prop_lut6_I5_O)        0.045     0.432 r  design_1_i/adpt_out_0/inst/seg_data[6]_INST_0_i_4/O
                         net (fo=7, routed)           0.312     0.744    design_1_i/adpt_out_0/inst/seg_data[6]_INST_0_i_4_n_0
    SLICE_X41Y73         LUT6 (Prop_lut6_I4_O)        0.045     0.789 r  design_1_i/adpt_out_0/inst/seg_data[2]_INST_0/O
                         net (fo=1, routed)           0.232     1.020    design_1_i/cg_fpga_0/inst/cg_fpga_axi_gpio_i1/U0/gpio_core_1/Dual.INPUT_DOUBLE_REGS5/gpio2_io_i[2]
    SLICE_X42Y75         FDRE                                         r  design_1_i/cg_fpga_0/inst/cg_fpga_axi_gpio_i1/U0/gpio_core_1/Dual.INPUT_DOUBLE_REGS5/GENERATE_LEVEL_P_S_CDC.MULTI_BIT.FOR_IN_cdc_to[2].CROSS2_PLEVEL_IN2SCNDRY_IN_cdc_to/D
  -------------------------------------------------------------------    -------------------

                         (clock clk_fpga_0 rise edge)
                                                      0.000     0.000 r  
    PS7_X0Y0             PS7                          0.000     0.000 r  design_1_i/cg_fpga_0/inst/processing_system7_0/inst/PS7_i/FCLKCLK[0]
                         net (fo=1, routed)           0.337     0.337    design_1_i/cg_fpga_0/inst/processing_system7_0/inst/FCLK_CLK_unbuffered[0]
    BUFGCTRL_X0Y16       BUFG (Prop_bufg_I_O)         0.029     0.366 r  design_1_i/cg_fpga_0/inst/processing_system7_0/inst/buffer_fclk_clk_0.FCLK_CLK_0_BUFG/O
                         net (fo=6956, routed)        0.808     1.174    design_1_i/cg_fpga_0/inst/cg_fpga_axi_gpio_i1/U0/gpio_core_1/Dual.INPUT_DOUBLE_REGS5/s_axi_aclk
    SLICE_X42Y75         FDRE                                         r  design_1_i/cg_fpga_0/inst/cg_fpga_axi_gpio_i1/U0/gpio_core_1/Dual.INPUT_DOUBLE_REGS5/GENERATE_LEVEL_P_S_CDC.MULTI_BIT.FOR_IN_cdc_to[2].CROSS2_PLEVEL_IN2SCNDRY_IN_cdc_to/C

Slack:                    inf
  Source:                 <hidden>
                            (rising edge-triggered cell RAMB18E1)
  Destination:            design_1_i/cg_fpga_0/inst/cg_fpga_axi_gpio_i1/U0/gpio_core_1/Dual.INPUT_DOUBLE_REGS5/GENERATE_LEVEL_P_S_CDC.MULTI_BIT.FOR_IN_cdc_to[6].CROSS2_PLEVEL_IN2SCNDRY_IN_cdc_to/D
                            (rising edge-triggered cell FDRE clocked by clk_fpga_0  {rise@0.000ns fall@5.000ns period=10.000ns})
  Path Group:             (none)
  Path Type:              Hold (Min at Fast Process Corner)
  Data Path Delay:        1.063ns  (logic 0.294ns (27.646%)  route 0.769ns (72.354%))
  Logic Levels:           3  (LUT6=2 RAMB18E1=1)
  Clock Uncertainty:      0.152ns  ((TSJ^2 + TIJ^2)^1/2 + DJ) / 2 + PE
    Total System Jitter     (TSJ):    0.050ns
    Total Input Jitter      (TIJ):    0.300ns
    Discrete Jitter          (DJ):    0.000ns
    Phase Error              (PE):    0.000ns
  Timing Exception:       False Path

    Location             Delay type                Incr(ns)  Path(ns)    Netlist Resource(s)
  -------------------------------------------------------------------    -------------------
    RAMB18_X2Y29         RAMB18E1                     0.000     0.000 r  <hidden>
    RAMB18_X2Y29         RAMB18E1 (Prop_ramb18e1_CLKARDCLK_DOADO[1])
                                                      0.204     0.204 r  <hidden>
                         net (fo=1, routed)           0.183     0.387    design_1_i/adpt_out_0/inst/digit1[1]
    SLICE_X32Y73         LUT6 (Prop_lut6_I5_O)        0.045     0.432 r  design_1_i/adpt_out_0/inst/seg_data[6]_INST_0_i_4/O
                         net (fo=7, routed)           0.347     0.779    design_1_i/adpt_out_0/inst/seg_data[6]_INST_0_i_4_n_0
    SLICE_X41Y73         LUT6 (Prop_lut6_I5_O)        0.045     0.824 r  design_1_i/adpt_out_0/inst/seg_data[6]_INST_0/O
                         net (fo=1, routed)           0.240     1.063    design_1_i/cg_fpga_0/inst/cg_fpga_axi_gpio_i1/U0/gpio_core_1/Dual.INPUT_DOUBLE_REGS5/gpio2_io_i[6]
    SLICE_X46Y75         FDRE                                         r  design_1_i/cg_fpga_0/inst/cg_fpga_axi_gpio_i1/U0/gpio_core_1/Dual.INPUT_DOUBLE_REGS5/GENERATE_LEVEL_P_S_CDC.MULTI_BIT.FOR_IN_cdc_to[6].CROSS2_PLEVEL_IN2SCNDRY_IN_cdc_to/D
  -------------------------------------------------------------------    -------------------

                         (clock clk_fpga_0 rise edge)
                                                      0.000     0.000 r  
    PS7_X0Y0             PS7                          0.000     0.000 r  design_1_i/cg_fpga_0/inst/processing_system7_0/inst/PS7_i/FCLKCLK[0]
                         net (fo=1, routed)           0.337     0.337    design_1_i/cg_fpga_0/inst/processing_system7_0/inst/FCLK_CLK_unbuffered[0]
    BUFGCTRL_X0Y16       BUFG (Prop_bufg_I_O)         0.029     0.366 r  design_1_i/cg_fpga_0/inst/processing_system7_0/inst/buffer_fclk_clk_0.FCLK_CLK_0_BUFG/O
                         net (fo=6956, routed)        0.808     1.174    design_1_i/cg_fpga_0/inst/cg_fpga_axi_gpio_i1/U0/gpio_core_1/Dual.INPUT_DOUBLE_REGS5/s_axi_aclk
    SLICE_X46Y75         FDRE                                         r  design_1_i/cg_fpga_0/inst/cg_fpga_axi_gpio_i1/U0/gpio_core_1/Dual.INPUT_DOUBLE_REGS5/GENERATE_LEVEL_P_S_CDC.MULTI_BIT.FOR_IN_cdc_to[6].CROSS2_PLEVEL_IN2SCNDRY_IN_cdc_to/C

Slack:                    inf
  Source:                 <hidden>
                            (rising edge-triggered cell RAMB18E1)
  Destination:            design_1_i/cg_fpga_0/inst/cg_fpga_axi_gpio_i1/U0/gpio_core_1/Dual.INPUT_DOUBLE_REGS5/GENERATE_LEVEL_P_S_CDC.MULTI_BIT.FOR_IN_cdc_to[1].CROSS2_PLEVEL_IN2SCNDRY_IN_cdc_to/D
                            (rising edge-triggered cell FDRE clocked by clk_fpga_0  {rise@0.000ns fall@5.000ns period=10.000ns})
  Path Group:             (none)
  Path Type:              Hold (Min at Fast Process Corner)
  Data Path Delay:        1.102ns  (logic 0.294ns (26.687%)  route 0.808ns (73.313%))
  Logic Levels:           3  (LUT6=2 RAMB18E1=1)
  Clock Uncertainty:      0.152ns  ((TSJ^2 + TIJ^2)^1/2 + DJ) / 2 + PE
    Total System Jitter     (TSJ):    0.050ns
    Total Input Jitter      (TIJ):    0.300ns
    Discrete Jitter          (DJ):    0.000ns
    Phase Error              (PE):    0.000ns
  Timing Exception:       False Path

    Location             Delay type                Incr(ns)  Path(ns)    Netlist Resource(s)
  -------------------------------------------------------------------    -------------------
    RAMB18_X2Y29         RAMB18E1                     0.000     0.000 r  <hidden>
    RAMB18_X2Y29         RAMB18E1 (Prop_ramb18e1_CLKARDCLK_DOADO[8])
                                                      0.204     0.204 r  <hidden>
                         net (fo=1, routed)           0.182     0.386    design_1_i/adpt_out_0/inst/digit1[2]
    SLICE_X32Y72         LUT6 (Prop_lut6_I5_O)        0.045     0.431 r  design_1_i/adpt_out_0/inst/seg_data[6]_INST_0_i_3/O
                         net (fo=7, routed)           0.341     0.773    design_1_i/adpt_out_0/inst/seg_data[6]_INST_0_i_3_n_0
    SLICE_X40Y73         LUT6 (Prop_lut6_I3_O)        0.045     0.818 r  design_1_i/adpt_out_0/inst/seg_data[1]_INST_0/O
                         net (fo=1, routed)           0.284     1.102    design_1_i/cg_fpga_0/inst/cg_fpga_axi_gpio_i1/U0/gpio_core_1/Dual.INPUT_DOUBLE_REGS5/gpio2_io_i[1]
    SLICE_X40Y76         FDRE                                         r  design_1_i/cg_fpga_0/inst/cg_fpga_axi_gpio_i1/U0/gpio_core_1/Dual.INPUT_DOUBLE_REGS5/GENERATE_LEVEL_P_S_CDC.MULTI_BIT.FOR_IN_cdc_to[1].CROSS2_PLEVEL_IN2SCNDRY_IN_cdc_to/D
  -------------------------------------------------------------------    -------------------

                         (clock clk_fpga_0 rise edge)
                                                      0.000     0.000 r  
    PS7_X0Y0             PS7                          0.000     0.000 r  design_1_i/cg_fpga_0/inst/processing_system7_0/inst/PS7_i/FCLKCLK[0]
                         net (fo=1, routed)           0.337     0.337    design_1_i/cg_fpga_0/inst/processing_system7_0/inst/FCLK_CLK_unbuffered[0]
    BUFGCTRL_X0Y16       BUFG (Prop_bufg_I_O)         0.029     0.366 r  design_1_i/cg_fpga_0/inst/processing_system7_0/inst/buffer_fclk_clk_0.FCLK_CLK_0_BUFG/O
                         net (fo=6956, routed)        0.809     1.175    design_1_i/cg_fpga_0/inst/cg_fpga_axi_gpio_i1/U0/gpio_core_1/Dual.INPUT_DOUBLE_REGS5/s_axi_aclk
    SLICE_X40Y76         FDRE                                         r  design_1_i/cg_fpga_0/inst/cg_fpga_axi_gpio_i1/U0/gpio_core_1/Dual.INPUT_DOUBLE_REGS5/GENERATE_LEVEL_P_S_CDC.MULTI_BIT.FOR_IN_cdc_to[1].CROSS2_PLEVEL_IN2SCNDRY_IN_cdc_to/C





--------------------------------------------------------------------------------------
Path Group:  (none)
From Clock:  clk_fpga_0
  To Clock:  clk_fpga_0

Max Delay           213 Endpoints
Min Delay           213 Endpoints
--------------------------------------------------------------------------------------


Max Delay Paths
--------------------------------------------------------------------------------------
Slack:                    inf
  Source:                 design_1_i/cg_fpga_0/inst/rst_ps7_0_100M/U0/ACTIVE_LOW_PR_OUT_DFF[0].FDRE_PER_N/C
                            (rising edge-triggered cell FDRE clocked by clk_fpga_0  {rise@0.000ns fall@5.000ns period=10.000ns})
  Destination:            <hidden>
                            (recovery check against rising-edge clock clk_fpga_0  {rise@0.000ns fall@5.000ns period=10.000ns})
  Path Group:             (none)
  Path Type:              Recovery (Max at Slow Process Corner)
  Data Path Delay:        4.007ns  (logic 0.580ns (14.474%)  route 3.427ns (85.526%))
  Logic Levels:           1  (LUT1=1)
  Clock Path Skew:        -0.262ns (DCD - SCD + CPR)
    Destination Clock Delay (DCD):    2.653ns
    Source Clock Delay      (SCD):    2.915ns
    Clock Pessimism Removal (CPR):    0.000ns
  Clock Uncertainty:      0.154ns  ((TSJ^2 + TIJ^2)^1/2 + DJ) / 2 + PE
    Total System Jitter     (TSJ):    0.071ns
    Total Input Jitter      (TIJ):    0.300ns
    Discrete Jitter          (DJ):    0.000ns
    Phase Error              (PE):    0.000ns
  Timing Exception:       False Path

    Location             Delay type                Incr(ns)  Path(ns)    Netlist Resource(s)
  -------------------------------------------------------------------    -------------------
                         (clock clk_fpga_0 rise edge)
                                                      0.000     0.000 r  
    PS7_X0Y0             PS7                          0.000     0.000 r  design_1_i/cg_fpga_0/inst/processing_system7_0/inst/PS7_i/FCLKCLK[0]
                         net (fo=1, routed)           1.193     1.193    design_1_i/cg_fpga_0/inst/processing_system7_0/inst/FCLK_CLK_unbuffered[0]
    BUFGCTRL_X0Y16       BUFG (Prop_bufg_I_O)         0.101     1.294 r  design_1_i/cg_fpga_0/inst/processing_system7_0/inst/buffer_fclk_clk_0.FCLK_CLK_0_BUFG/O
                         net (fo=6956, routed)        1.621     2.915    design_1_i/cg_fpga_0/inst/rst_ps7_0_100M/U0/slowest_sync_clk
    SLICE_X53Y73         FDRE                                         r  design_1_i/cg_fpga_0/inst/rst_ps7_0_100M/U0/ACTIVE_LOW_PR_OUT_DFF[0].FDRE_PER_N/C
  -------------------------------------------------------------------    -------------------
    SLICE_X53Y73         FDRE (Prop_fdre_C_Q)         0.456     3.371 r  design_1_i/cg_fpga_0/inst/rst_ps7_0_100M/U0/ACTIVE_LOW_PR_OUT_DFF[0].FDRE_PER_N/Q
                         net (fo=66, routed)          2.104     5.475    design_1_i/cg_fpga_0/inst/axi_mem_intercon/m00_couplers/auto_pc/inst/gen_axi4_axi3.axi3_conv_inst/USE_WRITE.write_addr_inst/USE_BURSTS.cmd_queue/inst/aresetn
    SLICE_X27Y68         LUT1 (Prop_lut1_I0_O)        0.124     5.599 f  design_1_i/cg_fpga_0/inst/axi_mem_intercon/m00_couplers/auto_pc/inst/gen_axi4_axi3.axi3_conv_inst/USE_WRITE.write_addr_inst/USE_BURSTS.cmd_queue/inst/S_AXI_AREADY_I_i_1/O
                         net (fo=104, routed)         1.323     6.922    <hidden>
    SLICE_X34Y65         FDPE                                         f  <hidden>
  -------------------------------------------------------------------    -------------------

                         (clock clk_fpga_0 rise edge)
                                                      0.000     0.000 r  
    PS7_X0Y0             PS7                          0.000     0.000 r  design_1_i/cg_fpga_0/inst/processing_system7_0/inst/PS7_i/FCLKCLK[0]
                         net (fo=1, routed)           1.088     1.088    design_1_i/cg_fpga_0/inst/processing_system7_0/inst/FCLK_CLK_unbuffered[0]
    BUFGCTRL_X0Y16       BUFG (Prop_bufg_I_O)         0.091     1.179 r  design_1_i/cg_fpga_0/inst/processing_system7_0/inst/buffer_fclk_clk_0.FCLK_CLK_0_BUFG/O
                         net (fo=6956, routed)        1.474     2.653    <hidden>
    SLICE_X34Y65         FDPE                                         r  <hidden>

Slack:                    inf
  Source:                 design_1_i/cg_fpga_0/inst/rst_ps7_0_100M/U0/ACTIVE_LOW_PR_OUT_DFF[0].FDRE_PER_N/C
                            (rising edge-triggered cell FDRE clocked by clk_fpga_0  {rise@0.000ns fall@5.000ns period=10.000ns})
  Destination:            <hidden>
                            (recovery check against rising-edge clock clk_fpga_0  {rise@0.000ns fall@5.000ns period=10.000ns})
  Path Group:             (none)
  Path Type:              Recovery (Max at Slow Process Corner)
  Data Path Delay:        4.007ns  (logic 0.580ns (14.474%)  route 3.427ns (85.526%))
  Logic Levels:           1  (LUT1=1)
  Clock Path Skew:        -0.262ns (DCD - SCD + CPR)
    Destination Clock Delay (DCD):    2.653ns
    Source Clock Delay      (SCD):    2.915ns
    Clock Pessimism Removal (CPR):    0.000ns
  Clock Uncertainty:      0.154ns  ((TSJ^2 + TIJ^2)^1/2 + DJ) / 2 + PE
    Total System Jitter     (TSJ):    0.071ns
    Total Input Jitter      (TIJ):    0.300ns
    Discrete Jitter          (DJ):    0.000ns
    Phase Error              (PE):    0.000ns
  Timing Exception:       False Path

    Location             Delay type                Incr(ns)  Path(ns)    Netlist Resource(s)
  -------------------------------------------------------------------    -------------------
                         (clock clk_fpga_0 rise edge)
                                                      0.000     0.000 r  
    PS7_X0Y0             PS7                          0.000     0.000 r  design_1_i/cg_fpga_0/inst/processing_system7_0/inst/PS7_i/FCLKCLK[0]
                         net (fo=1, routed)           1.193     1.193    design_1_i/cg_fpga_0/inst/processing_system7_0/inst/FCLK_CLK_unbuffered[0]
    BUFGCTRL_X0Y16       BUFG (Prop_bufg_I_O)         0.101     1.294 r  design_1_i/cg_fpga_0/inst/processing_system7_0/inst/buffer_fclk_clk_0.FCLK_CLK_0_BUFG/O
                         net (fo=6956, routed)        1.621     2.915    design_1_i/cg_fpga_0/inst/rst_ps7_0_100M/U0/slowest_sync_clk
    SLICE_X53Y73         FDRE                                         r  design_1_i/cg_fpga_0/inst/rst_ps7_0_100M/U0/ACTIVE_LOW_PR_OUT_DFF[0].FDRE_PER_N/C
  -------------------------------------------------------------------    -------------------
    SLICE_X53Y73         FDRE (Prop_fdre_C_Q)         0.456     3.371 r  design_1_i/cg_fpga_0/inst/rst_ps7_0_100M/U0/ACTIVE_LOW_PR_OUT_DFF[0].FDRE_PER_N/Q
                         net (fo=66, routed)          2.104     5.475    design_1_i/cg_fpga_0/inst/axi_mem_intercon/m00_couplers/auto_pc/inst/gen_axi4_axi3.axi3_conv_inst/USE_WRITE.write_addr_inst/USE_BURSTS.cmd_queue/inst/aresetn
    SLICE_X27Y68         LUT1 (Prop_lut1_I0_O)        0.124     5.599 f  design_1_i/cg_fpga_0/inst/axi_mem_intercon/m00_couplers/auto_pc/inst/gen_axi4_axi3.axi3_conv_inst/USE_WRITE.write_addr_inst/USE_BURSTS.cmd_queue/inst/S_AXI_AREADY_I_i_1/O
                         net (fo=104, routed)         1.323     6.922    <hidden>
    SLICE_X34Y65         FDPE                                         f  <hidden>
  -------------------------------------------------------------------    -------------------

                         (clock clk_fpga_0 rise edge)
                                                      0.000     0.000 r  
    PS7_X0Y0             PS7                          0.000     0.000 r  design_1_i/cg_fpga_0/inst/processing_system7_0/inst/PS7_i/FCLKCLK[0]
                         net (fo=1, routed)           1.088     1.088    design_1_i/cg_fpga_0/inst/processing_system7_0/inst/FCLK_CLK_unbuffered[0]
    BUFGCTRL_X0Y16       BUFG (Prop_bufg_I_O)         0.091     1.179 r  design_1_i/cg_fpga_0/inst/processing_system7_0/inst/buffer_fclk_clk_0.FCLK_CLK_0_BUFG/O
                         net (fo=6956, routed)        1.474     2.653    <hidden>
    SLICE_X34Y65         FDPE                                         r  <hidden>

Slack:                    inf
  Source:                 design_1_i/adpt_out_0/inst/scan_sel_reg[1]/C
                            (rising edge-triggered cell FDRE clocked by clk_fpga_0  {rise@0.000ns fall@5.000ns period=10.000ns})
  Destination:            design_1_i/cg_fpga_0/inst/cg_fpga_axi_gpio_i1/U0/gpio_core_1/Dual.INPUT_DOUBLE_REGS5/GENERATE_LEVEL_P_S_CDC.MULTI_BIT.FOR_IN_cdc_to[2].CROSS2_PLEVEL_IN2SCNDRY_IN_cdc_to/D
                            (rising edge-triggered cell FDRE clocked by clk_fpga_0  {rise@0.000ns fall@5.000ns period=10.000ns})
  Path Group:             (none)
  Path Type:              Setup (Max at Slow Process Corner)
  Data Path Delay:        3.987ns  (logic 0.766ns (19.212%)  route 3.221ns (80.788%))
  Logic Levels:           2  (LUT6=2)
  Clock Path Skew:        -0.285ns (DCD - SCD + CPR)
    Destination Clock Delay (DCD):    2.641ns
    Source Clock Delay      (SCD):    2.926ns
    Clock Pessimism Removal (CPR):    0.000ns
  Clock Uncertainty:      0.154ns  ((TSJ^2 + TIJ^2)^1/2 + DJ) / 2 + PE
    Total System Jitter     (TSJ):    0.071ns
    Total Input Jitter      (TIJ):    0.300ns
    Discrete Jitter          (DJ):    0.000ns
    Phase Error              (PE):    0.000ns
  Timing Exception:       False Path

    Location             Delay type                Incr(ns)  Path(ns)    Netlist Resource(s)
  -------------------------------------------------------------------    -------------------
                         (clock clk_fpga_0 rise edge)
                                                      0.000     0.000 r  
    PS7_X0Y0             PS7                          0.000     0.000 r  design_1_i/cg_fpga_0/inst/processing_system7_0/inst/PS7_i/FCLKCLK[0]
                         net (fo=1, routed)           1.193     1.193    design_1_i/cg_fpga_0/inst/processing_system7_0/inst/FCLK_CLK_unbuffered[0]
    BUFGCTRL_X0Y16       BUFG (Prop_bufg_I_O)         0.101     1.294 r  design_1_i/cg_fpga_0/inst/processing_system7_0/inst/buffer_fclk_clk_0.FCLK_CLK_0_BUFG/O
                         net (fo=6956, routed)        1.632     2.926    design_1_i/adpt_out_0/inst/clk_100M
    SLICE_X38Y74         FDRE                                         r  design_1_i/adpt_out_0/inst/scan_sel_reg[1]/C
  -------------------------------------------------------------------    -------------------
    SLICE_X38Y74         FDRE (Prop_fdre_C_Q)         0.518     3.444 r  design_1_i/adpt_out_0/inst/scan_sel_reg[1]/Q
                         net (fo=9, routed)           1.399     4.843    design_1_i/adpt_out_0/inst/scan_sel_reg[1]_0
    SLICE_X32Y72         LUT6 (Prop_lut6_I3_O)        0.124     4.967 f  design_1_i/adpt_out_0/inst/seg_data[6]_INST_0_i_2/O
                         net (fo=7, routed)           1.207     6.174    design_1_i/adpt_out_0/inst/seg_data[6]_INST_0_i_2_n_0
    SLICE_X41Y73         LUT6 (Prop_lut6_I3_O)        0.124     6.298 r  design_1_i/adpt_out_0/inst/seg_data[2]_INST_0/O
                         net (fo=1, routed)           0.615     6.913    design_1_i/cg_fpga_0/inst/cg_fpga_axi_gpio_i1/U0/gpio_core_1/Dual.INPUT_DOUBLE_REGS5/gpio2_io_i[2]
    SLICE_X42Y75         FDRE                                         r  design_1_i/cg_fpga_0/inst/cg_fpga_axi_gpio_i1/U0/gpio_core_1/Dual.INPUT_DOUBLE_REGS5/GENERATE_LEVEL_P_S_CDC.MULTI_BIT.FOR_IN_cdc_to[2].CROSS2_PLEVEL_IN2SCNDRY_IN_cdc_to/D
  -------------------------------------------------------------------    -------------------

                         (clock clk_fpga_0 rise edge)
                                                      0.000     0.000 r  
    PS7_X0Y0             PS7                          0.000     0.000 r  design_1_i/cg_fpga_0/inst/processing_system7_0/inst/PS7_i/FCLKCLK[0]
                         net (fo=1, routed)           1.088     1.088    design_1_i/cg_fpga_0/inst/processing_system7_0/inst/FCLK_CLK_unbuffered[0]
    BUFGCTRL_X0Y16       BUFG (Prop_bufg_I_O)         0.091     1.179 r  design_1_i/cg_fpga_0/inst/processing_system7_0/inst/buffer_fclk_clk_0.FCLK_CLK_0_BUFG/O
                         net (fo=6956, routed)        1.462     2.641    design_1_i/cg_fpga_0/inst/cg_fpga_axi_gpio_i1/U0/gpio_core_1/Dual.INPUT_DOUBLE_REGS5/s_axi_aclk
    SLICE_X42Y75         FDRE                                         r  design_1_i/cg_fpga_0/inst/cg_fpga_axi_gpio_i1/U0/gpio_core_1/Dual.INPUT_DOUBLE_REGS5/GENERATE_LEVEL_P_S_CDC.MULTI_BIT.FOR_IN_cdc_to[2].CROSS2_PLEVEL_IN2SCNDRY_IN_cdc_to/C

Slack:                    inf
  Source:                 design_1_i/adpt_out_0/inst/scan_sel_reg[1]/C
                            (rising edge-triggered cell FDRE clocked by clk_fpga_0  {rise@0.000ns fall@5.000ns period=10.000ns})
  Destination:            design_1_i/cg_fpga_0/inst/cg_fpga_axi_gpio_i1/U0/gpio_core_1/Dual.INPUT_DOUBLE_REGS5/GENERATE_LEVEL_P_S_CDC.MULTI_BIT.FOR_IN_cdc_to[0].CROSS2_PLEVEL_IN2SCNDRY_IN_cdc_to/D
                            (rising edge-triggered cell FDRE clocked by clk_fpga_0  {rise@0.000ns fall@5.000ns period=10.000ns})
  Path Group:             (none)
  Path Type:              Setup (Max at Slow Process Corner)
  Data Path Delay:        3.930ns  (logic 0.766ns (19.490%)  route 3.164ns (80.510%))
  Logic Levels:           2  (LUT6=2)
  Clock Path Skew:        -0.283ns (DCD - SCD + CPR)
    Destination Clock Delay (DCD):    2.643ns
    Source Clock Delay      (SCD):    2.926ns
    Clock Pessimism Removal (CPR):    0.000ns
  Clock Uncertainty:      0.154ns  ((TSJ^2 + TIJ^2)^1/2 + DJ) / 2 + PE
    Total System Jitter     (TSJ):    0.071ns
    Total Input Jitter      (TIJ):    0.300ns
    Discrete Jitter          (DJ):    0.000ns
    Phase Error              (PE):    0.000ns
  Timing Exception:       False Path

    Location             Delay type                Incr(ns)  Path(ns)    Netlist Resource(s)
  -------------------------------------------------------------------    -------------------
                         (clock clk_fpga_0 rise edge)
                                                      0.000     0.000 r  
    PS7_X0Y0             PS7                          0.000     0.000 r  design_1_i/cg_fpga_0/inst/processing_system7_0/inst/PS7_i/FCLKCLK[0]
                         net (fo=1, routed)           1.193     1.193    design_1_i/cg_fpga_0/inst/processing_system7_0/inst/FCLK_CLK_unbuffered[0]
    BUFGCTRL_X0Y16       BUFG (Prop_bufg_I_O)         0.101     1.294 r  design_1_i/cg_fpga_0/inst/processing_system7_0/inst/buffer_fclk_clk_0.FCLK_CLK_0_BUFG/O
                         net (fo=6956, routed)        1.632     2.926    design_1_i/adpt_out_0/inst/clk_100M
    SLICE_X38Y74         FDRE                                         r  design_1_i/adpt_out_0/inst/scan_sel_reg[1]/C
  -------------------------------------------------------------------    -------------------
    SLICE_X38Y74         FDRE (Prop_fdre_C_Q)         0.518     3.444 r  design_1_i/adpt_out_0/inst/scan_sel_reg[1]/Q
                         net (fo=9, routed)           1.389     4.833    design_1_i/adpt_out_0/inst/scan_sel_reg[1]_0
    SLICE_X32Y72         LUT6 (Prop_lut6_I3_O)        0.124     4.957 r  design_1_i/adpt_out_0/inst/seg_data[6]_INST_0_i_3/O
                         net (fo=7, routed)           1.299     6.256    design_1_i/adpt_out_0/inst/seg_data[6]_INST_0_i_3_n_0
    SLICE_X42Y73         LUT6 (Prop_lut6_I3_O)        0.124     6.380 r  design_1_i/adpt_out_0/inst/seg_data[0]_INST_0/O
                         net (fo=1, routed)           0.476     6.856    design_1_i/cg_fpga_0/inst/cg_fpga_axi_gpio_i1/U0/gpio_core_1/Dual.INPUT_DOUBLE_REGS5/gpio2_io_i[0]
    SLICE_X42Y76         FDRE                                         r  design_1_i/cg_fpga_0/inst/cg_fpga_axi_gpio_i1/U0/gpio_core_1/Dual.INPUT_DOUBLE_REGS5/GENERATE_LEVEL_P_S_CDC.MULTI_BIT.FOR_IN_cdc_to[0].CROSS2_PLEVEL_IN2SCNDRY_IN_cdc_to/D
  -------------------------------------------------------------------    -------------------

                         (clock clk_fpga_0 rise edge)
                                                      0.000     0.000 r  
    PS7_X0Y0             PS7                          0.000     0.000 r  design_1_i/cg_fpga_0/inst/processing_system7_0/inst/PS7_i/FCLKCLK[0]
                         net (fo=1, routed)           1.088     1.088    design_1_i/cg_fpga_0/inst/processing_system7_0/inst/FCLK_CLK_unbuffered[0]
    BUFGCTRL_X0Y16       BUFG (Prop_bufg_I_O)         0.091     1.179 r  design_1_i/cg_fpga_0/inst/processing_system7_0/inst/buffer_fclk_clk_0.FCLK_CLK_0_BUFG/O
                         net (fo=6956, routed)        1.464     2.643    design_1_i/cg_fpga_0/inst/cg_fpga_axi_gpio_i1/U0/gpio_core_1/Dual.INPUT_DOUBLE_REGS5/s_axi_aclk
    SLICE_X42Y76         FDRE                                         r  design_1_i/cg_fpga_0/inst/cg_fpga_axi_gpio_i1/U0/gpio_core_1/Dual.INPUT_DOUBLE_REGS5/GENERATE_LEVEL_P_S_CDC.MULTI_BIT.FOR_IN_cdc_to[0].CROSS2_PLEVEL_IN2SCNDRY_IN_cdc_to/C

Slack:                    inf
  Source:                 design_1_i/adpt_out_0/inst/scan_sel_reg[1]/C
                            (rising edge-triggered cell FDRE clocked by clk_fpga_0  {rise@0.000ns fall@5.000ns period=10.000ns})
  Destination:            design_1_i/cg_fpga_0/inst/cg_fpga_axi_gpio_i1/U0/gpio_core_1/Dual.INPUT_DOUBLE_REGS5/GENERATE_LEVEL_P_S_CDC.MULTI_BIT.FOR_IN_cdc_to[6].CROSS2_PLEVEL_IN2SCNDRY_IN_cdc_to/D
                            (rising edge-triggered cell FDRE clocked by clk_fpga_0  {rise@0.000ns fall@5.000ns period=10.000ns})
  Path Group:             (none)
  Path Type:              Setup (Max at Slow Process Corner)
  Data Path Delay:        3.854ns  (logic 0.766ns (19.876%)  route 3.088ns (80.124%))
  Logic Levels:           2  (LUT6=2)
  Clock Path Skew:        -0.286ns (DCD - SCD + CPR)
    Destination Clock Delay (DCD):    2.640ns
    Source Clock Delay      (SCD):    2.926ns
    Clock Pessimism Removal (CPR):    0.000ns
  Clock Uncertainty:      0.154ns  ((TSJ^2 + TIJ^2)^1/2 + DJ) / 2 + PE
    Total System Jitter     (TSJ):    0.071ns
    Total Input Jitter      (TIJ):    0.300ns
    Discrete Jitter          (DJ):    0.000ns
    Phase Error              (PE):    0.000ns
  Timing Exception:       False Path

    Location             Delay type                Incr(ns)  Path(ns)    Netlist Resource(s)
  -------------------------------------------------------------------    -------------------
                         (clock clk_fpga_0 rise edge)
                                                      0.000     0.000 r  
    PS7_X0Y0             PS7                          0.000     0.000 r  design_1_i/cg_fpga_0/inst/processing_system7_0/inst/PS7_i/FCLKCLK[0]
                         net (fo=1, routed)           1.193     1.193    design_1_i/cg_fpga_0/inst/processing_system7_0/inst/FCLK_CLK_unbuffered[0]
    BUFGCTRL_X0Y16       BUFG (Prop_bufg_I_O)         0.101     1.294 r  design_1_i/cg_fpga_0/inst/processing_system7_0/inst/buffer_fclk_clk_0.FCLK_CLK_0_BUFG/O
                         net (fo=6956, routed)        1.632     2.926    design_1_i/adpt_out_0/inst/clk_100M
    SLICE_X38Y74         FDRE                                         r  design_1_i/adpt_out_0/inst/scan_sel_reg[1]/C
  -------------------------------------------------------------------    -------------------
    SLICE_X38Y74         FDRE (Prop_fdre_C_Q)         0.518     3.444 r  design_1_i/adpt_out_0/inst/scan_sel_reg[1]/Q
                         net (fo=9, routed)           1.389     4.833    design_1_i/adpt_out_0/inst/scan_sel_reg[1]_0
    SLICE_X32Y72         LUT6 (Prop_lut6_I3_O)        0.124     4.957 r  design_1_i/adpt_out_0/inst/seg_data[6]_INST_0_i_3/O
                         net (fo=7, routed)           1.075     6.032    design_1_i/adpt_out_0/inst/seg_data[6]_INST_0_i_3_n_0
    SLICE_X41Y73         LUT6 (Prop_lut6_I4_O)        0.124     6.156 r  design_1_i/adpt_out_0/inst/seg_data[6]_INST_0/O
                         net (fo=1, routed)           0.624     6.780    design_1_i/cg_fpga_0/inst/cg_fpga_axi_gpio_i1/U0/gpio_core_1/Dual.INPUT_DOUBLE_REGS5/gpio2_io_i[6]
    SLICE_X46Y75         FDRE                                         r  design_1_i/cg_fpga_0/inst/cg_fpga_axi_gpio_i1/U0/gpio_core_1/Dual.INPUT_DOUBLE_REGS5/GENERATE_LEVEL_P_S_CDC.MULTI_BIT.FOR_IN_cdc_to[6].CROSS2_PLEVEL_IN2SCNDRY_IN_cdc_to/D
  -------------------------------------------------------------------    -------------------

                         (clock clk_fpga_0 rise edge)
                                                      0.000     0.000 r  
    PS7_X0Y0             PS7                          0.000     0.000 r  design_1_i/cg_fpga_0/inst/processing_system7_0/inst/PS7_i/FCLKCLK[0]
                         net (fo=1, routed)           1.088     1.088    design_1_i/cg_fpga_0/inst/processing_system7_0/inst/FCLK_CLK_unbuffered[0]
    BUFGCTRL_X0Y16       BUFG (Prop_bufg_I_O)         0.091     1.179 r  design_1_i/cg_fpga_0/inst/processing_system7_0/inst/buffer_fclk_clk_0.FCLK_CLK_0_BUFG/O
                         net (fo=6956, routed)        1.461     2.640    design_1_i/cg_fpga_0/inst/cg_fpga_axi_gpio_i1/U0/gpio_core_1/Dual.INPUT_DOUBLE_REGS5/s_axi_aclk
    SLICE_X46Y75         FDRE                                         r  design_1_i/cg_fpga_0/inst/cg_fpga_axi_gpio_i1/U0/gpio_core_1/Dual.INPUT_DOUBLE_REGS5/GENERATE_LEVEL_P_S_CDC.MULTI_BIT.FOR_IN_cdc_to[6].CROSS2_PLEVEL_IN2SCNDRY_IN_cdc_to/C

Slack:                    inf
  Source:                 design_1_i/adpt_out_0/inst/scan_sel_reg[1]/C
                            (rising edge-triggered cell FDRE clocked by clk_fpga_0  {rise@0.000ns fall@5.000ns period=10.000ns})
  Destination:            design_1_i/cg_fpga_0/inst/cg_fpga_axi_gpio_i1/U0/gpio_core_1/Dual.INPUT_DOUBLE_REGS5/GENERATE_LEVEL_P_S_CDC.MULTI_BIT.FOR_IN_cdc_to[3].CROSS2_PLEVEL_IN2SCNDRY_IN_cdc_to/D
                            (rising edge-triggered cell FDRE clocked by clk_fpga_0  {rise@0.000ns fall@5.000ns period=10.000ns})
  Path Group:             (none)
  Path Type:              Setup (Max at Slow Process Corner)
  Data Path Delay:        3.811ns  (logic 0.766ns (20.101%)  route 3.045ns (79.899%))
  Logic Levels:           2  (LUT6=2)
  Clock Path Skew:        -0.284ns (DCD - SCD + CPR)
    Destination Clock Delay (DCD):    2.642ns
    Source Clock Delay      (SCD):    2.926ns
    Clock Pessimism Removal (CPR):    0.000ns
  Clock Uncertainty:      0.154ns  ((TSJ^2 + TIJ^2)^1/2 + DJ) / 2 + PE
    Total System Jitter     (TSJ):    0.071ns
    Total Input Jitter      (TIJ):    0.300ns
    Discrete Jitter          (DJ):    0.000ns
    Phase Error              (PE):    0.000ns
  Timing Exception:       False Path

    Location             Delay type                Incr(ns)  Path(ns)    Netlist Resource(s)
  -------------------------------------------------------------------    -------------------
                         (clock clk_fpga_0 rise edge)
                                                      0.000     0.000 r  
    PS7_X0Y0             PS7                          0.000     0.000 r  design_1_i/cg_fpga_0/inst/processing_system7_0/inst/PS7_i/FCLKCLK[0]
                         net (fo=1, routed)           1.193     1.193    design_1_i/cg_fpga_0/inst/processing_system7_0/inst/FCLK_CLK_unbuffered[0]
    BUFGCTRL_X0Y16       BUFG (Prop_bufg_I_O)         0.101     1.294 r  design_1_i/cg_fpga_0/inst/processing_system7_0/inst/buffer_fclk_clk_0.FCLK_CLK_0_BUFG/O
                         net (fo=6956, routed)        1.632     2.926    design_1_i/adpt_out_0/inst/clk_100M
    SLICE_X38Y74         FDRE                                         r  design_1_i/adpt_out_0/inst/scan_sel_reg[1]/C
  -------------------------------------------------------------------    -------------------
    SLICE_X38Y74         FDRE (Prop_fdre_C_Q)         0.518     3.444 r  design_1_i/adpt_out_0/inst/scan_sel_reg[1]/Q
                         net (fo=9, routed)           1.154     4.598    design_1_i/adpt_out_0/inst/scan_sel_reg[1]_0
    SLICE_X32Y73         LUT6 (Prop_lut6_I3_O)        0.124     4.722 r  design_1_i/adpt_out_0/inst/seg_data[6]_INST_0_i_4/O
                         net (fo=7, routed)           1.239     5.961    design_1_i/adpt_out_0/inst/seg_data[6]_INST_0_i_4_n_0
    SLICE_X41Y73         LUT6 (Prop_lut6_I5_O)        0.124     6.085 r  design_1_i/adpt_out_0/inst/seg_data[3]_INST_0/O
                         net (fo=1, routed)           0.652     6.737    design_1_i/cg_fpga_0/inst/cg_fpga_axi_gpio_i1/U0/gpio_core_1/Dual.INPUT_DOUBLE_REGS5/gpio2_io_i[3]
    SLICE_X45Y76         FDRE                                         r  design_1_i/cg_fpga_0/inst/cg_fpga_axi_gpio_i1/U0/gpio_core_1/Dual.INPUT_DOUBLE_REGS5/GENERATE_LEVEL_P_S_CDC.MULTI_BIT.FOR_IN_cdc_to[3].CROSS2_PLEVEL_IN2SCNDRY_IN_cdc_to/D
  -------------------------------------------------------------------    -------------------

                         (clock clk_fpga_0 rise edge)
                                                      0.000     0.000 r  
    PS7_X0Y0             PS7                          0.000     0.000 r  design_1_i/cg_fpga_0/inst/processing_system7_0/inst/PS7_i/FCLKCLK[0]
                         net (fo=1, routed)           1.088     1.088    design_1_i/cg_fpga_0/inst/processing_system7_0/inst/FCLK_CLK_unbuffered[0]
    BUFGCTRL_X0Y16       BUFG (Prop_bufg_I_O)         0.091     1.179 r  design_1_i/cg_fpga_0/inst/processing_system7_0/inst/buffer_fclk_clk_0.FCLK_CLK_0_BUFG/O
                         net (fo=6956, routed)        1.463     2.642    design_1_i/cg_fpga_0/inst/cg_fpga_axi_gpio_i1/U0/gpio_core_1/Dual.INPUT_DOUBLE_REGS5/s_axi_aclk
    SLICE_X45Y76         FDRE                                         r  design_1_i/cg_fpga_0/inst/cg_fpga_axi_gpio_i1/U0/gpio_core_1/Dual.INPUT_DOUBLE_REGS5/GENERATE_LEVEL_P_S_CDC.MULTI_BIT.FOR_IN_cdc_to[3].CROSS2_PLEVEL_IN2SCNDRY_IN_cdc_to/C

Slack:                    inf
  Source:                 design_1_i/adpt_out_0/inst/scan_sel_reg[1]/C
                            (rising edge-triggered cell FDRE clocked by clk_fpga_0  {rise@0.000ns fall@5.000ns period=10.000ns})
  Destination:            design_1_i/cg_fpga_0/inst/cg_fpga_axi_gpio_i1/U0/gpio_core_1/Dual.INPUT_DOUBLE_REGS5/GENERATE_LEVEL_P_S_CDC.MULTI_BIT.FOR_IN_cdc_to[4].CROSS2_PLEVEL_IN2SCNDRY_IN_cdc_to/D
                            (rising edge-triggered cell FDRE clocked by clk_fpga_0  {rise@0.000ns fall@5.000ns period=10.000ns})
  Path Group:             (none)
  Path Type:              Setup (Max at Slow Process Corner)
  Data Path Delay:        3.651ns  (logic 0.766ns (20.980%)  route 2.885ns (79.020%))
  Logic Levels:           2  (LUT6=2)
  Clock Path Skew:        -0.286ns (DCD - SCD + CPR)
    Destination Clock Delay (DCD):    2.640ns
    Source Clock Delay      (SCD):    2.926ns
    Clock Pessimism Removal (CPR):    0.000ns
  Clock Uncertainty:      0.154ns  ((TSJ^2 + TIJ^2)^1/2 + DJ) / 2 + PE
    Total System Jitter     (TSJ):    0.071ns
    Total Input Jitter      (TIJ):    0.300ns
    Discrete Jitter          (DJ):    0.000ns
    Phase Error              (PE):    0.000ns
  Timing Exception:       False Path

    Location             Delay type                Incr(ns)  Path(ns)    Netlist Resource(s)
  -------------------------------------------------------------------    -------------------
                         (clock clk_fpga_0 rise edge)
                                                      0.000     0.000 r  
    PS7_X0Y0             PS7                          0.000     0.000 r  design_1_i/cg_fpga_0/inst/processing_system7_0/inst/PS7_i/FCLKCLK[0]
                         net (fo=1, routed)           1.193     1.193    design_1_i/cg_fpga_0/inst/processing_system7_0/inst/FCLK_CLK_unbuffered[0]
    BUFGCTRL_X0Y16       BUFG (Prop_bufg_I_O)         0.101     1.294 r  design_1_i/cg_fpga_0/inst/processing_system7_0/inst/buffer_fclk_clk_0.FCLK_CLK_0_BUFG/O
                         net (fo=6956, routed)        1.632     2.926    design_1_i/adpt_out_0/inst/clk_100M
    SLICE_X38Y74         FDRE                                         r  design_1_i/adpt_out_0/inst/scan_sel_reg[1]/C
  -------------------------------------------------------------------    -------------------
    SLICE_X38Y74         FDRE (Prop_fdre_C_Q)         0.518     3.444 r  design_1_i/adpt_out_0/inst/scan_sel_reg[1]/Q
                         net (fo=9, routed)           1.037     4.481    design_1_i/adpt_out_0/inst/scan_sel_reg[1]_0
    SLICE_X32Y73         LUT6 (Prop_lut6_I3_O)        0.124     4.605 f  design_1_i/adpt_out_0/inst/seg_data[6]_INST_0_i_1/O
                         net (fo=7, routed)           1.235     5.840    design_1_i/adpt_out_0/inst/seg_data[6]_INST_0_i_1_n_0
    SLICE_X41Y73         LUT6 (Prop_lut6_I0_O)        0.124     5.964 r  design_1_i/adpt_out_0/inst/seg_data[4]_INST_0/O
                         net (fo=1, routed)           0.613     6.577    design_1_i/cg_fpga_0/inst/cg_fpga_axi_gpio_i1/U0/gpio_core_1/Dual.INPUT_DOUBLE_REGS5/gpio2_io_i[4]
    SLICE_X47Y75         FDRE                                         r  design_1_i/cg_fpga_0/inst/cg_fpga_axi_gpio_i1/U0/gpio_core_1/Dual.INPUT_DOUBLE_REGS5/GENERATE_LEVEL_P_S_CDC.MULTI_BIT.FOR_IN_cdc_to[4].CROSS2_PLEVEL_IN2SCNDRY_IN_cdc_to/D
  -------------------------------------------------------------------    -------------------

                         (clock clk_fpga_0 rise edge)
                                                      0.000     0.000 r  
    PS7_X0Y0             PS7                          0.000     0.000 r  design_1_i/cg_fpga_0/inst/processing_system7_0/inst/PS7_i/FCLKCLK[0]
                         net (fo=1, routed)           1.088     1.088    design_1_i/cg_fpga_0/inst/processing_system7_0/inst/FCLK_CLK_unbuffered[0]
    BUFGCTRL_X0Y16       BUFG (Prop_bufg_I_O)         0.091     1.179 r  design_1_i/cg_fpga_0/inst/processing_system7_0/inst/buffer_fclk_clk_0.FCLK_CLK_0_BUFG/O
                         net (fo=6956, routed)        1.461     2.640    design_1_i/cg_fpga_0/inst/cg_fpga_axi_gpio_i1/U0/gpio_core_1/Dual.INPUT_DOUBLE_REGS5/s_axi_aclk
    SLICE_X47Y75         FDRE                                         r  design_1_i/cg_fpga_0/inst/cg_fpga_axi_gpio_i1/U0/gpio_core_1/Dual.INPUT_DOUBLE_REGS5/GENERATE_LEVEL_P_S_CDC.MULTI_BIT.FOR_IN_cdc_to[4].CROSS2_PLEVEL_IN2SCNDRY_IN_cdc_to/C

Slack:                    inf
  Source:                 design_1_i/adpt_out_0/inst/scan_sel_reg[1]/C
                            (rising edge-triggered cell FDRE clocked by clk_fpga_0  {rise@0.000ns fall@5.000ns period=10.000ns})
  Destination:            design_1_i/cg_fpga_0/inst/cg_fpga_axi_gpio_i1/U0/gpio_core_1/Dual.INPUT_DOUBLE_REGS5/GENERATE_LEVEL_P_S_CDC.MULTI_BIT.FOR_IN_cdc_to[1].CROSS2_PLEVEL_IN2SCNDRY_IN_cdc_to/D
                            (rising edge-triggered cell FDRE clocked by clk_fpga_0  {rise@0.000ns fall@5.000ns period=10.000ns})
  Path Group:             (none)
  Path Type:              Setup (Max at Slow Process Corner)
  Data Path Delay:        3.644ns  (logic 0.766ns (21.019%)  route 2.878ns (78.981%))
  Logic Levels:           2  (LUT6=2)
  Clock Path Skew:        -0.283ns (DCD - SCD + CPR)
    Destination Clock Delay (DCD):    2.643ns
    Source Clock Delay      (SCD):    2.926ns
    Clock Pessimism Removal (CPR):    0.000ns
  Clock Uncertainty:      0.154ns  ((TSJ^2 + TIJ^2)^1/2 + DJ) / 2 + PE
    Total System Jitter     (TSJ):    0.071ns
    Total Input Jitter      (TIJ):    0.300ns
    Discrete Jitter          (DJ):    0.000ns
    Phase Error              (PE):    0.000ns
  Timing Exception:       False Path

    Location             Delay type                Incr(ns)  Path(ns)    Netlist Resource(s)
  -------------------------------------------------------------------    -------------------
                         (clock clk_fpga_0 rise edge)
                                                      0.000     0.000 r  
    PS7_X0Y0             PS7                          0.000     0.000 r  design_1_i/cg_fpga_0/inst/processing_system7_0/inst/PS7_i/FCLKCLK[0]
                         net (fo=1, routed)           1.193     1.193    design_1_i/cg_fpga_0/inst/processing_system7_0/inst/FCLK_CLK_unbuffered[0]
    BUFGCTRL_X0Y16       BUFG (Prop_bufg_I_O)         0.101     1.294 r  design_1_i/cg_fpga_0/inst/processing_system7_0/inst/buffer_fclk_clk_0.FCLK_CLK_0_BUFG/O
                         net (fo=6956, routed)        1.632     2.926    design_1_i/adpt_out_0/inst/clk_100M
    SLICE_X38Y74         FDRE                                         r  design_1_i/adpt_out_0/inst/scan_sel_reg[1]/C
  -------------------------------------------------------------------    -------------------
    SLICE_X38Y74         FDRE (Prop_fdre_C_Q)         0.518     3.444 r  design_1_i/adpt_out_0/inst/scan_sel_reg[1]/Q
                         net (fo=9, routed)           1.389     4.833    design_1_i/adpt_out_0/inst/scan_sel_reg[1]_0
    SLICE_X32Y72         LUT6 (Prop_lut6_I3_O)        0.124     4.957 r  design_1_i/adpt_out_0/inst/seg_data[6]_INST_0_i_3/O
                         net (fo=7, routed)           0.848     5.805    design_1_i/adpt_out_0/inst/seg_data[6]_INST_0_i_3_n_0
    SLICE_X40Y73         LUT6 (Prop_lut6_I3_O)        0.124     5.929 r  design_1_i/adpt_out_0/inst/seg_data[1]_INST_0/O
                         net (fo=1, routed)           0.641     6.570    design_1_i/cg_fpga_0/inst/cg_fpga_axi_gpio_i1/U0/gpio_core_1/Dual.INPUT_DOUBLE_REGS5/gpio2_io_i[1]
    SLICE_X40Y76         FDRE                                         r  design_1_i/cg_fpga_0/inst/cg_fpga_axi_gpio_i1/U0/gpio_core_1/Dual.INPUT_DOUBLE_REGS5/GENERATE_LEVEL_P_S_CDC.MULTI_BIT.FOR_IN_cdc_to[1].CROSS2_PLEVEL_IN2SCNDRY_IN_cdc_to/D
  -------------------------------------------------------------------    -------------------

                         (clock clk_fpga_0 rise edge)
                                                      0.000     0.000 r  
    PS7_X0Y0             PS7                          0.000     0.000 r  design_1_i/cg_fpga_0/inst/processing_system7_0/inst/PS7_i/FCLKCLK[0]
                         net (fo=1, routed)           1.088     1.088    design_1_i/cg_fpga_0/inst/processing_system7_0/inst/FCLK_CLK_unbuffered[0]
    BUFGCTRL_X0Y16       BUFG (Prop_bufg_I_O)         0.091     1.179 r  design_1_i/cg_fpga_0/inst/processing_system7_0/inst/buffer_fclk_clk_0.FCLK_CLK_0_BUFG/O
                         net (fo=6956, routed)        1.464     2.643    design_1_i/cg_fpga_0/inst/cg_fpga_axi_gpio_i1/U0/gpio_core_1/Dual.INPUT_DOUBLE_REGS5/s_axi_aclk
    SLICE_X40Y76         FDRE                                         r  design_1_i/cg_fpga_0/inst/cg_fpga_axi_gpio_i1/U0/gpio_core_1/Dual.INPUT_DOUBLE_REGS5/GENERATE_LEVEL_P_S_CDC.MULTI_BIT.FOR_IN_cdc_to[1].CROSS2_PLEVEL_IN2SCNDRY_IN_cdc_to/C

Slack:                    inf
  Source:                 design_1_i/adpt_out_0/inst/scan_sel_reg[1]/C
                            (rising edge-triggered cell FDRE clocked by clk_fpga_0  {rise@0.000ns fall@5.000ns period=10.000ns})
  Destination:            design_1_i/cg_fpga_0/inst/cg_fpga_axi_gpio_i1/U0/gpio_core_1/Dual.INPUT_DOUBLE_REGS5/GENERATE_LEVEL_P_S_CDC.MULTI_BIT.FOR_IN_cdc_to[5].CROSS2_PLEVEL_IN2SCNDRY_IN_cdc_to/D
                            (rising edge-triggered cell FDRE clocked by clk_fpga_0  {rise@0.000ns fall@5.000ns period=10.000ns})
  Path Group:             (none)
  Path Type:              Setup (Max at Slow Process Corner)
  Data Path Delay:        3.492ns  (logic 0.766ns (21.934%)  route 2.726ns (78.066%))
  Logic Levels:           2  (LUT6=2)
  Clock Path Skew:        -0.283ns (DCD - SCD + CPR)
    Destination Clock Delay (DCD):    2.643ns
    Source Clock Delay      (SCD):    2.926ns
    Clock Pessimism Removal (CPR):    0.000ns
  Clock Uncertainty:      0.154ns  ((TSJ^2 + TIJ^2)^1/2 + DJ) / 2 + PE
    Total System Jitter     (TSJ):    0.071ns
    Total Input Jitter      (TIJ):    0.300ns
    Discrete Jitter          (DJ):    0.000ns
    Phase Error              (PE):    0.000ns
  Timing Exception:       False Path

    Location             Delay type                Incr(ns)  Path(ns)    Netlist Resource(s)
  -------------------------------------------------------------------    -------------------
                         (clock clk_fpga_0 rise edge)
                                                      0.000     0.000 r  
    PS7_X0Y0             PS7                          0.000     0.000 r  design_1_i/cg_fpga_0/inst/processing_system7_0/inst/PS7_i/FCLKCLK[0]
                         net (fo=1, routed)           1.193     1.193    design_1_i/cg_fpga_0/inst/processing_system7_0/inst/FCLK_CLK_unbuffered[0]
    BUFGCTRL_X0Y16       BUFG (Prop_bufg_I_O)         0.101     1.294 r  design_1_i/cg_fpga_0/inst/processing_system7_0/inst/buffer_fclk_clk_0.FCLK_CLK_0_BUFG/O
                         net (fo=6956, routed)        1.632     2.926    design_1_i/adpt_out_0/inst/clk_100M
    SLICE_X38Y74         FDRE                                         r  design_1_i/adpt_out_0/inst/scan_sel_reg[1]/C
  -------------------------------------------------------------------    -------------------
    SLICE_X38Y74         FDRE (Prop_fdre_C_Q)         0.518     3.444 r  design_1_i/adpt_out_0/inst/scan_sel_reg[1]/Q
                         net (fo=9, routed)           1.399     4.843    design_1_i/adpt_out_0/inst/scan_sel_reg[1]_0
    SLICE_X32Y72         LUT6 (Prop_lut6_I3_O)        0.124     4.967 r  design_1_i/adpt_out_0/inst/seg_data[6]_INST_0_i_2/O
                         net (fo=7, routed)           1.327     6.294    design_1_i/adpt_out_0/inst/seg_data[6]_INST_0_i_2_n_0
    SLICE_X42Y73         LUT6 (Prop_lut6_I4_O)        0.124     6.418 r  design_1_i/adpt_out_0/inst/seg_data[5]_INST_0/O
                         net (fo=1, routed)           0.000     6.418    design_1_i/cg_fpga_0/inst/cg_fpga_axi_gpio_i1/U0/gpio_core_1/Dual.INPUT_DOUBLE_REGS5/gpio2_io_i[5]
    SLICE_X42Y73         FDRE                                         r  design_1_i/cg_fpga_0/inst/cg_fpga_axi_gpio_i1/U0/gpio_core_1/Dual.INPUT_DOUBLE_REGS5/GENERATE_LEVEL_P_S_CDC.MULTI_BIT.FOR_IN_cdc_to[5].CROSS2_PLEVEL_IN2SCNDRY_IN_cdc_to/D
  -------------------------------------------------------------------    -------------------

                         (clock clk_fpga_0 rise edge)
                                                      0.000     0.000 r  
    PS7_X0Y0             PS7                          0.000     0.000 r  design_1_i/cg_fpga_0/inst/processing_system7_0/inst/PS7_i/FCLKCLK[0]
                         net (fo=1, routed)           1.088     1.088    design_1_i/cg_fpga_0/inst/processing_system7_0/inst/FCLK_CLK_unbuffered[0]
    BUFGCTRL_X0Y16       BUFG (Prop_bufg_I_O)         0.091     1.179 r  design_1_i/cg_fpga_0/inst/processing_system7_0/inst/buffer_fclk_clk_0.FCLK_CLK_0_BUFG/O
                         net (fo=6956, routed)        1.464     2.643    design_1_i/cg_fpga_0/inst/cg_fpga_axi_gpio_i1/U0/gpio_core_1/Dual.INPUT_DOUBLE_REGS5/s_axi_aclk
    SLICE_X42Y73         FDRE                                         r  design_1_i/cg_fpga_0/inst/cg_fpga_axi_gpio_i1/U0/gpio_core_1/Dual.INPUT_DOUBLE_REGS5/GENERATE_LEVEL_P_S_CDC.MULTI_BIT.FOR_IN_cdc_to[5].CROSS2_PLEVEL_IN2SCNDRY_IN_cdc_to/C

Slack:                    inf
  Source:                 design_1_i/cg_fpga_0/inst/rst_ps7_0_100M/U0/ACTIVE_LOW_PR_OUT_DFF[0].FDRE_PER_N/C
                            (rising edge-triggered cell FDRE clocked by clk_fpga_0  {rise@0.000ns fall@5.000ns period=10.000ns})
  Destination:            <hidden>
                            (recovery check against rising-edge clock clk_fpga_0  {rise@0.000ns fall@5.000ns period=10.000ns})
  Path Group:             (none)
  Path Type:              Recovery (Max at Slow Process Corner)
  Data Path Delay:        3.342ns  (logic 0.580ns (17.354%)  route 2.762ns (82.646%))
  Logic Levels:           1  (LUT1=1)
  Clock Path Skew:        -0.218ns (DCD - SCD + CPR)
    Destination Clock Delay (DCD):    2.697ns
    Source Clock Delay      (SCD):    2.915ns
    Clock Pessimism Removal (CPR):    0.000ns
  Clock Uncertainty:      0.154ns  ((TSJ^2 + TIJ^2)^1/2 + DJ) / 2 + PE
    Total System Jitter     (TSJ):    0.071ns
    Total Input Jitter      (TIJ):    0.300ns
    Discrete Jitter          (DJ):    0.000ns
    Phase Error              (PE):    0.000ns
  Timing Exception:       False Path

    Location             Delay type                Incr(ns)  Path(ns)    Netlist Resource(s)
  -------------------------------------------------------------------    -------------------
                         (clock clk_fpga_0 rise edge)
                                                      0.000     0.000 r  
    PS7_X0Y0             PS7                          0.000     0.000 r  design_1_i/cg_fpga_0/inst/processing_system7_0/inst/PS7_i/FCLKCLK[0]
                         net (fo=1, routed)           1.193     1.193    design_1_i/cg_fpga_0/inst/processing_system7_0/inst/FCLK_CLK_unbuffered[0]
    BUFGCTRL_X0Y16       BUFG (Prop_bufg_I_O)         0.101     1.294 r  design_1_i/cg_fpga_0/inst/processing_system7_0/inst/buffer_fclk_clk_0.FCLK_CLK_0_BUFG/O
                         net (fo=6956, routed)        1.621     2.915    design_1_i/cg_fpga_0/inst/rst_ps7_0_100M/U0/slowest_sync_clk
    SLICE_X53Y73         FDRE                                         r  design_1_i/cg_fpga_0/inst/rst_ps7_0_100M/U0/ACTIVE_LOW_PR_OUT_DFF[0].FDRE_PER_N/C
  -------------------------------------------------------------------    -------------------
    SLICE_X53Y73         FDRE (Prop_fdre_C_Q)         0.456     3.371 r  design_1_i/cg_fpga_0/inst/rst_ps7_0_100M/U0/ACTIVE_LOW_PR_OUT_DFF[0].FDRE_PER_N/Q
                         net (fo=66, routed)          2.104     5.475    design_1_i/cg_fpga_0/inst/axi_mem_intercon/m00_couplers/auto_pc/inst/gen_axi4_axi3.axi3_conv_inst/USE_WRITE.write_addr_inst/USE_BURSTS.cmd_queue/inst/aresetn
    SLICE_X27Y68         LUT1 (Prop_lut1_I0_O)        0.124     5.599 f  design_1_i/cg_fpga_0/inst/axi_mem_intercon/m00_couplers/auto_pc/inst/gen_axi4_axi3.axi3_conv_inst/USE_WRITE.write_addr_inst/USE_BURSTS.cmd_queue/inst/S_AXI_AREADY_I_i_1/O
                         net (fo=104, routed)         0.658     6.257    <hidden>
    SLICE_X29Y66         FDPE                                         f  <hidden>
  -------------------------------------------------------------------    -------------------

                         (clock clk_fpga_0 rise edge)
                                                      0.000     0.000 r  
    PS7_X0Y0             PS7                          0.000     0.000 r  design_1_i/cg_fpga_0/inst/processing_system7_0/inst/PS7_i/FCLKCLK[0]
                         net (fo=1, routed)           1.088     1.088    design_1_i/cg_fpga_0/inst/processing_system7_0/inst/FCLK_CLK_unbuffered[0]
    BUFGCTRL_X0Y16       BUFG (Prop_bufg_I_O)         0.091     1.179 r  design_1_i/cg_fpga_0/inst/processing_system7_0/inst/buffer_fclk_clk_0.FCLK_CLK_0_BUFG/O
                         net (fo=6956, routed)        1.518     2.697    <hidden>
    SLICE_X29Y66         FDPE                                         r  <hidden>





Min Delay Paths
--------------------------------------------------------------------------------------
Slack:                    inf
  Source:                 design_1_i/cg_fpga_0/inst/cg_axi_vdma_0/U0/AXI_LITE_REG_INTERFACE_I/GEN_AXI_LITE_IF.AXI_LITE_IF_I/GEN_LITE_IS_ASYNC.GEN_ASYNC_LITE_ACCESS.mm2s_ip2axi_rddata_d1_reg[14]/C
                            (rising edge-triggered cell FDRE clocked by clk_fpga_0  {rise@0.000ns fall@5.000ns period=10.000ns})
  Destination:            design_1_i/cg_fpga_0/inst/cg_axi_vdma_0/U0/AXI_LITE_REG_INTERFACE_I/GEN_AXI_LITE_IF.AXI_LITE_IF_I/GEN_LITE_IS_ASYNC.GEN_ASYNC_LITE_ACCESS.ip2axi_rddata_captured_mm2s_cdc_tig_reg[14]/D
                            (rising edge-triggered cell FDRE clocked by clk_fpga_0  {rise@0.000ns fall@5.000ns period=10.000ns})
  Path Group:             (none)
  Path Type:              Hold (Min at Fast Process Corner)
  Data Path Delay:        0.197ns  (logic 0.141ns (71.611%)  route 0.056ns (28.389%))
  Logic Levels:           0  
  Clock Path Skew:        0.297ns (DCD - SCD - CPR)
    Destination Clock Delay (DCD):    1.181ns
    Source Clock Delay      (SCD):    0.884ns
    Clock Pessimism Removal (CPR):    -0.000ns
  Clock Uncertainty:      0.154ns  ((TSJ^2 + TIJ^2)^1/2 + DJ) / 2 + PE
    Total System Jitter     (TSJ):    0.071ns
    Total Input Jitter      (TIJ):    0.300ns
    Discrete Jitter          (DJ):    0.000ns
    Phase Error              (PE):    0.000ns
  Timing Exception:       False Path

    Location             Delay type                Incr(ns)  Path(ns)    Netlist Resource(s)
  -------------------------------------------------------------------    -------------------
                         (clock clk_fpga_0 rise edge)
                                                      0.000     0.000 r  
    PS7_X0Y0             PS7                          0.000     0.000 r  design_1_i/cg_fpga_0/inst/processing_system7_0/inst/PS7_i/FCLKCLK[0]
                         net (fo=1, routed)           0.310     0.310    design_1_i/cg_fpga_0/inst/processing_system7_0/inst/FCLK_CLK_unbuffered[0]
    BUFGCTRL_X0Y16       BUFG (Prop_bufg_I_O)         0.026     0.336 r  design_1_i/cg_fpga_0/inst/processing_system7_0/inst/buffer_fclk_clk_0.FCLK_CLK_0_BUFG/O
                         net (fo=6956, routed)        0.548     0.884    design_1_i/cg_fpga_0/inst/cg_axi_vdma_0/U0/AXI_LITE_REG_INTERFACE_I/GEN_AXI_LITE_IF.AXI_LITE_IF_I/s_axi_lite_aclk
    SLICE_X51Y63         FDRE                                         r  design_1_i/cg_fpga_0/inst/cg_axi_vdma_0/U0/AXI_LITE_REG_INTERFACE_I/GEN_AXI_LITE_IF.AXI_LITE_IF_I/GEN_LITE_IS_ASYNC.GEN_ASYNC_LITE_ACCESS.mm2s_ip2axi_rddata_d1_reg[14]/C
  -------------------------------------------------------------------    -------------------
    SLICE_X51Y63         FDRE (Prop_fdre_C_Q)         0.141     1.025 r  design_1_i/cg_fpga_0/inst/cg_axi_vdma_0/U0/AXI_LITE_REG_INTERFACE_I/GEN_AXI_LITE_IF.AXI_LITE_IF_I/GEN_LITE_IS_ASYNC.GEN_ASYNC_LITE_ACCESS.mm2s_ip2axi_rddata_d1_reg[14]/Q
                         net (fo=1, routed)           0.056     1.080    design_1_i/cg_fpga_0/inst/cg_axi_vdma_0/U0/AXI_LITE_REG_INTERFACE_I/GEN_AXI_LITE_IF.AXI_LITE_IF_I/mm2s_ip2axi_rddata_d1[14]
    SLICE_X51Y63         FDRE                                         r  design_1_i/cg_fpga_0/inst/cg_axi_vdma_0/U0/AXI_LITE_REG_INTERFACE_I/GEN_AXI_LITE_IF.AXI_LITE_IF_I/GEN_LITE_IS_ASYNC.GEN_ASYNC_LITE_ACCESS.ip2axi_rddata_captured_mm2s_cdc_tig_reg[14]/D
  -------------------------------------------------------------------    -------------------

                         (clock clk_fpga_0 rise edge)
                                                      0.000     0.000 r  
    PS7_X0Y0             PS7                          0.000     0.000 r  design_1_i/cg_fpga_0/inst/processing_system7_0/inst/PS7_i/FCLKCLK[0]
                         net (fo=1, routed)           0.337     0.337    design_1_i/cg_fpga_0/inst/processing_system7_0/inst/FCLK_CLK_unbuffered[0]
    BUFGCTRL_X0Y16       BUFG (Prop_bufg_I_O)         0.029     0.366 r  design_1_i/cg_fpga_0/inst/processing_system7_0/inst/buffer_fclk_clk_0.FCLK_CLK_0_BUFG/O
                         net (fo=6956, routed)        0.815     1.181    design_1_i/cg_fpga_0/inst/cg_axi_vdma_0/U0/AXI_LITE_REG_INTERFACE_I/GEN_AXI_LITE_IF.AXI_LITE_IF_I/s_axi_lite_aclk
    SLICE_X51Y63         FDRE                                         r  design_1_i/cg_fpga_0/inst/cg_axi_vdma_0/U0/AXI_LITE_REG_INTERFACE_I/GEN_AXI_LITE_IF.AXI_LITE_IF_I/GEN_LITE_IS_ASYNC.GEN_ASYNC_LITE_ACCESS.ip2axi_rddata_captured_mm2s_cdc_tig_reg[14]/C

Slack:                    inf
  Source:                 design_1_i/cg_fpga_0/inst/cg_axi_vdma_0/U0/AXI_LITE_REG_INTERFACE_I/GEN_AXI_LITE_IF.AXI_LITE_IF_I/GEN_LITE_IS_ASYNC.GEN_ASYNC_LITE_ACCESS.s2mm_ip2axi_rddata_d1_reg[27]/C
                            (rising edge-triggered cell FDRE clocked by clk_fpga_0  {rise@0.000ns fall@5.000ns period=10.000ns})
  Destination:            design_1_i/cg_fpga_0/inst/cg_axi_vdma_0/U0/AXI_LITE_REG_INTERFACE_I/GEN_AXI_LITE_IF.AXI_LITE_IF_I/GEN_LITE_IS_ASYNC.GEN_ASYNC_LITE_ACCESS.ip2axi_rddata_captured_s2mm_cdc_tig_reg[27]/D
                            (rising edge-triggered cell FDRE clocked by clk_fpga_0  {rise@0.000ns fall@5.000ns period=10.000ns})
  Path Group:             (none)
  Path Type:              Hold (Min at Fast Process Corner)
  Data Path Delay:        0.197ns  (logic 0.141ns (71.611%)  route 0.056ns (28.389%))
  Logic Levels:           0  
  Clock Path Skew:        0.297ns (DCD - SCD - CPR)
    Destination Clock Delay (DCD):    1.185ns
    Source Clock Delay      (SCD):    0.888ns
    Clock Pessimism Removal (CPR):    -0.000ns
  Clock Uncertainty:      0.154ns  ((TSJ^2 + TIJ^2)^1/2 + DJ) / 2 + PE
    Total System Jitter     (TSJ):    0.071ns
    Total Input Jitter      (TIJ):    0.300ns
    Discrete Jitter          (DJ):    0.000ns
    Phase Error              (PE):    0.000ns
  Timing Exception:       False Path

    Location             Delay type                Incr(ns)  Path(ns)    Netlist Resource(s)
  -------------------------------------------------------------------    -------------------
                         (clock clk_fpga_0 rise edge)
                                                      0.000     0.000 r  
    PS7_X0Y0             PS7                          0.000     0.000 r  design_1_i/cg_fpga_0/inst/processing_system7_0/inst/PS7_i/FCLKCLK[0]
                         net (fo=1, routed)           0.310     0.310    design_1_i/cg_fpga_0/inst/processing_system7_0/inst/FCLK_CLK_unbuffered[0]
    BUFGCTRL_X0Y16       BUFG (Prop_bufg_I_O)         0.026     0.336 r  design_1_i/cg_fpga_0/inst/processing_system7_0/inst/buffer_fclk_clk_0.FCLK_CLK_0_BUFG/O
                         net (fo=6956, routed)        0.552     0.888    design_1_i/cg_fpga_0/inst/cg_axi_vdma_0/U0/AXI_LITE_REG_INTERFACE_I/GEN_AXI_LITE_IF.AXI_LITE_IF_I/s_axi_lite_aclk
    SLICE_X41Y64         FDRE                                         r  design_1_i/cg_fpga_0/inst/cg_axi_vdma_0/U0/AXI_LITE_REG_INTERFACE_I/GEN_AXI_LITE_IF.AXI_LITE_IF_I/GEN_LITE_IS_ASYNC.GEN_ASYNC_LITE_ACCESS.s2mm_ip2axi_rddata_d1_reg[27]/C
  -------------------------------------------------------------------    -------------------
    SLICE_X41Y64         FDRE (Prop_fdre_C_Q)         0.141     1.029 r  design_1_i/cg_fpga_0/inst/cg_axi_vdma_0/U0/AXI_LITE_REG_INTERFACE_I/GEN_AXI_LITE_IF.AXI_LITE_IF_I/GEN_LITE_IS_ASYNC.GEN_ASYNC_LITE_ACCESS.s2mm_ip2axi_rddata_d1_reg[27]/Q
                         net (fo=1, routed)           0.056     1.084    design_1_i/cg_fpga_0/inst/cg_axi_vdma_0/U0/AXI_LITE_REG_INTERFACE_I/GEN_AXI_LITE_IF.AXI_LITE_IF_I/s2mm_ip2axi_rddata_d1[27]
    SLICE_X41Y64         FDRE                                         r  design_1_i/cg_fpga_0/inst/cg_axi_vdma_0/U0/AXI_LITE_REG_INTERFACE_I/GEN_AXI_LITE_IF.AXI_LITE_IF_I/GEN_LITE_IS_ASYNC.GEN_ASYNC_LITE_ACCESS.ip2axi_rddata_captured_s2mm_cdc_tig_reg[27]/D
  -------------------------------------------------------------------    -------------------

                         (clock clk_fpga_0 rise edge)
                                                      0.000     0.000 r  
    PS7_X0Y0             PS7                          0.000     0.000 r  design_1_i/cg_fpga_0/inst/processing_system7_0/inst/PS7_i/FCLKCLK[0]
                         net (fo=1, routed)           0.337     0.337    design_1_i/cg_fpga_0/inst/processing_system7_0/inst/FCLK_CLK_unbuffered[0]
    BUFGCTRL_X0Y16       BUFG (Prop_bufg_I_O)         0.029     0.366 r  design_1_i/cg_fpga_0/inst/processing_system7_0/inst/buffer_fclk_clk_0.FCLK_CLK_0_BUFG/O
                         net (fo=6956, routed)        0.819     1.185    design_1_i/cg_fpga_0/inst/cg_axi_vdma_0/U0/AXI_LITE_REG_INTERFACE_I/GEN_AXI_LITE_IF.AXI_LITE_IF_I/s_axi_lite_aclk
    SLICE_X41Y64         FDRE                                         r  design_1_i/cg_fpga_0/inst/cg_axi_vdma_0/U0/AXI_LITE_REG_INTERFACE_I/GEN_AXI_LITE_IF.AXI_LITE_IF_I/GEN_LITE_IS_ASYNC.GEN_ASYNC_LITE_ACCESS.ip2axi_rddata_captured_s2mm_cdc_tig_reg[27]/C

Slack:                    inf
  Source:                 design_1_i/cg_fpga_0/inst/cg_axi_vdma_0/U0/AXI_LITE_REG_INTERFACE_I/GEN_AXI_LITE_IF.AXI_LITE_IF_I/GEN_LITE_IS_ASYNC.GEN_ASYNC_LITE_ACCESS.mm2s_ip2axi_rddata_d1_reg[3]/C
                            (rising edge-triggered cell FDRE clocked by clk_fpga_0  {rise@0.000ns fall@5.000ns period=10.000ns})
  Destination:            design_1_i/cg_fpga_0/inst/cg_axi_vdma_0/U0/AXI_LITE_REG_INTERFACE_I/GEN_AXI_LITE_IF.AXI_LITE_IF_I/GEN_LITE_IS_ASYNC.GEN_ASYNC_LITE_ACCESS.ip2axi_rddata_captured_mm2s_cdc_tig_reg[3]/D
                            (rising edge-triggered cell FDRE clocked by clk_fpga_0  {rise@0.000ns fall@5.000ns period=10.000ns})
  Path Group:             (none)
  Path Type:              Hold (Min at Fast Process Corner)
  Data Path Delay:        0.199ns  (logic 0.141ns (70.953%)  route 0.058ns (29.047%))
  Logic Levels:           0  
  Clock Path Skew:        0.298ns (DCD - SCD - CPR)
    Destination Clock Delay (DCD):    1.186ns
    Source Clock Delay      (SCD):    0.888ns
    Clock Pessimism Removal (CPR):    -0.000ns
  Clock Uncertainty:      0.154ns  ((TSJ^2 + TIJ^2)^1/2 + DJ) / 2 + PE
    Total System Jitter     (TSJ):    0.071ns
    Total Input Jitter      (TIJ):    0.300ns
    Discrete Jitter          (DJ):    0.000ns
    Phase Error              (PE):    0.000ns
  Timing Exception:       False Path

    Location             Delay type                Incr(ns)  Path(ns)    Netlist Resource(s)
  -------------------------------------------------------------------    -------------------
                         (clock clk_fpga_0 rise edge)
                                                      0.000     0.000 r  
    PS7_X0Y0             PS7                          0.000     0.000 r  design_1_i/cg_fpga_0/inst/processing_system7_0/inst/PS7_i/FCLKCLK[0]
                         net (fo=1, routed)           0.310     0.310    design_1_i/cg_fpga_0/inst/processing_system7_0/inst/FCLK_CLK_unbuffered[0]
    BUFGCTRL_X0Y16       BUFG (Prop_bufg_I_O)         0.026     0.336 r  design_1_i/cg_fpga_0/inst/processing_system7_0/inst/buffer_fclk_clk_0.FCLK_CLK_0_BUFG/O
                         net (fo=6956, routed)        0.552     0.888    design_1_i/cg_fpga_0/inst/cg_axi_vdma_0/U0/AXI_LITE_REG_INTERFACE_I/GEN_AXI_LITE_IF.AXI_LITE_IF_I/s_axi_lite_aclk
    SLICE_X52Y54         FDRE                                         r  design_1_i/cg_fpga_0/inst/cg_axi_vdma_0/U0/AXI_LITE_REG_INTERFACE_I/GEN_AXI_LITE_IF.AXI_LITE_IF_I/GEN_LITE_IS_ASYNC.GEN_ASYNC_LITE_ACCESS.mm2s_ip2axi_rddata_d1_reg[3]/C
  -------------------------------------------------------------------    -------------------
    SLICE_X52Y54         FDRE (Prop_fdre_C_Q)         0.141     1.029 r  design_1_i/cg_fpga_0/inst/cg_axi_vdma_0/U0/AXI_LITE_REG_INTERFACE_I/GEN_AXI_LITE_IF.AXI_LITE_IF_I/GEN_LITE_IS_ASYNC.GEN_ASYNC_LITE_ACCESS.mm2s_ip2axi_rddata_d1_reg[3]/Q
                         net (fo=1, routed)           0.058     1.086    design_1_i/cg_fpga_0/inst/cg_axi_vdma_0/U0/AXI_LITE_REG_INTERFACE_I/GEN_AXI_LITE_IF.AXI_LITE_IF_I/mm2s_ip2axi_rddata_d1[3]
    SLICE_X52Y54         FDRE                                         r  design_1_i/cg_fpga_0/inst/cg_axi_vdma_0/U0/AXI_LITE_REG_INTERFACE_I/GEN_AXI_LITE_IF.AXI_LITE_IF_I/GEN_LITE_IS_ASYNC.GEN_ASYNC_LITE_ACCESS.ip2axi_rddata_captured_mm2s_cdc_tig_reg[3]/D
  -------------------------------------------------------------------    -------------------

                         (clock clk_fpga_0 rise edge)
                                                      0.000     0.000 r  
    PS7_X0Y0             PS7                          0.000     0.000 r  design_1_i/cg_fpga_0/inst/processing_system7_0/inst/PS7_i/FCLKCLK[0]
                         net (fo=1, routed)           0.337     0.337    design_1_i/cg_fpga_0/inst/processing_system7_0/inst/FCLK_CLK_unbuffered[0]
    BUFGCTRL_X0Y16       BUFG (Prop_bufg_I_O)         0.029     0.366 r  design_1_i/cg_fpga_0/inst/processing_system7_0/inst/buffer_fclk_clk_0.FCLK_CLK_0_BUFG/O
                         net (fo=6956, routed)        0.820     1.186    design_1_i/cg_fpga_0/inst/cg_axi_vdma_0/U0/AXI_LITE_REG_INTERFACE_I/GEN_AXI_LITE_IF.AXI_LITE_IF_I/s_axi_lite_aclk
    SLICE_X52Y54         FDRE                                         r  design_1_i/cg_fpga_0/inst/cg_axi_vdma_0/U0/AXI_LITE_REG_INTERFACE_I/GEN_AXI_LITE_IF.AXI_LITE_IF_I/GEN_LITE_IS_ASYNC.GEN_ASYNC_LITE_ACCESS.ip2axi_rddata_captured_mm2s_cdc_tig_reg[3]/C

Slack:                    inf
  Source:                 design_1_i/cg_fpga_0/inst/cg_axi_vdma_0/U0/AXI_LITE_REG_INTERFACE_I/GEN_AXI_LITE_IF.AXI_LITE_IF_I/GEN_LITE_IS_ASYNC.GEN_ASYNC_LITE_ACCESS.mm2s_ip2axi_rddata_d1_reg[5]/C
                            (rising edge-triggered cell FDRE clocked by clk_fpga_0  {rise@0.000ns fall@5.000ns period=10.000ns})
  Destination:            design_1_i/cg_fpga_0/inst/cg_axi_vdma_0/U0/AXI_LITE_REG_INTERFACE_I/GEN_AXI_LITE_IF.AXI_LITE_IF_I/GEN_LITE_IS_ASYNC.GEN_ASYNC_LITE_ACCESS.ip2axi_rddata_captured_mm2s_cdc_tig_reg[5]/D
                            (rising edge-triggered cell FDRE clocked by clk_fpga_0  {rise@0.000ns fall@5.000ns period=10.000ns})
  Path Group:             (none)
  Path Type:              Hold (Min at Fast Process Corner)
  Data Path Delay:        0.197ns  (logic 0.141ns (71.611%)  route 0.056ns (28.389%))
  Logic Levels:           0  
  Clock Path Skew:        0.298ns (DCD - SCD - CPR)
    Destination Clock Delay (DCD):    1.190ns
    Source Clock Delay      (SCD):    0.892ns
    Clock Pessimism Removal (CPR):    -0.000ns
  Clock Uncertainty:      0.154ns  ((TSJ^2 + TIJ^2)^1/2 + DJ) / 2 + PE
    Total System Jitter     (TSJ):    0.071ns
    Total Input Jitter      (TIJ):    0.300ns
    Discrete Jitter          (DJ):    0.000ns
    Phase Error              (PE):    0.000ns
  Timing Exception:       False Path

    Location             Delay type                Incr(ns)  Path(ns)    Netlist Resource(s)
  -------------------------------------------------------------------    -------------------
                         (clock clk_fpga_0 rise edge)
                                                      0.000     0.000 r  
    PS7_X0Y0             PS7                          0.000     0.000 r  design_1_i/cg_fpga_0/inst/processing_system7_0/inst/PS7_i/FCLKCLK[0]
                         net (fo=1, routed)           0.310     0.310    design_1_i/cg_fpga_0/inst/processing_system7_0/inst/FCLK_CLK_unbuffered[0]
    BUFGCTRL_X0Y16       BUFG (Prop_bufg_I_O)         0.026     0.336 r  design_1_i/cg_fpga_0/inst/processing_system7_0/inst/buffer_fclk_clk_0.FCLK_CLK_0_BUFG/O
                         net (fo=6956, routed)        0.556     0.892    design_1_i/cg_fpga_0/inst/cg_axi_vdma_0/U0/AXI_LITE_REG_INTERFACE_I/GEN_AXI_LITE_IF.AXI_LITE_IF_I/s_axi_lite_aclk
    SLICE_X47Y55         FDRE                                         r  design_1_i/cg_fpga_0/inst/cg_axi_vdma_0/U0/AXI_LITE_REG_INTERFACE_I/GEN_AXI_LITE_IF.AXI_LITE_IF_I/GEN_LITE_IS_ASYNC.GEN_ASYNC_LITE_ACCESS.mm2s_ip2axi_rddata_d1_reg[5]/C
  -------------------------------------------------------------------    -------------------
    SLICE_X47Y55         FDRE (Prop_fdre_C_Q)         0.141     1.033 r  design_1_i/cg_fpga_0/inst/cg_axi_vdma_0/U0/AXI_LITE_REG_INTERFACE_I/GEN_AXI_LITE_IF.AXI_LITE_IF_I/GEN_LITE_IS_ASYNC.GEN_ASYNC_LITE_ACCESS.mm2s_ip2axi_rddata_d1_reg[5]/Q
                         net (fo=1, routed)           0.056     1.088    design_1_i/cg_fpga_0/inst/cg_axi_vdma_0/U0/AXI_LITE_REG_INTERFACE_I/GEN_AXI_LITE_IF.AXI_LITE_IF_I/mm2s_ip2axi_rddata_d1[5]
    SLICE_X47Y55         FDRE                                         r  design_1_i/cg_fpga_0/inst/cg_axi_vdma_0/U0/AXI_LITE_REG_INTERFACE_I/GEN_AXI_LITE_IF.AXI_LITE_IF_I/GEN_LITE_IS_ASYNC.GEN_ASYNC_LITE_ACCESS.ip2axi_rddata_captured_mm2s_cdc_tig_reg[5]/D
  -------------------------------------------------------------------    -------------------

                         (clock clk_fpga_0 rise edge)
                                                      0.000     0.000 r  
    PS7_X0Y0             PS7                          0.000     0.000 r  design_1_i/cg_fpga_0/inst/processing_system7_0/inst/PS7_i/FCLKCLK[0]
                         net (fo=1, routed)           0.337     0.337    design_1_i/cg_fpga_0/inst/processing_system7_0/inst/FCLK_CLK_unbuffered[0]
    BUFGCTRL_X0Y16       BUFG (Prop_bufg_I_O)         0.029     0.366 r  design_1_i/cg_fpga_0/inst/processing_system7_0/inst/buffer_fclk_clk_0.FCLK_CLK_0_BUFG/O
                         net (fo=6956, routed)        0.824     1.190    design_1_i/cg_fpga_0/inst/cg_axi_vdma_0/U0/AXI_LITE_REG_INTERFACE_I/GEN_AXI_LITE_IF.AXI_LITE_IF_I/s_axi_lite_aclk
    SLICE_X47Y55         FDRE                                         r  design_1_i/cg_fpga_0/inst/cg_axi_vdma_0/U0/AXI_LITE_REG_INTERFACE_I/GEN_AXI_LITE_IF.AXI_LITE_IF_I/GEN_LITE_IS_ASYNC.GEN_ASYNC_LITE_ACCESS.ip2axi_rddata_captured_mm2s_cdc_tig_reg[5]/C

Slack:                    inf
  Source:                 design_1_i/cg_fpga_0/inst/cg_axi_vdma_0/U0/AXI_LITE_REG_INTERFACE_I/GEN_AXI_LITE_IF.AXI_LITE_IF_I/GEN_LITE_IS_ASYNC.GEN_ASYNC_LITE_ACCESS.mm2s_ip2axi_rddata_d1_reg[0]/C
                            (rising edge-triggered cell FDRE clocked by clk_fpga_0  {rise@0.000ns fall@5.000ns period=10.000ns})
  Destination:            design_1_i/cg_fpga_0/inst/cg_axi_vdma_0/U0/AXI_LITE_REG_INTERFACE_I/GEN_AXI_LITE_IF.AXI_LITE_IF_I/GEN_LITE_IS_ASYNC.GEN_ASYNC_LITE_ACCESS.ip2axi_rddata_captured_mm2s_cdc_tig_reg[0]/D
                            (rising edge-triggered cell FDRE clocked by clk_fpga_0  {rise@0.000ns fall@5.000ns period=10.000ns})
  Path Group:             (none)
  Path Type:              Hold (Min at Fast Process Corner)
  Data Path Delay:        0.206ns  (logic 0.141ns (68.336%)  route 0.065ns (31.664%))
  Logic Levels:           0  
  Clock Path Skew:        0.298ns (DCD - SCD - CPR)
    Destination Clock Delay (DCD):    1.186ns
    Source Clock Delay      (SCD):    0.888ns
    Clock Pessimism Removal (CPR):    -0.000ns
  Clock Uncertainty:      0.154ns  ((TSJ^2 + TIJ^2)^1/2 + DJ) / 2 + PE
    Total System Jitter     (TSJ):    0.071ns
    Total Input Jitter      (TIJ):    0.300ns
    Discrete Jitter          (DJ):    0.000ns
    Phase Error              (PE):    0.000ns
  Timing Exception:       False Path

    Location             Delay type                Incr(ns)  Path(ns)    Netlist Resource(s)
  -------------------------------------------------------------------    -------------------
                         (clock clk_fpga_0 rise edge)
                                                      0.000     0.000 r  
    PS7_X0Y0             PS7                          0.000     0.000 r  design_1_i/cg_fpga_0/inst/processing_system7_0/inst/PS7_i/FCLKCLK[0]
                         net (fo=1, routed)           0.310     0.310    design_1_i/cg_fpga_0/inst/processing_system7_0/inst/FCLK_CLK_unbuffered[0]
    BUFGCTRL_X0Y16       BUFG (Prop_bufg_I_O)         0.026     0.336 r  design_1_i/cg_fpga_0/inst/processing_system7_0/inst/buffer_fclk_clk_0.FCLK_CLK_0_BUFG/O
                         net (fo=6956, routed)        0.552     0.888    design_1_i/cg_fpga_0/inst/cg_axi_vdma_0/U0/AXI_LITE_REG_INTERFACE_I/GEN_AXI_LITE_IF.AXI_LITE_IF_I/s_axi_lite_aclk
    SLICE_X52Y54         FDRE                                         r  design_1_i/cg_fpga_0/inst/cg_axi_vdma_0/U0/AXI_LITE_REG_INTERFACE_I/GEN_AXI_LITE_IF.AXI_LITE_IF_I/GEN_LITE_IS_ASYNC.GEN_ASYNC_LITE_ACCESS.mm2s_ip2axi_rddata_d1_reg[0]/C
  -------------------------------------------------------------------    -------------------
    SLICE_X52Y54         FDRE (Prop_fdre_C_Q)         0.141     1.029 r  design_1_i/cg_fpga_0/inst/cg_axi_vdma_0/U0/AXI_LITE_REG_INTERFACE_I/GEN_AXI_LITE_IF.AXI_LITE_IF_I/GEN_LITE_IS_ASYNC.GEN_ASYNC_LITE_ACCESS.mm2s_ip2axi_rddata_d1_reg[0]/Q
                         net (fo=1, routed)           0.065     1.094    design_1_i/cg_fpga_0/inst/cg_axi_vdma_0/U0/AXI_LITE_REG_INTERFACE_I/GEN_AXI_LITE_IF.AXI_LITE_IF_I/mm2s_ip2axi_rddata_d1[0]
    SLICE_X52Y54         FDRE                                         r  design_1_i/cg_fpga_0/inst/cg_axi_vdma_0/U0/AXI_LITE_REG_INTERFACE_I/GEN_AXI_LITE_IF.AXI_LITE_IF_I/GEN_LITE_IS_ASYNC.GEN_ASYNC_LITE_ACCESS.ip2axi_rddata_captured_mm2s_cdc_tig_reg[0]/D
  -------------------------------------------------------------------    -------------------

                         (clock clk_fpga_0 rise edge)
                                                      0.000     0.000 r  
    PS7_X0Y0             PS7                          0.000     0.000 r  design_1_i/cg_fpga_0/inst/processing_system7_0/inst/PS7_i/FCLKCLK[0]
                         net (fo=1, routed)           0.337     0.337    design_1_i/cg_fpga_0/inst/processing_system7_0/inst/FCLK_CLK_unbuffered[0]
    BUFGCTRL_X0Y16       BUFG (Prop_bufg_I_O)         0.029     0.366 r  design_1_i/cg_fpga_0/inst/processing_system7_0/inst/buffer_fclk_clk_0.FCLK_CLK_0_BUFG/O
                         net (fo=6956, routed)        0.820     1.186    design_1_i/cg_fpga_0/inst/cg_axi_vdma_0/U0/AXI_LITE_REG_INTERFACE_I/GEN_AXI_LITE_IF.AXI_LITE_IF_I/s_axi_lite_aclk
    SLICE_X52Y54         FDRE                                         r  design_1_i/cg_fpga_0/inst/cg_axi_vdma_0/U0/AXI_LITE_REG_INTERFACE_I/GEN_AXI_LITE_IF.AXI_LITE_IF_I/GEN_LITE_IS_ASYNC.GEN_ASYNC_LITE_ACCESS.ip2axi_rddata_captured_mm2s_cdc_tig_reg[0]/C

Slack:                    inf
  Source:                 design_1_i/cg_fpga_0/inst/cg_axi_vdma_0/U0/AXI_LITE_REG_INTERFACE_I/GEN_AXI_LITE_IF.AXI_LITE_IF_I/GEN_LITE_IS_ASYNC.GEN_ASYNC_LITE_ACCESS.s2mm_ip2axi_rddata_d1_reg[2]/C
                            (rising edge-triggered cell FDRE clocked by clk_fpga_0  {rise@0.000ns fall@5.000ns period=10.000ns})
  Destination:            design_1_i/cg_fpga_0/inst/cg_axi_vdma_0/U0/AXI_LITE_REG_INTERFACE_I/GEN_AXI_LITE_IF.AXI_LITE_IF_I/GEN_LITE_IS_ASYNC.GEN_ASYNC_LITE_ACCESS.ip2axi_rddata_captured_s2mm_cdc_tig_reg[2]/D
                            (rising edge-triggered cell FDRE clocked by clk_fpga_0  {rise@0.000ns fall@5.000ns period=10.000ns})
  Path Group:             (none)
  Path Type:              Hold (Min at Fast Process Corner)
  Data Path Delay:        0.197ns  (logic 0.141ns (71.611%)  route 0.056ns (28.389%))
  Logic Levels:           0  
  Clock Path Skew:        0.297ns (DCD - SCD - CPR)
    Destination Clock Delay (DCD):    1.195ns
    Source Clock Delay      (SCD):    0.898ns
    Clock Pessimism Removal (CPR):    -0.000ns
  Clock Uncertainty:      0.154ns  ((TSJ^2 + TIJ^2)^1/2 + DJ) / 2 + PE
    Total System Jitter     (TSJ):    0.071ns
    Total Input Jitter      (TIJ):    0.300ns
    Discrete Jitter          (DJ):    0.000ns
    Phase Error              (PE):    0.000ns
  Timing Exception:       False Path

    Location             Delay type                Incr(ns)  Path(ns)    Netlist Resource(s)
  -------------------------------------------------------------------    -------------------
                         (clock clk_fpga_0 rise edge)
                                                      0.000     0.000 r  
    PS7_X0Y0             PS7                          0.000     0.000 r  design_1_i/cg_fpga_0/inst/processing_system7_0/inst/PS7_i/FCLKCLK[0]
                         net (fo=1, routed)           0.310     0.310    design_1_i/cg_fpga_0/inst/processing_system7_0/inst/FCLK_CLK_unbuffered[0]
    BUFGCTRL_X0Y16       BUFG (Prop_bufg_I_O)         0.026     0.336 r  design_1_i/cg_fpga_0/inst/processing_system7_0/inst/buffer_fclk_clk_0.FCLK_CLK_0_BUFG/O
                         net (fo=6956, routed)        0.562     0.898    design_1_i/cg_fpga_0/inst/cg_axi_vdma_0/U0/AXI_LITE_REG_INTERFACE_I/GEN_AXI_LITE_IF.AXI_LITE_IF_I/s_axi_lite_aclk
    SLICE_X45Y46         FDRE                                         r  design_1_i/cg_fpga_0/inst/cg_axi_vdma_0/U0/AXI_LITE_REG_INTERFACE_I/GEN_AXI_LITE_IF.AXI_LITE_IF_I/GEN_LITE_IS_ASYNC.GEN_ASYNC_LITE_ACCESS.s2mm_ip2axi_rddata_d1_reg[2]/C
  -------------------------------------------------------------------    -------------------
    SLICE_X45Y46         FDRE (Prop_fdre_C_Q)         0.141     1.039 r  design_1_i/cg_fpga_0/inst/cg_axi_vdma_0/U0/AXI_LITE_REG_INTERFACE_I/GEN_AXI_LITE_IF.AXI_LITE_IF_I/GEN_LITE_IS_ASYNC.GEN_ASYNC_LITE_ACCESS.s2mm_ip2axi_rddata_d1_reg[2]/Q
                         net (fo=1, routed)           0.056     1.094    design_1_i/cg_fpga_0/inst/cg_axi_vdma_0/U0/AXI_LITE_REG_INTERFACE_I/GEN_AXI_LITE_IF.AXI_LITE_IF_I/s2mm_ip2axi_rddata_d1[2]
    SLICE_X45Y46         FDRE                                         r  design_1_i/cg_fpga_0/inst/cg_axi_vdma_0/U0/AXI_LITE_REG_INTERFACE_I/GEN_AXI_LITE_IF.AXI_LITE_IF_I/GEN_LITE_IS_ASYNC.GEN_ASYNC_LITE_ACCESS.ip2axi_rddata_captured_s2mm_cdc_tig_reg[2]/D
  -------------------------------------------------------------------    -------------------

                         (clock clk_fpga_0 rise edge)
                                                      0.000     0.000 r  
    PS7_X0Y0             PS7                          0.000     0.000 r  design_1_i/cg_fpga_0/inst/processing_system7_0/inst/PS7_i/FCLKCLK[0]
                         net (fo=1, routed)           0.337     0.337    design_1_i/cg_fpga_0/inst/processing_system7_0/inst/FCLK_CLK_unbuffered[0]
    BUFGCTRL_X0Y16       BUFG (Prop_bufg_I_O)         0.029     0.366 r  design_1_i/cg_fpga_0/inst/processing_system7_0/inst/buffer_fclk_clk_0.FCLK_CLK_0_BUFG/O
                         net (fo=6956, routed)        0.829     1.195    design_1_i/cg_fpga_0/inst/cg_axi_vdma_0/U0/AXI_LITE_REG_INTERFACE_I/GEN_AXI_LITE_IF.AXI_LITE_IF_I/s_axi_lite_aclk
    SLICE_X45Y46         FDRE                                         r  design_1_i/cg_fpga_0/inst/cg_axi_vdma_0/U0/AXI_LITE_REG_INTERFACE_I/GEN_AXI_LITE_IF.AXI_LITE_IF_I/GEN_LITE_IS_ASYNC.GEN_ASYNC_LITE_ACCESS.ip2axi_rddata_captured_s2mm_cdc_tig_reg[2]/C

Slack:                    inf
  Source:                 design_1_i/cg_fpga_0/inst/cg_axi_vdma_0/U0/AXI_LITE_REG_INTERFACE_I/GEN_AXI_LITE_IF.AXI_LITE_IF_I/GEN_LITE_IS_ASYNC.GEN_ASYNC_LITE_ACCESS.s2mm_ip2axi_rddata_d1_reg[14]/C
                            (rising edge-triggered cell FDRE clocked by clk_fpga_0  {rise@0.000ns fall@5.000ns period=10.000ns})
  Destination:            design_1_i/cg_fpga_0/inst/cg_axi_vdma_0/U0/AXI_LITE_REG_INTERFACE_I/GEN_AXI_LITE_IF.AXI_LITE_IF_I/GEN_LITE_IS_ASYNC.GEN_ASYNC_LITE_ACCESS.ip2axi_rddata_captured_s2mm_cdc_tig_reg[14]/D
                            (rising edge-triggered cell FDRE clocked by clk_fpga_0  {rise@0.000ns fall@5.000ns period=10.000ns})
  Path Group:             (none)
  Path Type:              Hold (Min at Fast Process Corner)
  Data Path Delay:        0.206ns  (logic 0.141ns (68.336%)  route 0.065ns (31.664%))
  Logic Levels:           0  
  Clock Path Skew:        0.298ns (DCD - SCD - CPR)
    Destination Clock Delay (DCD):    1.191ns
    Source Clock Delay      (SCD):    0.893ns
    Clock Pessimism Removal (CPR):    -0.000ns
  Clock Uncertainty:      0.154ns  ((TSJ^2 + TIJ^2)^1/2 + DJ) / 2 + PE
    Total System Jitter     (TSJ):    0.071ns
    Total Input Jitter      (TIJ):    0.300ns
    Discrete Jitter          (DJ):    0.000ns
    Phase Error              (PE):    0.000ns
  Timing Exception:       False Path

    Location             Delay type                Incr(ns)  Path(ns)    Netlist Resource(s)
  -------------------------------------------------------------------    -------------------
                         (clock clk_fpga_0 rise edge)
                                                      0.000     0.000 r  
    PS7_X0Y0             PS7                          0.000     0.000 r  design_1_i/cg_fpga_0/inst/processing_system7_0/inst/PS7_i/FCLKCLK[0]
                         net (fo=1, routed)           0.310     0.310    design_1_i/cg_fpga_0/inst/processing_system7_0/inst/FCLK_CLK_unbuffered[0]
    BUFGCTRL_X0Y16       BUFG (Prop_bufg_I_O)         0.026     0.336 r  design_1_i/cg_fpga_0/inst/processing_system7_0/inst/buffer_fclk_clk_0.FCLK_CLK_0_BUFG/O
                         net (fo=6956, routed)        0.557     0.893    design_1_i/cg_fpga_0/inst/cg_axi_vdma_0/U0/AXI_LITE_REG_INTERFACE_I/GEN_AXI_LITE_IF.AXI_LITE_IF_I/s_axi_lite_aclk
    SLICE_X40Y51         FDRE                                         r  design_1_i/cg_fpga_0/inst/cg_axi_vdma_0/U0/AXI_LITE_REG_INTERFACE_I/GEN_AXI_LITE_IF.AXI_LITE_IF_I/GEN_LITE_IS_ASYNC.GEN_ASYNC_LITE_ACCESS.s2mm_ip2axi_rddata_d1_reg[14]/C
  -------------------------------------------------------------------    -------------------
    SLICE_X40Y51         FDRE (Prop_fdre_C_Q)         0.141     1.034 r  design_1_i/cg_fpga_0/inst/cg_axi_vdma_0/U0/AXI_LITE_REG_INTERFACE_I/GEN_AXI_LITE_IF.AXI_LITE_IF_I/GEN_LITE_IS_ASYNC.GEN_ASYNC_LITE_ACCESS.s2mm_ip2axi_rddata_d1_reg[14]/Q
                         net (fo=1, routed)           0.065     1.099    design_1_i/cg_fpga_0/inst/cg_axi_vdma_0/U0/AXI_LITE_REG_INTERFACE_I/GEN_AXI_LITE_IF.AXI_LITE_IF_I/s2mm_ip2axi_rddata_d1[14]
    SLICE_X40Y51         FDRE                                         r  design_1_i/cg_fpga_0/inst/cg_axi_vdma_0/U0/AXI_LITE_REG_INTERFACE_I/GEN_AXI_LITE_IF.AXI_LITE_IF_I/GEN_LITE_IS_ASYNC.GEN_ASYNC_LITE_ACCESS.ip2axi_rddata_captured_s2mm_cdc_tig_reg[14]/D
  -------------------------------------------------------------------    -------------------

                         (clock clk_fpga_0 rise edge)
                                                      0.000     0.000 r  
    PS7_X0Y0             PS7                          0.000     0.000 r  design_1_i/cg_fpga_0/inst/processing_system7_0/inst/PS7_i/FCLKCLK[0]
                         net (fo=1, routed)           0.337     0.337    design_1_i/cg_fpga_0/inst/processing_system7_0/inst/FCLK_CLK_unbuffered[0]
    BUFGCTRL_X0Y16       BUFG (Prop_bufg_I_O)         0.029     0.366 r  design_1_i/cg_fpga_0/inst/processing_system7_0/inst/buffer_fclk_clk_0.FCLK_CLK_0_BUFG/O
                         net (fo=6956, routed)        0.825     1.191    design_1_i/cg_fpga_0/inst/cg_axi_vdma_0/U0/AXI_LITE_REG_INTERFACE_I/GEN_AXI_LITE_IF.AXI_LITE_IF_I/s_axi_lite_aclk
    SLICE_X40Y51         FDRE                                         r  design_1_i/cg_fpga_0/inst/cg_axi_vdma_0/U0/AXI_LITE_REG_INTERFACE_I/GEN_AXI_LITE_IF.AXI_LITE_IF_I/GEN_LITE_IS_ASYNC.GEN_ASYNC_LITE_ACCESS.ip2axi_rddata_captured_s2mm_cdc_tig_reg[14]/C

Slack:                    inf
  Source:                 design_1_i/cg_fpga_0/inst/cg_axi_vdma_0/U0/I_RST_MODULE/GEN_RESET_FOR_MM2S.RESET_I/GEN_MIN_FOR_ASYNC.LITE_RESET_CDC_I/GENERATE_PULSE_P_S_CDC_OPEN_ENDED.REG_P_IN_cdc_from/C
                            (rising edge-triggered cell FDRE clocked by clk_fpga_0  {rise@0.000ns fall@5.000ns period=10.000ns})
  Destination:            design_1_i/cg_fpga_0/inst/cg_axi_vdma_0/U0/I_RST_MODULE/GEN_RESET_FOR_MM2S.RESET_I/GEN_MIN_FOR_ASYNC.LITE_RESET_CDC_I/GENERATE_PULSE_P_S_CDC_OPEN_ENDED.REG_P_IN2_cdc_to/D
                            (rising edge-triggered cell FDRE clocked by clk_fpga_0  {rise@0.000ns fall@5.000ns period=10.000ns})
  Path Group:             (none)
  Path Type:              Hold (Min at Fast Process Corner)
  Data Path Delay:        0.208ns  (logic 0.141ns (67.788%)  route 0.067ns (32.212%))
  Logic Levels:           0  
  Clock Path Skew:        0.299ns (DCD - SCD - CPR)
    Destination Clock Delay (DCD):    1.193ns
    Source Clock Delay      (SCD):    0.895ns
    Clock Pessimism Removal (CPR):    -0.000ns
  Clock Uncertainty:      0.154ns  ((TSJ^2 + TIJ^2)^1/2 + DJ) / 2 + PE
    Total System Jitter     (TSJ):    0.071ns
    Total Input Jitter      (TIJ):    0.300ns
    Discrete Jitter          (DJ):    0.000ns
    Phase Error              (PE):    0.000ns
  Timing Exception:       False Path

    Location             Delay type                Incr(ns)  Path(ns)    Netlist Resource(s)
  -------------------------------------------------------------------    -------------------
                         (clock clk_fpga_0 rise edge)
                                                      0.000     0.000 r  
    PS7_X0Y0             PS7                          0.000     0.000 r  design_1_i/cg_fpga_0/inst/processing_system7_0/inst/PS7_i/FCLKCLK[0]
                         net (fo=1, routed)           0.310     0.310    design_1_i/cg_fpga_0/inst/processing_system7_0/inst/FCLK_CLK_unbuffered[0]
    BUFGCTRL_X0Y16       BUFG (Prop_bufg_I_O)         0.026     0.336 r  design_1_i/cg_fpga_0/inst/processing_system7_0/inst/buffer_fclk_clk_0.FCLK_CLK_0_BUFG/O
                         net (fo=6956, routed)        0.559     0.895    design_1_i/cg_fpga_0/inst/cg_axi_vdma_0/U0/I_RST_MODULE/GEN_RESET_FOR_MM2S.RESET_I/GEN_MIN_FOR_ASYNC.LITE_RESET_CDC_I/s_axi_lite_aclk
    SLICE_X49Y38         FDRE                                         r  design_1_i/cg_fpga_0/inst/cg_axi_vdma_0/U0/I_RST_MODULE/GEN_RESET_FOR_MM2S.RESET_I/GEN_MIN_FOR_ASYNC.LITE_RESET_CDC_I/GENERATE_PULSE_P_S_CDC_OPEN_ENDED.REG_P_IN_cdc_from/C
  -------------------------------------------------------------------    -------------------
    SLICE_X49Y38         FDRE (Prop_fdre_C_Q)         0.141     1.036 r  design_1_i/cg_fpga_0/inst/cg_axi_vdma_0/U0/I_RST_MODULE/GEN_RESET_FOR_MM2S.RESET_I/GEN_MIN_FOR_ASYNC.LITE_RESET_CDC_I/GENERATE_PULSE_P_S_CDC_OPEN_ENDED.REG_P_IN_cdc_from/Q
                         net (fo=2, routed)           0.067     1.103    design_1_i/cg_fpga_0/inst/cg_axi_vdma_0/U0/I_RST_MODULE/GEN_RESET_FOR_MM2S.RESET_I/GEN_MIN_FOR_ASYNC.LITE_RESET_CDC_I/GENERATE_PULSE_P_S_CDC_OPEN_ENDED.p_in_d1_cdc_from
    SLICE_X49Y38         FDRE                                         r  design_1_i/cg_fpga_0/inst/cg_axi_vdma_0/U0/I_RST_MODULE/GEN_RESET_FOR_MM2S.RESET_I/GEN_MIN_FOR_ASYNC.LITE_RESET_CDC_I/GENERATE_PULSE_P_S_CDC_OPEN_ENDED.REG_P_IN2_cdc_to/D
  -------------------------------------------------------------------    -------------------

                         (clock clk_fpga_0 rise edge)
                                                      0.000     0.000 r  
    PS7_X0Y0             PS7                          0.000     0.000 r  design_1_i/cg_fpga_0/inst/processing_system7_0/inst/PS7_i/FCLKCLK[0]
                         net (fo=1, routed)           0.337     0.337    design_1_i/cg_fpga_0/inst/processing_system7_0/inst/FCLK_CLK_unbuffered[0]
    BUFGCTRL_X0Y16       BUFG (Prop_bufg_I_O)         0.029     0.366 r  design_1_i/cg_fpga_0/inst/processing_system7_0/inst/buffer_fclk_clk_0.FCLK_CLK_0_BUFG/O
                         net (fo=6956, routed)        0.827     1.193    design_1_i/cg_fpga_0/inst/cg_axi_vdma_0/U0/I_RST_MODULE/GEN_RESET_FOR_MM2S.RESET_I/GEN_MIN_FOR_ASYNC.LITE_RESET_CDC_I/s_axi_lite_aclk
    SLICE_X49Y38         FDRE                                         r  design_1_i/cg_fpga_0/inst/cg_axi_vdma_0/U0/I_RST_MODULE/GEN_RESET_FOR_MM2S.RESET_I/GEN_MIN_FOR_ASYNC.LITE_RESET_CDC_I/GENERATE_PULSE_P_S_CDC_OPEN_ENDED.REG_P_IN2_cdc_to/C

Slack:                    inf
  Source:                 design_1_i/cg_fpga_0/inst/cg_axi_vdma_0/U0/I_RST_MODULE/GEN_RESET_FOR_S2MM.RESET_I/GEN_MIN_FOR_ASYNC.AXIS_MIN_CDC_I/GENERATE_LEVEL_P_S_CDC.SINGLE_BIT.INPUT_FLOP.REG_PLEVEL_IN_cdc_from/C
                            (rising edge-triggered cell FDRE clocked by clk_fpga_0  {rise@0.000ns fall@5.000ns period=10.000ns})
  Destination:            design_1_i/cg_fpga_0/inst/cg_axi_vdma_0/U0/I_RST_MODULE/GEN_RESET_FOR_S2MM.RESET_I/GEN_MIN_FOR_ASYNC.AXIS_MIN_CDC_I/GENERATE_LEVEL_P_S_CDC.SINGLE_BIT.CROSS_PLEVEL_IN2SCNDRY_IN_cdc_to/D
                            (rising edge-triggered cell FDRE clocked by clk_fpga_0  {rise@0.000ns fall@5.000ns period=10.000ns})
  Path Group:             (none)
  Path Type:              Hold (Min at Fast Process Corner)
  Data Path Delay:        0.213ns  (logic 0.128ns (60.036%)  route 0.085ns (39.964%))
  Logic Levels:           0  
  Clock Path Skew:        0.295ns (DCD - SCD - CPR)
    Destination Clock Delay (DCD):    1.185ns
    Source Clock Delay      (SCD):    0.890ns
    Clock Pessimism Removal (CPR):    -0.000ns
  Clock Uncertainty:      0.154ns  ((TSJ^2 + TIJ^2)^1/2 + DJ) / 2 + PE
    Total System Jitter     (TSJ):    0.071ns
    Total Input Jitter      (TIJ):    0.300ns
    Discrete Jitter          (DJ):    0.000ns
    Phase Error              (PE):    0.000ns
  Timing Exception:       False Path

    Location             Delay type                Incr(ns)  Path(ns)    Netlist Resource(s)
  -------------------------------------------------------------------    -------------------
                         (clock clk_fpga_0 rise edge)
                                                      0.000     0.000 r  
    PS7_X0Y0             PS7                          0.000     0.000 r  design_1_i/cg_fpga_0/inst/processing_system7_0/inst/PS7_i/FCLKCLK[0]
                         net (fo=1, routed)           0.310     0.310    design_1_i/cg_fpga_0/inst/processing_system7_0/inst/FCLK_CLK_unbuffered[0]
    BUFGCTRL_X0Y16       BUFG (Prop_bufg_I_O)         0.026     0.336 r  design_1_i/cg_fpga_0/inst/processing_system7_0/inst/buffer_fclk_clk_0.FCLK_CLK_0_BUFG/O
                         net (fo=6956, routed)        0.554     0.890    design_1_i/cg_fpga_0/inst/cg_axi_vdma_0/U0/I_RST_MODULE/GEN_RESET_FOR_S2MM.RESET_I/GEN_MIN_FOR_ASYNC.AXIS_MIN_CDC_I/s_axi_lite_aclk
    SLICE_X43Y30         FDRE                                         r  design_1_i/cg_fpga_0/inst/cg_axi_vdma_0/U0/I_RST_MODULE/GEN_RESET_FOR_S2MM.RESET_I/GEN_MIN_FOR_ASYNC.AXIS_MIN_CDC_I/GENERATE_LEVEL_P_S_CDC.SINGLE_BIT.INPUT_FLOP.REG_PLEVEL_IN_cdc_from/C
  -------------------------------------------------------------------    -------------------
    SLICE_X43Y30         FDRE (Prop_fdre_C_Q)         0.128     1.018 r  design_1_i/cg_fpga_0/inst/cg_axi_vdma_0/U0/I_RST_MODULE/GEN_RESET_FOR_S2MM.RESET_I/GEN_MIN_FOR_ASYNC.AXIS_MIN_CDC_I/GENERATE_LEVEL_P_S_CDC.SINGLE_BIT.INPUT_FLOP.REG_PLEVEL_IN_cdc_from/Q
                         net (fo=1, routed)           0.085     1.103    design_1_i/cg_fpga_0/inst/cg_axi_vdma_0/U0/I_RST_MODULE/GEN_RESET_FOR_S2MM.RESET_I/GEN_MIN_FOR_ASYNC.AXIS_MIN_CDC_I/Q
    SLICE_X43Y30         FDRE                                         r  design_1_i/cg_fpga_0/inst/cg_axi_vdma_0/U0/I_RST_MODULE/GEN_RESET_FOR_S2MM.RESET_I/GEN_MIN_FOR_ASYNC.AXIS_MIN_CDC_I/GENERATE_LEVEL_P_S_CDC.SINGLE_BIT.CROSS_PLEVEL_IN2SCNDRY_IN_cdc_to/D
  -------------------------------------------------------------------    -------------------

                         (clock clk_fpga_0 rise edge)
                                                      0.000     0.000 r  
    PS7_X0Y0             PS7                          0.000     0.000 r  design_1_i/cg_fpga_0/inst/processing_system7_0/inst/PS7_i/FCLKCLK[0]
                         net (fo=1, routed)           0.337     0.337    design_1_i/cg_fpga_0/inst/processing_system7_0/inst/FCLK_CLK_unbuffered[0]
    BUFGCTRL_X0Y16       BUFG (Prop_bufg_I_O)         0.029     0.366 r  design_1_i/cg_fpga_0/inst/processing_system7_0/inst/buffer_fclk_clk_0.FCLK_CLK_0_BUFG/O
                         net (fo=6956, routed)        0.819     1.185    design_1_i/cg_fpga_0/inst/cg_axi_vdma_0/U0/I_RST_MODULE/GEN_RESET_FOR_S2MM.RESET_I/GEN_MIN_FOR_ASYNC.AXIS_MIN_CDC_I/s_axi_lite_aclk
    SLICE_X43Y30         FDRE                                         r  design_1_i/cg_fpga_0/inst/cg_axi_vdma_0/U0/I_RST_MODULE/GEN_RESET_FOR_S2MM.RESET_I/GEN_MIN_FOR_ASYNC.AXIS_MIN_CDC_I/GENERATE_LEVEL_P_S_CDC.SINGLE_BIT.CROSS_PLEVEL_IN2SCNDRY_IN_cdc_to/C

Slack:                    inf
  Source:                 design_1_i/cg_fpga_0/inst/cg_axi_vdma_0/U0/AXI_LITE_REG_INTERFACE_I/GEN_AXI_LITE_IF.AXI_LITE_IF_I/GEN_LITE_IS_ASYNC.GEN_ASYNC_LITE_ACCESS.s2mm_ip2axi_rddata_d1_reg[1]/C
                            (rising edge-triggered cell FDRE clocked by clk_fpga_0  {rise@0.000ns fall@5.000ns period=10.000ns})
  Destination:            design_1_i/cg_fpga_0/inst/cg_axi_vdma_0/U0/AXI_LITE_REG_INTERFACE_I/GEN_AXI_LITE_IF.AXI_LITE_IF_I/GEN_LITE_IS_ASYNC.GEN_ASYNC_LITE_ACCESS.ip2axi_rddata_captured_s2mm_cdc_tig_reg[1]/D
                            (rising edge-triggered cell FDRE clocked by clk_fpga_0  {rise@0.000ns fall@5.000ns period=10.000ns})
  Path Group:             (none)
  Path Type:              Hold (Min at Fast Process Corner)
  Data Path Delay:        0.220ns  (logic 0.164ns (74.580%)  route 0.056ns (25.420%))
  Logic Levels:           0  
  Clock Path Skew:        0.297ns (DCD - SCD - CPR)
    Destination Clock Delay (DCD):    1.195ns
    Source Clock Delay      (SCD):    0.898ns
    Clock Pessimism Removal (CPR):    -0.000ns
  Clock Uncertainty:      0.154ns  ((TSJ^2 + TIJ^2)^1/2 + DJ) / 2 + PE
    Total System Jitter     (TSJ):    0.071ns
    Total Input Jitter      (TIJ):    0.300ns
    Discrete Jitter          (DJ):    0.000ns
    Phase Error              (PE):    0.000ns
  Timing Exception:       False Path

    Location             Delay type                Incr(ns)  Path(ns)    Netlist Resource(s)
  -------------------------------------------------------------------    -------------------
                         (clock clk_fpga_0 rise edge)
                                                      0.000     0.000 r  
    PS7_X0Y0             PS7                          0.000     0.000 r  design_1_i/cg_fpga_0/inst/processing_system7_0/inst/PS7_i/FCLKCLK[0]
                         net (fo=1, routed)           0.310     0.310    design_1_i/cg_fpga_0/inst/processing_system7_0/inst/FCLK_CLK_unbuffered[0]
    BUFGCTRL_X0Y16       BUFG (Prop_bufg_I_O)         0.026     0.336 r  design_1_i/cg_fpga_0/inst/processing_system7_0/inst/buffer_fclk_clk_0.FCLK_CLK_0_BUFG/O
                         net (fo=6956, routed)        0.562     0.898    design_1_i/cg_fpga_0/inst/cg_axi_vdma_0/U0/AXI_LITE_REG_INTERFACE_I/GEN_AXI_LITE_IF.AXI_LITE_IF_I/s_axi_lite_aclk
    SLICE_X46Y46         FDRE                                         r  design_1_i/cg_fpga_0/inst/cg_axi_vdma_0/U0/AXI_LITE_REG_INTERFACE_I/GEN_AXI_LITE_IF.AXI_LITE_IF_I/GEN_LITE_IS_ASYNC.GEN_ASYNC_LITE_ACCESS.s2mm_ip2axi_rddata_d1_reg[1]/C
  -------------------------------------------------------------------    -------------------
    SLICE_X46Y46         FDRE (Prop_fdre_C_Q)         0.164     1.062 r  design_1_i/cg_fpga_0/inst/cg_axi_vdma_0/U0/AXI_LITE_REG_INTERFACE_I/GEN_AXI_LITE_IF.AXI_LITE_IF_I/GEN_LITE_IS_ASYNC.GEN_ASYNC_LITE_ACCESS.s2mm_ip2axi_rddata_d1_reg[1]/Q
                         net (fo=1, routed)           0.056     1.117    design_1_i/cg_fpga_0/inst/cg_axi_vdma_0/U0/AXI_LITE_REG_INTERFACE_I/GEN_AXI_LITE_IF.AXI_LITE_IF_I/s2mm_ip2axi_rddata_d1[1]
    SLICE_X46Y46         FDRE                                         r  design_1_i/cg_fpga_0/inst/cg_axi_vdma_0/U0/AXI_LITE_REG_INTERFACE_I/GEN_AXI_LITE_IF.AXI_LITE_IF_I/GEN_LITE_IS_ASYNC.GEN_ASYNC_LITE_ACCESS.ip2axi_rddata_captured_s2mm_cdc_tig_reg[1]/D
  -------------------------------------------------------------------    -------------------

                         (clock clk_fpga_0 rise edge)
                                                      0.000     0.000 r  
    PS7_X0Y0             PS7                          0.000     0.000 r  design_1_i/cg_fpga_0/inst/processing_system7_0/inst/PS7_i/FCLKCLK[0]
                         net (fo=1, routed)           0.337     0.337    design_1_i/cg_fpga_0/inst/processing_system7_0/inst/FCLK_CLK_unbuffered[0]
    BUFGCTRL_X0Y16       BUFG (Prop_bufg_I_O)         0.029     0.366 r  design_1_i/cg_fpga_0/inst/processing_system7_0/inst/buffer_fclk_clk_0.FCLK_CLK_0_BUFG/O
                         net (fo=6956, routed)        0.829     1.195    design_1_i/cg_fpga_0/inst/cg_axi_vdma_0/U0/AXI_LITE_REG_INTERFACE_I/GEN_AXI_LITE_IF.AXI_LITE_IF_I/s_axi_lite_aclk
    SLICE_X46Y46         FDRE                                         r  design_1_i/cg_fpga_0/inst/cg_axi_vdma_0/U0/AXI_LITE_REG_INTERFACE_I/GEN_AXI_LITE_IF.AXI_LITE_IF_I/GEN_LITE_IS_ASYNC.GEN_ASYNC_LITE_ACCESS.ip2axi_rddata_captured_s2mm_cdc_tig_reg[1]/C





--------------------------------------------------------------------------------------
Path Group:  (none)
From Clock:  clk_fpga_0
  To Clock:  

Max Delay            56 Endpoints
Min Delay            56 Endpoints
--------------------------------------------------------------------------------------


Max Delay Paths
--------------------------------------------------------------------------------------
Slack:                    inf
  Source:                 design_1_i/cg_fpga_0/inst/cg_fpga_axi_gpio_o1/U0/gpio_core_1/Dual.gpio2_Data_Out_reg[30]/C
                            (rising edge-triggered cell FDRE clocked by clk_fpga_0  {rise@0.000ns fall@5.000ns period=10.000ns})
  Destination:            <hidden>
  Path Group:             (none)
  Path Type:              Max at Slow Process Corner
  Data Path Delay:        2.501ns  (logic 0.773ns (30.908%)  route 1.728ns (69.092%))
  Logic Levels:           1  (LUT1=1)
  Clock Uncertainty:      0.152ns  ((TSJ^2 + TIJ^2)^1/2 + DJ) / 2 + PE
    Total System Jitter     (TSJ):    0.050ns
    Total Input Jitter      (TIJ):    0.300ns
    Discrete Jitter          (DJ):    0.000ns
    Phase Error              (PE):    0.000ns

    Location             Delay type                Incr(ns)  Path(ns)    Netlist Resource(s)
  -------------------------------------------------------------------    -------------------
                         (clock clk_fpga_0 rise edge)
                                                      0.000     0.000 r  
    PS7_X0Y0             PS7                          0.000     0.000 r  design_1_i/cg_fpga_0/inst/processing_system7_0/inst/PS7_i/FCLKCLK[0]
                         net (fo=1, routed)           1.193     1.193    design_1_i/cg_fpga_0/inst/processing_system7_0/inst/FCLK_CLK_unbuffered[0]
    BUFGCTRL_X0Y16       BUFG (Prop_bufg_I_O)         0.101     1.294 r  design_1_i/cg_fpga_0/inst/processing_system7_0/inst/buffer_fclk_clk_0.FCLK_CLK_0_BUFG/O
                         net (fo=6956, routed)        1.639     2.933    design_1_i/cg_fpga_0/inst/cg_fpga_axi_gpio_o1/U0/gpio_core_1/s_axi_aclk
    SLICE_X32Y70         FDRE                                         r  design_1_i/cg_fpga_0/inst/cg_fpga_axi_gpio_o1/U0/gpio_core_1/Dual.gpio2_Data_Out_reg[30]/C
  -------------------------------------------------------------------    -------------------
    SLICE_X32Y70         FDRE (Prop_fdre_C_Q)         0.478     3.411 f  design_1_i/cg_fpga_0/inst/cg_fpga_axi_gpio_o1/U0/gpio_core_1/Dual.gpio2_Data_Out_reg[30]/Q
                         net (fo=2, routed)           0.919     4.330    design_1_i/adpt_in_0/inst/sw_a[1]
    SLICE_X32Y70         LUT1 (Prop_lut1_I0_O)        0.295     4.625 r  design_1_i/adpt_in_0/inst/addr_7_0[1]_INST_0/O
                         net (fo=4, routed)           0.809     5.434    <hidden>
    RAMB18_X2Y28         RAMB18E1                                     r  <hidden>
  -------------------------------------------------------------------    -------------------

Slack:                    inf
  Source:                 design_1_i/cg_fpga_0/inst/cg_fpga_axi_gpio_o1/U0/gpio_core_1/Dual.gpio2_Data_Out_reg[30]/C
                            (rising edge-triggered cell FDRE clocked by clk_fpga_0  {rise@0.000ns fall@5.000ns period=10.000ns})
  Destination:            <hidden>
  Path Group:             (none)
  Path Type:              Max at Slow Process Corner
  Data Path Delay:        2.501ns  (logic 0.773ns (30.908%)  route 1.728ns (69.092%))
  Logic Levels:           1  (LUT1=1)
  Clock Uncertainty:      0.152ns  ((TSJ^2 + TIJ^2)^1/2 + DJ) / 2 + PE
    Total System Jitter     (TSJ):    0.050ns
    Total Input Jitter      (TIJ):    0.300ns
    Discrete Jitter          (DJ):    0.000ns
    Phase Error              (PE):    0.000ns

    Location             Delay type                Incr(ns)  Path(ns)    Netlist Resource(s)
  -------------------------------------------------------------------    -------------------
                         (clock clk_fpga_0 rise edge)
                                                      0.000     0.000 r  
    PS7_X0Y0             PS7                          0.000     0.000 r  design_1_i/cg_fpga_0/inst/processing_system7_0/inst/PS7_i/FCLKCLK[0]
                         net (fo=1, routed)           1.193     1.193    design_1_i/cg_fpga_0/inst/processing_system7_0/inst/FCLK_CLK_unbuffered[0]
    BUFGCTRL_X0Y16       BUFG (Prop_bufg_I_O)         0.101     1.294 r  design_1_i/cg_fpga_0/inst/processing_system7_0/inst/buffer_fclk_clk_0.FCLK_CLK_0_BUFG/O
                         net (fo=6956, routed)        1.639     2.933    design_1_i/cg_fpga_0/inst/cg_fpga_axi_gpio_o1/U0/gpio_core_1/s_axi_aclk
    SLICE_X32Y70         FDRE                                         r  design_1_i/cg_fpga_0/inst/cg_fpga_axi_gpio_o1/U0/gpio_core_1/Dual.gpio2_Data_Out_reg[30]/C
  -------------------------------------------------------------------    -------------------
    SLICE_X32Y70         FDRE (Prop_fdre_C_Q)         0.478     3.411 f  design_1_i/cg_fpga_0/inst/cg_fpga_axi_gpio_o1/U0/gpio_core_1/Dual.gpio2_Data_Out_reg[30]/Q
                         net (fo=2, routed)           0.919     4.330    design_1_i/adpt_in_0/inst/sw_a[1]
    SLICE_X32Y70         LUT1 (Prop_lut1_I0_O)        0.295     4.625 r  design_1_i/adpt_in_0/inst/addr_7_0[1]_INST_0/O
                         net (fo=4, routed)           0.809     5.434    <hidden>
    RAMB18_X2Y29         RAMB18E1                                     r  <hidden>
  -------------------------------------------------------------------    -------------------

Slack:                    inf
  Source:                 design_1_i/cg_fpga_0/inst/cg_fpga_axi_gpio_o1/U0/gpio_core_1/Dual.gpio2_Data_Out_reg[30]/C
                            (rising edge-triggered cell FDRE clocked by clk_fpga_0  {rise@0.000ns fall@5.000ns period=10.000ns})
  Destination:            <hidden>
  Path Group:             (none)
  Path Type:              Max at Slow Process Corner
  Data Path Delay:        2.300ns  (logic 0.773ns (33.608%)  route 1.527ns (66.392%))
  Logic Levels:           1  (LUT1=1)
  Clock Uncertainty:      0.152ns  ((TSJ^2 + TIJ^2)^1/2 + DJ) / 2 + PE
    Total System Jitter     (TSJ):    0.050ns
    Total Input Jitter      (TIJ):    0.300ns
    Discrete Jitter          (DJ):    0.000ns
    Phase Error              (PE):    0.000ns

    Location             Delay type                Incr(ns)  Path(ns)    Netlist Resource(s)
  -------------------------------------------------------------------    -------------------
                         (clock clk_fpga_0 rise edge)
                                                      0.000     0.000 r  
    PS7_X0Y0             PS7                          0.000     0.000 r  design_1_i/cg_fpga_0/inst/processing_system7_0/inst/PS7_i/FCLKCLK[0]
                         net (fo=1, routed)           1.193     1.193    design_1_i/cg_fpga_0/inst/processing_system7_0/inst/FCLK_CLK_unbuffered[0]
    BUFGCTRL_X0Y16       BUFG (Prop_bufg_I_O)         0.101     1.294 r  design_1_i/cg_fpga_0/inst/processing_system7_0/inst/buffer_fclk_clk_0.FCLK_CLK_0_BUFG/O
                         net (fo=6956, routed)        1.639     2.933    design_1_i/cg_fpga_0/inst/cg_fpga_axi_gpio_o1/U0/gpio_core_1/s_axi_aclk
    SLICE_X32Y70         FDRE                                         r  design_1_i/cg_fpga_0/inst/cg_fpga_axi_gpio_o1/U0/gpio_core_1/Dual.gpio2_Data_Out_reg[30]/C
  -------------------------------------------------------------------    -------------------
    SLICE_X32Y70         FDRE (Prop_fdre_C_Q)         0.478     3.411 f  design_1_i/cg_fpga_0/inst/cg_fpga_axi_gpio_o1/U0/gpio_core_1/Dual.gpio2_Data_Out_reg[30]/Q
                         net (fo=2, routed)           0.919     4.330    design_1_i/adpt_in_0/inst/sw_a[1]
    SLICE_X32Y70         LUT1 (Prop_lut1_I0_O)        0.295     4.625 r  design_1_i/adpt_in_0/inst/addr_7_0[1]_INST_0/O
                         net (fo=4, routed)           0.608     5.233    <hidden>
    RAMB18_X2Y28         RAMB18E1                                     r  <hidden>
  -------------------------------------------------------------------    -------------------

Slack:                    inf
  Source:                 design_1_i/cg_fpga_0/inst/cg_fpga_axi_gpio_o1/U0/gpio_core_1/Dual.gpio2_Data_Out_reg[30]/C
                            (rising edge-triggered cell FDRE clocked by clk_fpga_0  {rise@0.000ns fall@5.000ns period=10.000ns})
  Destination:            <hidden>
  Path Group:             (none)
  Path Type:              Max at Slow Process Corner
  Data Path Delay:        2.300ns  (logic 0.773ns (33.608%)  route 1.527ns (66.392%))
  Logic Levels:           1  (LUT1=1)
  Clock Uncertainty:      0.152ns  ((TSJ^2 + TIJ^2)^1/2 + DJ) / 2 + PE
    Total System Jitter     (TSJ):    0.050ns
    Total Input Jitter      (TIJ):    0.300ns
    Discrete Jitter          (DJ):    0.000ns
    Phase Error              (PE):    0.000ns

    Location             Delay type                Incr(ns)  Path(ns)    Netlist Resource(s)
  -------------------------------------------------------------------    -------------------
                         (clock clk_fpga_0 rise edge)
                                                      0.000     0.000 r  
    PS7_X0Y0             PS7                          0.000     0.000 r  design_1_i/cg_fpga_0/inst/processing_system7_0/inst/PS7_i/FCLKCLK[0]
                         net (fo=1, routed)           1.193     1.193    design_1_i/cg_fpga_0/inst/processing_system7_0/inst/FCLK_CLK_unbuffered[0]
    BUFGCTRL_X0Y16       BUFG (Prop_bufg_I_O)         0.101     1.294 r  design_1_i/cg_fpga_0/inst/processing_system7_0/inst/buffer_fclk_clk_0.FCLK_CLK_0_BUFG/O
                         net (fo=6956, routed)        1.639     2.933    design_1_i/cg_fpga_0/inst/cg_fpga_axi_gpio_o1/U0/gpio_core_1/s_axi_aclk
    SLICE_X32Y70         FDRE                                         r  design_1_i/cg_fpga_0/inst/cg_fpga_axi_gpio_o1/U0/gpio_core_1/Dual.gpio2_Data_Out_reg[30]/C
  -------------------------------------------------------------------    -------------------
    SLICE_X32Y70         FDRE (Prop_fdre_C_Q)         0.478     3.411 f  design_1_i/cg_fpga_0/inst/cg_fpga_axi_gpio_o1/U0/gpio_core_1/Dual.gpio2_Data_Out_reg[30]/Q
                         net (fo=2, routed)           0.919     4.330    design_1_i/adpt_in_0/inst/sw_a[1]
    SLICE_X32Y70         LUT1 (Prop_lut1_I0_O)        0.295     4.625 r  design_1_i/adpt_in_0/inst/addr_7_0[1]_INST_0/O
                         net (fo=4, routed)           0.608     5.233    <hidden>
    RAMB18_X2Y29         RAMB18E1                                     r  <hidden>
  -------------------------------------------------------------------    -------------------

Slack:                    inf
  Source:                 design_1_i/cg_fpga_0/inst/cg_fpga_axi_gpio_o1/U0/gpio_core_1/Dual.gpio_Data_Out_reg[27]/C
                            (rising edge-triggered cell FDRE clocked by clk_fpga_0  {rise@0.000ns fall@5.000ns period=10.000ns})
  Destination:            <hidden>
  Path Group:             (none)
  Path Type:              Max at Slow Process Corner
  Data Path Delay:        2.246ns  (logic 0.580ns (25.825%)  route 1.666ns (74.175%))
  Logic Levels:           1  (LUT1=1)
  Clock Uncertainty:      0.152ns  ((TSJ^2 + TIJ^2)^1/2 + DJ) / 2 + PE
    Total System Jitter     (TSJ):    0.050ns
    Total Input Jitter      (TIJ):    0.300ns
    Discrete Jitter          (DJ):    0.000ns
    Phase Error              (PE):    0.000ns

    Location             Delay type                Incr(ns)  Path(ns)    Netlist Resource(s)
  -------------------------------------------------------------------    -------------------
                         (clock clk_fpga_0 rise edge)
                                                      0.000     0.000 r  
    PS7_X0Y0             PS7                          0.000     0.000 r  design_1_i/cg_fpga_0/inst/processing_system7_0/inst/PS7_i/FCLKCLK[0]
                         net (fo=1, routed)           1.193     1.193    design_1_i/cg_fpga_0/inst/processing_system7_0/inst/FCLK_CLK_unbuffered[0]
    BUFGCTRL_X0Y16       BUFG (Prop_bufg_I_O)         0.101     1.294 r  design_1_i/cg_fpga_0/inst/processing_system7_0/inst/buffer_fclk_clk_0.FCLK_CLK_0_BUFG/O
                         net (fo=6956, routed)        1.685     2.979    design_1_i/cg_fpga_0/inst/cg_fpga_axi_gpio_o1/U0/gpio_core_1/s_axi_aclk
    SLICE_X31Y71         FDRE                                         r  design_1_i/cg_fpga_0/inst/cg_fpga_axi_gpio_o1/U0/gpio_core_1/Dual.gpio_Data_Out_reg[27]/C
  -------------------------------------------------------------------    -------------------
    SLICE_X31Y71         FDRE (Prop_fdre_C_Q)         0.456     3.435 f  design_1_i/cg_fpga_0/inst/cg_fpga_axi_gpio_o1/U0/gpio_core_1/Dual.gpio_Data_Out_reg[27]/Q
                         net (fo=2, routed)           1.097     4.532    design_1_i/adpt_in_0/inst/sw_b[4]
    SLICE_X31Y71         LUT1 (Prop_lut1_I0_O)        0.124     4.656 r  design_1_i/adpt_in_0/inst/data0[4]_INST_0/O
                         net (fo=1, routed)           0.569     5.225    <hidden>
    RAMB18_X2Y28         RAMB18E1                                     r  <hidden>
  -------------------------------------------------------------------    -------------------

Slack:                    inf
  Source:                 design_1_i/cg_fpga_0/inst/cg_fpga_axi_gpio_o1/U0/gpio_core_1/Dual.gpio2_Data_Out_reg[28]/C
                            (rising edge-triggered cell FDRE clocked by clk_fpga_0  {rise@0.000ns fall@5.000ns period=10.000ns})
  Destination:            <hidden>
  Path Group:             (none)
  Path Type:              Max at Slow Process Corner
  Data Path Delay:        2.257ns  (logic 0.642ns (28.440%)  route 1.615ns (71.560%))
  Logic Levels:           1  (LUT1=1)
  Clock Uncertainty:      0.152ns  ((TSJ^2 + TIJ^2)^1/2 + DJ) / 2 + PE
    Total System Jitter     (TSJ):    0.050ns
    Total Input Jitter      (TIJ):    0.300ns
    Discrete Jitter          (DJ):    0.000ns
    Phase Error              (PE):    0.000ns

    Location             Delay type                Incr(ns)  Path(ns)    Netlist Resource(s)
  -------------------------------------------------------------------    -------------------
                         (clock clk_fpga_0 rise edge)
                                                      0.000     0.000 r  
    PS7_X0Y0             PS7                          0.000     0.000 r  design_1_i/cg_fpga_0/inst/processing_system7_0/inst/PS7_i/FCLKCLK[0]
                         net (fo=1, routed)           1.193     1.193    design_1_i/cg_fpga_0/inst/processing_system7_0/inst/FCLK_CLK_unbuffered[0]
    BUFGCTRL_X0Y16       BUFG (Prop_bufg_I_O)         0.101     1.294 r  design_1_i/cg_fpga_0/inst/processing_system7_0/inst/buffer_fclk_clk_0.FCLK_CLK_0_BUFG/O
                         net (fo=6956, routed)        1.639     2.933    design_1_i/cg_fpga_0/inst/cg_fpga_axi_gpio_o1/U0/gpio_core_1/s_axi_aclk
    SLICE_X32Y70         FDRE                                         r  design_1_i/cg_fpga_0/inst/cg_fpga_axi_gpio_o1/U0/gpio_core_1/Dual.gpio2_Data_Out_reg[28]/C
  -------------------------------------------------------------------    -------------------
    SLICE_X32Y70         FDRE (Prop_fdre_C_Q)         0.518     3.451 f  design_1_i/cg_fpga_0/inst/cg_fpga_axi_gpio_o1/U0/gpio_core_1/Dual.gpio2_Data_Out_reg[28]/Q
                         net (fo=2, routed)           0.807     4.258    design_1_i/adpt_in_0/inst/sw_a[3]
    SLICE_X32Y70         LUT1 (Prop_lut1_I0_O)        0.124     4.382 r  design_1_i/adpt_in_0/inst/addr_7_0[3]_INST_0/O
                         net (fo=4, routed)           0.808     5.190    <hidden>
    RAMB18_X2Y28         RAMB18E1                                     r  <hidden>
  -------------------------------------------------------------------    -------------------

Slack:                    inf
  Source:                 design_1_i/cg_fpga_0/inst/cg_fpga_axi_gpio_o1/U0/gpio_core_1/Dual.gpio2_Data_Out_reg[28]/C
                            (rising edge-triggered cell FDRE clocked by clk_fpga_0  {rise@0.000ns fall@5.000ns period=10.000ns})
  Destination:            <hidden>
  Path Group:             (none)
  Path Type:              Max at Slow Process Corner
  Data Path Delay:        2.257ns  (logic 0.642ns (28.440%)  route 1.615ns (71.560%))
  Logic Levels:           1  (LUT1=1)
  Clock Uncertainty:      0.152ns  ((TSJ^2 + TIJ^2)^1/2 + DJ) / 2 + PE
    Total System Jitter     (TSJ):    0.050ns
    Total Input Jitter      (TIJ):    0.300ns
    Discrete Jitter          (DJ):    0.000ns
    Phase Error              (PE):    0.000ns

    Location             Delay type                Incr(ns)  Path(ns)    Netlist Resource(s)
  -------------------------------------------------------------------    -------------------
                         (clock clk_fpga_0 rise edge)
                                                      0.000     0.000 r  
    PS7_X0Y0             PS7                          0.000     0.000 r  design_1_i/cg_fpga_0/inst/processing_system7_0/inst/PS7_i/FCLKCLK[0]
                         net (fo=1, routed)           1.193     1.193    design_1_i/cg_fpga_0/inst/processing_system7_0/inst/FCLK_CLK_unbuffered[0]
    BUFGCTRL_X0Y16       BUFG (Prop_bufg_I_O)         0.101     1.294 r  design_1_i/cg_fpga_0/inst/processing_system7_0/inst/buffer_fclk_clk_0.FCLK_CLK_0_BUFG/O
                         net (fo=6956, routed)        1.639     2.933    design_1_i/cg_fpga_0/inst/cg_fpga_axi_gpio_o1/U0/gpio_core_1/s_axi_aclk
    SLICE_X32Y70         FDRE                                         r  design_1_i/cg_fpga_0/inst/cg_fpga_axi_gpio_o1/U0/gpio_core_1/Dual.gpio2_Data_Out_reg[28]/C
  -------------------------------------------------------------------    -------------------
    SLICE_X32Y70         FDRE (Prop_fdre_C_Q)         0.518     3.451 f  design_1_i/cg_fpga_0/inst/cg_fpga_axi_gpio_o1/U0/gpio_core_1/Dual.gpio2_Data_Out_reg[28]/Q
                         net (fo=2, routed)           0.807     4.258    design_1_i/adpt_in_0/inst/sw_a[3]
    SLICE_X32Y70         LUT1 (Prop_lut1_I0_O)        0.124     4.382 r  design_1_i/adpt_in_0/inst/addr_7_0[3]_INST_0/O
                         net (fo=4, routed)           0.808     5.190    <hidden>
    RAMB18_X2Y29         RAMB18E1                                     r  <hidden>
  -------------------------------------------------------------------    -------------------

Slack:                    inf
  Source:                 design_1_i/cg_fpga_0/inst/cg_fpga_axi_gpio_o1/U0/gpio_core_1/Dual.gpio2_Data_Out_reg[31]/C
                            (rising edge-triggered cell FDRE clocked by clk_fpga_0  {rise@0.000ns fall@5.000ns period=10.000ns})
  Destination:            <hidden>
  Path Group:             (none)
  Path Type:              Max at Slow Process Corner
  Data Path Delay:        2.202ns  (logic 0.642ns (29.158%)  route 1.560ns (70.842%))
  Logic Levels:           1  (LUT1=1)
  Clock Uncertainty:      0.152ns  ((TSJ^2 + TIJ^2)^1/2 + DJ) / 2 + PE
    Total System Jitter     (TSJ):    0.050ns
    Total Input Jitter      (TIJ):    0.300ns
    Discrete Jitter          (DJ):    0.000ns
    Phase Error              (PE):    0.000ns

    Location             Delay type                Incr(ns)  Path(ns)    Netlist Resource(s)
  -------------------------------------------------------------------    -------------------
                         (clock clk_fpga_0 rise edge)
                                                      0.000     0.000 r  
    PS7_X0Y0             PS7                          0.000     0.000 r  design_1_i/cg_fpga_0/inst/processing_system7_0/inst/PS7_i/FCLKCLK[0]
                         net (fo=1, routed)           1.193     1.193    design_1_i/cg_fpga_0/inst/processing_system7_0/inst/FCLK_CLK_unbuffered[0]
    BUFGCTRL_X0Y16       BUFG (Prop_bufg_I_O)         0.101     1.294 r  design_1_i/cg_fpga_0/inst/processing_system7_0/inst/buffer_fclk_clk_0.FCLK_CLK_0_BUFG/O
                         net (fo=6956, routed)        1.638     2.932    design_1_i/cg_fpga_0/inst/cg_fpga_axi_gpio_o1/U0/gpio_core_1/s_axi_aclk
    SLICE_X32Y71         FDRE                                         r  design_1_i/cg_fpga_0/inst/cg_fpga_axi_gpio_o1/U0/gpio_core_1/Dual.gpio2_Data_Out_reg[31]/C
  -------------------------------------------------------------------    -------------------
    SLICE_X32Y71         FDRE (Prop_fdre_C_Q)         0.518     3.450 f  design_1_i/cg_fpga_0/inst/cg_fpga_axi_gpio_o1/U0/gpio_core_1/Dual.gpio2_Data_Out_reg[31]/Q
                         net (fo=2, routed)           0.815     4.265    design_1_i/adpt_in_0/inst/sw_a[0]
    SLICE_X32Y71         LUT1 (Prop_lut1_I0_O)        0.124     4.389 r  design_1_i/adpt_in_0/inst/addr_7_0[0]_INST_0/O
                         net (fo=4, routed)           0.744     5.134    <hidden>
    RAMB18_X2Y28         RAMB18E1                                     r  <hidden>
  -------------------------------------------------------------------    -------------------

Slack:                    inf
  Source:                 design_1_i/cg_fpga_0/inst/cg_fpga_axi_gpio_o1/U0/gpio_core_1/Dual.gpio2_Data_Out_reg[31]/C
                            (rising edge-triggered cell FDRE clocked by clk_fpga_0  {rise@0.000ns fall@5.000ns period=10.000ns})
  Destination:            <hidden>
  Path Group:             (none)
  Path Type:              Max at Slow Process Corner
  Data Path Delay:        2.202ns  (logic 0.642ns (29.158%)  route 1.560ns (70.842%))
  Logic Levels:           1  (LUT1=1)
  Clock Uncertainty:      0.152ns  ((TSJ^2 + TIJ^2)^1/2 + DJ) / 2 + PE
    Total System Jitter     (TSJ):    0.050ns
    Total Input Jitter      (TIJ):    0.300ns
    Discrete Jitter          (DJ):    0.000ns
    Phase Error              (PE):    0.000ns

    Location             Delay type                Incr(ns)  Path(ns)    Netlist Resource(s)
  -------------------------------------------------------------------    -------------------
                         (clock clk_fpga_0 rise edge)
                                                      0.000     0.000 r  
    PS7_X0Y0             PS7                          0.000     0.000 r  design_1_i/cg_fpga_0/inst/processing_system7_0/inst/PS7_i/FCLKCLK[0]
                         net (fo=1, routed)           1.193     1.193    design_1_i/cg_fpga_0/inst/processing_system7_0/inst/FCLK_CLK_unbuffered[0]
    BUFGCTRL_X0Y16       BUFG (Prop_bufg_I_O)         0.101     1.294 r  design_1_i/cg_fpga_0/inst/processing_system7_0/inst/buffer_fclk_clk_0.FCLK_CLK_0_BUFG/O
                         net (fo=6956, routed)        1.638     2.932    design_1_i/cg_fpga_0/inst/cg_fpga_axi_gpio_o1/U0/gpio_core_1/s_axi_aclk
    SLICE_X32Y71         FDRE                                         r  design_1_i/cg_fpga_0/inst/cg_fpga_axi_gpio_o1/U0/gpio_core_1/Dual.gpio2_Data_Out_reg[31]/C
  -------------------------------------------------------------------    -------------------
    SLICE_X32Y71         FDRE (Prop_fdre_C_Q)         0.518     3.450 f  design_1_i/cg_fpga_0/inst/cg_fpga_axi_gpio_o1/U0/gpio_core_1/Dual.gpio2_Data_Out_reg[31]/Q
                         net (fo=2, routed)           0.815     4.265    design_1_i/adpt_in_0/inst/sw_a[0]
    SLICE_X32Y71         LUT1 (Prop_lut1_I0_O)        0.124     4.389 r  design_1_i/adpt_in_0/inst/addr_7_0[0]_INST_0/O
                         net (fo=4, routed)           0.744     5.134    <hidden>
    RAMB18_X2Y29         RAMB18E1                                     r  <hidden>
  -------------------------------------------------------------------    -------------------

Slack:                    inf
  Source:                 design_1_i/cg_fpga_0/inst/cg_fpga_axi_gpio_o1/U0/gpio_core_1/Dual.gpio2_Data_Out_reg[31]/C
                            (rising edge-triggered cell FDRE clocked by clk_fpga_0  {rise@0.000ns fall@5.000ns period=10.000ns})
  Destination:            <hidden>
  Path Group:             (none)
  Path Type:              Max at Slow Process Corner
  Data Path Delay:        2.200ns  (logic 0.642ns (29.179%)  route 1.558ns (70.821%))
  Logic Levels:           1  (LUT1=1)
  Clock Uncertainty:      0.152ns  ((TSJ^2 + TIJ^2)^1/2 + DJ) / 2 + PE
    Total System Jitter     (TSJ):    0.050ns
    Total Input Jitter      (TIJ):    0.300ns
    Discrete Jitter          (DJ):    0.000ns
    Phase Error              (PE):    0.000ns

    Location             Delay type                Incr(ns)  Path(ns)    Netlist Resource(s)
  -------------------------------------------------------------------    -------------------
                         (clock clk_fpga_0 rise edge)
                                                      0.000     0.000 r  
    PS7_X0Y0             PS7                          0.000     0.000 r  design_1_i/cg_fpga_0/inst/processing_system7_0/inst/PS7_i/FCLKCLK[0]
                         net (fo=1, routed)           1.193     1.193    design_1_i/cg_fpga_0/inst/processing_system7_0/inst/FCLK_CLK_unbuffered[0]
    BUFGCTRL_X0Y16       BUFG (Prop_bufg_I_O)         0.101     1.294 r  design_1_i/cg_fpga_0/inst/processing_system7_0/inst/buffer_fclk_clk_0.FCLK_CLK_0_BUFG/O
                         net (fo=6956, routed)        1.638     2.932    design_1_i/cg_fpga_0/inst/cg_fpga_axi_gpio_o1/U0/gpio_core_1/s_axi_aclk
    SLICE_X32Y71         FDRE                                         r  design_1_i/cg_fpga_0/inst/cg_fpga_axi_gpio_o1/U0/gpio_core_1/Dual.gpio2_Data_Out_reg[31]/C
  -------------------------------------------------------------------    -------------------
    SLICE_X32Y71         FDRE (Prop_fdre_C_Q)         0.518     3.450 f  design_1_i/cg_fpga_0/inst/cg_fpga_axi_gpio_o1/U0/gpio_core_1/Dual.gpio2_Data_Out_reg[31]/Q
                         net (fo=2, routed)           0.815     4.265    design_1_i/adpt_in_0/inst/sw_a[0]
    SLICE_X32Y71         LUT1 (Prop_lut1_I0_O)        0.124     4.389 r  design_1_i/adpt_in_0/inst/addr_7_0[0]_INST_0/O
                         net (fo=4, routed)           0.743     5.132    <hidden>
    RAMB18_X2Y28         RAMB18E1                                     r  <hidden>
  -------------------------------------------------------------------    -------------------





Min Delay Paths
--------------------------------------------------------------------------------------
Slack:                    inf
  Source:                 design_1_i/cg_fpga_0/inst/cg_fpga_axi_gpio_o1/U0/gpio_core_1/Dual.gpio_Data_Out_reg[29]/C
                            (rising edge-triggered cell FDRE clocked by clk_fpga_0  {rise@0.000ns fall@5.000ns period=10.000ns})
  Destination:            <hidden>
  Path Group:             (none)
  Path Type:              Min at Fast Process Corner
  Data Path Delay:        0.520ns  (logic 0.186ns (35.775%)  route 0.334ns (64.225%))
  Logic Levels:           1  (LUT1=1)
  Clock Uncertainty:      0.152ns  ((TSJ^2 + TIJ^2)^1/2 + DJ) / 2 + PE
    Total System Jitter     (TSJ):    0.050ns
    Total Input Jitter      (TIJ):    0.300ns
    Discrete Jitter          (DJ):    0.000ns
    Phase Error              (PE):    0.000ns

    Location             Delay type                Incr(ns)  Path(ns)    Netlist Resource(s)
  -------------------------------------------------------------------    -------------------
                         (clock clk_fpga_0 rise edge)
                                                      0.000     0.000 r  
    PS7_X0Y0             PS7                          0.000     0.000 r  design_1_i/cg_fpga_0/inst/processing_system7_0/inst/PS7_i/FCLKCLK[0]
                         net (fo=1, routed)           0.310     0.310    design_1_i/cg_fpga_0/inst/processing_system7_0/inst/FCLK_CLK_unbuffered[0]
    BUFGCTRL_X0Y16       BUFG (Prop_bufg_I_O)         0.026     0.336 r  design_1_i/cg_fpga_0/inst/processing_system7_0/inst/buffer_fclk_clk_0.FCLK_CLK_0_BUFG/O
                         net (fo=6956, routed)        0.549     0.885    design_1_i/cg_fpga_0/inst/cg_fpga_axi_gpio_o1/U0/gpio_core_1/s_axi_aclk
    SLICE_X33Y70         FDRE                                         r  design_1_i/cg_fpga_0/inst/cg_fpga_axi_gpio_o1/U0/gpio_core_1/Dual.gpio_Data_Out_reg[29]/C
  -------------------------------------------------------------------    -------------------
    SLICE_X33Y70         FDRE (Prop_fdre_C_Q)         0.141     1.026 f  design_1_i/cg_fpga_0/inst/cg_fpga_axi_gpio_o1/U0/gpio_core_1/Dual.gpio_Data_Out_reg[29]/Q
                         net (fo=2, routed)           0.227     1.253    design_1_i/adpt_in_0/inst/sw_b[2]
    SLICE_X33Y70         LUT1 (Prop_lut1_I0_O)        0.045     1.298 r  design_1_i/adpt_in_0/inst/data0[2]_INST_0/O
                         net (fo=1, routed)           0.107     1.405    <hidden>
    RAMB18_X2Y28         RAMB18E1                                     r  <hidden>
  -------------------------------------------------------------------    -------------------

Slack:                    inf
  Source:                 design_1_i/cg_fpga_0/inst/cg_fpga_axi_gpio_o1/U0/gpio_core_1/Dual.gpio_Data_Out_reg[24]/C
                            (rising edge-triggered cell FDRE clocked by clk_fpga_0  {rise@0.000ns fall@5.000ns period=10.000ns})
  Destination:            <hidden>
  Path Group:             (none)
  Path Type:              Min at Fast Process Corner
  Data Path Delay:        0.521ns  (logic 0.186ns (35.734%)  route 0.335ns (64.266%))
  Logic Levels:           1  (LUT1=1)
  Clock Uncertainty:      0.152ns  ((TSJ^2 + TIJ^2)^1/2 + DJ) / 2 + PE
    Total System Jitter     (TSJ):    0.050ns
    Total Input Jitter      (TIJ):    0.300ns
    Discrete Jitter          (DJ):    0.000ns
    Phase Error              (PE):    0.000ns

    Location             Delay type                Incr(ns)  Path(ns)    Netlist Resource(s)
  -------------------------------------------------------------------    -------------------
                         (clock clk_fpga_0 rise edge)
                                                      0.000     0.000 r  
    PS7_X0Y0             PS7                          0.000     0.000 r  design_1_i/cg_fpga_0/inst/processing_system7_0/inst/PS7_i/FCLKCLK[0]
                         net (fo=1, routed)           0.310     0.310    design_1_i/cg_fpga_0/inst/processing_system7_0/inst/FCLK_CLK_unbuffered[0]
    BUFGCTRL_X0Y16       BUFG (Prop_bufg_I_O)         0.026     0.336 r  design_1_i/cg_fpga_0/inst/processing_system7_0/inst/buffer_fclk_clk_0.FCLK_CLK_0_BUFG/O
                         net (fo=6956, routed)        0.549     0.885    design_1_i/cg_fpga_0/inst/cg_fpga_axi_gpio_o1/U0/gpio_core_1/s_axi_aclk
    SLICE_X33Y70         FDRE                                         r  design_1_i/cg_fpga_0/inst/cg_fpga_axi_gpio_o1/U0/gpio_core_1/Dual.gpio_Data_Out_reg[24]/C
  -------------------------------------------------------------------    -------------------
    SLICE_X33Y70         FDRE (Prop_fdre_C_Q)         0.141     1.026 f  design_1_i/cg_fpga_0/inst/cg_fpga_axi_gpio_o1/U0/gpio_core_1/Dual.gpio_Data_Out_reg[24]/Q
                         net (fo=2, routed)           0.148     1.174    design_1_i/adpt_in_0/inst/sw_b[7]
    SLICE_X33Y70         LUT1 (Prop_lut1_I0_O)        0.045     1.219 r  design_1_i/adpt_in_0/inst/data0[7]_INST_0/O
                         net (fo=1, routed)           0.186     1.405    <hidden>
    RAMB18_X2Y28         RAMB18E1                                     r  <hidden>
  -------------------------------------------------------------------    -------------------

Slack:                    inf
  Source:                 design_1_i/cg_fpga_0/inst/cg_fpga_axi_gpio_o1/U0/gpio_core_1/Dual.gpio_Data_Out_reg[31]/C
                            (rising edge-triggered cell FDRE clocked by clk_fpga_0  {rise@0.000ns fall@5.000ns period=10.000ns})
  Destination:            <hidden>
  Path Group:             (none)
  Path Type:              Min at Fast Process Corner
  Data Path Delay:        0.555ns  (logic 0.227ns (40.882%)  route 0.328ns (59.118%))
  Logic Levels:           1  (LUT1=1)
  Clock Uncertainty:      0.152ns  ((TSJ^2 + TIJ^2)^1/2 + DJ) / 2 + PE
    Total System Jitter     (TSJ):    0.050ns
    Total Input Jitter      (TIJ):    0.300ns
    Discrete Jitter          (DJ):    0.000ns
    Phase Error              (PE):    0.000ns

    Location             Delay type                Incr(ns)  Path(ns)    Netlist Resource(s)
  -------------------------------------------------------------------    -------------------
                         (clock clk_fpga_0 rise edge)
                                                      0.000     0.000 r  
    PS7_X0Y0             PS7                          0.000     0.000 r  design_1_i/cg_fpga_0/inst/processing_system7_0/inst/PS7_i/FCLKCLK[0]
                         net (fo=1, routed)           0.310     0.310    design_1_i/cg_fpga_0/inst/processing_system7_0/inst/FCLK_CLK_unbuffered[0]
    BUFGCTRL_X0Y16       BUFG (Prop_bufg_I_O)         0.026     0.336 r  design_1_i/cg_fpga_0/inst/processing_system7_0/inst/buffer_fclk_clk_0.FCLK_CLK_0_BUFG/O
                         net (fo=6956, routed)        0.549     0.885    design_1_i/cg_fpga_0/inst/cg_fpga_axi_gpio_o1/U0/gpio_core_1/s_axi_aclk
    SLICE_X33Y70         FDRE                                         r  design_1_i/cg_fpga_0/inst/cg_fpga_axi_gpio_o1/U0/gpio_core_1/Dual.gpio_Data_Out_reg[31]/C
  -------------------------------------------------------------------    -------------------
    SLICE_X33Y70         FDRE (Prop_fdre_C_Q)         0.128     1.013 f  design_1_i/cg_fpga_0/inst/cg_fpga_axi_gpio_o1/U0/gpio_core_1/Dual.gpio_Data_Out_reg[31]/Q
                         net (fo=2, routed)           0.198     1.210    design_1_i/adpt_in_0/inst/sw_b[0]
    SLICE_X32Y71         LUT1 (Prop_lut1_I0_O)        0.099     1.309 r  design_1_i/adpt_in_0/inst/data0[0]_INST_0/O
                         net (fo=1, routed)           0.131     1.440    <hidden>
    RAMB18_X2Y28         RAMB18E1                                     r  <hidden>
  -------------------------------------------------------------------    -------------------

Slack:                    inf
  Source:                 design_1_i/cg_fpga_0/inst/cg_fpga_axi_gpio_o1/U0/gpio_core_1/Dual.gpio_Data_Out_reg[28]/C
                            (rising edge-triggered cell FDRE clocked by clk_fpga_0  {rise@0.000ns fall@5.000ns period=10.000ns})
  Destination:            <hidden>
  Path Group:             (none)
  Path Type:              Min at Fast Process Corner
  Data Path Delay:        0.572ns  (logic 0.186ns (32.544%)  route 0.386ns (67.456%))
  Logic Levels:           1  (LUT1=1)
  Clock Uncertainty:      0.152ns  ((TSJ^2 + TIJ^2)^1/2 + DJ) / 2 + PE
    Total System Jitter     (TSJ):    0.050ns
    Total Input Jitter      (TIJ):    0.300ns
    Discrete Jitter          (DJ):    0.000ns
    Phase Error              (PE):    0.000ns

    Location             Delay type                Incr(ns)  Path(ns)    Netlist Resource(s)
  -------------------------------------------------------------------    -------------------
                         (clock clk_fpga_0 rise edge)
                                                      0.000     0.000 r  
    PS7_X0Y0             PS7                          0.000     0.000 r  design_1_i/cg_fpga_0/inst/processing_system7_0/inst/PS7_i/FCLKCLK[0]
                         net (fo=1, routed)           0.310     0.310    design_1_i/cg_fpga_0/inst/processing_system7_0/inst/FCLK_CLK_unbuffered[0]
    BUFGCTRL_X0Y16       BUFG (Prop_bufg_I_O)         0.026     0.336 r  design_1_i/cg_fpga_0/inst/processing_system7_0/inst/buffer_fclk_clk_0.FCLK_CLK_0_BUFG/O
                         net (fo=6956, routed)        0.549     0.885    design_1_i/cg_fpga_0/inst/cg_fpga_axi_gpio_o1/U0/gpio_core_1/s_axi_aclk
    SLICE_X33Y70         FDRE                                         r  design_1_i/cg_fpga_0/inst/cg_fpga_axi_gpio_o1/U0/gpio_core_1/Dual.gpio_Data_Out_reg[28]/C
  -------------------------------------------------------------------    -------------------
    SLICE_X33Y70         FDRE (Prop_fdre_C_Q)         0.141     1.026 f  design_1_i/cg_fpga_0/inst/cg_fpga_axi_gpio_o1/U0/gpio_core_1/Dual.gpio_Data_Out_reg[28]/Q
                         net (fo=2, routed)           0.225     1.251    design_1_i/adpt_in_0/inst/sw_b[3]
    SLICE_X33Y70         LUT1 (Prop_lut1_I0_O)        0.045     1.296 r  design_1_i/adpt_in_0/inst/data0[3]_INST_0/O
                         net (fo=1, routed)           0.160     1.456    <hidden>
    RAMB18_X2Y28         RAMB18E1                                     r  <hidden>
  -------------------------------------------------------------------    -------------------

Slack:                    inf
  Source:                 design_1_i/cg_fpga_0/inst/cg_fpga_axi_gpio_o1/U0/gpio_core_1/Dual.gpio_Data_Out_reg[25]/C
                            (rising edge-triggered cell FDRE clocked by clk_fpga_0  {rise@0.000ns fall@5.000ns period=10.000ns})
  Destination:            <hidden>
  Path Group:             (none)
  Path Type:              Min at Fast Process Corner
  Data Path Delay:        0.579ns  (logic 0.250ns (43.172%)  route 0.329ns (56.828%))
  Logic Levels:           1  (LUT1=1)
  Clock Uncertainty:      0.152ns  ((TSJ^2 + TIJ^2)^1/2 + DJ) / 2 + PE
    Total System Jitter     (TSJ):    0.050ns
    Total Input Jitter      (TIJ):    0.300ns
    Discrete Jitter          (DJ):    0.000ns
    Phase Error              (PE):    0.000ns

    Location             Delay type                Incr(ns)  Path(ns)    Netlist Resource(s)
  -------------------------------------------------------------------    -------------------
                         (clock clk_fpga_0 rise edge)
                                                      0.000     0.000 r  
    PS7_X0Y0             PS7                          0.000     0.000 r  design_1_i/cg_fpga_0/inst/processing_system7_0/inst/PS7_i/FCLKCLK[0]
                         net (fo=1, routed)           0.310     0.310    design_1_i/cg_fpga_0/inst/processing_system7_0/inst/FCLK_CLK_unbuffered[0]
    BUFGCTRL_X0Y16       BUFG (Prop_bufg_I_O)         0.026     0.336 r  design_1_i/cg_fpga_0/inst/processing_system7_0/inst/buffer_fclk_clk_0.FCLK_CLK_0_BUFG/O
                         net (fo=6956, routed)        0.546     0.882    design_1_i/cg_fpga_0/inst/cg_fpga_axi_gpio_o1/U0/gpio_core_1/s_axi_aclk
    SLICE_X32Y73         FDRE                                         r  design_1_i/cg_fpga_0/inst/cg_fpga_axi_gpio_o1/U0/gpio_core_1/Dual.gpio_Data_Out_reg[25]/C
  -------------------------------------------------------------------    -------------------
    SLICE_X32Y73         FDRE (Prop_fdre_C_Q)         0.148     1.030 f  design_1_i/cg_fpga_0/inst/cg_fpga_axi_gpio_o1/U0/gpio_core_1/Dual.gpio_Data_Out_reg[25]/Q
                         net (fo=2, routed)           0.218     1.247    design_1_i/adpt_in_0/inst/sw_b[6]
    SLICE_X32Y70         LUT1 (Prop_lut1_I0_O)        0.102     1.349 r  design_1_i/adpt_in_0/inst/data0[6]_INST_0/O
                         net (fo=1, routed)           0.111     1.461    <hidden>
    RAMB18_X2Y28         RAMB18E1                                     r  <hidden>
  -------------------------------------------------------------------    -------------------

Slack:                    inf
  Source:                 design_1_i/cg_fpga_0/inst/cg_fpga_axi_gpio_o1/U0/gpio_core_1/Dual.gpio_Data_Out_reg[20]/C
                            (rising edge-triggered cell FDRE clocked by clk_fpga_0  {rise@0.000ns fall@5.000ns period=10.000ns})
  Destination:            <hidden>
  Path Group:             (none)
  Path Type:              Min at Fast Process Corner
  Data Path Delay:        0.613ns  (logic 0.209ns (34.115%)  route 0.404ns (65.885%))
  Logic Levels:           1  (LUT1=1)
  Clock Uncertainty:      0.152ns  ((TSJ^2 + TIJ^2)^1/2 + DJ) / 2 + PE
    Total System Jitter     (TSJ):    0.050ns
    Total Input Jitter      (TIJ):    0.300ns
    Discrete Jitter          (DJ):    0.000ns
    Phase Error              (PE):    0.000ns

    Location             Delay type                Incr(ns)  Path(ns)    Netlist Resource(s)
  -------------------------------------------------------------------    -------------------
                         (clock clk_fpga_0 rise edge)
                                                      0.000     0.000 r  
    PS7_X0Y0             PS7                          0.000     0.000 r  design_1_i/cg_fpga_0/inst/processing_system7_0/inst/PS7_i/FCLKCLK[0]
                         net (fo=1, routed)           0.310     0.310    design_1_i/cg_fpga_0/inst/processing_system7_0/inst/FCLK_CLK_unbuffered[0]
    BUFGCTRL_X0Y16       BUFG (Prop_bufg_I_O)         0.026     0.336 r  design_1_i/cg_fpga_0/inst/processing_system7_0/inst/buffer_fclk_clk_0.FCLK_CLK_0_BUFG/O
                         net (fo=6956, routed)        0.546     0.882    design_1_i/cg_fpga_0/inst/cg_fpga_axi_gpio_o1/U0/gpio_core_1/s_axi_aclk
    SLICE_X32Y73         FDRE                                         r  design_1_i/cg_fpga_0/inst/cg_fpga_axi_gpio_o1/U0/gpio_core_1/Dual.gpio_Data_Out_reg[20]/C
  -------------------------------------------------------------------    -------------------
    SLICE_X32Y73         FDRE (Prop_fdre_C_Q)         0.164     1.046 f  design_1_i/cg_fpga_0/inst/cg_fpga_axi_gpio_o1/U0/gpio_core_1/Dual.gpio_Data_Out_reg[20]/Q
                         net (fo=2, routed)           0.296     1.341    design_1_i/adpt_in_0/inst/sw_b[11]
    SLICE_X32Y73         LUT1 (Prop_lut1_I0_O)        0.045     1.386 r  design_1_i/adpt_in_0/inst/data1[3]_INST_0/O
                         net (fo=1, routed)           0.108     1.494    <hidden>
    RAMB18_X2Y29         RAMB18E1                                     r  <hidden>
  -------------------------------------------------------------------    -------------------

Slack:                    inf
  Source:                 design_1_i/cg_fpga_0/inst/cg_fpga_axi_gpio_o1/U0/gpio_core_1/Dual.gpio2_Data_Out_reg[29]/C
                            (rising edge-triggered cell FDRE clocked by clk_fpga_0  {rise@0.000ns fall@5.000ns period=10.000ns})
  Destination:            <hidden>
  Path Group:             (none)
  Path Type:              Min at Fast Process Corner
  Data Path Delay:        0.620ns  (logic 0.209ns (33.702%)  route 0.411ns (66.298%))
  Logic Levels:           1  (LUT1=1)
  Clock Uncertainty:      0.152ns  ((TSJ^2 + TIJ^2)^1/2 + DJ) / 2 + PE
    Total System Jitter     (TSJ):    0.050ns
    Total Input Jitter      (TIJ):    0.300ns
    Discrete Jitter          (DJ):    0.000ns
    Phase Error              (PE):    0.000ns

    Location             Delay type                Incr(ns)  Path(ns)    Netlist Resource(s)
  -------------------------------------------------------------------    -------------------
                         (clock clk_fpga_0 rise edge)
                                                      0.000     0.000 r  
    PS7_X0Y0             PS7                          0.000     0.000 r  design_1_i/cg_fpga_0/inst/processing_system7_0/inst/PS7_i/FCLKCLK[0]
                         net (fo=1, routed)           0.310     0.310    design_1_i/cg_fpga_0/inst/processing_system7_0/inst/FCLK_CLK_unbuffered[0]
    BUFGCTRL_X0Y16       BUFG (Prop_bufg_I_O)         0.026     0.336 r  design_1_i/cg_fpga_0/inst/processing_system7_0/inst/buffer_fclk_clk_0.FCLK_CLK_0_BUFG/O
                         net (fo=6956, routed)        0.548     0.884    design_1_i/cg_fpga_0/inst/cg_fpga_axi_gpio_o1/U0/gpio_core_1/s_axi_aclk
    SLICE_X32Y71         FDRE                                         r  design_1_i/cg_fpga_0/inst/cg_fpga_axi_gpio_o1/U0/gpio_core_1/Dual.gpio2_Data_Out_reg[29]/C
  -------------------------------------------------------------------    -------------------
    SLICE_X32Y71         FDRE (Prop_fdre_C_Q)         0.164     1.048 f  design_1_i/cg_fpga_0/inst/cg_fpga_axi_gpio_o1/U0/gpio_core_1/Dual.gpio2_Data_Out_reg[29]/Q
                         net (fo=2, routed)           0.236     1.283    design_1_i/adpt_in_0/inst/sw_a[2]
    SLICE_X32Y71         LUT1 (Prop_lut1_I0_O)        0.045     1.328 r  design_1_i/adpt_in_0/inst/addr_7_0[2]_INST_0/O
                         net (fo=4, routed)           0.176     1.504    <hidden>
    RAMB18_X2Y28         RAMB18E1                                     r  <hidden>
  -------------------------------------------------------------------    -------------------

Slack:                    inf
  Source:                 design_1_i/cg_fpga_0/inst/cg_fpga_axi_gpio_o1/U0/gpio_core_1/Dual.gpio2_Data_Out_reg[29]/C
                            (rising edge-triggered cell FDRE clocked by clk_fpga_0  {rise@0.000ns fall@5.000ns period=10.000ns})
  Destination:            <hidden>
  Path Group:             (none)
  Path Type:              Min at Fast Process Corner
  Data Path Delay:        0.620ns  (logic 0.209ns (33.702%)  route 0.411ns (66.298%))
  Logic Levels:           1  (LUT1=1)
  Clock Uncertainty:      0.152ns  ((TSJ^2 + TIJ^2)^1/2 + DJ) / 2 + PE
    Total System Jitter     (TSJ):    0.050ns
    Total Input Jitter      (TIJ):    0.300ns
    Discrete Jitter          (DJ):    0.000ns
    Phase Error              (PE):    0.000ns

    Location             Delay type                Incr(ns)  Path(ns)    Netlist Resource(s)
  -------------------------------------------------------------------    -------------------
                         (clock clk_fpga_0 rise edge)
                                                      0.000     0.000 r  
    PS7_X0Y0             PS7                          0.000     0.000 r  design_1_i/cg_fpga_0/inst/processing_system7_0/inst/PS7_i/FCLKCLK[0]
                         net (fo=1, routed)           0.310     0.310    design_1_i/cg_fpga_0/inst/processing_system7_0/inst/FCLK_CLK_unbuffered[0]
    BUFGCTRL_X0Y16       BUFG (Prop_bufg_I_O)         0.026     0.336 r  design_1_i/cg_fpga_0/inst/processing_system7_0/inst/buffer_fclk_clk_0.FCLK_CLK_0_BUFG/O
                         net (fo=6956, routed)        0.548     0.884    design_1_i/cg_fpga_0/inst/cg_fpga_axi_gpio_o1/U0/gpio_core_1/s_axi_aclk
    SLICE_X32Y71         FDRE                                         r  design_1_i/cg_fpga_0/inst/cg_fpga_axi_gpio_o1/U0/gpio_core_1/Dual.gpio2_Data_Out_reg[29]/C
  -------------------------------------------------------------------    -------------------
    SLICE_X32Y71         FDRE (Prop_fdre_C_Q)         0.164     1.048 f  design_1_i/cg_fpga_0/inst/cg_fpga_axi_gpio_o1/U0/gpio_core_1/Dual.gpio2_Data_Out_reg[29]/Q
                         net (fo=2, routed)           0.236     1.283    design_1_i/adpt_in_0/inst/sw_a[2]
    SLICE_X32Y71         LUT1 (Prop_lut1_I0_O)        0.045     1.328 r  design_1_i/adpt_in_0/inst/addr_7_0[2]_INST_0/O
                         net (fo=4, routed)           0.176     1.504    <hidden>
    RAMB18_X2Y29         RAMB18E1                                     r  <hidden>
  -------------------------------------------------------------------    -------------------

Slack:                    inf
  Source:                 design_1_i/cg_fpga_0/inst/cg_fpga_axi_gpio_o1/U0/gpio_core_1/Dual.gpio2_Data_Out_reg[29]/C
                            (rising edge-triggered cell FDRE clocked by clk_fpga_0  {rise@0.000ns fall@5.000ns period=10.000ns})
  Destination:            <hidden>
  Path Group:             (none)
  Path Type:              Min at Fast Process Corner
  Data Path Delay:        0.622ns  (logic 0.209ns (33.618%)  route 0.413ns (66.382%))
  Logic Levels:           1  (LUT1=1)
  Clock Uncertainty:      0.152ns  ((TSJ^2 + TIJ^2)^1/2 + DJ) / 2 + PE
    Total System Jitter     (TSJ):    0.050ns
    Total Input Jitter      (TIJ):    0.300ns
    Discrete Jitter          (DJ):    0.000ns
    Phase Error              (PE):    0.000ns

    Location             Delay type                Incr(ns)  Path(ns)    Netlist Resource(s)
  -------------------------------------------------------------------    -------------------
                         (clock clk_fpga_0 rise edge)
                                                      0.000     0.000 r  
    PS7_X0Y0             PS7                          0.000     0.000 r  design_1_i/cg_fpga_0/inst/processing_system7_0/inst/PS7_i/FCLKCLK[0]
                         net (fo=1, routed)           0.310     0.310    design_1_i/cg_fpga_0/inst/processing_system7_0/inst/FCLK_CLK_unbuffered[0]
    BUFGCTRL_X0Y16       BUFG (Prop_bufg_I_O)         0.026     0.336 r  design_1_i/cg_fpga_0/inst/processing_system7_0/inst/buffer_fclk_clk_0.FCLK_CLK_0_BUFG/O
                         net (fo=6956, routed)        0.548     0.884    design_1_i/cg_fpga_0/inst/cg_fpga_axi_gpio_o1/U0/gpio_core_1/s_axi_aclk
    SLICE_X32Y71         FDRE                                         r  design_1_i/cg_fpga_0/inst/cg_fpga_axi_gpio_o1/U0/gpio_core_1/Dual.gpio2_Data_Out_reg[29]/C
  -------------------------------------------------------------------    -------------------
    SLICE_X32Y71         FDRE (Prop_fdre_C_Q)         0.164     1.048 f  design_1_i/cg_fpga_0/inst/cg_fpga_axi_gpio_o1/U0/gpio_core_1/Dual.gpio2_Data_Out_reg[29]/Q
                         net (fo=2, routed)           0.236     1.283    design_1_i/adpt_in_0/inst/sw_a[2]
    SLICE_X32Y71         LUT1 (Prop_lut1_I0_O)        0.045     1.328 r  design_1_i/adpt_in_0/inst/addr_7_0[2]_INST_0/O
                         net (fo=4, routed)           0.177     1.505    <hidden>
    RAMB18_X2Y28         RAMB18E1                                     r  <hidden>
  -------------------------------------------------------------------    -------------------

Slack:                    inf
  Source:                 design_1_i/cg_fpga_0/inst/cg_fpga_axi_gpio_o1/U0/gpio_core_1/Dual.gpio2_Data_Out_reg[29]/C
                            (rising edge-triggered cell FDRE clocked by clk_fpga_0  {rise@0.000ns fall@5.000ns period=10.000ns})
  Destination:            <hidden>
  Path Group:             (none)
  Path Type:              Min at Fast Process Corner
  Data Path Delay:        0.622ns  (logic 0.209ns (33.618%)  route 0.413ns (66.382%))
  Logic Levels:           1  (LUT1=1)
  Clock Uncertainty:      0.152ns  ((TSJ^2 + TIJ^2)^1/2 + DJ) / 2 + PE
    Total System Jitter     (TSJ):    0.050ns
    Total Input Jitter      (TIJ):    0.300ns
    Discrete Jitter          (DJ):    0.000ns
    Phase Error              (PE):    0.000ns

    Location             Delay type                Incr(ns)  Path(ns)    Netlist Resource(s)
  -------------------------------------------------------------------    -------------------
                         (clock clk_fpga_0 rise edge)
                                                      0.000     0.000 r  
    PS7_X0Y0             PS7                          0.000     0.000 r  design_1_i/cg_fpga_0/inst/processing_system7_0/inst/PS7_i/FCLKCLK[0]
                         net (fo=1, routed)           0.310     0.310    design_1_i/cg_fpga_0/inst/processing_system7_0/inst/FCLK_CLK_unbuffered[0]
    BUFGCTRL_X0Y16       BUFG (Prop_bufg_I_O)         0.026     0.336 r  design_1_i/cg_fpga_0/inst/processing_system7_0/inst/buffer_fclk_clk_0.FCLK_CLK_0_BUFG/O
                         net (fo=6956, routed)        0.548     0.884    design_1_i/cg_fpga_0/inst/cg_fpga_axi_gpio_o1/U0/gpio_core_1/s_axi_aclk
    SLICE_X32Y71         FDRE                                         r  design_1_i/cg_fpga_0/inst/cg_fpga_axi_gpio_o1/U0/gpio_core_1/Dual.gpio2_Data_Out_reg[29]/C
  -------------------------------------------------------------------    -------------------
    SLICE_X32Y71         FDRE (Prop_fdre_C_Q)         0.164     1.048 f  design_1_i/cg_fpga_0/inst/cg_fpga_axi_gpio_o1/U0/gpio_core_1/Dual.gpio2_Data_Out_reg[29]/Q
                         net (fo=2, routed)           0.236     1.283    design_1_i/adpt_in_0/inst/sw_a[2]
    SLICE_X32Y71         LUT1 (Prop_lut1_I0_O)        0.045     1.328 r  design_1_i/adpt_in_0/inst/addr_7_0[2]_INST_0/O
                         net (fo=4, routed)           0.177     1.505    <hidden>
    RAMB18_X2Y29         RAMB18E1                                     r  <hidden>
  -------------------------------------------------------------------    -------------------





