#-----------------------------------------------------------
# Vivado v2025.1 (64-bit)
# SW Build 6140274 on Thu May 22 00:12:29 MDT 2025
# IP Build 6138677 on Thu May 22 03:10:11 MDT 2025
# SharedData Build 6139179 on Tue May 20 17:58:58 MDT 2025
# Start of session at: Sat Nov  8 19:14:23 2025
# Process ID         : 20792
# Current directory  : F:/Haoyang_Sun/experiments/labs/lab8_ex
# Command line       : vivado.exe -gui_launcher_event rodinguilauncherevent27188 F:\Haoyang_Sun\experiments\labs\lab8_ex\lab8_ex.xpr
# Log file           : F:/Haoyang_Sun/experiments/labs/lab8_ex/vivado.log
# Journal file       : F:/Haoyang_Sun/experiments/labs/lab8_ex\vivado.jou
# Running On         : SKULL
# Platform           : Windows Server 2016 or Windows 10
# Operating System   : 26200
# Processor Detail   : Intel(R) Core(TM) i9-14900HX
# CPU Frequency      : 2419 MHz
# CPU Physical cores : 24
# CPU Logical cores  : 32
# Host memory        : 16890 MB
# Swap memory        : 8053 MB
# Total Virtual      : 24943 MB
# Available Virtual  : 11290 MB
#-----------------------------------------------------------
start_gui
WARNING: [Board 49-26] cannot add Board Part xilinx.com:emb-plus-vpr-4616:part0:1.0 available at E:/vivado/2025.1/data/xhub/boards\XilinxBoardStore\boards\Xilinx\emb-plus-vpr-4616\1.0\board.xml as part xcve2302-sfva784-2mp-e-s specified in board_part file is either invalid or not available
WARNING: [Board 49-26] cannot add Board Part xilinx.com:emb-plus-vpr-4616:part0:1.1 available at E:/vivado/2025.1/data/xhub/boards\XilinxBoardStore\boards\Xilinx\emb-plus-vpr-4616\1.1\board.xml as part xcve2302-sfva784-2mp-e-s specified in board_part file is either invalid or not available
WARNING: [Board 49-26] cannot add Board Part xilinx.com:k24c:part0:1.0 available at E:/vivado/2025.1/data/xhub/boards\XilinxBoardStore\boards\Xilinx\k24c\1.0\board.xml as part xck24-ubva530-2lv-c specified in board_part file is either invalid or not available
WARNING: [Board 49-26] cannot add Board Part xilinx.com:k24c:part0:1.1 available at E:/vivado/2025.1/data/xhub/boards\XilinxBoardStore\boards\Xilinx\k24c\1.1\board.xml as part xck24-ubva530-2lv-c specified in board_part file is either invalid or not available
WARNING: [Board 49-26] cannot add Board Part xilinx.com:k24i:part0:1.0 available at E:/vivado/2025.1/data/xhub/boards\XilinxBoardStore\boards\Xilinx\k24i\1.0\board.xml as part xck24-ubva530-2lvi-i specified in board_part file is either invalid or not available
WARNING: [Board 49-26] cannot add Board Part xilinx.com:k26c:part0:1.2 available at E:/vivado/2025.1/data/xhub/boards\XilinxBoardStore\boards\Xilinx\k26c\1.2\board.xml as part xck26-sfvc784-2lv-c specified in board_part file is either invalid or not available
WARNING: [Board 49-26] cannot add Board Part xilinx.com:k26c:part0:1.3 available at E:/vivado/2025.1/data/xhub/boards\XilinxBoardStore\boards\Xilinx\k26c\1.3\board.xml as part xck26-sfvc784-2lv-c specified in board_part file is either invalid or not available
WARNING: [Board 49-26] cannot add Board Part xilinx.com:k26c:part0:1.4 available at E:/vivado/2025.1/data/xhub/boards\XilinxBoardStore\boards\Xilinx\k26c\1.4\board.xml as part xck26-sfvc784-2lv-c specified in board_part file is either invalid or not available
WARNING: [Board 49-26] cannot add Board Part xilinx.com:k26i:part0:1.2 available at E:/vivado/2025.1/data/xhub/boards\XilinxBoardStore\boards\Xilinx\k26i\1.2\board.xml as part xck26-sfvc784-2lvi-i specified in board_part file is either invalid or not available
WARNING: [Board 49-26] cannot add Board Part xilinx.com:k26i:part0:1.3 available at E:/vivado/2025.1/data/xhub/boards\XilinxBoardStore\boards\Xilinx\k26i\1.3\board.xml as part xck26-sfvc784-2lvi-i specified in board_part file is either invalid or not available
WARNING: [Board 49-26] cannot add Board Part xilinx.com:k26i:part0:1.4 available at E:/vivado/2025.1/data/xhub/boards\XilinxBoardStore\boards\Xilinx\k26i\1.4\board.xml as part xck26-sfvc784-2lvi-i specified in board_part file is either invalid or not available
WARNING: [Board 49-26] cannot add Board Part xilinx.com:kcu105:part0:1.6 available at E:/vivado/2025.1/data/xhub/boards\XilinxBoardStore\boards\Xilinx\kcu105\1.6\board.xml as part xcku040-ffva1156-2-e specified in board_part file is either invalid or not available
WARNING: [Board 49-26] cannot add Board Part xilinx.com:kcu105:part0:1.7 available at E:/vivado/2025.1/data/xhub/boards\XilinxBoardStore\boards\Xilinx\kcu105\1.7\board.xml as part xcku040-ffva1156-2-e specified in board_part file is either invalid or not available
WARNING: [Board 49-26] cannot add Board Part xilinx.com:kcu116:part0:1.4 available at E:/vivado/2025.1/data/xhub/boards\XilinxBoardStore\boards\Xilinx\kcu116\1.4\board.xml as part xcku5p-ffvb676-2-e specified in board_part file is either invalid or not available
WARNING: [Board 49-26] cannot add Board Part xilinx.com:kcu116:part0:1.5 available at E:/vivado/2025.1/data/xhub/boards\XilinxBoardStore\boards\Xilinx\kcu116\1.5\board.xml as part xcku5p-ffvb676-2-e specified in board_part file is either invalid or not available
WARNING: [Board 49-26] cannot add Board Part xilinx.com:kcu1500:part0:1.2 available at E:/vivado/2025.1/data/xhub/boards\XilinxBoardStore\boards\Xilinx\kcu1500\1.2\board.xml as part xcku115-flvb2104-2-e specified in board_part file is either invalid or not available
WARNING: [Board 49-26] cannot add Board Part xilinx.com:kd240_som:part0:1.0 available at E:/vivado/2025.1/data/xhub/boards\XilinxBoardStore\boards\Xilinx\kd240_som\1.0\board.xml as part xck24-ubva530-2lv-c specified in board_part file is either invalid or not available
WARNING: [Board 49-26] cannot add Board Part xilinx.com:kd240_som:part0:1.1 available at E:/vivado/2025.1/data/xhub/boards\XilinxBoardStore\boards\Xilinx\kd240_som\1.1\board.xml as part xck24-ubva530-2lv-c specified in board_part file is either invalid or not available
WARNING: [Board 49-26] cannot add Board Part xilinx.com:kr260_som:part0:1.0 available at E:/vivado/2025.1/data/xhub/boards\XilinxBoardStore\boards\Xilinx\kr260_som\1.0\board.xml as part xck26-sfvc784-2lv-c specified in board_part file is either invalid or not available
WARNING: [Board 49-26] cannot add Board Part xilinx.com:kr260_som:part0:1.1 available at E:/vivado/2025.1/data/xhub/boards\XilinxBoardStore\boards\Xilinx\kr260_som\1.1\board.xml as part xck26-sfvc784-2lv-c specified in board_part file is either invalid or not available
WARNING: [Board 49-26] cannot add Board Part xilinx.com:kv260_som:part0:1.2 available at E:/vivado/2025.1/data/xhub/boards\XilinxBoardStore\boards\Xilinx\kv260_som\1.2\board.xml as part xck26-sfvc784-2lv-c specified in board_part file is either invalid or not available
WARNING: [Board 49-26] cannot add Board Part xilinx.com:kv260_som:part0:1.3 available at E:/vivado/2025.1/data/xhub/boards\XilinxBoardStore\boards\Xilinx\kv260_som\1.3\board.xml as part xck26-sfvc784-2lv-c specified in board_part file is either invalid or not available
WARNING: [Board 49-26] cannot add Board Part xilinx.com:kv260_som:part0:1.4 available at E:/vivado/2025.1/data/xhub/boards\XilinxBoardStore\boards\Xilinx\kv260_som\1.4\board.xml as part xck26-sfvc784-2lv-c specified in board_part file is either invalid or not available
WARNING: [Board 49-26] cannot add Board Part xilinx.com:scu35:part0:1.0 available at E:/vivado/2025.1/data/xhub/boards\XilinxBoardStore\boards\Xilinx\scu35\1.0\board.xml as part xcsu35p-sbvb625-2-e specified in board_part file is either invalid or not available
WARNING: [Board 49-26] cannot add Board Part xilinx.com:v80:part0:1.0 available at E:/vivado/2025.1/data/xhub/boards\XilinxBoardStore\boards\Xilinx\v80\1.0\board.xml as part xcv80-lsva4737-2mhp-e-s specified in board_part file is either invalid or not available
WARNING: [Board 49-26] cannot add Board Part xilinx.com:vck190:part0:2.2 available at E:/vivado/2025.1/data/xhub/boards\XilinxBoardStore\boards\Xilinx\vck190\production\2.2\board.xml as part xcvc1902-vsva2197-2mp-e-s specified in board_part file is either invalid or not available
WARNING: [Board 49-26] cannot add Board Part xilinx.com:vck190:part0:3.0 available at E:/vivado/2025.1/data/xhub/boards\XilinxBoardStore\boards\Xilinx\vck190\production\3.0\board.xml as part xcvc1902-vsva2197-2mp-e-s specified in board_part file is either invalid or not available
WARNING: [Board 49-26] cannot add Board Part xilinx.com:vck190:part0:3.1 available at E:/vivado/2025.1/data/xhub/boards\XilinxBoardStore\boards\Xilinx\vck190\production\3.1\board.xml as part xcvc1902-vsva2197-2mp-e-s specified in board_part file is either invalid or not available
WARNING: [Board 49-26] cannot add Board Part xilinx.com:vck190:part0:3.2 available at E:/vivado/2025.1/data/xhub/boards\XilinxBoardStore\boards\Xilinx\vck190\production\3.2\board.xml as part xcvc1902-vsva2197-2mp-e-s specified in board_part file is either invalid or not available
WARNING: [Board 49-26] cannot add Board Part xilinx.com:vck190:part0:3.3 available at E:/vivado/2025.1/data/xhub/boards\XilinxBoardStore\boards\Xilinx\vck190\production\3.3\board.xml as part xcvc1902-vsva2197-2mp-e-s specified in board_part file is either invalid or not available
WARNING: [Board 49-26] cannot add Board Part xilinx.com:vck190:part0:3.4 available at E:/vivado/2025.1/data/xhub/boards\XilinxBoardStore\boards\Xilinx\vck190\production\3.4\board.xml as part xcvc1902-vsva2197-2mp-e-s specified in board_part file is either invalid or not available
WARNING: [Board 49-26] cannot add Board Part xilinx.com:vck190_newl:part0:1.0 available at E:/vivado/2025.1/data/xhub/boards\XilinxBoardStore\boards\Xilinx\vck190_newl\production\1.0\board.xml as part xcvc1902-vsva2197-2mp-e-s specified in board_part file is either invalid or not available
WARNING: [Board 49-26] cannot add Board Part xilinx.com:vck190_newl:part0:1.1 available at E:/vivado/2025.1/data/xhub/boards\XilinxBoardStore\boards\Xilinx\vck190_newl\production\1.1\board.xml as part xcvc1902-vsva2197-2mp-e-s specified in board_part file is either invalid or not available
WARNING: [Board 49-26] cannot add Board Part xilinx.com:vck190_newl:part0:1.2 available at E:/vivado/2025.1/data/xhub/boards\XilinxBoardStore\boards\Xilinx\vck190_newl\production\1.2\board.xml as part xcvc1902-vsva2197-2mp-e-s specified in board_part file is either invalid or not available
WARNING: [Board 49-26] cannot add Board Part xilinx.com:vck190_newl:part0:1.3 available at E:/vivado/2025.1/data/xhub/boards\XilinxBoardStore\boards\Xilinx\vck190_newl\production\1.3\board.xml as part xcvc1902-vsva2197-2mp-e-s specified in board_part file is either invalid or not available
WARNING: [Board 49-26] cannot add Board Part xilinx.com:vcu108:part0:1.6 available at E:/vivado/2025.1/data/xhub/boards\XilinxBoardStore\boards\Xilinx\vcu108\1.6\board.xml as part xcvu095-ffva2104-2-e specified in board_part file is either invalid or not available
WARNING: [Board 49-26] cannot add Board Part xilinx.com:vcu108:part0:1.7 available at E:/vivado/2025.1/data/xhub/boards\XilinxBoardStore\boards\Xilinx\vcu108\1.7\board.xml as part xcvu095-ffva2104-2-e specified in board_part file is either invalid or not available
WARNING: [Board 49-26] cannot add Board Part xilinx.com:vcu110:part0:1.4 available at E:/vivado/2025.1/data/xhub/boards\XilinxBoardStore\boards\Xilinx\vcu110\1.4\board.xml as part xcvu190-flgc2104-2-e specified in board_part file is either invalid or not available
WARNING: [Board 49-26] cannot add Board Part xilinx.com:vcu118:part0:2.0 available at E:/vivado/2025.1/data/xhub/boards\XilinxBoardStore\boards\Xilinx\vcu118\2.0\board.xml as part xcvu9p-flga2104-2l-e specified in board_part file is either invalid or not available
WARNING: [Board 49-26] cannot add Board Part xilinx.com:vcu118:part0:2.3 available at E:/vivado/2025.1/data/xhub/boards\XilinxBoardStore\boards\Xilinx\vcu118\2.3\board.xml as part xcvu9p-flga2104-2l-e specified in board_part file is either invalid or not available
WARNING: [Board 49-26] cannot add Board Part xilinx.com:vcu118:part0:2.4 available at E:/vivado/2025.1/data/xhub/boards\XilinxBoardStore\boards\Xilinx\vcu118\2.4\board.xml as part xcvu9p-flga2104-2l-e specified in board_part file is either invalid or not available
WARNING: [Board 49-26] cannot add Board Part xilinx.com:vcu128:part0:1.0 available at E:/vivado/2025.1/data/xhub/boards\XilinxBoardStore\boards\Xilinx\vcu128\production\1.0\board.xml as part xcvu37p-fsvh2892-2l-e specified in board_part file is either invalid or not available
WARNING: [Board 49-26] cannot add Board Part xilinx.com:vcu129:part0:1.0 available at E:/vivado/2025.1/data/xhub/boards\XilinxBoardStore\boards\Xilinx\vcu129\production\1.0\board.xml as part xcvu29p-fsga2577-2l-e specified in board_part file is either invalid or not available
WARNING: [Board 49-26] cannot add Board Part xilinx.com:vcu1525:part0:1.3 available at E:/vivado/2025.1/data/xhub/boards\XilinxBoardStore\boards\Xilinx\vcu1525\1.3\board.xml as part xcvu9p-fsgd2104-2l-e specified in board_part file is either invalid or not available
WARNING: [Board 49-26] cannot add Board Part xilinx.com:vek280:part0:1.0 available at E:/vivado/2025.1/data/xhub/boards\XilinxBoardStore\boards\Xilinx\vek280\production\1.0\board.xml as part xcve2802-vsvh1760-2mp-e-s specified in board_part file is either invalid or not available
WARNING: [Board 49-26] cannot add Board Part xilinx.com:vek280:part0:1.1 available at E:/vivado/2025.1/data/xhub/boards\XilinxBoardStore\boards\Xilinx\vek280\production\1.1\board.xml as part xcve2802-vsvh1760-2mp-e-s specified in board_part file is either invalid or not available
WARNING: [Board 49-26] cannot add Board Part xilinx.com:vek280:part0:1.2 available at E:/vivado/2025.1/data/xhub/boards\XilinxBoardStore\boards\Xilinx\vek280\production\1.2\board.xml as part xcve2802-vsvh1760-2mp-e-s specified in board_part file is either invalid or not available
WARNING: [Board 49-26] cannot add Board Part xilinx.com:vek385:part0:1.0 available at E:/vivado/2025.1/data/xhub/boards\XilinxBoardStore\boards\Xilinx\vek385\1.0\board.xml as part xc2ve3858-ssva2112-2mp-e-s specified in board_part file is either invalid or not available
WARNING: [Board 49-26] cannot add Board Part xilinx.com:vermeo_t1_mpsoc:part0:1.0 available at E:/vivado/2025.1/data/xhub/boards\XilinxBoardStore\boards\Xilinx\vermeo_t1_mpsoc\1.0\board.xml as part xczu19eg-ffvd1760-2l-e specified in board_part file is either invalid or not available
WARNING: [Board 49-26] cannot add Board Part xilinx.com:vermeo_t1_rfsoc:part0:1.0 available at E:/vivado/2025.1/data/xhub/boards\XilinxBoardStore\boards\Xilinx\vermeo_t1_rfsoc\1.0\board.xml as part xczu21dr-ffvd1156-2l-e specified in board_part file is either invalid or not available
WARNING: [Board 49-26] cannot add Board Part xilinx.com:vhk158:part0:1.0 available at E:/vivado/2025.1/data/xhub/boards\XilinxBoardStore\boards\Xilinx\vhk158\production\1.0\board.xml as part xcvh1582-vsva3697-2mp-e-s specified in board_part file is either invalid or not available
WARNING: [Board 49-26] cannot add Board Part xilinx.com:vhk158:part0:1.1 available at E:/vivado/2025.1/data/xhub/boards\XilinxBoardStore\boards\Xilinx\vhk158\production\1.1\board.xml as part xcvh1582-vsva3697-2mp-e-s specified in board_part file is either invalid or not available
WARNING: [Board 49-26] cannot add Board Part xilinx.com:vhk158:part0:1.2 available at E:/vivado/2025.1/data/xhub/boards\XilinxBoardStore\boards\Xilinx\vhk158\production\1.2\board.xml as part xcvh1582-vsva3697-2mp-e-s specified in board_part file is either invalid or not available
WARNING: [Board 49-26] cannot add Board Part xilinx.com:vmk180:part0:2.2 available at E:/vivado/2025.1/data/xhub/boards\XilinxBoardStore\boards\Xilinx\vmk180\production\2.2\board.xml as part xcvm1802-vsva2197-2mp-e-s specified in board_part file is either invalid or not available
WARNING: [Board 49-26] cannot add Board Part xilinx.com:vmk180:part0:3.0 available at E:/vivado/2025.1/data/xhub/boards\XilinxBoardStore\boards\Xilinx\vmk180\production\3.0\board.xml as part xcvm1802-vsva2197-2mp-e-s specified in board_part file is either invalid or not available
WARNING: [Board 49-26] cannot add Board Part xilinx.com:vmk180:part0:3.1 available at E:/vivado/2025.1/data/xhub/boards\XilinxBoardStore\boards\Xilinx\vmk180\production\3.1\board.xml as part xcvm1802-vsva2197-2mp-e-s specified in board_part file is either invalid or not available
WARNING: [Board 49-26] cannot add Board Part xilinx.com:vmk180:part0:3.2 available at E:/vivado/2025.1/data/xhub/boards\XilinxBoardStore\boards\Xilinx\vmk180\production\3.2\board.xml as part xcvm1802-vsva2197-2mp-e-s specified in board_part file is either invalid or not available
WARNING: [Board 49-26] cannot add Board Part xilinx.com:vmk180:part0:3.3 available at E:/vivado/2025.1/data/xhub/boards\XilinxBoardStore\boards\Xilinx\vmk180\production\3.3\board.xml as part xcvm1802-vsva2197-2mp-e-s specified in board_part file is either invalid or not available
WARNING: [Board 49-26] cannot add Board Part xilinx.com:vmk180_newl:part0:1.0 available at E:/vivado/2025.1/data/xhub/boards\XilinxBoardStore\boards\Xilinx\vmk180_newl\production\1.0\board.xml as part xcvm1802-vsva2197-2mp-e-s specified in board_part file is either invalid or not available
WARNING: [Board 49-26] cannot add Board Part xilinx.com:vmk180_newl:part0:1.1 available at E:/vivado/2025.1/data/xhub/boards\XilinxBoardStore\boards\Xilinx\vmk180_newl\production\1.1\board.xml as part xcvm1802-vsva2197-2mp-e-s specified in board_part file is either invalid or not available
WARNING: [Board 49-26] cannot add Board Part xilinx.com:vpk120:part0:1.0 available at E:/vivado/2025.1/data/xhub/boards\XilinxBoardStore\boards\Xilinx\vpk120\production\1.0\board.xml as part xcvp1202-vsva2785-2mp-e-s specified in board_part file is either invalid or not available
WARNING: [Board 49-26] cannot add Board Part xilinx.com:vpk120:part0:1.1 available at E:/vivado/2025.1/data/xhub/boards\XilinxBoardStore\boards\Xilinx\vpk120\production\1.1\board.xml as part xcvp1202-vsva2785-2mp-e-s specified in board_part file is either invalid or not available
WARNING: [Board 49-26] cannot add Board Part xilinx.com:vpk120:part0:1.2 available at E:/vivado/2025.1/data/xhub/boards\XilinxBoardStore\boards\Xilinx\vpk120\production\1.2\board.xml as part xcvp1202-vsva2785-2mp-e-s specified in board_part file is either invalid or not available
WARNING: [Board 49-26] cannot add Board Part xilinx.com:vpk180:part0:1.0 available at E:/vivado/2025.1/data/xhub/boards\XilinxBoardStore\boards\Xilinx\vpk180\production\1.0\board.xml as part xcvp1802-lsvc4072-2mp-e-s specified in board_part file is either invalid or not available
WARNING: [Board 49-26] cannot add Board Part xilinx.com:vpk180:part0:1.1 available at E:/vivado/2025.1/data/xhub/boards\XilinxBoardStore\boards\Xilinx\vpk180\production\1.1\board.xml as part xcvp1802-lsvc4072-2mp-e-s specified in board_part file is either invalid or not available
WARNING: [Board 49-26] cannot add Board Part xilinx.com:vpk180:part0:1.2 available at E:/vivado/2025.1/data/xhub/boards\XilinxBoardStore\boards\Xilinx\vpk180\production\1.2\board.xml as part xcvp1802-lsvc4072-2mp-e-s specified in board_part file is either invalid or not available
WARNING: [Board 49-26] cannot add Board Part xilinx.com:zcu102:part0:3.3 available at E:/vivado/2025.1/data/xhub/boards\XilinxBoardStore\boards\Xilinx\zcu102\3.3\board.xml as part xczu9eg-ffvb1156-2-e specified in board_part file is either invalid or not available
WARNING: [Board 49-26] cannot add Board Part xilinx.com:zcu102:part0:3.4 available at E:/vivado/2025.1/data/xhub/boards\XilinxBoardStore\boards\Xilinx\zcu102\3.4\board.xml as part xczu9eg-ffvb1156-2-e specified in board_part file is either invalid or not available
WARNING: [Board 49-26] cannot add Board Part xilinx.com:zcu104:part0:1.1 available at E:/vivado/2025.1/data/xhub/boards\XilinxBoardStore\boards\Xilinx\zcu104\1.1\board.xml as part xczu7ev-ffvc1156-2-e specified in board_part file is either invalid or not available
WARNING: [Board 49-26] cannot add Board Part xilinx.com:zcu106:part0:2.4 available at E:/vivado/2025.1/data/xhub/boards\XilinxBoardStore\boards\Xilinx\zcu106\2.4\board.xml as part xczu7ev-ffvc1156-2-e specified in board_part file is either invalid or not available
WARNING: [Board 49-26] cannot add Board Part xilinx.com:zcu106:part0:2.5 available at E:/vivado/2025.1/data/xhub/boards\XilinxBoardStore\boards\Xilinx\zcu106\2.5\board.xml as part xczu7ev-ffvc1156-2-e specified in board_part file is either invalid or not available
WARNING: [Board 49-26] cannot add Board Part xilinx.com:zcu106:part0:2.6 available at E:/vivado/2025.1/data/xhub/boards\XilinxBoardStore\boards\Xilinx\zcu106\2.6\board.xml as part xczu7ev-ffvc1156-2-e specified in board_part file is either invalid or not available
WARNING: [Board 49-26] cannot add Board Part xilinx.com:zcu111:part0:1.2 available at E:/vivado/2025.1/data/xhub/boards\XilinxBoardStore\boards\Xilinx\zcu111\1.2\board.xml as part xczu28dr-ffvg1517-2-e specified in board_part file is either invalid or not available
WARNING: [Board 49-26] cannot add Board Part xilinx.com:zcu111:part0:1.3 available at E:/vivado/2025.1/data/xhub/boards\XilinxBoardStore\boards\Xilinx\zcu111\1.3\board.xml as part xczu28dr-ffvg1517-2-e specified in board_part file is either invalid or not available
WARNING: [Board 49-26] cannot add Board Part xilinx.com:zcu111:part0:1.4 available at E:/vivado/2025.1/data/xhub/boards\XilinxBoardStore\boards\Xilinx\zcu111\1.4\board.xml as part xczu28dr-ffvg1517-2-e specified in board_part file is either invalid or not available
WARNING: [Board 49-26] cannot add Board Part xilinx.com:zcu1275:part0:1.0 available at E:/vivado/2025.1/data/xhub/boards\XilinxBoardStore\boards\Xilinx\zcu1275\1.0\board.xml as part xczu29dr-ffvf1760-2-e specified in board_part file is either invalid or not available
WARNING: [Board 49-26] cannot add Board Part xilinx.com:zcu1285:part0:1.0 available at E:/vivado/2025.1/data/xhub/boards\XilinxBoardStore\boards\Xilinx\zcu1285\1.0\board.xml as part xczu39dr-ffvf1760-2-i specified in board_part file is either invalid or not available
WARNING: [Board 49-26] cannot add Board Part xilinx.com:zcu208:part0:2.0 available at E:/vivado/2025.1/data/xhub/boards\XilinxBoardStore\boards\Xilinx\zcu208\production\2.0\board.xml as part xczu48dr-fsvg1517-2-e specified in board_part file is either invalid or not available
WARNING: [Board 49-26] cannot add Board Part xilinx.com:zcu208ld:part0:2.0 available at E:/vivado/2025.1/data/xhub/boards\XilinxBoardStore\boards\Xilinx\zcu208ld\production\2.0\board.xml as part xczu58dr-fsvg1517-2-i specified in board_part file is either invalid or not available
WARNING: [Board 49-26] cannot add Board Part xilinx.com:zcu216:part0:2.0 available at E:/vivado/2025.1/data/xhub/boards\XilinxBoardStore\boards\Xilinx\zcu216\production\2.0\board.xml as part xczu49dr-ffvf1760-2-e specified in board_part file is either invalid or not available
WARNING: [Board 49-26] cannot add Board Part xilinx.com:zcu216ld:part0:2.0 available at E:/vivado/2025.1/data/xhub/boards\XilinxBoardStore\boards\Xilinx\zcu216ld\production\2.0\board.xml as part xczu59dr-ffvf1760-2-i specified in board_part file is either invalid or not available
WARNING: [Board 49-26] cannot add Board Part xilinx.com:zcu670:part0:2.0 available at E:/vivado/2025.1/data/xhub/boards\XilinxBoardStore\boards\Xilinx\zcu670\2.0\board.xml as part xczu67dr-fsve1156-2-i specified in board_part file is either invalid or not available
WARNING: [Board 49-26] cannot add Board Part xilinx.com:zcu670ld:part0:1.0 available at E:/vivado/2025.1/data/xhub/boards\XilinxBoardStore\boards\Xilinx\zcu670ld\1.0\board.xml as part xczu57dr-fsve1156-2-i specified in board_part file is either invalid or not available
open_project F:/Haoyang_Sun/experiments/labs/lab8_ex/lab8_ex.xpr
INFO: [Project 1-313] Project file moved from 'D:/vivadoRepo/lab8_ex' since last save.
WARNING: [filemgmt 56-3] Board Part Repository Path: Could not find the directory 'C:/Users/11/AppData/Roaming/Xilinx/Vivado/2024.2/xhub/board_store/xilinx_board_store'.
WARNING: [filemgmt 56-2] IP Repository Path: Could not find the directory 'F:/Haoyang_Sun/experiments/labs/ip_repo', nor could it be found using path 'D:/vivadoRepo/ip_repo'.
WARNING: [filemgmt 56-2] IP Repository Path: Could not find the directory 'F:/Haoyang_Sun/experiments/labs/cg_fpga_slim_1_4', nor could it be found using path 'D:/vivadoRepo/cg_fpga_slim_1_4'.
Scanning sources...
Finished scanning sources
WARNING: [Board 49-26] cannot add Board Part xilinx.com:emb-plus-vpr-4616:part0:1.0 available at E:/vivado/2025.1/data/xhub/boards\XilinxBoardStore\boards\Xilinx\emb-plus-vpr-4616\1.0\board.xml as part xcve2302-sfva784-2mp-e-s specified in board_part file is either invalid or not available
WARNING: [Board 49-26] cannot add Board Part xilinx.com:emb-plus-vpr-4616:part0:1.1 available at E:/vivado/2025.1/data/xhub/boards\XilinxBoardStore\boards\Xilinx\emb-plus-vpr-4616\1.1\board.xml as part xcve2302-sfva784-2mp-e-s specified in board_part file is either invalid or not available
WARNING: [Board 49-26] cannot add Board Part xilinx.com:k24c:part0:1.0 available at E:/vivado/2025.1/data/xhub/boards\XilinxBoardStore\boards\Xilinx\k24c\1.0\board.xml as part xck24-ubva530-2lv-c specified in board_part file is either invalid or not available
WARNING: [Board 49-26] cannot add Board Part xilinx.com:k24c:part0:1.1 available at E:/vivado/2025.1/data/xhub/boards\XilinxBoardStore\boards\Xilinx\k24c\1.1\board.xml as part xck24-ubva530-2lv-c specified in board_part file is either invalid or not available
WARNING: [Board 49-26] cannot add Board Part xilinx.com:k24i:part0:1.0 available at E:/vivado/2025.1/data/xhub/boards\XilinxBoardStore\boards\Xilinx\k24i\1.0\board.xml as part xck24-ubva530-2lvi-i specified in board_part file is either invalid or not available
WARNING: [Board 49-26] cannot add Board Part xilinx.com:k26c:part0:1.2 available at E:/vivado/2025.1/data/xhub/boards\XilinxBoardStore\boards\Xilinx\k26c\1.2\board.xml as part xck26-sfvc784-2lv-c specified in board_part file is either invalid or not available
WARNING: [Board 49-26] cannot add Board Part xilinx.com:k26c:part0:1.3 available at E:/vivado/2025.1/data/xhub/boards\XilinxBoardStore\boards\Xilinx\k26c\1.3\board.xml as part xck26-sfvc784-2lv-c specified in board_part file is either invalid or not available
WARNING: [Board 49-26] cannot add Board Part xilinx.com:k26c:part0:1.4 available at E:/vivado/2025.1/data/xhub/boards\XilinxBoardStore\boards\Xilinx\k26c\1.4\board.xml as part xck26-sfvc784-2lv-c specified in board_part file is either invalid or not available
WARNING: [Board 49-26] cannot add Board Part xilinx.com:k26i:part0:1.2 available at E:/vivado/2025.1/data/xhub/boards\XilinxBoardStore\boards\Xilinx\k26i\1.2\board.xml as part xck26-sfvc784-2lvi-i specified in board_part file is either invalid or not available
WARNING: [Board 49-26] cannot add Board Part xilinx.com:k26i:part0:1.3 available at E:/vivado/2025.1/data/xhub/boards\XilinxBoardStore\boards\Xilinx\k26i\1.3\board.xml as part xck26-sfvc784-2lvi-i specified in board_part file is either invalid or not available
WARNING: [Board 49-26] cannot add Board Part xilinx.com:k26i:part0:1.4 available at E:/vivado/2025.1/data/xhub/boards\XilinxBoardStore\boards\Xilinx\k26i\1.4\board.xml as part xck26-sfvc784-2lvi-i specified in board_part file is either invalid or not available
WARNING: [Board 49-26] cannot add Board Part xilinx.com:kcu105:part0:1.6 available at E:/vivado/2025.1/data/xhub/boards\XilinxBoardStore\boards\Xilinx\kcu105\1.6\board.xml as part xcku040-ffva1156-2-e specified in board_part file is either invalid or not available
WARNING: [Board 49-26] cannot add Board Part xilinx.com:kcu105:part0:1.7 available at E:/vivado/2025.1/data/xhub/boards\XilinxBoardStore\boards\Xilinx\kcu105\1.7\board.xml as part xcku040-ffva1156-2-e specified in board_part file is either invalid or not available
WARNING: [Board 49-26] cannot add Board Part xilinx.com:kcu116:part0:1.4 available at E:/vivado/2025.1/data/xhub/boards\XilinxBoardStore\boards\Xilinx\kcu116\1.4\board.xml as part xcku5p-ffvb676-2-e specified in board_part file is either invalid or not available
WARNING: [Board 49-26] cannot add Board Part xilinx.com:kcu116:part0:1.5 available at E:/vivado/2025.1/data/xhub/boards\XilinxBoardStore\boards\Xilinx\kcu116\1.5\board.xml as part xcku5p-ffvb676-2-e specified in board_part file is either invalid or not available
WARNING: [Board 49-26] cannot add Board Part xilinx.com:kcu1500:part0:1.2 available at E:/vivado/2025.1/data/xhub/boards\XilinxBoardStore\boards\Xilinx\kcu1500\1.2\board.xml as part xcku115-flvb2104-2-e specified in board_part file is either invalid or not available
WARNING: [Board 49-26] cannot add Board Part xilinx.com:kd240_som:part0:1.0 available at E:/vivado/2025.1/data/xhub/boards\XilinxBoardStore\boards\Xilinx\kd240_som\1.0\board.xml as part xck24-ubva530-2lv-c specified in board_part file is either invalid or not available
WARNING: [Board 49-26] cannot add Board Part xilinx.com:kd240_som:part0:1.1 available at E:/vivado/2025.1/data/xhub/boards\XilinxBoardStore\boards\Xilinx\kd240_som\1.1\board.xml as part xck24-ubva530-2lv-c specified in board_part file is either invalid or not available
WARNING: [Board 49-26] cannot add Board Part xilinx.com:kr260_som:part0:1.0 available at E:/vivado/2025.1/data/xhub/boards\XilinxBoardStore\boards\Xilinx\kr260_som\1.0\board.xml as part xck26-sfvc784-2lv-c specified in board_part file is either invalid or not available
WARNING: [Board 49-26] cannot add Board Part xilinx.com:kr260_som:part0:1.1 available at E:/vivado/2025.1/data/xhub/boards\XilinxBoardStore\boards\Xilinx\kr260_som\1.1\board.xml as part xck26-sfvc784-2lv-c specified in board_part file is either invalid or not available
WARNING: [Board 49-26] cannot add Board Part xilinx.com:kv260_som:part0:1.2 available at E:/vivado/2025.1/data/xhub/boards\XilinxBoardStore\boards\Xilinx\kv260_som\1.2\board.xml as part xck26-sfvc784-2lv-c specified in board_part file is either invalid or not available
WARNING: [Board 49-26] cannot add Board Part xilinx.com:kv260_som:part0:1.3 available at E:/vivado/2025.1/data/xhub/boards\XilinxBoardStore\boards\Xilinx\kv260_som\1.3\board.xml as part xck26-sfvc784-2lv-c specified in board_part file is either invalid or not available
WARNING: [Board 49-26] cannot add Board Part xilinx.com:kv260_som:part0:1.4 available at E:/vivado/2025.1/data/xhub/boards\XilinxBoardStore\boards\Xilinx\kv260_som\1.4\board.xml as part xck26-sfvc784-2lv-c specified in board_part file is either invalid or not available
WARNING: [Board 49-26] cannot add Board Part xilinx.com:scu35:part0:1.0 available at E:/vivado/2025.1/data/xhub/boards\XilinxBoardStore\boards\Xilinx\scu35\1.0\board.xml as part xcsu35p-sbvb625-2-e specified in board_part file is either invalid or not available
WARNING: [Board 49-26] cannot add Board Part xilinx.com:v80:part0:1.0 available at E:/vivado/2025.1/data/xhub/boards\XilinxBoardStore\boards\Xilinx\v80\1.0\board.xml as part xcv80-lsva4737-2mhp-e-s specified in board_part file is either invalid or not available
WARNING: [Board 49-26] cannot add Board Part xilinx.com:vck190:part0:2.2 available at E:/vivado/2025.1/data/xhub/boards\XilinxBoardStore\boards\Xilinx\vck190\production\2.2\board.xml as part xcvc1902-vsva2197-2mp-e-s specified in board_part file is either invalid or not available
WARNING: [Board 49-26] cannot add Board Part xilinx.com:vck190:part0:3.0 available at E:/vivado/2025.1/data/xhub/boards\XilinxBoardStore\boards\Xilinx\vck190\production\3.0\board.xml as part xcvc1902-vsva2197-2mp-e-s specified in board_part file is either invalid or not available
WARNING: [Board 49-26] cannot add Board Part xilinx.com:vck190:part0:3.1 available at E:/vivado/2025.1/data/xhub/boards\XilinxBoardStore\boards\Xilinx\vck190\production\3.1\board.xml as part xcvc1902-vsva2197-2mp-e-s specified in board_part file is either invalid or not available
WARNING: [Board 49-26] cannot add Board Part xilinx.com:vck190:part0:3.2 available at E:/vivado/2025.1/data/xhub/boards\XilinxBoardStore\boards\Xilinx\vck190\production\3.2\board.xml as part xcvc1902-vsva2197-2mp-e-s specified in board_part file is either invalid or not available
WARNING: [Board 49-26] cannot add Board Part xilinx.com:vck190:part0:3.3 available at E:/vivado/2025.1/data/xhub/boards\XilinxBoardStore\boards\Xilinx\vck190\production\3.3\board.xml as part xcvc1902-vsva2197-2mp-e-s specified in board_part file is either invalid or not available
WARNING: [Board 49-26] cannot add Board Part xilinx.com:vck190:part0:3.4 available at E:/vivado/2025.1/data/xhub/boards\XilinxBoardStore\boards\Xilinx\vck190\production\3.4\board.xml as part xcvc1902-vsva2197-2mp-e-s specified in board_part file is either invalid or not available
WARNING: [Board 49-26] cannot add Board Part xilinx.com:vck190_newl:part0:1.0 available at E:/vivado/2025.1/data/xhub/boards\XilinxBoardStore\boards\Xilinx\vck190_newl\production\1.0\board.xml as part xcvc1902-vsva2197-2mp-e-s specified in board_part file is either invalid or not available
WARNING: [Board 49-26] cannot add Board Part xilinx.com:vck190_newl:part0:1.1 available at E:/vivado/2025.1/data/xhub/boards\XilinxBoardStore\boards\Xilinx\vck190_newl\production\1.1\board.xml as part xcvc1902-vsva2197-2mp-e-s specified in board_part file is either invalid or not available
WARNING: [Board 49-26] cannot add Board Part xilinx.com:vck190_newl:part0:1.2 available at E:/vivado/2025.1/data/xhub/boards\XilinxBoardStore\boards\Xilinx\vck190_newl\production\1.2\board.xml as part xcvc1902-vsva2197-2mp-e-s specified in board_part file is either invalid or not available
WARNING: [Board 49-26] cannot add Board Part xilinx.com:vck190_newl:part0:1.3 available at E:/vivado/2025.1/data/xhub/boards\XilinxBoardStore\boards\Xilinx\vck190_newl\production\1.3\board.xml as part xcvc1902-vsva2197-2mp-e-s specified in board_part file is either invalid or not available
WARNING: [Board 49-26] cannot add Board Part xilinx.com:vcu108:part0:1.6 available at E:/vivado/2025.1/data/xhub/boards\XilinxBoardStore\boards\Xilinx\vcu108\1.6\board.xml as part xcvu095-ffva2104-2-e specified in board_part file is either invalid or not available
WARNING: [Board 49-26] cannot add Board Part xilinx.com:vcu108:part0:1.7 available at E:/vivado/2025.1/data/xhub/boards\XilinxBoardStore\boards\Xilinx\vcu108\1.7\board.xml as part xcvu095-ffva2104-2-e specified in board_part file is either invalid or not available
WARNING: [Board 49-26] cannot add Board Part xilinx.com:vcu110:part0:1.4 available at E:/vivado/2025.1/data/xhub/boards\XilinxBoardStore\boards\Xilinx\vcu110\1.4\board.xml as part xcvu190-flgc2104-2-e specified in board_part file is either invalid or not available
WARNING: [Board 49-26] cannot add Board Part xilinx.com:vcu118:part0:2.0 available at E:/vivado/2025.1/data/xhub/boards\XilinxBoardStore\boards\Xilinx\vcu118\2.0\board.xml as part xcvu9p-flga2104-2l-e specified in board_part file is either invalid or not available
WARNING: [Board 49-26] cannot add Board Part xilinx.com:vcu118:part0:2.3 available at E:/vivado/2025.1/data/xhub/boards\XilinxBoardStore\boards\Xilinx\vcu118\2.3\board.xml as part xcvu9p-flga2104-2l-e specified in board_part file is either invalid or not available
WARNING: [Board 49-26] cannot add Board Part xilinx.com:vcu118:part0:2.4 available at E:/vivado/2025.1/data/xhub/boards\XilinxBoardStore\boards\Xilinx\vcu118\2.4\board.xml as part xcvu9p-flga2104-2l-e specified in board_part file is either invalid or not available
WARNING: [Board 49-26] cannot add Board Part xilinx.com:vcu128:part0:1.0 available at E:/vivado/2025.1/data/xhub/boards\XilinxBoardStore\boards\Xilinx\vcu128\production\1.0\board.xml as part xcvu37p-fsvh2892-2l-e specified in board_part file is either invalid or not available
WARNING: [Board 49-26] cannot add Board Part xilinx.com:vcu129:part0:1.0 available at E:/vivado/2025.1/data/xhub/boards\XilinxBoardStore\boards\Xilinx\vcu129\production\1.0\board.xml as part xcvu29p-fsga2577-2l-e specified in board_part file is either invalid or not available
WARNING: [Board 49-26] cannot add Board Part xilinx.com:vcu1525:part0:1.3 available at E:/vivado/2025.1/data/xhub/boards\XilinxBoardStore\boards\Xilinx\vcu1525\1.3\board.xml as part xcvu9p-fsgd2104-2l-e specified in board_part file is either invalid or not available
WARNING: [Board 49-26] cannot add Board Part xilinx.com:vek280:part0:1.0 available at E:/vivado/2025.1/data/xhub/boards\XilinxBoardStore\boards\Xilinx\vek280\production\1.0\board.xml as part xcve2802-vsvh1760-2mp-e-s specified in board_part file is either invalid or not available
WARNING: [Board 49-26] cannot add Board Part xilinx.com:vek280:part0:1.1 available at E:/vivado/2025.1/data/xhub/boards\XilinxBoardStore\boards\Xilinx\vek280\production\1.1\board.xml as part xcve2802-vsvh1760-2mp-e-s specified in board_part file is either invalid or not available
WARNING: [Board 49-26] cannot add Board Part xilinx.com:vek280:part0:1.2 available at E:/vivado/2025.1/data/xhub/boards\XilinxBoardStore\boards\Xilinx\vek280\production\1.2\board.xml as part xcve2802-vsvh1760-2mp-e-s specified in board_part file is either invalid or not available
WARNING: [Board 49-26] cannot add Board Part xilinx.com:vek385:part0:1.0 available at E:/vivado/2025.1/data/xhub/boards\XilinxBoardStore\boards\Xilinx\vek385\1.0\board.xml as part xc2ve3858-ssva2112-2mp-e-s specified in board_part file is either invalid or not available
WARNING: [Board 49-26] cannot add Board Part xilinx.com:vermeo_t1_mpsoc:part0:1.0 available at E:/vivado/2025.1/data/xhub/boards\XilinxBoardStore\boards\Xilinx\vermeo_t1_mpsoc\1.0\board.xml as part xczu19eg-ffvd1760-2l-e specified in board_part file is either invalid or not available
WARNING: [Board 49-26] cannot add Board Part xilinx.com:vermeo_t1_rfsoc:part0:1.0 available at E:/vivado/2025.1/data/xhub/boards\XilinxBoardStore\boards\Xilinx\vermeo_t1_rfsoc\1.0\board.xml as part xczu21dr-ffvd1156-2l-e specified in board_part file is either invalid or not available
WARNING: [Board 49-26] cannot add Board Part xilinx.com:vhk158:part0:1.0 available at E:/vivado/2025.1/data/xhub/boards\XilinxBoardStore\boards\Xilinx\vhk158\production\1.0\board.xml as part xcvh1582-vsva3697-2mp-e-s specified in board_part file is either invalid or not available
WARNING: [Board 49-26] cannot add Board Part xilinx.com:vhk158:part0:1.1 available at E:/vivado/2025.1/data/xhub/boards\XilinxBoardStore\boards\Xilinx\vhk158\production\1.1\board.xml as part xcvh1582-vsva3697-2mp-e-s specified in board_part file is either invalid or not available
WARNING: [Board 49-26] cannot add Board Part xilinx.com:vhk158:part0:1.2 available at E:/vivado/2025.1/data/xhub/boards\XilinxBoardStore\boards\Xilinx\vhk158\production\1.2\board.xml as part xcvh1582-vsva3697-2mp-e-s specified in board_part file is either invalid or not available
WARNING: [Board 49-26] cannot add Board Part xilinx.com:vmk180:part0:2.2 available at E:/vivado/2025.1/data/xhub/boards\XilinxBoardStore\boards\Xilinx\vmk180\production\2.2\board.xml as part xcvm1802-vsva2197-2mp-e-s specified in board_part file is either invalid or not available
WARNING: [Board 49-26] cannot add Board Part xilinx.com:vmk180:part0:3.0 available at E:/vivado/2025.1/data/xhub/boards\XilinxBoardStore\boards\Xilinx\vmk180\production\3.0\board.xml as part xcvm1802-vsva2197-2mp-e-s specified in board_part file is either invalid or not available
WARNING: [Board 49-26] cannot add Board Part xilinx.com:vmk180:part0:3.1 available at E:/vivado/2025.1/data/xhub/boards\XilinxBoardStore\boards\Xilinx\vmk180\production\3.1\board.xml as part xcvm1802-vsva2197-2mp-e-s specified in board_part file is either invalid or not available
WARNING: [Board 49-26] cannot add Board Part xilinx.com:vmk180:part0:3.2 available at E:/vivado/2025.1/data/xhub/boards\XilinxBoardStore\boards\Xilinx\vmk180\production\3.2\board.xml as part xcvm1802-vsva2197-2mp-e-s specified in board_part file is either invalid or not available
WARNING: [Board 49-26] cannot add Board Part xilinx.com:vmk180:part0:3.3 available at E:/vivado/2025.1/data/xhub/boards\XilinxBoardStore\boards\Xilinx\vmk180\production\3.3\board.xml as part xcvm1802-vsva2197-2mp-e-s specified in board_part file is either invalid or not available
WARNING: [Board 49-26] cannot add Board Part xilinx.com:vmk180_newl:part0:1.0 available at E:/vivado/2025.1/data/xhub/boards\XilinxBoardStore\boards\Xilinx\vmk180_newl\production\1.0\board.xml as part xcvm1802-vsva2197-2mp-e-s specified in board_part file is either invalid or not available
WARNING: [Board 49-26] cannot add Board Part xilinx.com:vmk180_newl:part0:1.1 available at E:/vivado/2025.1/data/xhub/boards\XilinxBoardStore\boards\Xilinx\vmk180_newl\production\1.1\board.xml as part xcvm1802-vsva2197-2mp-e-s specified in board_part file is either invalid or not available
WARNING: [Board 49-26] cannot add Board Part xilinx.com:vpk120:part0:1.0 available at E:/vivado/2025.1/data/xhub/boards\XilinxBoardStore\boards\Xilinx\vpk120\production\1.0\board.xml as part xcvp1202-vsva2785-2mp-e-s specified in board_part file is either invalid or not available
WARNING: [Board 49-26] cannot add Board Part xilinx.com:vpk120:part0:1.1 available at E:/vivado/2025.1/data/xhub/boards\XilinxBoardStore\boards\Xilinx\vpk120\production\1.1\board.xml as part xcvp1202-vsva2785-2mp-e-s specified in board_part file is either invalid or not available
WARNING: [Board 49-26] cannot add Board Part xilinx.com:vpk120:part0:1.2 available at E:/vivado/2025.1/data/xhub/boards\XilinxBoardStore\boards\Xilinx\vpk120\production\1.2\board.xml as part xcvp1202-vsva2785-2mp-e-s specified in board_part file is either invalid or not available
WARNING: [Board 49-26] cannot add Board Part xilinx.com:vpk180:part0:1.0 available at E:/vivado/2025.1/data/xhub/boards\XilinxBoardStore\boards\Xilinx\vpk180\production\1.0\board.xml as part xcvp1802-lsvc4072-2mp-e-s specified in board_part file is either invalid or not available
WARNING: [Board 49-26] cannot add Board Part xilinx.com:vpk180:part0:1.1 available at E:/vivado/2025.1/data/xhub/boards\XilinxBoardStore\boards\Xilinx\vpk180\production\1.1\board.xml as part xcvp1802-lsvc4072-2mp-e-s specified in board_part file is either invalid or not available
WARNING: [Board 49-26] cannot add Board Part xilinx.com:vpk180:part0:1.2 available at E:/vivado/2025.1/data/xhub/boards\XilinxBoardStore\boards\Xilinx\vpk180\production\1.2\board.xml as part xcvp1802-lsvc4072-2mp-e-s specified in board_part file is either invalid or not available
WARNING: [Board 49-26] cannot add Board Part xilinx.com:zcu102:part0:3.3 available at E:/vivado/2025.1/data/xhub/boards\XilinxBoardStore\boards\Xilinx\zcu102\3.3\board.xml as part xczu9eg-ffvb1156-2-e specified in board_part file is either invalid or not available
WARNING: [Board 49-26] cannot add Board Part xilinx.com:zcu102:part0:3.4 available at E:/vivado/2025.1/data/xhub/boards\XilinxBoardStore\boards\Xilinx\zcu102\3.4\board.xml as part xczu9eg-ffvb1156-2-e specified in board_part file is either invalid or not available
WARNING: [Board 49-26] cannot add Board Part xilinx.com:zcu104:part0:1.1 available at E:/vivado/2025.1/data/xhub/boards\XilinxBoardStore\boards\Xilinx\zcu104\1.1\board.xml as part xczu7ev-ffvc1156-2-e specified in board_part file is either invalid or not available
WARNING: [Board 49-26] cannot add Board Part xilinx.com:zcu106:part0:2.4 available at E:/vivado/2025.1/data/xhub/boards\XilinxBoardStore\boards\Xilinx\zcu106\2.4\board.xml as part xczu7ev-ffvc1156-2-e specified in board_part file is either invalid or not available
WARNING: [Board 49-26] cannot add Board Part xilinx.com:zcu106:part0:2.5 available at E:/vivado/2025.1/data/xhub/boards\XilinxBoardStore\boards\Xilinx\zcu106\2.5\board.xml as part xczu7ev-ffvc1156-2-e specified in board_part file is either invalid or not available
WARNING: [Board 49-26] cannot add Board Part xilinx.com:zcu106:part0:2.6 available at E:/vivado/2025.1/data/xhub/boards\XilinxBoardStore\boards\Xilinx\zcu106\2.6\board.xml as part xczu7ev-ffvc1156-2-e specified in board_part file is either invalid or not available
WARNING: [Board 49-26] cannot add Board Part xilinx.com:zcu111:part0:1.2 available at E:/vivado/2025.1/data/xhub/boards\XilinxBoardStore\boards\Xilinx\zcu111\1.2\board.xml as part xczu28dr-ffvg1517-2-e specified in board_part file is either invalid or not available
WARNING: [Board 49-26] cannot add Board Part xilinx.com:zcu111:part0:1.3 available at E:/vivado/2025.1/data/xhub/boards\XilinxBoardStore\boards\Xilinx\zcu111\1.3\board.xml as part xczu28dr-ffvg1517-2-e specified in board_part file is either invalid or not available
WARNING: [Board 49-26] cannot add Board Part xilinx.com:zcu111:part0:1.4 available at E:/vivado/2025.1/data/xhub/boards\XilinxBoardStore\boards\Xilinx\zcu111\1.4\board.xml as part xczu28dr-ffvg1517-2-e specified in board_part file is either invalid or not available
WARNING: [Board 49-26] cannot add Board Part xilinx.com:zcu1275:part0:1.0 available at E:/vivado/2025.1/data/xhub/boards\XilinxBoardStore\boards\Xilinx\zcu1275\1.0\board.xml as part xczu29dr-ffvf1760-2-e specified in board_part file is either invalid or not available
WARNING: [Board 49-26] cannot add Board Part xilinx.com:zcu1285:part0:1.0 available at E:/vivado/2025.1/data/xhub/boards\XilinxBoardStore\boards\Xilinx\zcu1285\1.0\board.xml as part xczu39dr-ffvf1760-2-i specified in board_part file is either invalid or not available
WARNING: [Board 49-26] cannot add Board Part xilinx.com:zcu208:part0:2.0 available at E:/vivado/2025.1/data/xhub/boards\XilinxBoardStore\boards\Xilinx\zcu208\production\2.0\board.xml as part xczu48dr-fsvg1517-2-e specified in board_part file is either invalid or not available
WARNING: [Board 49-26] cannot add Board Part xilinx.com:zcu208ld:part0:2.0 available at E:/vivado/2025.1/data/xhub/boards\XilinxBoardStore\boards\Xilinx\zcu208ld\production\2.0\board.xml as part xczu58dr-fsvg1517-2-i specified in board_part file is either invalid or not available
WARNING: [Board 49-26] cannot add Board Part xilinx.com:zcu216:part0:2.0 available at E:/vivado/2025.1/data/xhub/boards\XilinxBoardStore\boards\Xilinx\zcu216\production\2.0\board.xml as part xczu49dr-ffvf1760-2-e specified in board_part file is either invalid or not available
WARNING: [Board 49-26] cannot add Board Part xilinx.com:zcu216ld:part0:2.0 available at E:/vivado/2025.1/data/xhub/boards\XilinxBoardStore\boards\Xilinx\zcu216ld\production\2.0\board.xml as part xczu59dr-ffvf1760-2-i specified in board_part file is either invalid or not available
WARNING: [Board 49-26] cannot add Board Part xilinx.com:zcu670:part0:2.0 available at E:/vivado/2025.1/data/xhub/boards\XilinxBoardStore\boards\Xilinx\zcu670\2.0\board.xml as part xczu67dr-fsve1156-2-i specified in board_part file is either invalid or not available
WARNING: [Board 49-26] cannot add Board Part xilinx.com:zcu670ld:part0:1.0 available at E:/vivado/2025.1/data/xhub/boards\XilinxBoardStore\boards\Xilinx\zcu670ld\1.0\board.xml as part xczu57dr-fsve1156-2-i specified in board_part file is either invalid or not available
WARNING: [Project 1-5713] Board part 'tul.com.tw:pynq-z2:part0:1.0' set for the project  is not found. BoardPart property will be unset. Please select board from latest repo build 
INFO: [IP_Flow 19-234] Refreshing IP repositories
WARNING: [IP_Flow 19-2248] Failed to load user IP repository 'f:/Haoyang_Sun/experiments/labs/ip_repo'; Can't find the specified path.
If this directory should no longer be in your list of user repositories, go to the IP Settings dialog and remove it.
WARNING: [IP_Flow 19-2248] Failed to load user IP repository 'f:/Haoyang_Sun/experiments/labs/cg_fpga_slim_1_4'; Can't find the specified path.
If this directory should no longer be in your list of user repositories, go to the IP Settings dialog and remove it.
INFO: [IP_Flow 19-2313] Loaded Vivado IP repository 'E:/vivado/2025.1/Vivado/data/ip'.
WARNING: [BD 41-1661] One or more IPs have been locked in the design 'design_1.bd'. Please run report_ip_status for more details and recommendations on how to fix this issue.
List of locked IPs:
design_1_cg_fpga_0_0
design_1_xlconstant_0_0
design_1_xlconstant_0_5
design_1_xlconstant_0_6
design_1_xlconstant_0_7

INFO: [Project 1-230] Project 'lab8_ex.xpr' upgraded for this version of Vivado.
INFO: [Project 1-5698] Found the below utility IPs instantiated in block design F:/Haoyang_Sun/experiments/labs/lab8_ex/lab8_ex.srcs/sources_1/bd/design_1/design_1.bd which have equivalent inline hdl with improved performance and reduced diskspace.
It is recommended to migrate these utility IPs to inline hdl  using the command upgrade_project -migrate_to_inline_hdl.  The utility IPs may be deprecated in future releases.
More information on inline hdl is available in UG994.
Utility IP Component Instances:
 design_1_xlconstant_0_0
design_1_xlconstant_0_5
design_1_xlconstant_0_6
design_1_xlconstant_0_7
open_project: Time (s): cpu = 00:00:13 ; elapsed = 00:00:07 . Memory (MB): peak = 1869.598 ; gain = 289.516
open_bd_design {F:/Haoyang_Sun/experiments/labs/lab8_ex/lab8_ex.srcs/sources_1/bd/design_1/design_1.bd}
Reading block design file <F:/Haoyang_Sun/experiments/labs/lab8_ex/lab8_ex.srcs/sources_1/bd/design_1/design_1.bd>...
Adding component instance block -- educg.net:user:cg_fpga:1.4 - cg_fpga_0
Adding component instance block -- xilinx.com:module_ref:adpt_in:1.0 - adpt_in_0
Adding component instance block -- xilinx.com:module_ref:adpt_out:1.0 - adpt_out_0
Adding component instance block -- xilinx.com:ip:xlconstant:1.1 - xlconstant_0
Adding component instance block -- xilinx.com:module_ref:FA:1.0 - FA_15
Adding component instance block -- xilinx.com:module_ref:FA:1.0 - FA_14
Adding component instance block -- xilinx.com:module_ref:FA:1.0 - FA_13
Adding component instance block -- xilinx.com:module_ref:FA:1.0 - FA_12
Adding component instance block -- xilinx.com:module_ref:FA:1.0 - FA_11
Adding component instance block -- xilinx.com:module_ref:FA:1.0 - FA_10
Adding component instance block -- xilinx.com:module_ref:FA:1.0 - FA_9
Adding component instance block -- xilinx.com:module_ref:FA:1.0 - FA_8
Adding component instance block -- xilinx.com:module_ref:FA:1.0 - FA_7
Adding component instance block -- xilinx.com:module_ref:FA:1.0 - FA_6
Adding component instance block -- xilinx.com:module_ref:FA:1.0 - FA_5
Adding component instance block -- xilinx.com:module_ref:FA:1.0 - FA_4
Adding component instance block -- xilinx.com:module_ref:FA:1.0 - FA_3
Adding component instance block -- xilinx.com:module_ref:FA:1.0 - FA_2
Adding component instance block -- xilinx.com:module_ref:FA:1.0 - FA_1
Adding component instance block -- xilinx.com:module_ref:FA:1.0 - FA_0
Adding component instance block -- xilinx.com:module_ref:and2:1.0 - and2_15
Adding component instance block -- xilinx.com:module_ref:and2:1.0 - and2_14
Adding component instance block -- xilinx.com:module_ref:and2:1.0 - and2_13
Adding component instance block -- xilinx.com:module_ref:and2:1.0 - and2_12
Adding component instance block -- xilinx.com:module_ref:and2:1.0 - and2_11
Adding component instance block -- xilinx.com:module_ref:and2:1.0 - and2_10
Adding component instance block -- xilinx.com:module_ref:and2:1.0 - and2_9
Adding component instance block -- xilinx.com:module_ref:and2:1.0 - and2_8
Adding component instance block -- xilinx.com:module_ref:and2:1.0 - and2_7
Adding component instance block -- xilinx.com:module_ref:and2:1.0 - and2_6
Adding component instance block -- xilinx.com:module_ref:and2:1.0 - and2_5
Adding component instance block -- xilinx.com:module_ref:and2:1.0 - and2_4
Adding component instance block -- xilinx.com:module_ref:and2:1.0 - and2_3
Adding component instance block -- xilinx.com:module_ref:and2:1.0 - and2_2
Adding component instance block -- xilinx.com:module_ref:and2:1.0 - and2_1
Adding component instance block -- xilinx.com:module_ref:and2:1.0 - and2_0
Adding component instance block -- xilinx.com:ip:xlconstant:1.1 - xlconstant_0
Adding component instance block -- xilinx.com:module_ref:FA:1.0 - FA_15
Adding component instance block -- xilinx.com:module_ref:FA:1.0 - FA_14
Adding component instance block -- xilinx.com:module_ref:FA:1.0 - FA_13
Adding component instance block -- xilinx.com:module_ref:FA:1.0 - FA_12
Adding component instance block -- xilinx.com:module_ref:FA:1.0 - FA_11
Adding component instance block -- xilinx.com:module_ref:FA:1.0 - FA_10
Adding component instance block -- xilinx.com:module_ref:FA:1.0 - FA_9
Adding component instance block -- xilinx.com:module_ref:FA:1.0 - FA_8
Adding component instance block -- xilinx.com:module_ref:FA:1.0 - FA_7
Adding component instance block -- xilinx.com:module_ref:FA:1.0 - FA_6
Adding component instance block -- xilinx.com:module_ref:FA:1.0 - FA_5
Adding component instance block -- xilinx.com:module_ref:FA:1.0 - FA_4
Adding component instance block -- xilinx.com:module_ref:FA:1.0 - FA_3
Adding component instance block -- xilinx.com:module_ref:FA:1.0 - FA_2
Adding component instance block -- xilinx.com:module_ref:FA:1.0 - FA_1
Adding component instance block -- xilinx.com:module_ref:FA:1.0 - FA_0
Adding component instance block -- xilinx.com:module_ref:and2:1.0 - and2_15
Adding component instance block -- xilinx.com:module_ref:and2:1.0 - and2_14
Adding component instance block -- xilinx.com:module_ref:and2:1.0 - and2_13
Adding component instance block -- xilinx.com:module_ref:and2:1.0 - and2_12
Adding component instance block -- xilinx.com:module_ref:and2:1.0 - and2_11
Adding component instance block -- xilinx.com:module_ref:and2:1.0 - and2_10
Adding component instance block -- xilinx.com:module_ref:and2:1.0 - and2_9
Adding component instance block -- xilinx.com:module_ref:and2:1.0 - and2_8
Adding component instance block -- xilinx.com:module_ref:and2:1.0 - and2_7
Adding component instance block -- xilinx.com:module_ref:and2:1.0 - and2_6
Adding component instance block -- xilinx.com:module_ref:and2:1.0 - and2_5
Adding component instance block -- xilinx.com:module_ref:and2:1.0 - and2_4
Adding component instance block -- xilinx.com:module_ref:and2:1.0 - and2_3
Adding component instance block -- xilinx.com:module_ref:and2:1.0 - and2_2
Adding component instance block -- xilinx.com:module_ref:and2:1.0 - and2_1
Adding component instance block -- xilinx.com:module_ref:and2:1.0 - and2_0
Adding component instance block -- xilinx.com:ip:xlconstant:1.1 - xlconstant_0
Adding component instance block -- xilinx.com:module_ref:FA:1.0 - FA_15
Adding component instance block -- xilinx.com:module_ref:FA:1.0 - FA_14
Adding component instance block -- xilinx.com:module_ref:FA:1.0 - FA_13
Adding component instance block -- xilinx.com:module_ref:FA:1.0 - FA_12
Adding component instance block -- xilinx.com:module_ref:FA:1.0 - FA_11
Adding component instance block -- xilinx.com:module_ref:FA:1.0 - FA_10
Adding component instance block -- xilinx.com:module_ref:FA:1.0 - FA_9
Adding component instance block -- xilinx.com:module_ref:FA:1.0 - FA_8
Adding component instance block -- xilinx.com:module_ref:FA:1.0 - FA_7
Adding component instance block -- xilinx.com:module_ref:FA:1.0 - FA_6
Adding component instance block -- xilinx.com:module_ref:FA:1.0 - FA_5
Adding component instance block -- xilinx.com:module_ref:FA:1.0 - FA_4
Adding component instance block -- xilinx.com:module_ref:FA:1.0 - FA_3
Adding component instance block -- xilinx.com:module_ref:FA:1.0 - FA_2
Adding component instance block -- xilinx.com:module_ref:FA:1.0 - FA_1
Adding component instance block -- xilinx.com:module_ref:FA:1.0 - FA_0
Adding component instance block -- xilinx.com:module_ref:and2:1.0 - and2_15
Adding component instance block -- xilinx.com:module_ref:and2:1.0 - and2_14
Adding component instance block -- xilinx.com:module_ref:and2:1.0 - and2_13
Adding component instance block -- xilinx.com:module_ref:and2:1.0 - and2_12
Adding component instance block -- xilinx.com:module_ref:and2:1.0 - and2_11
Adding component instance block -- xilinx.com:module_ref:and2:1.0 - and2_10
Adding component instance block -- xilinx.com:module_ref:and2:1.0 - and2_9
Adding component instance block -- xilinx.com:module_ref:and2:1.0 - and2_8
Adding component instance block -- xilinx.com:module_ref:and2:1.0 - and2_7
Adding component instance block -- xilinx.com:module_ref:and2:1.0 - and2_6
Adding component instance block -- xilinx.com:module_ref:and2:1.0 - and2_5
Adding component instance block -- xilinx.com:module_ref:and2:1.0 - and2_4
Adding component instance block -- xilinx.com:module_ref:and2:1.0 - and2_3
Adding component instance block -- xilinx.com:module_ref:and2:1.0 - and2_2
Adding component instance block -- xilinx.com:module_ref:and2:1.0 - and2_1
Adding component instance block -- xilinx.com:module_ref:and2:1.0 - and2_0
Adding component instance block -- xilinx.com:ip:xlconstant:1.1 - xlconstant_0
Adding component instance block -- xilinx.com:module_ref:FA:1.0 - FA_15
Adding component instance block -- xilinx.com:module_ref:FA:1.0 - FA_14
Adding component instance block -- xilinx.com:module_ref:FA:1.0 - FA_13
Adding component instance block -- xilinx.com:module_ref:FA:1.0 - FA_12
Adding component instance block -- xilinx.com:module_ref:FA:1.0 - FA_11
Adding component instance block -- xilinx.com:module_ref:FA:1.0 - FA_10
Adding component instance block -- xilinx.com:module_ref:FA:1.0 - FA_9
Adding component instance block -- xilinx.com:module_ref:FA:1.0 - FA_8
Adding component instance block -- xilinx.com:module_ref:FA:1.0 - FA_7
Adding component instance block -- xilinx.com:module_ref:FA:1.0 - FA_6
Adding component instance block -- xilinx.com:module_ref:FA:1.0 - FA_5
Adding component instance block -- xilinx.com:module_ref:FA:1.0 - FA_4
Adding component instance block -- xilinx.com:module_ref:FA:1.0 - FA_3
Adding component instance block -- xilinx.com:module_ref:FA:1.0 - FA_2
Adding component instance block -- xilinx.com:module_ref:FA:1.0 - FA_1
Adding component instance block -- xilinx.com:module_ref:FA:1.0 - FA_0
Adding component instance block -- xilinx.com:module_ref:and2:1.0 - and2_15
Adding component instance block -- xilinx.com:module_ref:and2:1.0 - and2_14
Adding component instance block -- xilinx.com:module_ref:and2:1.0 - and2_13
Adding component instance block -- xilinx.com:module_ref:and2:1.0 - and2_12
Adding component instance block -- xilinx.com:module_ref:and2:1.0 - and2_11
Adding component instance block -- xilinx.com:module_ref:and2:1.0 - and2_10
Adding component instance block -- xilinx.com:module_ref:and2:1.0 - and2_9
Adding component instance block -- xilinx.com:module_ref:and2:1.0 - and2_8
Adding component instance block -- xilinx.com:module_ref:and2:1.0 - and2_7
Adding component instance block -- xilinx.com:module_ref:and2:1.0 - and2_6
Adding component instance block -- xilinx.com:module_ref:and2:1.0 - and2_5
Adding component instance block -- xilinx.com:module_ref:and2:1.0 - and2_4
Adding component instance block -- xilinx.com:module_ref:and2:1.0 - and2_3
Adding component instance block -- xilinx.com:module_ref:and2:1.0 - and2_2
Adding component instance block -- xilinx.com:module_ref:and2:1.0 - and2_1
Adding component instance block -- xilinx.com:module_ref:and2:1.0 - and2_0
Adding component instance block -- xilinx.com:module_ref:FA:1.0 - FA_0
Successfully read diagram <design_1> from block design file <F:/Haoyang_Sun/experiments/labs/lab8_ex/lab8_ex.srcs/sources_1/bd/design_1/design_1.bd>
report_ip_status -name ip_status 
update_compile_order -fileset sources_1
set_property USER_LOCKED 1 [get_ips design_1_cg_fpga_0_0]
INFO: [IP_Flow 19-8015] Moving outputs for IP 'design_1_cg_fpga_0_0' to 'f:/Haoyang_Sun/experiments/labs/lab8_ex/lab8_ex.srcs/sources_1/bd/design_1/ip/design_1_cg_fpga_0_0'
WARNING: [IP_Flow 19-2162] IP 'cg_fpga_xlconstant_1_1' is locked:
* IP definition 'Constant (1.1)' for IP 'cg_fpga_xlconstant_1_1' (customized with software release 2024.2) has a different revision in the IP Catalog.
WARNING: [IP_Flow 19-2162] IP 'cg_fpga_xlconstant_1_0' is locked:
* IP definition 'Constant (1.1)' for IP 'cg_fpga_xlconstant_1_0' (customized with software release 2024.2) has a different revision in the IP Catalog.
WARNING: [IP_Flow 19-2162] IP 'cg_fpga_processing_system7_0_0' is locked:
* IP definition 'ZYNQ7 Processing System (5.5)' for IP 'cg_fpga_processing_system7_0_0' (customized with software release 2024.2) has a different revision in the IP Catalog. * This IP has board specific outputs. Current project board 'unset' and the board 'tul.com.tw:pynq-z2:part0:1.0' used to customize the IP 'cg_fpga_processing_system7_0_0' do not match.
WARNING: [IP_Flow 19-2162] IP 'cg_fpga_axi_vdma_0_0' is locked:
* IP definition 'AXI Video Direct Memory Access (6.3)' for IP 'cg_fpga_axi_vdma_0_0' (customized with software release 2024.2) has a different revision in the IP Catalog.
WARNING: [IP_Flow 19-2162] IP 'cg_fpga_auto_pc_1' is locked:
* IP definition 'AXI Protocol Converter (2.1)' for IP 'cg_fpga_auto_pc_1' (customized with software release 2024.2) has a different revision in the IP Catalog.
WARNING: [IP_Flow 19-2162] IP 'cg_fpga_xbar_0' is locked:
* IP definition 'AXI Crossbar (2.1)' for IP 'cg_fpga_xbar_0' (customized with software release 2024.2) has a different revision in the IP Catalog.
WARNING: [IP_Flow 19-2162] IP 'cg_fpga_xlconstant_0_0' is locked:
* IP definition 'Constant (1.1)' for IP 'cg_fpga_xlconstant_0_0' (customized with software release 2024.2) has a different revision in the IP Catalog.
WARNING: [IP_Flow 19-2162] IP 'cg_fpga_xlslice_1_0' is locked:
* IP definition 'Slice (1.0)' for IP 'cg_fpga_xlslice_1_0' (customized with software release 2024.2) has a different revision in the IP Catalog.
WARNING: [IP_Flow 19-2162] IP 'cg_fpga_xlslice_0_3' is locked:
* IP definition 'Slice (1.0)' for IP 'cg_fpga_xlslice_0_3' (customized with software release 2024.2) has a different revision in the IP Catalog.
WARNING: [IP_Flow 19-2162] IP 'cg_fpga_xlslice_0_2' is locked:
* IP definition 'Slice (1.0)' for IP 'cg_fpga_xlslice_0_2' (customized with software release 2024.2) has a different revision in the IP Catalog.
WARNING: [IP_Flow 19-2162] IP 'cg_fpga_xlconcat_3_0' is locked:
* IP definition 'Concat (2.1)' for IP 'cg_fpga_xlconcat_3_0' (customized with software release 2024.2) has a different revision in the IP Catalog.
WARNING: [IP_Flow 19-2162] IP 'cg_fpga_xlconcat_2_0' is locked:
* IP definition 'Concat (2.1)' for IP 'cg_fpga_xlconcat_2_0' (customized with software release 2024.2) has a different revision in the IP Catalog.
WARNING: [IP_Flow 19-2162] IP 'cg_fpga_v_vid_in_axi4s_0_0' is locked:
* IP definition 'Video In to AXI4-Stream (5.0)' for IP 'cg_fpga_v_vid_in_axi4s_0_0' (customized with software release 2024.2) has a different revision in the IP Catalog.
WARNING: [IP_Flow 19-2162] IP 'cg_fpga_xlconcat_1_0' is locked:
* IP definition 'Concat (2.1)' for IP 'cg_fpga_xlconcat_1_0' (customized with software release 2024.2) has a different revision in the IP Catalog.
WARNING: [IP_Flow 19-2162] IP 'cg_fpga_xlconcat_0_0' is locked:
* IP definition 'Concat (2.1)' for IP 'cg_fpga_xlconcat_0_0' (customized with software release 2024.2) has a different revision in the IP Catalog.
WARNING: [IP_Flow 19-2162] IP 'cg_fpga_auto_pc_0' is locked:
* IP definition 'AXI Protocol Converter (2.1)' for IP 'cg_fpga_auto_pc_0' (customized with software release 2024.2) has a different revision in the IP Catalog.
WARNING: [IP_Flow 19-2162] IP 'cg_fpga_xbar_1' is locked:
* IP definition 'AXI Crossbar (2.1)' for IP 'cg_fpga_xbar_1' (customized with software release 2024.2) has a different revision in the IP Catalog.
WARNING: [IP_Flow 19-2162] IP 'cg_fpga_rst_ps7_0_50M_0' is locked:
* IP definition 'Processor System Reset (5.0)' for IP 'cg_fpga_rst_ps7_0_50M_0' (customized with software release 2024.2) has a different revision in the IP Catalog. * This IP has board specific outputs. Current project board 'unset' and the board 'tul.com.tw:pynq-z2:part0:1.0' used to customize the IP 'cg_fpga_rst_ps7_0_50M_0' do not match.
WARNING: [IP_Flow 19-2162] IP 'cg_fpga_axi_intc_0_0' is locked:
* IP definition 'AXI Interrupt Controller (4.1)' for IP 'cg_fpga_axi_intc_0_0' (customized with software release 2024.2) has a different revision in the IP Catalog.
WARNING: [IP_Flow 19-2162] IP 'cg_fpga_axi_uartlite_0_0' is locked:
* IP definition 'AXI Uartlite (2.0)' for IP 'cg_fpga_axi_uartlite_0_0' (customized with software release 2024.2) has a different revision in the IP Catalog. * This IP has board specific outputs. Current project board 'unset' and the board 'tul.com.tw:pynq-z2:part0:1.0' used to customize the IP 'cg_fpga_axi_uartlite_0_0' do not match.
WARNING: [IP_Flow 19-2162] IP 'cg_fpga_cg_fpga_axi_gpio_i1_0' is locked:
* IP definition 'AXI GPIO (2.0)' for IP 'cg_fpga_cg_fpga_axi_gpio_i1_0' (customized with software release 2024.2) has a different revision in the IP Catalog. * This IP has board specific outputs. Current project board 'unset' and the board 'tul.com.tw:pynq-z2:part0:1.0' used to customize the IP 'cg_fpga_cg_fpga_axi_gpio_i1_0' do not match.
WARNING: [IP_Flow 19-2162] IP 'cg_fpga_cg_fpga_axi_gpio_o1_1' is locked:
* IP definition 'AXI GPIO (2.0)' for IP 'cg_fpga_cg_fpga_axi_gpio_o1_1' (customized with software release 2024.2) has a different revision in the IP Catalog. * This IP has board specific outputs. Current project board 'unset' and the board 'tul.com.tw:pynq-z2:part0:1.0' used to customize the IP 'cg_fpga_cg_fpga_axi_gpio_o1_1' do not match.
WARNING: [IP_Flow 19-2162] IP 'cg_fpga_cg_fpga_axi_gpio_o1_0' is locked:
* IP definition 'AXI GPIO (2.0)' for IP 'cg_fpga_cg_fpga_axi_gpio_o1_0' (customized with software release 2024.2) has a different revision in the IP Catalog. * This IP has board specific outputs. Current project board 'unset' and the board 'tul.com.tw:pynq-z2:part0:1.0' used to customize the IP 'cg_fpga_cg_fpga_axi_gpio_o1_0' do not match.
WARNING: [IP_Flow 19-2162] IP 'cg_fpga_axi_gpio_0_0' is locked:
* IP definition 'AXI GPIO (2.0)' for IP 'cg_fpga_axi_gpio_0_0' (customized with software release 2024.2) has a different revision in the IP Catalog. * This IP has board specific outputs. Current project board 'unset' and the board 'tul.com.tw:pynq-z2:part0:1.0' used to customize the IP 'cg_fpga_axi_gpio_0_0' do not match.
WARNING: [IP_Flow 19-2162] IP 'design_1_cg_fpga_0_0' is locked:
* IP definition 'cg_fpga (1.4)' for IP 'design_1_cg_fpga_0_0' (customized with software release 2024.2) was not found in the IP Catalog. * IP 'design_1_cg_fpga_0_0' contains one or more locked subcores.
upgrade_ip [get_ips  {design_1_xlconstant_0_5 design_1_xlconstant_0_6 design_1_xlconstant_0_0 design_1_xlconstant_0_7}] -log ip_upgrade.log
Upgrading 'F:/Haoyang_Sun/experiments/labs/lab8_ex/lab8_ex.srcs/sources_1/bd/design_1/design_1.bd'
INFO: [IP_Flow 19-3422] Upgraded design_1_xlconstant_0_0 (Constant 1.1) from revision 9 to revision 10
INFO: [IP_Flow 19-3422] Upgraded design_1_xlconstant_0_5 (Constant 1.1) from revision 9 to revision 10
INFO: [IP_Flow 19-3422] Upgraded design_1_xlconstant_0_6 (Constant 1.1) from revision 9 to revision 10
INFO: [IP_Flow 19-3422] Upgraded design_1_xlconstant_0_7 (Constant 1.1) from revision 9 to revision 10
INFO: [BD 41-1983] Skipping reset outputs for the ip cg_fpga_0, which is locked by user.
Wrote  : <F:\Haoyang_Sun\experiments\labs\lab8_ex\lab8_ex.srcs\sources_1\bd\design_1\design_1.bd> 
Wrote  : <F:/Haoyang_Sun/experiments/labs/lab8_ex/lab8_ex.srcs/sources_1/bd/design_1/ui/bd_1f5defd0.ui> 
INFO: [Coretcl 2-1525] Wrote upgrade log to 'F:/Haoyang_Sun/experiments/labs/lab8_ex/ip_upgrade.log'.
export_ip_user_files -of_objects [get_ips {design_1_xlconstant_0_5 design_1_xlconstant_0_6 design_1_xlconstant_0_0 design_1_xlconstant_0_7}] -no_script -sync -force -quiet
generate_target all [get_files  F:/Haoyang_Sun/experiments/labs/lab8_ex/lab8_ex.srcs/sources_1/bd/design_1/design_1.bd]
CRITICAL WARNING: [BD 41-759] The input pins (listed below) are either not connected or do not have a source port, and they don't have a tie-off specified. These pins are tied-off to all 0's to avoid error in Implementation flow.
Please check your design and connect them as needed: 
/adpt_out_0/S7
/adpt_out_0/S6
/adpt_out_0/S5
/adpt_out_0/S4
/adpt_out_0/S3
/adpt_out_0/S2
/adpt_out_0/S1
/adpt_out_0/S0
/ALBL/FA_8/Cin
/ALBH/FA_8/Cin
/AHBL/FA_8/Cin
/AHBH/FA_8/Cin
/FA_0/A
/FA_0/B
/FA_0/Cin

Wrote  : <F:\Haoyang_Sun\experiments\labs\lab8_ex\lab8_ex.srcs\sources_1\bd\design_1\design_1.bd> 
Verilog Output written to : f:/Haoyang_Sun/experiments/labs/lab8_ex/lab8_ex.gen/sources_1/bd/design_1/synth/design_1.v
Verilog Output written to : f:/Haoyang_Sun/experiments/labs/lab8_ex/lab8_ex.gen/sources_1/bd/design_1/sim/design_1.v
Verilog Output written to : f:/Haoyang_Sun/experiments/labs/lab8_ex/lab8_ex.gen/sources_1/bd/design_1/hdl/design_1_wrapper.v
INFO: [BD 41-1029] Generation completed for the IP Integrator block adpt_in_0 .
INFO: [BD 41-1029] Generation completed for the IP Integrator block adpt_out_0 .
INFO: [BD 41-1029] Generation completed for the IP Integrator block ALBL/xlconstant_0 .
INFO: [BD 41-1029] Generation completed for the IP Integrator block ALBL/FA_15 .
INFO: [BD 41-1029] Generation completed for the IP Integrator block ALBL/FA_14 .
INFO: [BD 41-1029] Generation completed for the IP Integrator block ALBL/FA_13 .
INFO: [BD 41-1029] Generation completed for the IP Integrator block ALBL/FA_12 .
INFO: [BD 41-1029] Generation completed for the IP Integrator block ALBL/FA_11 .
INFO: [BD 41-1029] Generation completed for the IP Integrator block ALBL/FA_10 .
INFO: [BD 41-1029] Generation completed for the IP Integrator block ALBL/FA_9 .
INFO: [BD 41-1029] Generation completed for the IP Integrator block ALBL/FA_8 .
INFO: [BD 41-1029] Generation completed for the IP Integrator block ALBL/FA_7 .
INFO: [BD 41-1029] Generation completed for the IP Integrator block ALBL/FA_6 .
INFO: [BD 41-1029] Generation completed for the IP Integrator block ALBL/FA_5 .
INFO: [BD 41-1029] Generation completed for the IP Integrator block ALBL/FA_4 .
INFO: [BD 41-1029] Generation completed for the IP Integrator block ALBL/FA_3 .
INFO: [BD 41-1029] Generation completed for the IP Integrator block ALBL/FA_2 .
INFO: [BD 41-1029] Generation completed for the IP Integrator block ALBL/FA_1 .
INFO: [BD 41-1029] Generation completed for the IP Integrator block ALBL/FA_0 .
INFO: [BD 41-1029] Generation completed for the IP Integrator block ALBL/and2_15 .
INFO: [BD 41-1029] Generation completed for the IP Integrator block ALBL/and2_14 .
INFO: [BD 41-1029] Generation completed for the IP Integrator block ALBL/and2_13 .
INFO: [BD 41-1029] Generation completed for the IP Integrator block ALBL/and2_12 .
INFO: [BD 41-1029] Generation completed for the IP Integrator block ALBL/and2_11 .
INFO: [BD 41-1029] Generation completed for the IP Integrator block ALBL/and2_10 .
INFO: [BD 41-1029] Generation completed for the IP Integrator block ALBL/and2_9 .
INFO: [BD 41-1029] Generation completed for the IP Integrator block ALBL/and2_8 .
INFO: [BD 41-1029] Generation completed for the IP Integrator block ALBL/and2_7 .
INFO: [BD 41-1029] Generation completed for the IP Integrator block ALBL/and2_6 .
INFO: [BD 41-1029] Generation completed for the IP Integrator block ALBL/and2_5 .
INFO: [BD 41-1029] Generation completed for the IP Integrator block ALBL/and2_4 .
INFO: [BD 41-1029] Generation completed for the IP Integrator block ALBL/and2_3 .
INFO: [BD 41-1029] Generation completed for the IP Integrator block ALBL/and2_2 .
INFO: [BD 41-1029] Generation completed for the IP Integrator block ALBL/and2_1 .
INFO: [BD 41-1029] Generation completed for the IP Integrator block ALBL/and2_0 .
INFO: [BD 41-1029] Generation completed for the IP Integrator block ALBH/xlconstant_0 .
INFO: [BD 41-1029] Generation completed for the IP Integrator block ALBH/FA_15 .
INFO: [BD 41-1029] Generation completed for the IP Integrator block ALBH/FA_14 .
INFO: [BD 41-1029] Generation completed for the IP Integrator block ALBH/FA_13 .
INFO: [BD 41-1029] Generation completed for the IP Integrator block ALBH/FA_12 .
INFO: [BD 41-1029] Generation completed for the IP Integrator block ALBH/FA_11 .
INFO: [BD 41-1029] Generation completed for the IP Integrator block ALBH/FA_10 .
INFO: [BD 41-1029] Generation completed for the IP Integrator block ALBH/FA_9 .
INFO: [BD 41-1029] Generation completed for the IP Integrator block ALBH/FA_8 .
INFO: [BD 41-1029] Generation completed for the IP Integrator block ALBH/FA_7 .
INFO: [BD 41-1029] Generation completed for the IP Integrator block ALBH/FA_6 .
INFO: [BD 41-1029] Generation completed for the IP Integrator block ALBH/FA_5 .
INFO: [BD 41-1029] Generation completed for the IP Integrator block ALBH/FA_4 .
INFO: [BD 41-1029] Generation completed for the IP Integrator block ALBH/FA_3 .
INFO: [BD 41-1029] Generation completed for the IP Integrator block ALBH/FA_2 .
INFO: [BD 41-1029] Generation completed for the IP Integrator block ALBH/FA_1 .
INFO: [BD 41-1029] Generation completed for the IP Integrator block ALBH/FA_0 .
INFO: [BD 41-1029] Generation completed for the IP Integrator block ALBH/and2_15 .
INFO: [BD 41-1029] Generation completed for the IP Integrator block ALBH/and2_14 .
INFO: [BD 41-1029] Generation completed for the IP Integrator block ALBH/and2_13 .
INFO: [BD 41-1029] Generation completed for the IP Integrator block ALBH/and2_12 .
INFO: [BD 41-1029] Generation completed for the IP Integrator block ALBH/and2_11 .
INFO: [BD 41-1029] Generation completed for the IP Integrator block ALBH/and2_10 .
INFO: [BD 41-1029] Generation completed for the IP Integrator block ALBH/and2_9 .
INFO: [BD 41-1029] Generation completed for the IP Integrator block ALBH/and2_8 .
INFO: [BD 41-1029] Generation completed for the IP Integrator block ALBH/and2_7 .
INFO: [BD 41-1029] Generation completed for the IP Integrator block ALBH/and2_6 .
INFO: [BD 41-1029] Generation completed for the IP Integrator block ALBH/and2_5 .
INFO: [BD 41-1029] Generation completed for the IP Integrator block ALBH/and2_4 .
INFO: [BD 41-1029] Generation completed for the IP Integrator block ALBH/and2_3 .
INFO: [BD 41-1029] Generation completed for the IP Integrator block ALBH/and2_2 .
INFO: [BD 41-1029] Generation completed for the IP Integrator block ALBH/and2_1 .
INFO: [BD 41-1029] Generation completed for the IP Integrator block ALBH/and2_0 .
INFO: [BD 41-1029] Generation completed for the IP Integrator block AHBL/xlconstant_0 .
INFO: [BD 41-1029] Generation completed for the IP Integrator block AHBL/FA_15 .
INFO: [BD 41-1029] Generation completed for the IP Integrator block AHBL/FA_14 .
INFO: [BD 41-1029] Generation completed for the IP Integrator block AHBL/FA_13 .
INFO: [BD 41-1029] Generation completed for the IP Integrator block AHBL/FA_12 .
INFO: [BD 41-1029] Generation completed for the IP Integrator block AHBL/FA_11 .
INFO: [BD 41-1029] Generation completed for the IP Integrator block AHBL/FA_10 .
INFO: [BD 41-1029] Generation completed for the IP Integrator block AHBL/FA_9 .
INFO: [BD 41-1029] Generation completed for the IP Integrator block AHBL/FA_8 .
INFO: [BD 41-1029] Generation completed for the IP Integrator block AHBL/FA_7 .
INFO: [BD 41-1029] Generation completed for the IP Integrator block AHBL/FA_6 .
INFO: [BD 41-1029] Generation completed for the IP Integrator block AHBL/FA_5 .
INFO: [BD 41-1029] Generation completed for the IP Integrator block AHBL/FA_4 .
INFO: [BD 41-1029] Generation completed for the IP Integrator block AHBL/FA_3 .
INFO: [BD 41-1029] Generation completed for the IP Integrator block AHBL/FA_2 .
INFO: [BD 41-1029] Generation completed for the IP Integrator block AHBL/FA_1 .
INFO: [BD 41-1029] Generation completed for the IP Integrator block AHBL/FA_0 .
INFO: [BD 41-1029] Generation completed for the IP Integrator block AHBL/and2_15 .
INFO: [BD 41-1029] Generation completed for the IP Integrator block AHBL/and2_14 .
INFO: [BD 41-1029] Generation completed for the IP Integrator block AHBL/and2_13 .
INFO: [BD 41-1029] Generation completed for the IP Integrator block AHBL/and2_12 .
INFO: [BD 41-1029] Generation completed for the IP Integrator block AHBL/and2_11 .
INFO: [BD 41-1029] Generation completed for the IP Integrator block AHBL/and2_10 .
INFO: [BD 41-1029] Generation completed for the IP Integrator block AHBL/and2_9 .
INFO: [BD 41-1029] Generation completed for the IP Integrator block AHBL/and2_8 .
INFO: [BD 41-1029] Generation completed for the IP Integrator block AHBL/and2_7 .
INFO: [BD 41-1029] Generation completed for the IP Integrator block AHBL/and2_6 .
INFO: [BD 41-1029] Generation completed for the IP Integrator block AHBL/and2_5 .
INFO: [BD 41-1029] Generation completed for the IP Integrator block AHBL/and2_4 .
INFO: [BD 41-1029] Generation completed for the IP Integrator block AHBL/and2_3 .
INFO: [BD 41-1029] Generation completed for the IP Integrator block AHBL/and2_2 .
INFO: [BD 41-1029] Generation completed for the IP Integrator block AHBL/and2_1 .
INFO: [Common 17-14] Message 'BD 41-1029' appears 100 times and further instances of the messages will be disabled. Use the Tcl command set_msg_config to change the current settings.
Exporting to file f:/Haoyang_Sun/experiments/labs/lab8_ex/lab8_ex.gen/sources_1/bd/design_1/hw_handoff/design_1.hwh
Generated Hardware Definition File f:/Haoyang_Sun/experiments/labs/lab8_ex/lab8_ex.gen/sources_1/bd/design_1/synth/design_1.hwdef
export_ip_user_files -of_objects [get_files F:/Haoyang_Sun/experiments/labs/lab8_ex/lab8_ex.srcs/sources_1/bd/design_1/design_1.bd] -no_script -sync -force -quiet
create_ip_run [get_files -of_objects [get_fileset sources_1] F:/Haoyang_Sun/experiments/labs/lab8_ex/lab8_ex.srcs/sources_1/bd/design_1/design_1.bd]
create_ip_run: Time (s): cpu = 00:00:17 ; elapsed = 00:00:21 . Memory (MB): peak = 2192.461 ; gain = 0.000
launch_runs design_1_FA_0_0_synth_1 design_1_FA_0_10_synth_1 design_1_FA_0_11_synth_1 design_1_FA_0_12_synth_1 design_1_FA_0_2_synth_1 design_1_FA_0_3_synth_1 design_1_FA_0_4_synth_1 design_1_FA_0_9_synth_1 design_1_FA_10_4_synth_1 design_1_FA_10_5_synth_1 design_1_FA_10_6_synth_1 design_1_FA_11_4_synth_1 design_1_FA_11_5_synth_1 design_1_FA_11_6_synth_1 design_1_FA_12_4_synth_1 design_1_FA_12_5_synth_1 design_1_FA_12_6_synth_1 design_1_FA_13_4_synth_1 design_1_FA_13_5_synth_1 design_1_FA_13_6_synth_1 design_1_FA_14_4_synth_1 design_1_FA_14_5_synth_1 design_1_FA_14_6_synth_1 design_1_FA_15_4_synth_1 design_1_FA_15_5_synth_1 design_1_FA_15_6_synth_1 design_1_FA_1_0_synth_1 design_1_FA_1_10_synth_1 design_1_FA_1_11_synth_1 design_1_FA_1_2_synth_1 design_1_FA_1_3_synth_1 design_1_FA_1_4_synth_1 design_1_FA_1_9_synth_1 design_1_FA_2_0_synth_1 design_1_FA_2_10_synth_1 design_1_FA_2_11_synth_1 design_1_FA_2_2_synth_1 design_1_FA_2_3_synth_1 design_1_FA_2_4_synth_1 design_1_FA_2_9_synth_1 design_1_FA_3_0_synth_1 design_1_FA_3_10_synth_1 design_1_FA_3_11_synth_1 design_1_FA_3_2_synth_1 design_1_FA_3_3_synth_1 design_1_FA_3_4_synth_1 design_1_FA_3_9_synth_1 design_1_FA_4_4_synth_1 design_1_FA_4_5_synth_1 design_1_FA_4_6_synth_1 design_1_FA_5_4_synth_1 design_1_FA_5_5_synth_1 design_1_FA_5_6_synth_1 design_1_FA_6_4_synth_1 design_1_FA_6_5_synth_1 design_1_FA_6_6_synth_1 design_1_FA_7_4_synth_1 design_1_FA_7_5_synth_1 design_1_FA_7_6_synth_1 design_1_FA_8_4_synth_1 design_1_FA_8_5_synth_1 design_1_FA_8_6_synth_1 design_1_FA_9_4_synth_1 design_1_FA_9_5_synth_1 design_1_FA_9_6_synth_1 design_1_adpt_in_0_0_synth_1 design_1_adpt_out_0_0_synth_1 design_1_and2_0_0_synth_1 design_1_and2_0_5_synth_1 design_1_and2_0_6_synth_1 design_1_and2_0_7_synth_1 design_1_and2_10_0_synth_1 design_1_and2_10_5_synth_1 design_1_and2_10_6_synth_1 design_1_and2_10_7_synth_1 design_1_and2_11_0_synth_1 design_1_and2_11_5_synth_1 design_1_and2_11_6_synth_1 design_1_and2_11_7_synth_1 design_1_and2_12_0_synth_1 design_1_and2_12_5_synth_1 design_1_and2_12_6_synth_1 design_1_and2_12_7_synth_1 design_1_and2_13_0_synth_1 design_1_and2_13_5_synth_1 design_1_and2_13_6_synth_1 design_1_and2_13_7_synth_1 design_1_and2_14_0_synth_1 design_1_and2_14_5_synth_1 design_1_and2_14_6_synth_1 design_1_and2_14_7_synth_1 design_1_and2_15_0_synth_1 design_1_and2_15_5_synth_1 design_1_and2_15_6_synth_1 design_1_and2_15_7_synth_1 design_1_and2_1_0_synth_1 design_1_and2_1_5_synth_1 design_1_and2_1_6_synth_1 design_1_and2_1_7_synth_1 design_1_and2_2_0_synth_1 design_1_and2_2_5_synth_1 design_1_and2_2_6_synth_1 design_1_and2_2_7_synth_1 design_1_and2_3_0_synth_1 design_1_and2_3_5_synth_1 design_1_and2_3_6_synth_1 design_1_and2_3_7_synth_1 design_1_and2_4_0_synth_1 design_1_and2_4_5_synth_1 design_1_and2_4_6_synth_1 design_1_and2_4_7_synth_1 design_1_and2_5_0_synth_1 design_1_and2_5_5_synth_1 design_1_and2_5_6_synth_1 design_1_and2_5_7_synth_1 design_1_and2_6_0_synth_1 design_1_and2_6_5_synth_1 design_1_and2_6_6_synth_1 design_1_and2_6_7_synth_1 design_1_and2_7_0_synth_1 design_1_and2_7_5_synth_1 design_1_and2_7_6_synth_1 design_1_and2_7_7_synth_1 design_1_and2_8_0_synth_1 design_1_and2_8_5_synth_1 design_1_and2_8_6_synth_1 design_1_and2_8_7_synth_1 design_1_and2_9_0_synth_1 design_1_and2_9_5_synth_1 design_1_and2_9_6_synth_1 design_1_and2_9_7_synth_1 -jobs 16
[Sat Nov  8 19:18:21 2025] Launched design_1_FA_0_0_synth_1, design_1_FA_0_10_synth_1, design_1_FA_0_11_synth_1, design_1_FA_0_12_synth_1, design_1_FA_0_2_synth_1, design_1_FA_0_3_synth_1, design_1_FA_0_4_synth_1, design_1_FA_0_9_synth_1, design_1_FA_10_4_synth_1, design_1_FA_10_5_synth_1, design_1_FA_10_6_synth_1, design_1_FA_11_4_synth_1, design_1_FA_11_5_synth_1, design_1_FA_11_6_synth_1, design_1_FA_12_4_synth_1, design_1_FA_12_5_synth_1, design_1_FA_12_6_synth_1, design_1_FA_13_4_synth_1, design_1_FA_13_5_synth_1, design_1_FA_13_6_synth_1, design_1_FA_14_4_synth_1, design_1_FA_14_5_synth_1, design_1_FA_14_6_synth_1, design_1_FA_15_4_synth_1, design_1_FA_15_5_synth_1, design_1_FA_15_6_synth_1, design_1_FA_1_0_synth_1, design_1_FA_1_10_synth_1, design_1_FA_1_11_synth_1, design_1_FA_1_2_synth_1, design_1_FA_1_3_synth_1, design_1_FA_1_4_synth_1, design_1_FA_1_9_synth_1, design_1_FA_2_0_synth_1, design_1_FA_2_10_synth_1, design_1_FA_2_11_synth_1, design_1_FA_2_2_synth_1, design_1_FA_2_3_synth_1, design_1_FA_2_4_synth_1, design_1_FA_2_9_synth_1, design_1_FA_3_0_synth_1, design_1_FA_3_10_synth_1, design_1_FA_3_11_synth_1, design_1_FA_3_2_synth_1, design_1_FA_3_3_synth_1, design_1_FA_3_4_synth_1, design_1_FA_3_9_synth_1, design_1_FA_4_4_synth_1, design_1_FA_4_5_synth_1, design_1_FA_4_6_synth_1, design_1_FA_5_4_synth_1, design_1_FA_5_5_synth_1, design_1_FA_5_6_synth_1, design_1_FA_6_4_synth_1, design_1_FA_6_5_synth_1, design_1_FA_6_6_synth_1, design_1_FA_7_4_synth_1, design_1_FA_7_5_synth_1, design_1_FA_7_6_synth_1, design_1_FA_8_4_synth_1, design_1_FA_8_5_synth_1, design_1_FA_8_6_synth_1, design_1_FA_9_4_synth_1, design_1_FA_9_5_synth_1, design_1_FA_9_6_synth_1, design_1_adpt_in_0_0_synth_1, design_1_adpt_out_0_0_synth_1, design_1_and2_0_0_synth_1, design_1_and2_0_5_synth_1, design_1_and2_0_6_synth_1, design_1_and2_0_7_synth_1, design_1_and2_10_0_synth_1, design_1_and2_10_5_synth_1, design_1_and2_10_6_synth_1, design_1_and2_10_7_synth_1, design_1_and2_11_0_synth_1, design_1_and2_11_5_synth_1, design_1_and2_11_6_synth_1, design_1_and2_11_7_synth_1, design_1_and2_12_0_synth_1, design_1_and2_12_5_synth_1, design_1_and2_12_6_synth_1, design_1_and2_12_7_synth_1, design_1_and2_13_0_synth_1, design_1_and2_13_5_synth_1, design_1_and2_13_6_synth_1, design_1_and2_13_7_synth_1, design_1_and2_14_0_synth_1, design_1_and2_14_5_synth_1, design_1_and2_14_6_synth_1, design_1_and2_14_7_synth_1, design_1_and2_15_0_synth_1, design_1_and2_15_5_synth_1, design_1_and2_15_6_synth_1, design_1_and2_15_7_synth_1, design_1_and2_1_0_synth_1, design_1_and2_1_5_synth_1, design_1_and2_1_6_synth_1, design_1_and2_1_7_synth_1, design_1_and2_2_0_synth_1, design_1_and2_2_5_synth_1, design_1_and2_2_6_synth_1, design_1_and2_2_7_synth_1, design_1_and2_3_0_synth_1, design_1_and2_3_5_synth_1, design_1_and2_3_6_synth_1, design_1_and2_3_7_synth_1, design_1_and2_4_0_synth_1, design_1_and2_4_5_synth_1, design_1_and2_4_6_synth_1, design_1_and2_4_7_synth_1, design_1_and2_5_0_synth_1, design_1_and2_5_5_synth_1, design_1_and2_5_6_synth_1, design_1_and2_5_7_synth_1, design_1_and2_6_0_synth_1, design_1_and2_6_5_synth_1, design_1_and2_6_6_synth_1, design_1_and2_6_7_synth_1, design_1_and2_7_0_synth_1, design_1_and2_7_5_synth_1, design_1_and2_7_6_synth_1, design_1_and2_7_7_synth_1, design_1_and2_8_0_synth_1, design_1_and2_8_5_synth_1, design_1_and2_8_6_synth_1, design_1_and2_8_7_synth_1, design_1_and2_9_0_synth_1, design_1_and2_9_5_synth_1, design_1_and2_9_6_synth_1, design_1_and2_9_7_synth_1...
Run output will be captured here:
design_1_FA_0_0_synth_1: D:/vivadoRepo/lab8_ex/design_1_FA_0_0_synth_1/runme.log
design_1_FA_0_10_synth_1: D:/vivadoRepo/lab8_ex/design_1_FA_0_10_synth_1/runme.log
design_1_FA_0_11_synth_1: D:/vivadoRepo/lab8_ex/design_1_FA_0_11_synth_1/runme.log
design_1_FA_0_12_synth_1: D:/vivadoRepo/lab8_ex/design_1_FA_0_12_synth_1/runme.log
design_1_FA_0_2_synth_1: D:/vivadoRepo/lab8_ex/design_1_FA_0_2_synth_1/runme.log
design_1_FA_0_3_synth_1: D:/vivadoRepo/lab8_ex/design_1_FA_0_3_synth_1/runme.log
design_1_FA_0_4_synth_1: D:/vivadoRepo/lab8_ex/design_1_FA_0_4_synth_1/runme.log
design_1_FA_0_9_synth_1: D:/vivadoRepo/lab8_ex/design_1_FA_0_9_synth_1/runme.log
design_1_FA_10_4_synth_1: D:/vivadoRepo/lab8_ex/design_1_FA_10_4_synth_1/runme.log
design_1_FA_10_5_synth_1: D:/vivadoRepo/lab8_ex/design_1_FA_10_5_synth_1/runme.log
design_1_FA_10_6_synth_1: D:/vivadoRepo/lab8_ex/design_1_FA_10_6_synth_1/runme.log
design_1_FA_11_4_synth_1: D:/vivadoRepo/lab8_ex/design_1_FA_11_4_synth_1/runme.log
design_1_FA_11_5_synth_1: D:/vivadoRepo/lab8_ex/design_1_FA_11_5_synth_1/runme.log
design_1_FA_11_6_synth_1: D:/vivadoRepo/lab8_ex/design_1_FA_11_6_synth_1/runme.log
design_1_FA_12_4_synth_1: D:/vivadoRepo/lab8_ex/design_1_FA_12_4_synth_1/runme.log
design_1_FA_12_5_synth_1: D:/vivadoRepo/lab8_ex/design_1_FA_12_5_synth_1/runme.log
design_1_FA_12_6_synth_1: D:/vivadoRepo/lab8_ex/design_1_FA_12_6_synth_1/runme.log
design_1_FA_13_4_synth_1: D:/vivadoRepo/lab8_ex/design_1_FA_13_4_synth_1/runme.log
design_1_FA_13_5_synth_1: D:/vivadoRepo/lab8_ex/design_1_FA_13_5_synth_1/runme.log
design_1_FA_13_6_synth_1: D:/vivadoRepo/lab8_ex/design_1_FA_13_6_synth_1/runme.log
design_1_FA_14_4_synth_1: D:/vivadoRepo/lab8_ex/design_1_FA_14_4_synth_1/runme.log
design_1_FA_14_5_synth_1: D:/vivadoRepo/lab8_ex/design_1_FA_14_5_synth_1/runme.log
design_1_FA_14_6_synth_1: D:/vivadoRepo/lab8_ex/design_1_FA_14_6_synth_1/runme.log
design_1_FA_15_4_synth_1: D:/vivadoRepo/lab8_ex/design_1_FA_15_4_synth_1/runme.log
design_1_FA_15_5_synth_1: D:/vivadoRepo/lab8_ex/design_1_FA_15_5_synth_1/runme.log
design_1_FA_15_6_synth_1: D:/vivadoRepo/lab8_ex/design_1_FA_15_6_synth_1/runme.log
design_1_FA_1_0_synth_1: D:/vivadoRepo/lab8_ex/design_1_FA_1_0_synth_1/runme.log
design_1_FA_1_10_synth_1: D:/vivadoRepo/lab8_ex/design_1_FA_1_10_synth_1/runme.log
design_1_FA_1_11_synth_1: D:/vivadoRepo/lab8_ex/design_1_FA_1_11_synth_1/runme.log
design_1_FA_1_2_synth_1: D:/vivadoRepo/lab8_ex/design_1_FA_1_2_synth_1/runme.log
design_1_FA_1_3_synth_1: D:/vivadoRepo/lab8_ex/design_1_FA_1_3_synth_1/runme.log
design_1_FA_1_4_synth_1: D:/vivadoRepo/lab8_ex/design_1_FA_1_4_synth_1/runme.log
design_1_FA_1_9_synth_1: D:/vivadoRepo/lab8_ex/design_1_FA_1_9_synth_1/runme.log
design_1_FA_2_0_synth_1: D:/vivadoRepo/lab8_ex/design_1_FA_2_0_synth_1/runme.log
design_1_FA_2_10_synth_1: D:/vivadoRepo/lab8_ex/design_1_FA_2_10_synth_1/runme.log
design_1_FA_2_11_synth_1: D:/vivadoRepo/lab8_ex/design_1_FA_2_11_synth_1/runme.log
design_1_FA_2_2_synth_1: D:/vivadoRepo/lab8_ex/design_1_FA_2_2_synth_1/runme.log
design_1_FA_2_3_synth_1: D:/vivadoRepo/lab8_ex/design_1_FA_2_3_synth_1/runme.log
design_1_FA_2_4_synth_1: D:/vivadoRepo/lab8_ex/design_1_FA_2_4_synth_1/runme.log
design_1_FA_2_9_synth_1: D:/vivadoRepo/lab8_ex/design_1_FA_2_9_synth_1/runme.log
design_1_FA_3_0_synth_1: D:/vivadoRepo/lab8_ex/design_1_FA_3_0_synth_1/runme.log
design_1_FA_3_10_synth_1: D:/vivadoRepo/lab8_ex/design_1_FA_3_10_synth_1/runme.log
design_1_FA_3_11_synth_1: D:/vivadoRepo/lab8_ex/design_1_FA_3_11_synth_1/runme.log
design_1_FA_3_2_synth_1: D:/vivadoRepo/lab8_ex/design_1_FA_3_2_synth_1/runme.log
design_1_FA_3_3_synth_1: D:/vivadoRepo/lab8_ex/design_1_FA_3_3_synth_1/runme.log
design_1_FA_3_4_synth_1: D:/vivadoRepo/lab8_ex/design_1_FA_3_4_synth_1/runme.log
design_1_FA_3_9_synth_1: D:/vivadoRepo/lab8_ex/design_1_FA_3_9_synth_1/runme.log
design_1_FA_4_4_synth_1: D:/vivadoRepo/lab8_ex/design_1_FA_4_4_synth_1/runme.log
design_1_FA_4_5_synth_1: D:/vivadoRepo/lab8_ex/design_1_FA_4_5_synth_1/runme.log
design_1_FA_4_6_synth_1: D:/vivadoRepo/lab8_ex/design_1_FA_4_6_synth_1/runme.log
design_1_FA_5_4_synth_1: D:/vivadoRepo/lab8_ex/design_1_FA_5_4_synth_1/runme.log
design_1_FA_5_5_synth_1: D:/vivadoRepo/lab8_ex/design_1_FA_5_5_synth_1/runme.log
design_1_FA_5_6_synth_1: D:/vivadoRepo/lab8_ex/design_1_FA_5_6_synth_1/runme.log
design_1_FA_6_4_synth_1: D:/vivadoRepo/lab8_ex/design_1_FA_6_4_synth_1/runme.log
design_1_FA_6_5_synth_1: D:/vivadoRepo/lab8_ex/design_1_FA_6_5_synth_1/runme.log
design_1_FA_6_6_synth_1: D:/vivadoRepo/lab8_ex/design_1_FA_6_6_synth_1/runme.log
design_1_FA_7_4_synth_1: D:/vivadoRepo/lab8_ex/design_1_FA_7_4_synth_1/runme.log
design_1_FA_7_5_synth_1: D:/vivadoRepo/lab8_ex/design_1_FA_7_5_synth_1/runme.log
design_1_FA_7_6_synth_1: D:/vivadoRepo/lab8_ex/design_1_FA_7_6_synth_1/runme.log
design_1_FA_8_4_synth_1: D:/vivadoRepo/lab8_ex/design_1_FA_8_4_synth_1/runme.log
design_1_FA_8_5_synth_1: D:/vivadoRepo/lab8_ex/design_1_FA_8_5_synth_1/runme.log
design_1_FA_8_6_synth_1: D:/vivadoRepo/lab8_ex/design_1_FA_8_6_synth_1/runme.log
design_1_FA_9_4_synth_1: D:/vivadoRepo/lab8_ex/design_1_FA_9_4_synth_1/runme.log
design_1_FA_9_5_synth_1: D:/vivadoRepo/lab8_ex/design_1_FA_9_5_synth_1/runme.log
design_1_FA_9_6_synth_1: D:/vivadoRepo/lab8_ex/design_1_FA_9_6_synth_1/runme.log
design_1_adpt_in_0_0_synth_1: D:/vivadoRepo/lab8_ex/design_1_adpt_in_0_0_synth_1/runme.log
design_1_adpt_out_0_0_synth_1: D:/vivadoRepo/lab8_ex/design_1_adpt_out_0_0_synth_1/runme.log
design_1_and2_0_0_synth_1: D:/vivadoRepo/lab8_ex/design_1_and2_0_0_synth_1/runme.log
design_1_and2_0_5_synth_1: D:/vivadoRepo/lab8_ex/design_1_and2_0_5_synth_1/runme.log
design_1_and2_0_6_synth_1: D:/vivadoRepo/lab8_ex/design_1_and2_0_6_synth_1/runme.log
design_1_and2_0_7_synth_1: D:/vivadoRepo/lab8_ex/design_1_and2_0_7_synth_1/runme.log
design_1_and2_10_0_synth_1: D:/vivadoRepo/lab8_ex/design_1_and2_10_0_synth_1/runme.log
design_1_and2_10_5_synth_1: D:/vivadoRepo/lab8_ex/design_1_and2_10_5_synth_1/runme.log
design_1_and2_10_6_synth_1: D:/vivadoRepo/lab8_ex/design_1_and2_10_6_synth_1/runme.log
design_1_and2_10_7_synth_1: D:/vivadoRepo/lab8_ex/design_1_and2_10_7_synth_1/runme.log
design_1_and2_11_0_synth_1: D:/vivadoRepo/lab8_ex/design_1_and2_11_0_synth_1/runme.log
design_1_and2_11_5_synth_1: D:/vivadoRepo/lab8_ex/design_1_and2_11_5_synth_1/runme.log
design_1_and2_11_6_synth_1: D:/vivadoRepo/lab8_ex/design_1_and2_11_6_synth_1/runme.log
design_1_and2_11_7_synth_1: D:/vivadoRepo/lab8_ex/design_1_and2_11_7_synth_1/runme.log
design_1_and2_12_0_synth_1: D:/vivadoRepo/lab8_ex/design_1_and2_12_0_synth_1/runme.log
design_1_and2_12_5_synth_1: D:/vivadoRepo/lab8_ex/design_1_and2_12_5_synth_1/runme.log
design_1_and2_12_6_synth_1: D:/vivadoRepo/lab8_ex/design_1_and2_12_6_synth_1/runme.log
design_1_and2_12_7_synth_1: D:/vivadoRepo/lab8_ex/design_1_and2_12_7_synth_1/runme.log
design_1_and2_13_0_synth_1: D:/vivadoRepo/lab8_ex/design_1_and2_13_0_synth_1/runme.log
design_1_and2_13_5_synth_1: D:/vivadoRepo/lab8_ex/design_1_and2_13_5_synth_1/runme.log
design_1_and2_13_6_synth_1: D:/vivadoRepo/lab8_ex/design_1_and2_13_6_synth_1/runme.log
design_1_and2_13_7_synth_1: D:/vivadoRepo/lab8_ex/design_1_and2_13_7_synth_1/runme.log
design_1_and2_14_0_synth_1: D:/vivadoRepo/lab8_ex/design_1_and2_14_0_synth_1/runme.log
design_1_and2_14_5_synth_1: D:/vivadoRepo/lab8_ex/design_1_and2_14_5_synth_1/runme.log
design_1_and2_14_6_synth_1: D:/vivadoRepo/lab8_ex/design_1_and2_14_6_synth_1/runme.log
design_1_and2_14_7_synth_1: D:/vivadoRepo/lab8_ex/design_1_and2_14_7_synth_1/runme.log
design_1_and2_15_0_synth_1: D:/vivadoRepo/lab8_ex/design_1_and2_15_0_synth_1/runme.log
design_1_and2_15_5_synth_1: D:/vivadoRepo/lab8_ex/design_1_and2_15_5_synth_1/runme.log
design_1_and2_15_6_synth_1: D:/vivadoRepo/lab8_ex/design_1_and2_15_6_synth_1/runme.log
design_1_and2_15_7_synth_1: D:/vivadoRepo/lab8_ex/design_1_and2_15_7_synth_1/runme.log
design_1_and2_1_0_synth_1: D:/vivadoRepo/lab8_ex/design_1_and2_1_0_synth_1/runme.log
design_1_and2_1_5_synth_1: D:/vivadoRepo/lab8_ex/design_1_and2_1_5_synth_1/runme.log
design_1_and2_1_6_synth_1: D:/vivadoRepo/lab8_ex/design_1_and2_1_6_synth_1/runme.log
design_1_and2_1_7_synth_1: D:/vivadoRepo/lab8_ex/design_1_and2_1_7_synth_1/runme.log
design_1_and2_2_0_synth_1: D:/vivadoRepo/lab8_ex/design_1_and2_2_0_synth_1/runme.log
design_1_and2_2_5_synth_1: D:/vivadoRepo/lab8_ex/design_1_and2_2_5_synth_1/runme.log
design_1_and2_2_6_synth_1: D:/vivadoRepo/lab8_ex/design_1_and2_2_6_synth_1/runme.log
design_1_and2_2_7_synth_1: D:/vivadoRepo/lab8_ex/design_1_and2_2_7_synth_1/runme.log
design_1_and2_3_0_synth_1: D:/vivadoRepo/lab8_ex/design_1_and2_3_0_synth_1/runme.log
design_1_and2_3_5_synth_1: D:/vivadoRepo/lab8_ex/design_1_and2_3_5_synth_1/runme.log
design_1_and2_3_6_synth_1: D:/vivadoRepo/lab8_ex/design_1_and2_3_6_synth_1/runme.log
design_1_and2_3_7_synth_1: D:/vivadoRepo/lab8_ex/design_1_and2_3_7_synth_1/runme.log
design_1_and2_4_0_synth_1: D:/vivadoRepo/lab8_ex/design_1_and2_4_0_synth_1/runme.log
design_1_and2_4_5_synth_1: D:/vivadoRepo/lab8_ex/design_1_and2_4_5_synth_1/runme.log
design_1_and2_4_6_synth_1: D:/vivadoRepo/lab8_ex/design_1_and2_4_6_synth_1/runme.log
design_1_and2_4_7_synth_1: D:/vivadoRepo/lab8_ex/design_1_and2_4_7_synth_1/runme.log
design_1_and2_5_0_synth_1: D:/vivadoRepo/lab8_ex/design_1_and2_5_0_synth_1/runme.log
design_1_and2_5_5_synth_1: D:/vivadoRepo/lab8_ex/design_1_and2_5_5_synth_1/runme.log
design_1_and2_5_6_synth_1: D:/vivadoRepo/lab8_ex/design_1_and2_5_6_synth_1/runme.log
design_1_and2_5_7_synth_1: D:/vivadoRepo/lab8_ex/design_1_and2_5_7_synth_1/runme.log
design_1_and2_6_0_synth_1: D:/vivadoRepo/lab8_ex/design_1_and2_6_0_synth_1/runme.log
design_1_and2_6_5_synth_1: D:/vivadoRepo/lab8_ex/design_1_and2_6_5_synth_1/runme.log
design_1_and2_6_6_synth_1: D:/vivadoRepo/lab8_ex/design_1_and2_6_6_synth_1/runme.log
design_1_and2_6_7_synth_1: D:/vivadoRepo/lab8_ex/design_1_and2_6_7_synth_1/runme.log
design_1_and2_7_0_synth_1: D:/vivadoRepo/lab8_ex/design_1_and2_7_0_synth_1/runme.log
design_1_and2_7_5_synth_1: D:/vivadoRepo/lab8_ex/design_1_and2_7_5_synth_1/runme.log
design_1_and2_7_6_synth_1: D:/vivadoRepo/lab8_ex/design_1_and2_7_6_synth_1/runme.log
design_1_and2_7_7_synth_1: D:/vivadoRepo/lab8_ex/design_1_and2_7_7_synth_1/runme.log
design_1_and2_8_0_synth_1: D:/vivadoRepo/lab8_ex/design_1_and2_8_0_synth_1/runme.log
design_1_and2_8_5_synth_1: D:/vivadoRepo/lab8_ex/design_1_and2_8_5_synth_1/runme.log
design_1_and2_8_6_synth_1: D:/vivadoRepo/lab8_ex/design_1_and2_8_6_synth_1/runme.log
design_1_and2_8_7_synth_1: D:/vivadoRepo/lab8_ex/design_1_and2_8_7_synth_1/runme.log
design_1_and2_9_0_synth_1: D:/vivadoRepo/lab8_ex/design_1_and2_9_0_synth_1/runme.log
design_1_and2_9_5_synth_1: D:/vivadoRepo/lab8_ex/design_1_and2_9_5_synth_1/runme.log
design_1_and2_9_6_synth_1: D:/vivadoRepo/lab8_ex/design_1_and2_9_6_synth_1/runme.log
design_1_and2_9_7_synth_1: D:/vivadoRepo/lab8_ex/design_1_and2_9_7_synth_1/runme.log
launch_runs: Time (s): cpu = 00:00:31 ; elapsed = 00:00:36 . Memory (MB): peak = 2248.562 ; gain = 56.102
export_simulation -lib_map_path [list {modelsim=F:/Haoyang_Sun/experiments/labs/lab8_ex/lab8_ex.cache/compile_simlib/modelsim} {questa=F:/Haoyang_Sun/experiments/labs/lab8_ex/lab8_ex.cache/compile_simlib/questa} {riviera=F:/Haoyang_Sun/experiments/labs/lab8_ex/lab8_ex.cache/compile_simlib/riviera} {activehdl=F:/Haoyang_Sun/experiments/labs/lab8_ex/lab8_ex.cache/compile_simlib/activehdl}] -of_objects [get_files F:/Haoyang_Sun/experiments/labs/lab8_ex/lab8_ex.srcs/sources_1/bd/design_1/design_1.bd] -directory F:/Haoyang_Sun/experiments/labs/lab8_ex/lab8_ex.ip_user_files/sim_scripts -ip_user_files_dir F:/Haoyang_Sun/experiments/labs/lab8_ex/lab8_ex.ip_user_files -ipstatic_source_dir F:/Haoyang_Sun/experiments/labs/lab8_ex/lab8_ex.ip_user_files/ipstatic -use_ip_compiled_libs -force -quiet
report_ip_status -name ip_status 
set_property USER_LOCKED 1 [get_ips design_1_xlconstant_0_5]
INFO: [IP_Flow 19-8015] Moving outputs for IP 'design_1_xlconstant_0_5' to 'f:/Haoyang_Sun/experiments/labs/lab8_ex/lab8_ex.srcs/sources_1/bd/design_1/ip/design_1_xlconstant_0_5'
set_property USER_LOCKED 1 [get_ips design_1_xlconstant_0_6]
INFO: [IP_Flow 19-8015] Moving outputs for IP 'design_1_xlconstant_0_6' to 'f:/Haoyang_Sun/experiments/labs/lab8_ex/lab8_ex.srcs/sources_1/bd/design_1/ip/design_1_xlconstant_0_6'
set_property USER_LOCKED 1 [get_ips design_1_xlconstant_0_0]
INFO: [IP_Flow 19-8015] Moving outputs for IP 'design_1_xlconstant_0_0' to 'f:/Haoyang_Sun/experiments/labs/lab8_ex/lab8_ex.srcs/sources_1/bd/design_1/ip/design_1_xlconstant_0_0'
set_property USER_LOCKED 1 [get_ips design_1_xlconstant_0_7]
INFO: [IP_Flow 19-8015] Moving outputs for IP 'design_1_xlconstant_0_7' to 'f:/Haoyang_Sun/experiments/labs/lab8_ex/lab8_ex.srcs/sources_1/bd/design_1/ip/design_1_xlconstant_0_7'
report_ip_status -name ip_status 
set_property LOCK_UPGRADE 0 [get_bd_cells /ALBL/xlconstant_0]
INFO: [IP_Flow 19-8015] Moving outputs for IP 'design_1_xlconstant_0_0' to 'f:/Haoyang_Sun/experiments/labs/lab8_ex/lab8_ex.gen/sources_1/bd/design_1/ip/design_1_xlconstant_0_0'
WARNING: [IP_Flow 19-2162] IP 'design_1_xlconstant_0_0' is locked:
* IP 'design_1_xlconstant_0_0' was locked because its BD Cell is locked for upgrade.
set_property LOCK_UPGRADE 1 [get_bd_cells /ALBL/xlconstant_0]
INFO: [IP_Flow 19-8015] Moving outputs for IP 'design_1_xlconstant_0_0' to 'f:/Haoyang_Sun/experiments/labs/lab8_ex/lab8_ex.srcs/sources_1/bd/design_1/ip/design_1_xlconstant_0_0'
set_property LOCK_UPGRADE 0 [get_bd_cells /ALBL/xlconstant_0]
INFO: [IP_Flow 19-8015] Moving outputs for IP 'design_1_xlconstant_0_0' to 'f:/Haoyang_Sun/experiments/labs/lab8_ex/lab8_ex.gen/sources_1/bd/design_1/ip/design_1_xlconstant_0_0'
WARNING: [IP_Flow 19-2162] IP 'design_1_xlconstant_0_0' is locked:
* IP 'design_1_xlconstant_0_0' was locked because its BD Cell is locked for upgrade.
set_property LOCK_UPGRADE 0 [get_bd_cells /ALBH/xlconstant_0]
INFO: [IP_Flow 19-8015] Moving outputs for IP 'design_1_xlconstant_0_5' to 'f:/Haoyang_Sun/experiments/labs/lab8_ex/lab8_ex.gen/sources_1/bd/design_1/ip/design_1_xlconstant_0_5'
WARNING: [IP_Flow 19-2162] IP 'design_1_xlconstant_0_5' is locked:
* IP 'design_1_xlconstant_0_5' was locked because its BD Cell is locked for upgrade.
set_property LOCK_UPGRADE 0 [get_bd_cells /AHBH/xlconstant_0]
INFO: [IP_Flow 19-8015] Moving outputs for IP 'design_1_xlconstant_0_7' to 'f:/Haoyang_Sun/experiments/labs/lab8_ex/lab8_ex.gen/sources_1/bd/design_1/ip/design_1_xlconstant_0_7'
WARNING: [IP_Flow 19-2162] IP 'design_1_xlconstant_0_7' is locked:
* IP 'design_1_xlconstant_0_7' was locked because its BD Cell is locked for upgrade.
set_property LOCK_UPGRADE 0 [get_bd_cells /AHBL/xlconstant_0]
INFO: [IP_Flow 19-8015] Moving outputs for IP 'design_1_xlconstant_0_6' to 'f:/Haoyang_Sun/experiments/labs/lab8_ex/lab8_ex.gen/sources_1/bd/design_1/ip/design_1_xlconstant_0_6'
WARNING: [IP_Flow 19-2162] IP 'design_1_xlconstant_0_6' is locked:
* IP 'design_1_xlconstant_0_6' was locked because its BD Cell is locked for upgrade.
report_ip_status -name ip_status 
set_property USER_LOCKED 1 [get_ips design_1_xlconstant_0_5]
INFO: [IP_Flow 19-8015] Moving outputs for IP 'design_1_xlconstant_0_5' to 'f:/Haoyang_Sun/experiments/labs/lab8_ex/lab8_ex.srcs/sources_1/bd/design_1/ip/design_1_xlconstant_0_5'
set_property USER_LOCKED 1 [get_ips design_1_xlconstant_0_6]
INFO: [IP_Flow 19-8015] Moving outputs for IP 'design_1_xlconstant_0_6' to 'f:/Haoyang_Sun/experiments/labs/lab8_ex/lab8_ex.srcs/sources_1/bd/design_1/ip/design_1_xlconstant_0_6'
set_property USER_LOCKED 1 [get_ips design_1_xlconstant_0_0]
INFO: [IP_Flow 19-8015] Moving outputs for IP 'design_1_xlconstant_0_0' to 'f:/Haoyang_Sun/experiments/labs/lab8_ex/lab8_ex.srcs/sources_1/bd/design_1/ip/design_1_xlconstant_0_0'
set_property USER_LOCKED 1 [get_ips design_1_xlconstant_0_7]
INFO: [IP_Flow 19-8015] Moving outputs for IP 'design_1_xlconstant_0_7' to 'f:/Haoyang_Sun/experiments/labs/lab8_ex/lab8_ex.srcs/sources_1/bd/design_1/ip/design_1_xlconstant_0_7'
report_ip_status -name ip_status 
INFO: [Common 17-41] Interrupt caught. Command should exit soon.
report_ip_status: Time (s): cpu = 00:00:02 ; elapsed = 00:00:09 . Memory (MB): peak = 2699.102 ; gain = 0.000
INFO: [Common 17-344] 'report_ip_status' was cancelled
set_property LOCK_UPGRADE 0 [get_bd_cells /ALBH/xlconstant_0]
INFO: [IP_Flow 19-8015] Moving outputs for IP 'design_1_xlconstant_0_5' to 'f:/Haoyang_Sun/experiments/labs/lab8_ex/lab8_ex.gen/sources_1/bd/design_1/ip/design_1_xlconstant_0_5'
WARNING: [IP_Flow 19-2162] IP 'design_1_xlconstant_0_5' is locked:
* IP 'design_1_xlconstant_0_5' was locked because its BD Cell is locked for upgrade.
set_property LOCK_UPGRADE 1 [get_bd_cells /ALBH/xlconstant_0]
INFO: [IP_Flow 19-8015] Moving outputs for IP 'design_1_xlconstant_0_5' to 'f:/Haoyang_Sun/experiments/labs/lab8_ex/lab8_ex.srcs/sources_1/bd/design_1/ip/design_1_xlconstant_0_5'
set_property LOCK_UPGRADE 0 [get_bd_cells /ALBH/xlconstant_0]
INFO: [IP_Flow 19-8015] Moving outputs for IP 'design_1_xlconstant_0_5' to 'f:/Haoyang_Sun/experiments/labs/lab8_ex/lab8_ex.gen/sources_1/bd/design_1/ip/design_1_xlconstant_0_5'
WARNING: [IP_Flow 19-2162] IP 'design_1_xlconstant_0_5' is locked:
* IP 'design_1_xlconstant_0_5' was locked because its BD Cell is locked for upgrade.
report_ip_status -name ip_status 
set_property LOCK_UPGRADE 0 [get_bd_cells /AHBH/xlconstant_0]
INFO: [IP_Flow 19-8015] Moving outputs for IP 'design_1_xlconstant_0_7' to 'f:/Haoyang_Sun/experiments/labs/lab8_ex/lab8_ex.gen/sources_1/bd/design_1/ip/design_1_xlconstant_0_7'
WARNING: [IP_Flow 19-2162] IP 'design_1_xlconstant_0_7' is locked:
* IP 'design_1_xlconstant_0_7' was locked because its BD Cell is locked for upgrade.
set_property LOCK_UPGRADE 0 [get_bd_cells /AHBL/xlconstant_0]
INFO: [IP_Flow 19-8015] Moving outputs for IP 'design_1_xlconstant_0_6' to 'f:/Haoyang_Sun/experiments/labs/lab8_ex/lab8_ex.gen/sources_1/bd/design_1/ip/design_1_xlconstant_0_6'
WARNING: [IP_Flow 19-2162] IP 'design_1_xlconstant_0_6' is locked:
* IP 'design_1_xlconstant_0_6' was locked because its BD Cell is locked for upgrade.
set_property LOCK_UPGRADE 0 [get_bd_cells /ALBL/xlconstant_0]
INFO: [IP_Flow 19-8015] Moving outputs for IP 'design_1_xlconstant_0_0' to 'f:/Haoyang_Sun/experiments/labs/lab8_ex/lab8_ex.gen/sources_1/bd/design_1/ip/design_1_xlconstant_0_0'
WARNING: [IP_Flow 19-2162] IP 'design_1_xlconstant_0_0' is locked:
* IP 'design_1_xlconstant_0_0' was locked because its BD Cell is locked for upgrade.
report_ip_status -name ip_status 
reset_property LOCK_UPGRADE [get_bd_cells xlconstant_0]
ERROR: [Common 17-229] Tcl reset_property command for property <LOCK_UPGRADE> is currently not supported.  The property <LOCK_UPGRADE> cannot be reset.
ERROR: [Common 17-39] 'reset_property' failed due to earlier errors.
set_property USER_LOCKED 1 [get_ips design_1_xlconstant_0_5]
INFO: [IP_Flow 19-8015] Moving outputs for IP 'design_1_xlconstant_0_5' to 'f:/Haoyang_Sun/experiments/labs/lab8_ex/lab8_ex.srcs/sources_1/bd/design_1/ip/design_1_xlconstant_0_5'
set_property USER_LOCKED 1 [get_ips design_1_xlconstant_0_6]
INFO: [IP_Flow 19-8015] Moving outputs for IP 'design_1_xlconstant_0_6' to 'f:/Haoyang_Sun/experiments/labs/lab8_ex/lab8_ex.srcs/sources_1/bd/design_1/ip/design_1_xlconstant_0_6'
set_property USER_LOCKED 1 [get_ips design_1_xlconstant_0_0]
INFO: [IP_Flow 19-8015] Moving outputs for IP 'design_1_xlconstant_0_0' to 'f:/Haoyang_Sun/experiments/labs/lab8_ex/lab8_ex.srcs/sources_1/bd/design_1/ip/design_1_xlconstant_0_0'
set_property USER_LOCKED 1 [get_ips design_1_xlconstant_0_7]
INFO: [IP_Flow 19-8015] Moving outputs for IP 'design_1_xlconstant_0_7' to 'f:/Haoyang_Sun/experiments/labs/lab8_ex/lab8_ex.srcs/sources_1/bd/design_1/ip/design_1_xlconstant_0_7'
report_ip_status -name ip_status 
update_module_reference design_1_adpt_in_0_0
Upgrading 'F:/Haoyang_Sun/experiments/labs/lab8_ex/lab8_ex.srcs/sources_1/bd/design_1/design_1.bd'
INFO: [IP_Flow 19-3420] Updated design_1_adpt_in_0_0 to use current project options
Wrote  : <F:\Haoyang_Sun\experiments\labs\lab8_ex\lab8_ex.srcs\sources_1\bd\design_1\design_1.bd> 
Wrote  : <F:/Haoyang_Sun/experiments/labs/lab8_ex/lab8_ex.srcs/sources_1/bd/design_1/ui/bd_1f5defd0.ui> 
report_ip_status -name ip_status 
set_property LOCK_UPGRADE 0 [get_bd_cells /cg_fpga_0]
INFO: [IP_Flow 19-8015] Moving outputs for IP 'design_1_cg_fpga_0_0' to 'f:/Haoyang_Sun/experiments/labs/lab8_ex/lab8_ex.gen/sources_1/bd/design_1/ip/design_1_cg_fpga_0_0'
WARNING: [IP_Flow 19-2162] IP 'cg_fpga_xlconstant_1_1' is locked:
* IP definition 'Constant (1.1)' for IP 'cg_fpga_xlconstant_1_1' (customized with software release 2024.2) has a different revision in the IP Catalog.
WARNING: [IP_Flow 19-2162] IP 'cg_fpga_xlconstant_1_0' is locked:
* IP definition 'Constant (1.1)' for IP 'cg_fpga_xlconstant_1_0' (customized with software release 2024.2) has a different revision in the IP Catalog.
WARNING: [IP_Flow 19-2162] IP 'cg_fpga_processing_system7_0_0' is locked:
* IP definition 'ZYNQ7 Processing System (5.5)' for IP 'cg_fpga_processing_system7_0_0' (customized with software release 2024.2) has a different revision in the IP Catalog. * This IP has board specific outputs. Current project board 'unset' and the board 'tul.com.tw:pynq-z2:part0:1.0' used to customize the IP 'cg_fpga_processing_system7_0_0' do not match.
WARNING: [IP_Flow 19-2162] IP 'cg_fpga_axi_vdma_0_0' is locked:
* IP definition 'AXI Video Direct Memory Access (6.3)' for IP 'cg_fpga_axi_vdma_0_0' (customized with software release 2024.2) has a different revision in the IP Catalog.
WARNING: [IP_Flow 19-2162] IP 'cg_fpga_auto_pc_1' is locked:
* IP definition 'AXI Protocol Converter (2.1)' for IP 'cg_fpga_auto_pc_1' (customized with software release 2024.2) has a different revision in the IP Catalog.
WARNING: [IP_Flow 19-2162] IP 'cg_fpga_xbar_0' is locked:
* IP definition 'AXI Crossbar (2.1)' for IP 'cg_fpga_xbar_0' (customized with software release 2024.2) has a different revision in the IP Catalog.
WARNING: [IP_Flow 19-2162] IP 'cg_fpga_xlconstant_0_0' is locked:
* IP definition 'Constant (1.1)' for IP 'cg_fpga_xlconstant_0_0' (customized with software release 2024.2) has a different revision in the IP Catalog.
WARNING: [IP_Flow 19-2162] IP 'cg_fpga_xlslice_1_0' is locked:
* IP definition 'Slice (1.0)' for IP 'cg_fpga_xlslice_1_0' (customized with software release 2024.2) has a different revision in the IP Catalog.
WARNING: [IP_Flow 19-2162] IP 'cg_fpga_xlslice_0_3' is locked:
* IP definition 'Slice (1.0)' for IP 'cg_fpga_xlslice_0_3' (customized with software release 2024.2) has a different revision in the IP Catalog.
WARNING: [IP_Flow 19-2162] IP 'cg_fpga_xlslice_0_2' is locked:
* IP definition 'Slice (1.0)' for IP 'cg_fpga_xlslice_0_2' (customized with software release 2024.2) has a different revision in the IP Catalog.
WARNING: [IP_Flow 19-2162] IP 'cg_fpga_xlconcat_3_0' is locked:
* IP definition 'Concat (2.1)' for IP 'cg_fpga_xlconcat_3_0' (customized with software release 2024.2) has a different revision in the IP Catalog.
WARNING: [IP_Flow 19-2162] IP 'cg_fpga_xlconcat_2_0' is locked:
* IP definition 'Concat (2.1)' for IP 'cg_fpga_xlconcat_2_0' (customized with software release 2024.2) has a different revision in the IP Catalog.
WARNING: [IP_Flow 19-2162] IP 'cg_fpga_v_vid_in_axi4s_0_0' is locked:
* IP definition 'Video In to AXI4-Stream (5.0)' for IP 'cg_fpga_v_vid_in_axi4s_0_0' (customized with software release 2024.2) has a different revision in the IP Catalog.
WARNING: [IP_Flow 19-2162] IP 'cg_fpga_xlconcat_1_0' is locked:
* IP definition 'Concat (2.1)' for IP 'cg_fpga_xlconcat_1_0' (customized with software release 2024.2) has a different revision in the IP Catalog.
WARNING: [IP_Flow 19-2162] IP 'cg_fpga_xlconcat_0_0' is locked:
* IP definition 'Concat (2.1)' for IP 'cg_fpga_xlconcat_0_0' (customized with software release 2024.2) has a different revision in the IP Catalog.
WARNING: [IP_Flow 19-2162] IP 'cg_fpga_auto_pc_0' is locked:
* IP definition 'AXI Protocol Converter (2.1)' for IP 'cg_fpga_auto_pc_0' (customized with software release 2024.2) has a different revision in the IP Catalog.
WARNING: [IP_Flow 19-2162] IP 'cg_fpga_xbar_1' is locked:
* IP definition 'AXI Crossbar (2.1)' for IP 'cg_fpga_xbar_1' (customized with software release 2024.2) has a different revision in the IP Catalog.
WARNING: [IP_Flow 19-2162] IP 'cg_fpga_rst_ps7_0_50M_0' is locked:
* IP definition 'Processor System Reset (5.0)' for IP 'cg_fpga_rst_ps7_0_50M_0' (customized with software release 2024.2) has a different revision in the IP Catalog. * This IP has board specific outputs. Current project board 'unset' and the board 'tul.com.tw:pynq-z2:part0:1.0' used to customize the IP 'cg_fpga_rst_ps7_0_50M_0' do not match.
WARNING: [IP_Flow 19-2162] IP 'cg_fpga_axi_intc_0_0' is locked:
* IP definition 'AXI Interrupt Controller (4.1)' for IP 'cg_fpga_axi_intc_0_0' (customized with software release 2024.2) has a different revision in the IP Catalog.
WARNING: [IP_Flow 19-2162] IP 'cg_fpga_axi_uartlite_0_0' is locked:
* IP definition 'AXI Uartlite (2.0)' for IP 'cg_fpga_axi_uartlite_0_0' (customized with software release 2024.2) has a different revision in the IP Catalog. * This IP has board specific outputs. Current project board 'unset' and the board 'tul.com.tw:pynq-z2:part0:1.0' used to customize the IP 'cg_fpga_axi_uartlite_0_0' do not match.
WARNING: [IP_Flow 19-2162] IP 'cg_fpga_cg_fpga_axi_gpio_i1_0' is locked:
* IP definition 'AXI GPIO (2.0)' for IP 'cg_fpga_cg_fpga_axi_gpio_i1_0' (customized with software release 2024.2) has a different revision in the IP Catalog. * This IP has board specific outputs. Current project board 'unset' and the board 'tul.com.tw:pynq-z2:part0:1.0' used to customize the IP 'cg_fpga_cg_fpga_axi_gpio_i1_0' do not match.
WARNING: [IP_Flow 19-2162] IP 'cg_fpga_cg_fpga_axi_gpio_o1_1' is locked:
* IP definition 'AXI GPIO (2.0)' for IP 'cg_fpga_cg_fpga_axi_gpio_o1_1' (customized with software release 2024.2) has a different revision in the IP Catalog. * This IP has board specific outputs. Current project board 'unset' and the board 'tul.com.tw:pynq-z2:part0:1.0' used to customize the IP 'cg_fpga_cg_fpga_axi_gpio_o1_1' do not match.
WARNING: [IP_Flow 19-2162] IP 'cg_fpga_cg_fpga_axi_gpio_o1_0' is locked:
* IP definition 'AXI GPIO (2.0)' for IP 'cg_fpga_cg_fpga_axi_gpio_o1_0' (customized with software release 2024.2) has a different revision in the IP Catalog. * This IP has board specific outputs. Current project board 'unset' and the board 'tul.com.tw:pynq-z2:part0:1.0' used to customize the IP 'cg_fpga_cg_fpga_axi_gpio_o1_0' do not match.
WARNING: [IP_Flow 19-2162] IP 'cg_fpga_axi_gpio_0_0' is locked:
* IP definition 'AXI GPIO (2.0)' for IP 'cg_fpga_axi_gpio_0_0' (customized with software release 2024.2) has a different revision in the IP Catalog. * This IP has board specific outputs. Current project board 'unset' and the board 'tul.com.tw:pynq-z2:part0:1.0' used to customize the IP 'cg_fpga_axi_gpio_0_0' do not match.
WARNING: [IP_Flow 19-2162] IP 'design_1_cg_fpga_0_0' is locked:
* IP 'design_1_cg_fpga_0_0' was locked because its BD Cell is locked for upgrade. * IP definition 'cg_fpga (1.4)' for IP 'design_1_cg_fpga_0_0' (customized with software release 2024.2) was not found in the IP Catalog. * IP 'design_1_cg_fpga_0_0' contains one or more locked subcores.
set_property LOCK_UPGRADE 1 [get_bd_cells /cg_fpga_0]
INFO: [IP_Flow 19-8015] Moving outputs for IP 'design_1_cg_fpga_0_0' to 'f:/Haoyang_Sun/experiments/labs/lab8_ex/lab8_ex.srcs/sources_1/bd/design_1/ip/design_1_cg_fpga_0_0'
WARNING: [IP_Flow 19-2162] IP 'cg_fpga_xlconstant_1_1' is locked:
* IP definition 'Constant (1.1)' for IP 'cg_fpga_xlconstant_1_1' (customized with software release 2024.2) has a different revision in the IP Catalog.
WARNING: [IP_Flow 19-2162] IP 'cg_fpga_xlconstant_1_0' is locked:
* IP definition 'Constant (1.1)' for IP 'cg_fpga_xlconstant_1_0' (customized with software release 2024.2) has a different revision in the IP Catalog.
WARNING: [IP_Flow 19-2162] IP 'cg_fpga_processing_system7_0_0' is locked:
* IP definition 'ZYNQ7 Processing System (5.5)' for IP 'cg_fpga_processing_system7_0_0' (customized with software release 2024.2) has a different revision in the IP Catalog. * This IP has board specific outputs. Current project board 'unset' and the board 'tul.com.tw:pynq-z2:part0:1.0' used to customize the IP 'cg_fpga_processing_system7_0_0' do not match.
WARNING: [IP_Flow 19-2162] IP 'cg_fpga_axi_vdma_0_0' is locked:
* IP definition 'AXI Video Direct Memory Access (6.3)' for IP 'cg_fpga_axi_vdma_0_0' (customized with software release 2024.2) has a different revision in the IP Catalog.
WARNING: [IP_Flow 19-2162] IP 'cg_fpga_auto_pc_1' is locked:
* IP definition 'AXI Protocol Converter (2.1)' for IP 'cg_fpga_auto_pc_1' (customized with software release 2024.2) has a different revision in the IP Catalog.
WARNING: [IP_Flow 19-2162] IP 'cg_fpga_xbar_0' is locked:
* IP definition 'AXI Crossbar (2.1)' for IP 'cg_fpga_xbar_0' (customized with software release 2024.2) has a different revision in the IP Catalog.
WARNING: [IP_Flow 19-2162] IP 'cg_fpga_xlconstant_0_0' is locked:
* IP definition 'Constant (1.1)' for IP 'cg_fpga_xlconstant_0_0' (customized with software release 2024.2) has a different revision in the IP Catalog.
WARNING: [IP_Flow 19-2162] IP 'cg_fpga_xlslice_1_0' is locked:
* IP definition 'Slice (1.0)' for IP 'cg_fpga_xlslice_1_0' (customized with software release 2024.2) has a different revision in the IP Catalog.
WARNING: [IP_Flow 19-2162] IP 'cg_fpga_xlslice_0_3' is locked:
* IP definition 'Slice (1.0)' for IP 'cg_fpga_xlslice_0_3' (customized with software release 2024.2) has a different revision in the IP Catalog.
WARNING: [IP_Flow 19-2162] IP 'cg_fpga_xlslice_0_2' is locked:
* IP definition 'Slice (1.0)' for IP 'cg_fpga_xlslice_0_2' (customized with software release 2024.2) has a different revision in the IP Catalog.
WARNING: [IP_Flow 19-2162] IP 'cg_fpga_xlconcat_3_0' is locked:
* IP definition 'Concat (2.1)' for IP 'cg_fpga_xlconcat_3_0' (customized with software release 2024.2) has a different revision in the IP Catalog.
WARNING: [IP_Flow 19-2162] IP 'cg_fpga_xlconcat_2_0' is locked:
* IP definition 'Concat (2.1)' for IP 'cg_fpga_xlconcat_2_0' (customized with software release 2024.2) has a different revision in the IP Catalog.
WARNING: [IP_Flow 19-2162] IP 'cg_fpga_v_vid_in_axi4s_0_0' is locked:
* IP definition 'Video In to AXI4-Stream (5.0)' for IP 'cg_fpga_v_vid_in_axi4s_0_0' (customized with software release 2024.2) has a different revision in the IP Catalog.
WARNING: [IP_Flow 19-2162] IP 'cg_fpga_xlconcat_1_0' is locked:
* IP definition 'Concat (2.1)' for IP 'cg_fpga_xlconcat_1_0' (customized with software release 2024.2) has a different revision in the IP Catalog.
WARNING: [IP_Flow 19-2162] IP 'cg_fpga_xlconcat_0_0' is locked:
* IP definition 'Concat (2.1)' for IP 'cg_fpga_xlconcat_0_0' (customized with software release 2024.2) has a different revision in the IP Catalog.
WARNING: [IP_Flow 19-2162] IP 'cg_fpga_auto_pc_0' is locked:
* IP definition 'AXI Protocol Converter (2.1)' for IP 'cg_fpga_auto_pc_0' (customized with software release 2024.2) has a different revision in the IP Catalog.
WARNING: [IP_Flow 19-2162] IP 'cg_fpga_xbar_1' is locked:
* IP definition 'AXI Crossbar (2.1)' for IP 'cg_fpga_xbar_1' (customized with software release 2024.2) has a different revision in the IP Catalog.
WARNING: [IP_Flow 19-2162] IP 'cg_fpga_rst_ps7_0_50M_0' is locked:
* IP definition 'Processor System Reset (5.0)' for IP 'cg_fpga_rst_ps7_0_50M_0' (customized with software release 2024.2) has a different revision in the IP Catalog. * This IP has board specific outputs. Current project board 'unset' and the board 'tul.com.tw:pynq-z2:part0:1.0' used to customize the IP 'cg_fpga_rst_ps7_0_50M_0' do not match.
WARNING: [IP_Flow 19-2162] IP 'cg_fpga_axi_intc_0_0' is locked:
* IP definition 'AXI Interrupt Controller (4.1)' for IP 'cg_fpga_axi_intc_0_0' (customized with software release 2024.2) has a different revision in the IP Catalog.
WARNING: [IP_Flow 19-2162] IP 'cg_fpga_axi_uartlite_0_0' is locked:
* IP definition 'AXI Uartlite (2.0)' for IP 'cg_fpga_axi_uartlite_0_0' (customized with software release 2024.2) has a different revision in the IP Catalog. * This IP has board specific outputs. Current project board 'unset' and the board 'tul.com.tw:pynq-z2:part0:1.0' used to customize the IP 'cg_fpga_axi_uartlite_0_0' do not match.
WARNING: [IP_Flow 19-2162] IP 'cg_fpga_cg_fpga_axi_gpio_i1_0' is locked:
* IP definition 'AXI GPIO (2.0)' for IP 'cg_fpga_cg_fpga_axi_gpio_i1_0' (customized with software release 2024.2) has a different revision in the IP Catalog. * This IP has board specific outputs. Current project board 'unset' and the board 'tul.com.tw:pynq-z2:part0:1.0' used to customize the IP 'cg_fpga_cg_fpga_axi_gpio_i1_0' do not match.
WARNING: [IP_Flow 19-2162] IP 'cg_fpga_cg_fpga_axi_gpio_o1_1' is locked:
* IP definition 'AXI GPIO (2.0)' for IP 'cg_fpga_cg_fpga_axi_gpio_o1_1' (customized with software release 2024.2) has a different revision in the IP Catalog. * This IP has board specific outputs. Current project board 'unset' and the board 'tul.com.tw:pynq-z2:part0:1.0' used to customize the IP 'cg_fpga_cg_fpga_axi_gpio_o1_1' do not match.
WARNING: [IP_Flow 19-2162] IP 'cg_fpga_cg_fpga_axi_gpio_o1_0' is locked:
* IP definition 'AXI GPIO (2.0)' for IP 'cg_fpga_cg_fpga_axi_gpio_o1_0' (customized with software release 2024.2) has a different revision in the IP Catalog. * This IP has board specific outputs. Current project board 'unset' and the board 'tul.com.tw:pynq-z2:part0:1.0' used to customize the IP 'cg_fpga_cg_fpga_axi_gpio_o1_0' do not match.
WARNING: [IP_Flow 19-2162] IP 'cg_fpga_axi_gpio_0_0' is locked:
* IP definition 'AXI GPIO (2.0)' for IP 'cg_fpga_axi_gpio_0_0' (customized with software release 2024.2) has a different revision in the IP Catalog. * This IP has board specific outputs. Current project board 'unset' and the board 'tul.com.tw:pynq-z2:part0:1.0' used to customize the IP 'cg_fpga_axi_gpio_0_0' do not match.
WARNING: [IP_Flow 19-2162] IP 'design_1_cg_fpga_0_0' is locked:
* IP definition 'cg_fpga (1.4)' for IP 'design_1_cg_fpga_0_0' (customized with software release 2024.2) was not found in the IP Catalog. * IP 'design_1_cg_fpga_0_0' contains one or more locked subcores.
set_property LOCK_UPGRADE 0 [get_bd_cells /cg_fpga_0]
INFO: [IP_Flow 19-8015] Moving outputs for IP 'design_1_cg_fpga_0_0' to 'f:/Haoyang_Sun/experiments/labs/lab8_ex/lab8_ex.gen/sources_1/bd/design_1/ip/design_1_cg_fpga_0_0'
WARNING: [IP_Flow 19-2162] IP 'cg_fpga_xlconstant_1_1' is locked:
* IP definition 'Constant (1.1)' for IP 'cg_fpga_xlconstant_1_1' (customized with software release 2024.2) has a different revision in the IP Catalog.
WARNING: [IP_Flow 19-2162] IP 'cg_fpga_xlconstant_1_0' is locked:
* IP definition 'Constant (1.1)' for IP 'cg_fpga_xlconstant_1_0' (customized with software release 2024.2) has a different revision in the IP Catalog.
WARNING: [IP_Flow 19-2162] IP 'cg_fpga_processing_system7_0_0' is locked:
* IP definition 'ZYNQ7 Processing System (5.5)' for IP 'cg_fpga_processing_system7_0_0' (customized with software release 2024.2) has a different revision in the IP Catalog. * This IP has board specific outputs. Current project board 'unset' and the board 'tul.com.tw:pynq-z2:part0:1.0' used to customize the IP 'cg_fpga_processing_system7_0_0' do not match.
WARNING: [IP_Flow 19-2162] IP 'cg_fpga_axi_vdma_0_0' is locked:
* IP definition 'AXI Video Direct Memory Access (6.3)' for IP 'cg_fpga_axi_vdma_0_0' (customized with software release 2024.2) has a different revision in the IP Catalog.
WARNING: [IP_Flow 19-2162] IP 'cg_fpga_auto_pc_1' is locked:
* IP definition 'AXI Protocol Converter (2.1)' for IP 'cg_fpga_auto_pc_1' (customized with software release 2024.2) has a different revision in the IP Catalog.
WARNING: [IP_Flow 19-2162] IP 'cg_fpga_xbar_0' is locked:
* IP definition 'AXI Crossbar (2.1)' for IP 'cg_fpga_xbar_0' (customized with software release 2024.2) has a different revision in the IP Catalog.
WARNING: [IP_Flow 19-2162] IP 'cg_fpga_xlconstant_0_0' is locked:
* IP definition 'Constant (1.1)' for IP 'cg_fpga_xlconstant_0_0' (customized with software release 2024.2) has a different revision in the IP Catalog.
WARNING: [IP_Flow 19-2162] IP 'cg_fpga_xlslice_1_0' is locked:
* IP definition 'Slice (1.0)' for IP 'cg_fpga_xlslice_1_0' (customized with software release 2024.2) has a different revision in the IP Catalog.
WARNING: [IP_Flow 19-2162] IP 'cg_fpga_xlslice_0_3' is locked:
* IP definition 'Slice (1.0)' for IP 'cg_fpga_xlslice_0_3' (customized with software release 2024.2) has a different revision in the IP Catalog.
WARNING: [IP_Flow 19-2162] IP 'cg_fpga_xlslice_0_2' is locked:
* IP definition 'Slice (1.0)' for IP 'cg_fpga_xlslice_0_2' (customized with software release 2024.2) has a different revision in the IP Catalog.
WARNING: [IP_Flow 19-2162] IP 'cg_fpga_xlconcat_3_0' is locked:
* IP definition 'Concat (2.1)' for IP 'cg_fpga_xlconcat_3_0' (customized with software release 2024.2) has a different revision in the IP Catalog.
WARNING: [IP_Flow 19-2162] IP 'cg_fpga_xlconcat_2_0' is locked:
* IP definition 'Concat (2.1)' for IP 'cg_fpga_xlconcat_2_0' (customized with software release 2024.2) has a different revision in the IP Catalog.
WARNING: [IP_Flow 19-2162] IP 'cg_fpga_v_vid_in_axi4s_0_0' is locked:
* IP definition 'Video In to AXI4-Stream (5.0)' for IP 'cg_fpga_v_vid_in_axi4s_0_0' (customized with software release 2024.2) has a different revision in the IP Catalog.
WARNING: [IP_Flow 19-2162] IP 'cg_fpga_xlconcat_1_0' is locked:
* IP definition 'Concat (2.1)' for IP 'cg_fpga_xlconcat_1_0' (customized with software release 2024.2) has a different revision in the IP Catalog.
WARNING: [IP_Flow 19-2162] IP 'cg_fpga_xlconcat_0_0' is locked:
* IP definition 'Concat (2.1)' for IP 'cg_fpga_xlconcat_0_0' (customized with software release 2024.2) has a different revision in the IP Catalog.
WARNING: [IP_Flow 19-2162] IP 'cg_fpga_auto_pc_0' is locked:
* IP definition 'AXI Protocol Converter (2.1)' for IP 'cg_fpga_auto_pc_0' (customized with software release 2024.2) has a different revision in the IP Catalog.
WARNING: [IP_Flow 19-2162] IP 'cg_fpga_xbar_1' is locked:
* IP definition 'AXI Crossbar (2.1)' for IP 'cg_fpga_xbar_1' (customized with software release 2024.2) has a different revision in the IP Catalog.
WARNING: [IP_Flow 19-2162] IP 'cg_fpga_rst_ps7_0_50M_0' is locked:
* IP definition 'Processor System Reset (5.0)' for IP 'cg_fpga_rst_ps7_0_50M_0' (customized with software release 2024.2) has a different revision in the IP Catalog. * This IP has board specific outputs. Current project board 'unset' and the board 'tul.com.tw:pynq-z2:part0:1.0' used to customize the IP 'cg_fpga_rst_ps7_0_50M_0' do not match.
WARNING: [IP_Flow 19-2162] IP 'cg_fpga_axi_intc_0_0' is locked:
* IP definition 'AXI Interrupt Controller (4.1)' for IP 'cg_fpga_axi_intc_0_0' (customized with software release 2024.2) has a different revision in the IP Catalog.
WARNING: [IP_Flow 19-2162] IP 'cg_fpga_axi_uartlite_0_0' is locked:
* IP definition 'AXI Uartlite (2.0)' for IP 'cg_fpga_axi_uartlite_0_0' (customized with software release 2024.2) has a different revision in the IP Catalog. * This IP has board specific outputs. Current project board 'unset' and the board 'tul.com.tw:pynq-z2:part0:1.0' used to customize the IP 'cg_fpga_axi_uartlite_0_0' do not match.
WARNING: [IP_Flow 19-2162] IP 'cg_fpga_cg_fpga_axi_gpio_i1_0' is locked:
* IP definition 'AXI GPIO (2.0)' for IP 'cg_fpga_cg_fpga_axi_gpio_i1_0' (customized with software release 2024.2) has a different revision in the IP Catalog. * This IP has board specific outputs. Current project board 'unset' and the board 'tul.com.tw:pynq-z2:part0:1.0' used to customize the IP 'cg_fpga_cg_fpga_axi_gpio_i1_0' do not match.
WARNING: [IP_Flow 19-2162] IP 'cg_fpga_cg_fpga_axi_gpio_o1_1' is locked:
* IP definition 'AXI GPIO (2.0)' for IP 'cg_fpga_cg_fpga_axi_gpio_o1_1' (customized with software release 2024.2) has a different revision in the IP Catalog. * This IP has board specific outputs. Current project board 'unset' and the board 'tul.com.tw:pynq-z2:part0:1.0' used to customize the IP 'cg_fpga_cg_fpga_axi_gpio_o1_1' do not match.
WARNING: [IP_Flow 19-2162] IP 'cg_fpga_cg_fpga_axi_gpio_o1_0' is locked:
* IP definition 'AXI GPIO (2.0)' for IP 'cg_fpga_cg_fpga_axi_gpio_o1_0' (customized with software release 2024.2) has a different revision in the IP Catalog. * This IP has board specific outputs. Current project board 'unset' and the board 'tul.com.tw:pynq-z2:part0:1.0' used to customize the IP 'cg_fpga_cg_fpga_axi_gpio_o1_0' do not match.
WARNING: [IP_Flow 19-2162] IP 'cg_fpga_axi_gpio_0_0' is locked:
* IP definition 'AXI GPIO (2.0)' for IP 'cg_fpga_axi_gpio_0_0' (customized with software release 2024.2) has a different revision in the IP Catalog. * This IP has board specific outputs. Current project board 'unset' and the board 'tul.com.tw:pynq-z2:part0:1.0' used to customize the IP 'cg_fpga_axi_gpio_0_0' do not match.
WARNING: [IP_Flow 19-2162] IP 'design_1_cg_fpga_0_0' is locked:
* IP 'design_1_cg_fpga_0_0' was locked because its BD Cell is locked for upgrade. * IP definition 'cg_fpga (1.4)' for IP 'design_1_cg_fpga_0_0' (customized with software release 2024.2) was not found in the IP Catalog. * IP 'design_1_cg_fpga_0_0' contains one or more locked subcores.
report_ip_status -name ip_status 
create_bd_design "design_2"
Wrote  : <F:\Haoyang_Sun\experiments\labs\lab8_ex\lab8_ex.srcs\sources_1\bd\design_2\design_2.bd> 
update_compile_order -fileset sources_1
update_ip_catalog -rebuild
INFO: [IP_Flow 19-234] Refreshing IP repositories
WARNING: [IP_Flow 19-2248] Failed to load user IP repository 'f:/Haoyang_Sun/experiments/labs/ip_repo'; Can't find the specified path.
If this directory should no longer be in your list of user repositories, go to the IP Settings dialog and remove it.
WARNING: [IP_Flow 19-2248] Failed to load user IP repository 'f:/Haoyang_Sun/experiments/labs/cg_fpga_slim_1_4'; Can't find the specified path.
If this directory should no longer be in your list of user repositories, go to the IP Settings dialog and remove it.
update_ip_catalog -rebuild
INFO: [IP_Flow 19-234] Refreshing IP repositories
WARNING: [IP_Flow 19-2248] Failed to load user IP repository 'f:/Haoyang_Sun/experiments/labs/ip_repo'; Can't find the specified path.
If this directory should no longer be in your list of user repositories, go to the IP Settings dialog and remove it.
WARNING: [IP_Flow 19-2248] Failed to load user IP repository 'f:/Haoyang_Sun/experiments/labs/cg_fpga_slim_1_4'; Can't find the specified path.
If this directory should no longer be in your list of user repositories, go to the IP Settings dialog and remove it.
set_property  ip_repo_paths  {f:/Haoyang_Sun/experiments/labs/ip_repo F:/Haoyang_Sun/experiments/cg_fpga_slim_1_4 f:/Haoyang_Sun/experiments/labs/cg_fpga_slim_1_4} [current_project]
update_ip_catalog
INFO: [IP_Flow 19-234] Refreshing IP repositories
WARNING: [IP_Flow 19-2248] Failed to load user IP repository 'f:/Haoyang_Sun/experiments/labs/ip_repo'; Can't find the specified path.
If this directory should no longer be in your list of user repositories, go to the IP Settings dialog and remove it.
INFO: [IP_Flow 19-1700] Loaded user IP repository 'f:/Haoyang_Sun/experiments/cg_fpga_slim_1_4'.
WARNING: [IP_Flow 19-2248] Failed to load user IP repository 'f:/Haoyang_Sun/experiments/labs/cg_fpga_slim_1_4'; Can't find the specified path.
If this directory should no longer be in your list of user repositories, go to the IP Settings dialog and remove it.
set_property  ip_repo_paths  {f:/Haoyang_Sun/experiments/labs/ip_repo f:/Haoyang_Sun/experiments/cg_fpga_slim_1_4 F:/Haoyang_Sun/experiments/ip_repo f:/Haoyang_Sun/experiments/labs/cg_fpga_slim_1_4} [current_project]
update_ip_catalog
INFO: [IP_Flow 19-234] Refreshing IP repositories
WARNING: [IP_Flow 19-2248] Failed to load user IP repository 'f:/Haoyang_Sun/experiments/labs/ip_repo'; Can't find the specified path.
If this directory should no longer be in your list of user repositories, go to the IP Settings dialog and remove it.
INFO: [IP_Flow 19-1700] Loaded user IP repository 'f:/Haoyang_Sun/experiments/cg_fpga_slim_1_4'.
INFO: [IP_Flow 19-1700] Loaded user IP repository 'f:/Haoyang_Sun/experiments/ip_repo'.
WARNING: [IP_Flow 19-2248] Failed to load user IP repository 'f:/Haoyang_Sun/experiments/labs/cg_fpga_slim_1_4'; Can't find the specified path.
If this directory should no longer be in your list of user repositories, go to the IP Settings dialog and remove it.
export_ip_user_files -of_objects  [get_files F:/Haoyang_Sun/experiments/labs/lab8_ex/lab8_ex.srcs/sources_1/bd/design_2/design_2.bd] -no_script -reset -force -quiet
remove_files  F:/Haoyang_Sun/experiments/labs/lab8_ex/lab8_ex.srcs/sources_1/bd/design_2/design_2.bd
Wrote  : <F:/Haoyang_Sun/experiments/labs/lab8_ex/lab8_ex.srcs/sources_1/bd/design_2/ui/bd_1fdbff51.ui> 
remove_files: Time (s): cpu = 00:00:06 ; elapsed = 00:00:05 . Memory (MB): peak = 4751.770 ; gain = 207.262
report_ip_status -name ip_status 
upgrade_ip -vlnv educg.net:user:cg_fpga:1.4 [get_ips  design_1_cg_fpga_0_0] -log ip_upgrade.log
Upgrading 'F:/Haoyang_Sun/experiments/labs/lab8_ex/lab8_ex.srcs/sources_1/bd/design_1/design_1.bd'
INFO: [IP_Flow 19-3420] Updated design_1_cg_fpga_0_0 to use current project options
Wrote  : <F:\Haoyang_Sun\experiments\labs\lab8_ex\lab8_ex.srcs\sources_1\bd\design_1\design_1.bd> 
Wrote  : <F:/Haoyang_Sun/experiments/labs/lab8_ex/lab8_ex.srcs/sources_1/bd/design_1/ui/bd_1f5defd0.ui> 
INFO: [Coretcl 2-1525] Wrote upgrade log to 'F:/Haoyang_Sun/experiments/labs/lab8_ex/ip_upgrade.log'.
export_ip_user_files -of_objects [get_ips design_1_cg_fpga_0_0] -no_script -sync -force -quiet
report_ip_status -name ip_status 
set_property LOCK_UPGRADE 0 [get_bd_cells /AHBL/xlconstant_0]
INFO: [IP_Flow 19-8015] Moving outputs for IP 'design_1_xlconstant_0_6' to 'f:/Haoyang_Sun/experiments/labs/lab8_ex/lab8_ex.gen/sources_1/bd/design_1/ip/design_1_xlconstant_0_6'
WARNING: [IP_Flow 19-2162] IP 'design_1_xlconstant_0_6' is locked:
* IP 'design_1_xlconstant_0_6' was locked because its BD Cell is locked for upgrade.
set_property LOCK_UPGRADE 0 [get_bd_cells /AHBH/xlconstant_0]
INFO: [IP_Flow 19-8015] Moving outputs for IP 'design_1_xlconstant_0_7' to 'f:/Haoyang_Sun/experiments/labs/lab8_ex/lab8_ex.gen/sources_1/bd/design_1/ip/design_1_xlconstant_0_7'
WARNING: [IP_Flow 19-2162] IP 'design_1_xlconstant_0_7' is locked:
* IP 'design_1_xlconstant_0_7' was locked because its BD Cell is locked for upgrade.
set_property LOCK_UPGRADE 0 [get_bd_cells /ALBH/xlconstant_0]
INFO: [IP_Flow 19-8015] Moving outputs for IP 'design_1_xlconstant_0_5' to 'f:/Haoyang_Sun/experiments/labs/lab8_ex/lab8_ex.gen/sources_1/bd/design_1/ip/design_1_xlconstant_0_5'
WARNING: [IP_Flow 19-2162] IP 'design_1_xlconstant_0_5' is locked:
* IP 'design_1_xlconstant_0_5' was locked because its BD Cell is locked for upgrade.
set_property LOCK_UPGRADE 0 [get_bd_cells /ALBL/xlconstant_0]
INFO: [IP_Flow 19-8015] Moving outputs for IP 'design_1_xlconstant_0_0' to 'f:/Haoyang_Sun/experiments/labs/lab8_ex/lab8_ex.gen/sources_1/bd/design_1/ip/design_1_xlconstant_0_0'
WARNING: [IP_Flow 19-2162] IP 'design_1_xlconstant_0_0' is locked:
* IP 'design_1_xlconstant_0_0' was locked because its BD Cell is locked for upgrade.
report_ip_status -name ip_status 
startgroup
create_bd_cell -type ip -vlnv xilinx.com:ip:xlconstant:1.1 ALBL/xlconstant_1
INFO: [BD 5-1043] It is recommended to use inline hdl version xilinx.com:inline_hdl:ilconstant:1.0 for the IP type xilinx.com:ip:xlconstant:1.1 for improved performance and reduced disk space. IPs with VLNV xilinx.com:ip:xlconstant:1.1 will not be supported from release 2025.2. More information on inline hdl IP is available in UG994 
endgroup
set_property location {1 124 881} [get_bd_cells ALBL/xlconstant_1]
set_property location {1 174 891} [get_bd_cells ALBL/xlconstant_1]
set_property location {2 279 841} [get_bd_cells ALBL/xlconstant_1]
delete_bd_objs [get_bd_cells ALBL/xlconstant_0]
undo
INFO: [Common 17-17] undo 'delete_bd_objs [get_bd_cells ALBL/xlconstant_0]'
delete_bd_objs [get_bd_cells ALBL/xlconstant_0]
connect_bd_net [get_bd_pins ALBL/FA_1/B] [get_bd_pins ALBL/xlconstant_1/dout]
save_bd_design
Wrote  : <F:\Haoyang_Sun\experiments\labs\lab8_ex\lab8_ex.srcs\sources_1\bd\design_1\design_1.bd> 
Wrote  : <F:/Haoyang_Sun/experiments/labs/lab8_ex/lab8_ex.srcs/sources_1/bd/design_1/ui/bd_1f5defd0.ui> 
Wrote  : <F:/Haoyang_Sun/experiments/labs/lab8_ex/lab8_ex.srcs/sources_1/bd/design_1/ui/bd_7505cb25.ui> 
set_property CONFIG.CONST_VAL 0 [get_bd_cells /ALBL/xlconstant_1]
set_property location {1 330 843} [get_bd_cells ALBL/xlconstant_1]
save_bd_design
Wrote  : <F:\Haoyang_Sun\experiments\labs\lab8_ex\lab8_ex.srcs\sources_1\bd\design_1\design_1.bd> 
Wrote  : <F:/Haoyang_Sun/experiments/labs/lab8_ex/lab8_ex.srcs/sources_1/bd/design_1/ui/bd_1f5defd0.ui> 
Wrote  : <F:/Haoyang_Sun/experiments/labs/lab8_ex/lab8_ex.srcs/sources_1/bd/design_1/ui/bd_7505cb25.ui> 
startgroup
create_bd_cell -type ip -vlnv xilinx.com:ip:xlconstant:1.1 ALBH/xlconstant_1
INFO: [BD 5-1043] It is recommended to use inline hdl version xilinx.com:inline_hdl:ilconstant:1.0 for the IP type xilinx.com:ip:xlconstant:1.1 for improved performance and reduced disk space. IPs with VLNV xilinx.com:ip:xlconstant:1.1 will not be supported from release 2025.2. More information on inline hdl IP is available in UG994 
endgroup
delete_bd_objs [get_bd_cells ALBH/xlconstant_0]
connect_bd_net [get_bd_pins ALBH/FA_1/B] [get_bd_pins ALBH/xlconstant_1/dout]
set_property CONFIG.CONST_VAL 0 [get_bd_cells /ALBH/xlconstant_1]
startgroup
create_bd_cell -type ip -vlnv xilinx.com:ip:xlconstant:1.1 AHBL/xlconstant_1
INFO: [BD 5-1043] It is recommended to use inline hdl version xilinx.com:inline_hdl:ilconstant:1.0 for the IP type xilinx.com:ip:xlconstant:1.1 for improved performance and reduced disk space. IPs with VLNV xilinx.com:ip:xlconstant:1.1 will not be supported from release 2025.2. More information on inline hdl IP is available in UG994 
endgroup
delete_bd_objs [get_bd_cells AHBL/xlconstant_0]
connect_bd_net [get_bd_pins AHBL/FA_1/B] [get_bd_pins AHBL/xlconstant_1/dout]
set_property CONFIG.CONST_VAL 0 [get_bd_cells /AHBL/xlconstant_1]
startgroup
create_bd_cell -type ip -vlnv xilinx.com:ip:xlconstant:1.1 AHBH/xlconstant_1
INFO: [BD 5-1043] It is recommended to use inline hdl version xilinx.com:inline_hdl:ilconstant:1.0 for the IP type xilinx.com:ip:xlconstant:1.1 for improved performance and reduced disk space. IPs with VLNV xilinx.com:ip:xlconstant:1.1 will not be supported from release 2025.2. More information on inline hdl IP is available in UG994 
endgroup
delete_bd_objs [get_bd_cells AHBH/xlconstant_0]
connect_bd_net [get_bd_pins AHBH/FA_1/B] [get_bd_pins AHBH/xlconstant_1/dout]
set_property location {2 299 228} [get_bd_cells AHBH/xlconstant_1]
expected number but got ""
ERROR: [IP_Flow 19-3317] Tcl Error found in 'validate_PARAM_VALUE.CONST_VAL' method. expected number but got ""
startgroup
set_property CONFIG.CONST_VAL {0} [get_bd_cells AHBH/xlconstant_1]
endgroup
save_bd_design
Wrote  : <F:\Haoyang_Sun\experiments\labs\lab8_ex\lab8_ex.srcs\sources_1\bd\design_1\design_1.bd> 
Wrote  : <F:/Haoyang_Sun/experiments/labs/lab8_ex/lab8_ex.srcs/sources_1/bd/design_1/ui/bd_1f5defd0.ui> 
Wrote  : <F:/Haoyang_Sun/experiments/labs/lab8_ex/lab8_ex.srcs/sources_1/bd/design_1/ui/bd_7505cb25.ui> 
Wrote  : <F:/Haoyang_Sun/experiments/labs/lab8_ex/lab8_ex.srcs/sources_1/bd/design_1/ui/bd_7505cb21.ui> 
Wrote  : <F:/Haoyang_Sun/experiments/labs/lab8_ex/lab8_ex.srcs/sources_1/bd/design_1/ui/bd_730d8d21.ui> 
Wrote  : <F:/Haoyang_Sun/experiments/labs/lab8_ex/lab8_ex.srcs/sources_1/bd/design_1/ui/bd_730d8d1d.ui> 
report_ip_status -name ip_status 
report_ip_status -name ip_status 
create_bd_cell -type module -reference adpt_out1 adpt_out1_0
WARNING: [IP_Flow 19-3571] IP 'design_1_adpt_out1_0_0' is restricted:
* Detected changes to module reference file(s).
delete_bd_objs [get_bd_nets adpt_out_0_led] [get_bd_cells adpt_out_0]
set_property location {8.5 1017 -249} [get_bd_cells adpt_out1_0]
connect_bd_net [get_bd_pins cg_fpga_0/gpio_led] [get_bd_pins adpt_out1_0/led]
set_property location {6.5 378 234} [get_bd_cells FA_0]
set_property location {4 -154 352} [get_bd_cells FA_0]
copy_bd_objs /  [get_bd_cells {FA_0}]
set_property location {5 -1 366} [get_bd_cells FA_1]
set_property location {5 33 352} [get_bd_cells FA_1]
copy_bd_objs /  [get_bd_cells {FA_0}]
set_property location {6 279 348} [get_bd_cells FA_2]
copy_bd_objs /  [get_bd_cells {FA_0}]
set_property location {7 459 354} [get_bd_cells FA_3]
set_property location {4.5 -50 348} [get_bd_cells FA_1]
set_property location {5.5 140 355} [get_bd_cells FA_2]
set_property location {6.5 308 355} [get_bd_cells FA_3]
set_property location {4.5 -219 353} [get_bd_cells FA_0]
set_property location {8 297 349} [get_bd_cells FA_3]
copy_bd_objs /  [get_bd_cells {FA_0 FA_1 FA_2 FA_3}]
startgroup
set_property location {5.5 -100 533} [get_bd_cells FA_4]
set_property location {6 -100 533} [get_bd_cells FA_5]
set_property location {6 -100 533} [get_bd_cells FA_6]
set_property location {6 -100 533} [get_bd_cells FA_7]
endgroup
startgroup
set_property location {6 -158 1073} [get_bd_cells FA_5]
set_property location {6 -158 933} [get_bd_cells FA_6]
set_property location {6 -158 793} [get_bd_cells FA_7]
set_property location {6 -158 653} [get_bd_cells FA_4]
endgroup
set_property location {8 219 361} [get_bd_cells FA_2]
set_property location {8 260 350} [get_bd_cells FA_2]
set_property location {8 260 340} [get_bd_cells FA_2]
set_property location {8 260 330} [get_bd_cells FA_2]
set_property location {8 260 340} [get_bd_cells FA_2]
set_property location {8 260 350} [get_bd_cells FA_2]
set_property location {6 -91 359} [get_bd_cells FA_0]
set_property location {5 -100 350} [get_bd_cells FA_0]
set_property location {5 -100 340} [get_bd_cells FA_0]
set_property location {5 -100 350} [get_bd_cells FA_0]
set_property location {5 -97 496} [get_bd_cells FA_4]
set_property location {6 41 496} [get_bd_cells FA_5]
set_property location {7 228 497} [get_bd_cells FA_6]
set_property location {8 426 500} [get_bd_cells FA_7]
copy_bd_objs /  [get_bd_cells {FA_0 FA_1 FA_2 FA_3}]
startgroup
set_property location {5.5 -23 766} [get_bd_cells FA_11]
set_property location {6 -23 766} [get_bd_cells FA_9]
set_property location {6 -23 766} [get_bd_cells FA_10]
set_property location {6 -23 766} [get_bd_cells FA_8]
endgroup
undo
INFO: [Common 17-17] undo 'endgroup'
INFO: [Common 17-17] undo 'set_property location {6 -23 766} [get_bd_cells FA_8]'
INFO: [Common 17-17] undo 'set_property location {6 -23 766} [get_bd_cells FA_10]'
INFO: [Common 17-17] undo 'set_property location {6 -23 766} [get_bd_cells FA_9]'
INFO: [Common 17-17] undo 'set_property location {5.5 -23 766} [get_bd_cells FA_11]'
INFO: [Common 17-17] undo 'startgroup'
undo
INFO: [Common 17-17] undo 'copy_bd_objs /  [get_bd_cells {FA_0 FA_1 FA_2 FA_3}]'
set_property location {5.5 -32 351} [get_bd_cells FA_1]
set_property location {7 179 355} [get_bd_cells FA_2]
set_property location {8 355 352} [get_bd_cells FA_3]
set_property location {6 -42 503} [get_bd_cells FA_5]
set_property location {7 188 505} [get_bd_cells FA_6]
set_property location {8 350 507} [get_bd_cells FA_7]
set_property location {8 340 500} [get_bd_cells FA_7]
copy_bd_objs /  [get_bd_cells {FA_0 FA_1 FA_2 FA_3 FA_4 FA_5 FA_6 FA_7}]
startgroup
set_property location {5 -284 1475} [get_bd_cells FA_11]
set_property location {5 -244 1335} [get_bd_cells FA_12]
set_property location {5 -244 1055} [get_bd_cells FA_14]
set_property location {5 -244 1195} [get_bd_cells FA_15]
set_property location {5 -244 495} [get_bd_cells FA_8]
set_property location {5 -244 635} [get_bd_cells FA_9]
set_property location {5 -244 775} [get_bd_cells FA_10]
set_property location {5 -244 915} [get_bd_cells FA_13]
endgroup
startgroup
set_property location {6.5 33 819} [get_bd_cells FA_11]
set_property location {7 33 819} [get_bd_cells FA_12]
set_property location {7 33 819} [get_bd_cells FA_13]
set_property location {7 33 819} [get_bd_cells FA_14]
set_property location {7 33 819} [get_bd_cells FA_15]
set_property location {7 33 819} [get_bd_cells FA_9]
set_property location {7 33 819} [get_bd_cells FA_10]
set_property location {7 33 819} [get_bd_cells FA_8]
endgroup
startgroup
set_property location {9 441 2040} [get_bd_cells FA_12]
set_property location {9 441 1900} [get_bd_cells FA_13]
set_property location {9 441 1200} [get_bd_cells FA_14]
set_property location {9 441 1340} [get_bd_cells FA_15]
set_property location {9 441 1480} [get_bd_cells FA_8]
set_property location {9 441 1760} [get_bd_cells FA_9]
set_property location {9 441 1620} [get_bd_cells FA_10]
set_property location {9 441 1060} [get_bd_cells FA_11]
endgroup
set_property location {5 -323 346} [get_bd_cells FA_0]
set_property location {5 -327 339} [get_bd_cells FA_0]
set_property location {5 -330 350} [get_bd_cells FA_0]
set_property location {6.5 48 346} [get_bd_cells FA_2]
set_property location {6.5 -39 343} [get_bd_cells FA_2]
set_property location {7 -40 350} [get_bd_cells FA_2]
set_property location {7.5 121 351} [get_bd_cells FA_3]
set_property location {5 -405 493} [get_bd_cells FA_4]
set_property location {6 -241 483} [get_bd_cells FA_5]
set_property location {6 -238 487} [get_bd_cells FA_5]
set_property location {7 -57 330} [get_bd_cells FA_2]
set_property location {8 115 326} [get_bd_cells FA_3]
set_property location {6 -239 327} [get_bd_cells FA_1]
set_property location {5 -409 327} [get_bd_cells FA_0]
set_property location {8 123 489} [get_bd_cells FA_7]
set_property location {7 -22 486} [get_bd_cells FA_6]
set_property location {4 -587 1221} [get_bd_cells FA_11]
set_property location {10 740 1199} [get_bd_cells FA_12]
set_property location {10.5 921 1193} [get_bd_cells FA_13]
set_property location {11.5 1094 1187} [get_bd_cells FA_14]
set_property location {10.5 847 1196} [get_bd_cells FA_13]
set_property location {10.5 764 1194} [get_bd_cells FA_13]
set_property location {6 -235 967} [get_bd_cells FA_8]
set_property location {5 -376 646} [get_bd_cells FA_8]
set_property location {6 -215 647} [get_bd_cells FA_9]
set_property location {7 -67 659} [get_bd_cells FA_10]
set_property location {7 -30 650} [get_bd_cells FA_10]
set_property location {8 173 644} [get_bd_cells FA_11]
set_property location {8 150 650} [get_bd_cells FA_11]
set_property location {5 -412 794} [get_bd_cells FA_12]
set_property location {5 -390 800} [get_bd_cells FA_12]
set_property location {5 -390 810} [get_bd_cells FA_12]
set_property location {5 -390 800} [get_bd_cells FA_12]
set_property location {5 -390 810} [get_bd_cells FA_12]
set_property location {6 -208 813} [get_bd_cells FA_13]
set_property location {7 15 813} [get_bd_cells FA_14]
set_property location {8 159 808} [get_bd_cells FA_15]
copy_bd_objs /  [get_bd_cells {FA_0 FA_1 FA_2 FA_3 FA_4 FA_5 FA_6 FA_7}]
delete_bd_objs [get_bd_cells FA_16] [get_bd_cells FA_17] [get_bd_cells FA_18] [get_bd_cells FA_19] [get_bd_cells FA_20] [get_bd_cells FA_21] [get_bd_cells FA_22] [get_bd_cells FA_23]
copy_bd_objs /  [get_bd_cells {FA_15}]
set_property location {8.5 352 814} [get_bd_cells FA_16]
report_ip_status -name ip_status 
update_module_reference [get_ips  {design_1_adpt_in_0_0 design_1_FA_3_2 design_1_FA_0_12 design_1_FA_12_6 design_1_and2_13_6 design_1_FA_3_4 design_1_FA_1_4 design_1_FA_7_5 design_1_and2_7_7 design_1_FA_2_10 design_1_and2_4_5 design_1_FA_5_6 design_1_FA_15_5 design_1_FA_1_0 design_1_FA_2_4 design_1_FA_13_5 design_1_and2_5_6 design_1_FA_3_10 design_1_FA_12_4 design_1_FA_7_4 design_1_and2_8_6 design_1_FA_3_9 design_1_FA_11_5 design_1_FA_1_10 design_1_FA_3_3 design_1_FA_0_10 design_1_FA_10_4 design_1_and2_1_5 design_1_and2_15_6 design_1_and2_3_0 design_1_and2_0_5 design_1_FA_11_6 design_1_and2_10_0 design_1_and2_12_0 design_1_and2_0_7 design_1_FA_10_6 design_1_FA_2_9 design_1_FA_0_0 design_1_FA_15_6 design_1_and2_15_0 design_1_FA_6_5 design_1_and2_2_6 design_1_FA_6_6 design_1_and2_2_0 design_1_and2_12_6 design_1_and2_6_5 design_1_and2_3_6 design_1_and2_10_7 design_1_and2_9_6 design_1_and2_9_0 design_1_and2_6_7 design_1_FA_0_2 design_1_FA_8_4 design_1_and2_7_5 design_1_and2_4_7 design_1_FA_2_3 design_1_FA_14_4 design_1_and2_15_7 design_1_and2_5_0 design_1_FA_4_6 design_1_and2_10_5 design_1_and2_8_0 design_1_FA_5_5 design_1_FA_14_6 design_1_FA_9_6 design_1_and2_15_5 design_1_FA_6_4 design_1_and2_1_7 design_1_and2_6_0 design_1_and2_11_6 design_1_FA_1_9 design_1_and2_0_6 design_1_FA_10_5 design_1_and2_3_5 design_1_FA_2_11 design_1_and2_12_5 design_1_FA_4_4 design_1_and2_0_0 design_1_and2_11_7 design_1_and2_2_7 design_1_and2_14_6 design_1_FA_8_5 design_1_FA_2_0 design_1_FA_3_11 design_1_and2_2_5 design_1_FA_1_3 design_1_and2_11_0 design_1_and2_6_6 design_1_FA_13_6 design_1_FA_7_6 design_1_and2_14_7 design_1_and2_13_5 design_1_and2_3_7 design_1_and2_9_5 design_1_FA_0_11 design_1_and2_9_7 design_1_FA_2_2 design_1_and2_7_6 design_1_FA_15_4 design_1_and2_4_6 design_1_FA_1_11 design_1_FA_0_9 design_1_and2_14_0 design_1_FA_9_4 design_1_and2_13_7 design_1_FA_13_4 design_1_FA_0_4 design_1_and2_14_5 design_1_FA_3_0 design_1_FA_5_4 design_1_FA_9_5 design_1_and2_13_0 design_1_and2_5_5 design_1_FA_11_4 design_1_and2_5_7 design_1_FA_0_3 design_1_and2_8_7 design_1_and2_10_6 design_1_FA_14_5 design_1_and2_8_5 design_1_and2_12_7 design_1_and2_7_0 design_1_and2_11_5 design_1_FA_4_5 design_1_FA_8_6 design_1_and2_1_0 design_1_FA_1_2 design_1_and2_1_6 design_1_FA_12_5 design_1_and2_4_0 design_1_adpt_out1_0_0}]
INFO: [Common 17-41] Interrupt caught. Command should exit soon.
Upgrading 'F:/Haoyang_Sun/experiments/labs/lab8_ex/lab8_ex.srcs/sources_1/bd/design_1/design_1.bd'
INFO: [Common 17-344] 'upgrade_ip' was cancelled
update_module_reference: Time (s): cpu = 00:01:23 ; elapsed = 00:01:33 . Memory (MB): peak = 5778.445 ; gain = 340.715
INFO: [Common 17-344] 'update_module_reference' was cancelled
save_bd_design
Wrote  : <F:\Haoyang_Sun\experiments\labs\lab8_ex\lab8_ex.srcs\sources_1\bd\design_1\design_1.bd> 
Wrote  : <F:/Haoyang_Sun/experiments/labs/lab8_ex/lab8_ex.srcs/sources_1/bd/design_1/ui/bd_1f5defd0.ui> 
Wrote  : <F:/Haoyang_Sun/experiments/labs/lab8_ex/lab8_ex.srcs/sources_1/bd/design_1/ui/bd_7505cb25.ui> 
Wrote  : <F:/Haoyang_Sun/experiments/labs/lab8_ex/lab8_ex.srcs/sources_1/bd/design_1/ui/bd_7505cb21.ui> 
Wrote  : <F:/Haoyang_Sun/experiments/labs/lab8_ex/lab8_ex.srcs/sources_1/bd/design_1/ui/bd_730d8d21.ui> 
Wrote  : <F:/Haoyang_Sun/experiments/labs/lab8_ex/lab8_ex.srcs/sources_1/bd/design_1/ui/bd_730d8d1d.ui> 
delete_bd_objs [get_bd_cells FA_16]
startgroup
create_bd_cell -type ip -vlnv xilinx.com:ip:xlconstant:1.1 xlconstant_0
INFO: [BD 5-1043] It is recommended to use inline hdl version xilinx.com:inline_hdl:ilconstant:1.0 for the IP type xilinx.com:ip:xlconstant:1.1 for improved performance and reduced disk space. IPs with VLNV xilinx.com:ip:xlconstant:1.1 will not be supported from release 2025.2. More information on inline hdl IP is available in UG994 
endgroup
set_property location {4.5 -344 334} [get_bd_cells xlconstant_0]
set_property location {5 -64 345} [get_bd_cells xlconstant_0]
set_property location {4 -50 330} [get_bd_cells xlconstant_0]
set_property location {4 -50 320} [get_bd_cells xlconstant_0]
set_property location {4 -50 330} [get_bd_cells xlconstant_0]
expected number but got ""
ERROR: [IP_Flow 19-3317] Tcl Error found in 'validate_PARAM_VALUE.CONST_VAL' method. expected number but got ""
set_property CONFIG.CONST_VAL {0} [get_bd_cells xlconstant_0]
connect_bd_net [get_bd_pins xlconstant_0/dout] [get_bd_pins FA_0/Cin]
connect_bd_net [get_bd_pins FA_0/Cout] [get_bd_pins FA_1/Cin]
connect_bd_net [get_bd_pins FA_1/Sum] [get_bd_pins FA_2/Cin]
delete_bd_objs [get_bd_nets FA_1_Sum]
connect_bd_net [get_bd_pins FA_1/Cout] [get_bd_pins FA_2/Cin]
connect_bd_net [get_bd_pins FA_2/Cout] [get_bd_pins FA_3/Cin]
connect_bd_net [get_bd_pins FA_3/Cout] [get_bd_pins FA_4/Cin]
connect_bd_net [get_bd_pins FA_4/Cout] [get_bd_pins FA_5/Cin]
connect_bd_net [get_bd_pins FA_5/Cout] [get_bd_pins FA_6/Cin]
connect_bd_net [get_bd_pins FA_6/Cout] [get_bd_pins FA_7/Cin]
connect_bd_net [get_bd_pins FA_7/Cout] [get_bd_pins FA_8/Cin]
connect_bd_net [get_bd_pins FA_8/Cout] [get_bd_pins FA_9/Cin]
connect_bd_net [get_bd_pins FA_9/Cout] [get_bd_pins FA_10/Cin]
connect_bd_net [get_bd_pins FA_10/Cout] [get_bd_pins FA_11/Cin]
connect_bd_net [get_bd_pins FA_11/Cout] [get_bd_pins FA_12/Cin]
connect_bd_net [get_bd_pins FA_12/Cout] [get_bd_pins FA_13/Cin]
connect_bd_net [get_bd_pins FA_13/Cout] [get_bd_pins FA_14/Cin]
connect_bd_net [get_bd_pins FA_14/Cout] [get_bd_pins FA_15/Cin]
set_property location {3.5 -630 -287} [get_bd_cells ALBH]
set_property location {4.5 -408 -271} [get_bd_cells AHBL]
set_property location {5.5 -199 -287} [get_bd_cells AHBH]
set_property location {4 -620 -280} [get_bd_cells ALBH]
set_property location {5 -410 -280} [get_bd_cells AHBL]
set_property location {6 -200 -280} [get_bd_cells AHBH]
startgroup
copy_bd_objs /  [get_bd_cells {FA_3}]
set_property location {11 705 323} [get_bd_cells FA_16]
endgroup
undo
INFO: [Common 17-17] undo 'endgroup'
INFO: [Common 17-17] undo 'set_property location {11 705 323} [get_bd_cells FA_16]'
INFO: [Common 17-17] undo 'copy_bd_objs /  [get_bd_cells {FA_3}]'
INFO: [Common 17-17] undo 'startgroup'
undo
INFO: [Common 17-17] undo 'set_property location {6 -200 -280} [get_bd_cells AHBH]'
set_property location {11 710 770} [get_bd_cells FA_11]
set_property location {11 710 930} [get_bd_cells FA_15]
set_property location {11 710 450} [get_bd_cells FA_3]
set_property location {11 710 610} [get_bd_cells FA_7]
set_property location {11 710 760} [get_bd_cells FA_11]
set_property location {11 710 920} [get_bd_cells FA_15]
set_property location {11 710 440} [get_bd_cells FA_3]
set_property location {11 710 600} [get_bd_cells FA_7]
set_property location {11 710 750} [get_bd_cells FA_11]
set_property location {11 710 910} [get_bd_cells FA_15]
set_property location {11 710 430} [get_bd_cells FA_3]
set_property location {11 710 590} [get_bd_cells FA_7]
set_property location {11 710 740} [get_bd_cells FA_11]
set_property location {11 710 900} [get_bd_cells FA_15]
set_property location {11 710 420} [get_bd_cells FA_3]
set_property location {11 710 580} [get_bd_cells FA_7]
set_property location {11 710 730} [get_bd_cells FA_11]
set_property location {11 710 890} [get_bd_cells FA_15]
set_property location {11 710 410} [get_bd_cells FA_3]
set_property location {11 710 570} [get_bd_cells FA_7]
set_property location {11 710 720} [get_bd_cells FA_11]
set_property location {11 710 880} [get_bd_cells FA_15]
set_property location {11 710 400} [get_bd_cells FA_3]
set_property location {11 710 560} [get_bd_cells FA_7]
set_property location {11 710 710} [get_bd_cells FA_11]
set_property location {11 710 870} [get_bd_cells FA_15]
set_property location {11 710 390} [get_bd_cells FA_3]
set_property location {11 710 550} [get_bd_cells FA_7]
set_property location {11 710 700} [get_bd_cells FA_11]
set_property location {11 710 860} [get_bd_cells FA_15]
set_property location {11 710 380} [get_bd_cells FA_3]
set_property location {11 710 540} [get_bd_cells FA_7]
set_property location {11 710 690} [get_bd_cells FA_11]
set_property location {11 710 850} [get_bd_cells FA_15]
set_property location {11 710 370} [get_bd_cells FA_3]
set_property location {11 710 530} [get_bd_cells FA_7]
set_property location {11 710 680} [get_bd_cells FA_11]
set_property location {11 710 840} [get_bd_cells FA_15]
set_property location {11 710 360} [get_bd_cells FA_3]
set_property location {11 710 520} [get_bd_cells FA_7]
set_property location {11 710 670} [get_bd_cells FA_11]
set_property location {11 710 830} [get_bd_cells FA_15]
set_property location {11 710 350} [get_bd_cells FA_3]
set_property location {11 710 510} [get_bd_cells FA_7]
set_property location {11 710 660} [get_bd_cells FA_11]
set_property location {11 710 820} [get_bd_cells FA_15]
set_property location {11 710 340} [get_bd_cells FA_3]
set_property location {11 710 500} [get_bd_cells FA_7]
set_property location {11 710 650} [get_bd_cells FA_11]
set_property location {11 710 810} [get_bd_cells FA_15]
set_property location {11 710 330} [get_bd_cells FA_3]
set_property location {11 710 490} [get_bd_cells FA_7]
set_property location {11 710 640} [get_bd_cells FA_11]
set_property location {11 710 800} [get_bd_cells FA_15]
set_property location {11 710 320} [get_bd_cells FA_3]
set_property location {11 710 480} [get_bd_cells FA_7]
set_property location {11 710 650} [get_bd_cells FA_11]
set_property location {11 710 810} [get_bd_cells FA_15]
set_property location {11 710 330} [get_bd_cells FA_3]
set_property location {11 710 490} [get_bd_cells FA_7]
startgroup
set_property location {10.5 658 341} [get_bd_cells FA_11]
set_property location {11 658 341} [get_bd_cells FA_15]
set_property location {11 658 341} [get_bd_cells FA_7]
set_property location {11 658 341} [get_bd_cells FA_3]
endgroup
startgroup
set_property location {11 646 385} [get_bd_cells FA_15]
set_property location {11 646 565} [get_bd_cells FA_3]
set_property location {11 646 425} [get_bd_cells FA_7]
set_property location {11 646 605} [get_bd_cells FA_11]
endgroup
startgroup
set_property location {11 660 378} [get_bd_cells FA_15]
set_property location {11 660 758} [get_bd_cells FA_3]
set_property location {11 660 478} [get_bd_cells FA_7]
set_property location {11 660 858} [get_bd_cells FA_11]
endgroup
startgroup
set_property location {11 675 296} [get_bd_cells FA_15]
set_property location {11 675 676} [get_bd_cells FA_3]
set_property location {11 675 436} [get_bd_cells FA_7]
set_property location {11 675 816} [get_bd_cells FA_11]
endgroup
set_property location {11 670 670} [get_bd_cells FA_3]
set_property location {11 670 660} [get_bd_cells FA_3]
set_property location {11 670 650} [get_bd_cells FA_3]
set_property location {11 670 450} [get_bd_cells FA_7]
set_property location {11 670 460} [get_bd_cells FA_7]
set_property location {11 670 470} [get_bd_cells FA_7]
set_property location {11 670 480} [get_bd_cells FA_7]
set_property location {11 670 310} [get_bd_cells FA_15]
set_property location {11 670 320} [get_bd_cells FA_15]
set_property location {11 670 330} [get_bd_cells FA_15]
set_property location {11 670 320} [get_bd_cells FA_15]
set_property location {11 686 317} [get_bd_cells FA_3]
set_property location {11 690 478} [get_bd_cells FA_7]
set_property location {11 679 829} [get_bd_cells FA_15]
set_property location {11 669 656} [get_bd_cells FA_11]
set_property location {11 670 490} [get_bd_cells FA_7]
set_property location {11 670 820} [get_bd_cells FA_15]
set_property location {11 670 810} [get_bd_cells FA_15]
set_property location {11 670 800} [get_bd_cells FA_15]
set_property location {11 670 810} [get_bd_cells FA_15]
set_property location {11 670 650} [get_bd_cells FA_11]
set_property location {11 637 315} [get_bd_cells FA_3]
set_property location {11 670 320} [get_bd_cells FA_3]
set_property location {11 670 330} [get_bd_cells FA_3]
set_property location {6 -302 -269} [get_bd_cells AHBH]
set_property location {6 -300 -280} [get_bd_cells AHBH]
connect_bd_net [get_bd_pins ALBL/S0] [get_bd_pins FA_0/A]
startgroup
set_property location {9 329 687} [get_bd_cells FA_11]
set_property location {6 -281 367} [get_bd_cells FA_0]
set_property location {6 -251 847} [get_bd_cells FA_12]
set_property location {7 -61 867} [get_bd_cells FA_13]
set_property location {7 -61 267} [get_bd_cells FA_1]
set_property location {8 149 367} [get_bd_cells FA_2]
set_property location {8 149 847} [get_bd_cells FA_14]
set_property location {9 339 847} [get_bd_cells FA_15]
set_property location {9 339 367} [get_bd_cells FA_3]
set_property location {6 -261 547} [get_bd_cells FA_4]
set_property location {7 -51 547} [get_bd_cells FA_5]
set_property location {8 149 527} [get_bd_cells FA_6]
set_property location {9 339 527} [get_bd_cells FA_7]
set_property location {6 -261 707} [get_bd_cells FA_8]
set_property location {7 -51 707} [get_bd_cells FA_9]
set_property location {8 159 687} [get_bd_cells FA_10]
set_property location {5 -461 447} [get_bd_cells xlconstant_0]
endgroup
startgroup
set_property location {7 -127 623} [get_bd_cells FA_11]
set_property location {4 -727 183} [get_bd_cells FA_0]
set_property location {4 -717 663} [get_bd_cells FA_12]
set_property location {5 -517 713} [get_bd_cells FA_13]
set_property location {5 -517 83} [get_bd_cells FA_1]
set_property location {6 -307 183} [get_bd_cells FA_2]
set_property location {6 -307 663} [get_bd_cells FA_14]
set_property location {7 -127 783} [get_bd_cells FA_15]
set_property location {7 -127 183} [get_bd_cells FA_3]
set_property location {4 -717 333} [get_bd_cells FA_4]
set_property location {5 -507 173} [get_bd_cells FA_5]
set_property location {6 -307 343} [get_bd_cells FA_6]
set_property location {7 -127 343} [get_bd_cells FA_7]
set_property location {4 -717 613} [get_bd_cells FA_8]
set_property location {5 -507 453} [get_bd_cells FA_9]
set_property location {6 -307 503} [get_bd_cells FA_10]
set_property location {3 -957 383} [get_bd_cells xlconstant_0]
endgroup
set_property location {5 -520 180} [get_bd_cells FA_5]
set_property location {5 -520 190} [get_bd_cells FA_5]
set_property location {5 -520 200} [get_bd_cells FA_5]
set_property location {5 -520 210} [get_bd_cells FA_5]
set_property location {5 -520 220} [get_bd_cells FA_5]
set_property location {5 -520 230} [get_bd_cells FA_5]
set_property location {5 -520 240} [get_bd_cells FA_5]
set_property location {5 -520 250} [get_bd_cells FA_5]
set_property location {5 -520 260} [get_bd_cells FA_5]
set_property location {5 -520 270} [get_bd_cells FA_5]
set_property location {5 -520 280} [get_bd_cells FA_5]
set_property location {5 -520 290} [get_bd_cells FA_5]
set_property location {5 -520 300} [get_bd_cells FA_5]
set_property location {5 -520 310} [get_bd_cells FA_5]
set_property location {5 -520 320} [get_bd_cells FA_5]
set_property location {5 -520 330} [get_bd_cells FA_5]
set_property location {5 -520 40} [get_bd_cells FA_1]
set_property location {5 -520 50} [get_bd_cells FA_1]
set_property location {5 -520 60} [get_bd_cells FA_1]
set_property location {5 -520 70} [get_bd_cells FA_1]
set_property location {5 -520 80} [get_bd_cells FA_1]
set_property location {5 -520 90} [get_bd_cells FA_1]
set_property location {5 -520 100} [get_bd_cells FA_1]
set_property location {5 -520 110} [get_bd_cells FA_1]
set_property location {5 -520 120} [get_bd_cells FA_1]
set_property location {5 -520 130} [get_bd_cells FA_1]
set_property location {5 -520 140} [get_bd_cells FA_1]
set_property location {5 -520 150} [get_bd_cells FA_1]
set_property location {5 -520 160} [get_bd_cells FA_1]
set_property location {5 -520 170} [get_bd_cells FA_1]
set_property location {5 -520 180} [get_bd_cells FA_1]
set_property location {5 -520 480} [get_bd_cells FA_9]
set_property location {5 -520 490} [get_bd_cells FA_9]
set_property location {5 -520 500} [get_bd_cells FA_9]
set_property location {5 -520 510} [get_bd_cells FA_9]
set_property location {5 -520 520} [get_bd_cells FA_9]
set_property location {5 -520 530} [get_bd_cells FA_9]
set_property location {5 -520 540} [get_bd_cells FA_9]
set_property location {5 -520 550} [get_bd_cells FA_9]
set_property location {5 -520 540} [get_bd_cells FA_9]
set_property location {5 -520 530} [get_bd_cells FA_9]
set_property location {5 -520 520} [get_bd_cells FA_9]
set_property location {5 -520 510} [get_bd_cells FA_9]
set_property location {5 -520 500} [get_bd_cells FA_9]
set_property location {4 -760 600} [get_bd_cells FA_8]
set_property location {4 -760 590} [get_bd_cells FA_8]
set_property location {4 -760 580} [get_bd_cells FA_8]
set_property location {4 -760 570} [get_bd_cells FA_8]
set_property location {4 -760 560} [get_bd_cells FA_8]
set_property location {4 -760 550} [get_bd_cells FA_8]
set_property location {4 -760 540} [get_bd_cells FA_8]
set_property location {4 -760 530} [get_bd_cells FA_8]
set_property location {4 -760 520} [get_bd_cells FA_8]
set_property location {4 -760 510} [get_bd_cells FA_8]
set_property location {4 -760 500} [get_bd_cells FA_8]
set_property location {4 -760 740} [get_bd_cells FA_12]
set_property location {4 -760 730} [get_bd_cells FA_12]
set_property location {4 -760 720} [get_bd_cells FA_12]
set_property location {4 -760 710} [get_bd_cells FA_12]
set_property location {4 -760 700} [get_bd_cells FA_12]
set_property location {4 -760 690} [get_bd_cells FA_12]
set_property location {4 -760 680} [get_bd_cells FA_12]
set_property location {4 -760 670} [get_bd_cells FA_12]
set_property location {4 -760 660} [get_bd_cells FA_12]
set_property location {5 -520 700} [get_bd_cells FA_13]
set_property location {5 -520 690} [get_bd_cells FA_13]
set_property location {5 -520 680} [get_bd_cells FA_13]
set_property location {5 -520 670} [get_bd_cells FA_13]
set_property location {5 -520 660} [get_bd_cells FA_13]
set_property location {7 -90 770} [get_bd_cells FA_15]
set_property location {7 -90 760} [get_bd_cells FA_15]
set_property location {7 -90 750} [get_bd_cells FA_15]
set_property location {7 -90 740} [get_bd_cells FA_15]
set_property location {7 -90 730} [get_bd_cells FA_15]
set_property location {7 -90 720} [get_bd_cells FA_15]
set_property location {7 -90 710} [get_bd_cells FA_15]
set_property location {7 -90 700} [get_bd_cells FA_15]
set_property location {7 -90 690} [get_bd_cells FA_15]
set_property location {7 -90 680} [get_bd_cells FA_15]
set_property location {7 -90 670} [get_bd_cells FA_15]
set_property location {7 -90 660} [get_bd_cells FA_15]
connect_bd_net [get_bd_pins ALBL/S1] [get_bd_pins FA_1/A]
connect_bd_net [get_bd_pins ALBL/S2] [get_bd_pins FA_2/A]
connect_bd_net [get_bd_pins ALBL/S3] [get_bd_pins FA_3/A]
connect_bd_net [get_bd_pins ALBL/S4] [get_bd_pins FA_4/A]
connect_bd_net [get_bd_pins ALBL/S5] [get_bd_pins FA_5/A]
connect_bd_net [get_bd_pins ALBL/S6] [get_bd_pins FA_6/A]
connect_bd_net [get_bd_pins ALBL/S7] [get_bd_pins FA_7/A]
connect_bd_net [get_bd_pins xlconstant_0/dout] [get_bd_pins FA_8/A]
connect_bd_net [get_bd_pins xlconstant_0/dout] [get_bd_pins FA_9/A]
connect_bd_net [get_bd_pins xlconstant_0/dout] [get_bd_pins FA_10/A]
connect_bd_net [get_bd_pins xlconstant_0/dout] [get_bd_pins FA_11/A]
connect_bd_net [get_bd_pins xlconstant_0/dout] [get_bd_pins FA_12/A]
connect_bd_net [get_bd_pins xlconstant_0/dout] [get_bd_pins FA_13/A]
connect_bd_net [get_bd_pins xlconstant_0/dout] [get_bd_pins FA_14/A]
connect_bd_net [get_bd_pins xlconstant_0/dout] [get_bd_pins FA_15/A]
connect_bd_net [get_bd_pins xlconstant_0/dout] [get_bd_pins FA_0/B]
connect_bd_net [get_bd_pins xlconstant_0/dout] [get_bd_pins FA_1/B]
connect_bd_net [get_bd_pins xlconstant_0/dout] [get_bd_pins FA_2/B]
connect_bd_net [get_bd_pins xlconstant_0/dout] [get_bd_pins FA_3/B]
connect_bd_net [get_bd_pins AHBL/S0] [get_bd_pins FA_4/B]
connect_bd_net [get_bd_pins AHBL/S1] [get_bd_pins FA_5/B]
connect_bd_net [get_bd_pins AHBL/S2] [get_bd_pins FA_6/B]
connect_bd_net [get_bd_pins AHBL/S3] [get_bd_pins FA_7/B]
connect_bd_net [get_bd_pins AHBL/S4] [get_bd_pins FA_8/B]
connect_bd_net [get_bd_pins AHBL/S5] [get_bd_pins FA_9/B]
connect_bd_net [get_bd_pins AHBL/S7] [get_bd_pins FA_10/B]
connect_bd_net [get_bd_pins AHBL/S6] [get_bd_pins FA_11/B]
connect_bd_net [get_bd_pins xlconstant_0/dout] [get_bd_pins FA_12/B]
connect_bd_net [get_bd_pins xlconstant_0/dout] [get_bd_pins FA_13/B]
connect_bd_net [get_bd_pins xlconstant_0/dout] [get_bd_pins FA_14/B]
connect_bd_net [get_bd_pins xlconstant_0/dout] [get_bd_pins FA_15/B]
group_bd_cells AHBL_ALBL [get_bd_cells FA_11] [get_bd_cells FA_12] [get_bd_cells FA_0] [get_bd_cells FA_1] [get_bd_cells FA_13] [get_bd_cells FA_14] [get_bd_cells FA_2] [get_bd_cells FA_3] [get_bd_cells xlconstant_0] [get_bd_cells FA_15] [get_bd_cells FA_4] [get_bd_cells FA_5] [get_bd_cells FA_6] [get_bd_cells FA_7] [get_bd_cells FA_8] [get_bd_cells FA_9] [get_bd_cells FA_10]
undo
INFO: [Common 17-17] undo 'group_bd_cells AHBL_ALBL [get_bd_cells FA_11] [get_bd_cells FA_12] [get_bd_cells FA_0] [get_bd_cells FA_1] [get_bd_cells FA_13] [get_bd_cells FA_14] [get_bd_cells FA_2] [get_bd_cells FA_3] [get_bd_cells xlconstant_0] [get_bd_cells FA_15] [get_bd_cells FA_4] [get_bd_cells FA_5] [get_bd_cells FA_6] [get_bd_cells FA_7] [get_bd_cells FA_8] [get_bd_cells FA_9] [get_bd_cells FA_10]'
set_property location {2 493 336} [get_bd_cells xlconstant_0]
set_property location {3 738 167} [get_bd_cells FA_0]
set_property location {3.5 965 171} [get_bd_cells FA_1]
set_property location {3.5 836 176} [get_bd_cells FA_1]
set_property location {4.5 1053 177} [get_bd_cells FA_2]
set_property location {3.5 760 174} [get_bd_cells FA_1]
set_property location {3.5 653 178} [get_bd_cells FA_1]
set_property location {3.5 528 178} [get_bd_cells FA_1]
set_property location {3.5 431 167} [get_bd_cells FA_1]
set_property location {3.5 342 174} [get_bd_cells FA_1]
set_property location {4.5 545 174} [get_bd_cells FA_2]
set_property location {5 527 182} [get_bd_cells FA_2]
set_property location {5 540 170} [get_bd_cells FA_2]
set_property location {3.5 152 171} [get_bd_cells FA_0]
set_property location {6.5 759 175} [get_bd_cells FA_3]
set_property location {7.5 962 175} [get_bd_cells FA_4]
set_property location {7.5 858 172} [get_bd_cells FA_4]
set_property location {10.5 1705 315} [get_bd_cells FA_8]
set_property location {12 1888 302} [get_bd_cells FA_9]
set_property location {12.5 2123 304} [get_bd_cells FA_10]
set_property location {14 2386 296} [get_bd_cells FA_11]
set_property location {15 2583 297} [get_bd_cells FA_12]
set_property location {16 2785 296} [get_bd_cells FA_13]
set_property location {17 2993 293} [get_bd_cells FA_14]
set_property location {17.5 3143 289} [get_bd_cells FA_15]
set_property location {18 3140 300} [get_bd_cells FA_15]
set_property location {17 2950 300} [get_bd_cells FA_14]
set_property location {11 1710 300} [get_bd_cells FA_8]
set_property location {8.5 1056 171} [get_bd_cells FA_5]
set_property location {9.5 1234 176} [get_bd_cells FA_6]
set_property location {10 1230 170} [get_bd_cells FA_6]
set_property location {10.5 1412 174} [get_bd_cells FA_7]
set_property location {11.5 1603 168} [get_bd_cells FA_8]
set_property location {12.5 1770 174} [get_bd_cells FA_9]
set_property location {13.5 1946 170} [get_bd_cells FA_10]
set_property location {14 1918 168} [get_bd_cells FA_10]
set_property location {13.5 1840 171} [get_bd_cells FA_10]
set_property location {14.5 2024 166} [get_bd_cells FA_11]
set_property location {14.5 1935 165} [get_bd_cells FA_11]
set_property location {15 1930 170} [get_bd_cells FA_11]
set_property location {15.5 2105 170} [get_bd_cells FA_12]
set_property location {16.5 2288 168} [get_bd_cells FA_13]
set_property location {17.5 2474 167} [get_bd_cells FA_14]
set_property location {18.5 2646 168} [get_bd_cells FA_15]
set_property location {4 -396 -279} [get_bd_cells ALBH]
set_property location {4.5 -207 -284} [get_bd_cells AHBL]
set_property location {5.5 -33 -278} [get_bd_cells AHBH]
set_property NAME FA_01 [get_bd_cells /FA_0]
set_property NAME FA_00 [get_bd_cells /FA_01]
set_property NAME FA_01 [get_bd_cells /FA_1]
set_property NAME FA_02 [get_bd_cells /FA_2]
set_property location {5 -335 167} [get_bd_cells FA_01]
set_property location {5.5 -84 167} [get_bd_cells FA_02]
set_property location {6 -70 -284} [get_bd_cells AHBH]
set_property location {6.5 198 168} [get_bd_cells FA_3]
set_property NAME FA_03 [get_bd_cells /FA_3]
set_property location {7.5 406 168} [get_bd_cells FA_4]
set_property location {8.5 622 170} [get_bd_cells FA_5]
set_property location {9.5 801 173} [get_bd_cells FA_6]
set_property location {10.5 967 169} [get_bd_cells FA_7]
set_property location {11.5 1171 163} [get_bd_cells FA_8]
set_property location {12 1170 170} [get_bd_cells FA_8]
set_property location {12.5 1344 172} [get_bd_cells FA_9]
set_property location {13.5 1520 169} [get_bd_cells FA_10]
set_property location {14.5 1714 163} [get_bd_cells FA_11]
set_property location {15 1710 170} [get_bd_cells FA_11]
set_property location {15.5 1905 174} [get_bd_cells FA_12]
set_property location {16.5 2091 173} [get_bd_cells FA_13]
set_property location {17.5 2278 172} [get_bd_cells FA_14]
set_property location {18.5 2460 171} [get_bd_cells FA_15]
set_property NAME FA_04 [get_bd_cells /FA_4]
set_property NAME FA_05 [get_bd_cells /FA_5]
set_property NAME FA_06 [get_bd_cells /FA_6]
set_property NAME FA_07 [get_bd_cells /FA_7]
set_property NAME FA_08 [get_bd_cells /FA_8]
set_property NAME FA_09 [get_bd_cells /FA_9]
set_property NAME FA_010 [get_bd_cells /FA_10]
set_property NAME FA0_0 [get_bd_cells /FA_00]
set_property NAME FA0_1 [get_bd_cells /FA_01]
set_property NAME FA0_2 [get_bd_cells /FA_02]
set_property NAME FA0_3 [get_bd_cells /FA_03]
set_property NAME FA0_4 [get_bd_cells /FA_04]
set_property NAME FA0_5 [get_bd_cells /FA_05]
set_property NAME FA0_6 [get_bd_cells /FA_06]
set_property NAME FA0_7 [get_bd_cells /FA_07]
set_property NAME FA0_8 [get_bd_cells /FA_08]
set_property NAME FA0_9 [get_bd_cells /FA_09]
set_property NAME FA0_10 [get_bd_cells /FA_010]
set_property NAME FA0_11 [get_bd_cells /FA_11]
set_property NAME FA0_12 [get_bd_cells /FA_12]
set_property NAME FA0_13 [get_bd_cells /FA_13]
set_property NAME FA0_14 [get_bd_cells /FA_14]
set_property NAME FA0_15 [get_bd_cells /FA_15]
create_bd_cell -type module -reference FA FA_0
set_property NAME FA1_0 [get_bd_cells /FA_0]
connect_bd_net [get_bd_pins FA0_0/Sum] [get_bd_pins FA1_0/A]
delete_bd_objs [get_bd_nets FA0_0_Sum]
copy_bd_objs /  [get_bd_cells {FA1_0}]
set_property location {5 -439 393} [get_bd_cells FA1_1]
copy_bd_objs /  [get_bd_cells {FA1_0}]
set_property location {6 -53 385} [get_bd_cells FA1_2]
copy_bd_objs /  [get_bd_cells {FA1_0}]
set_property location {7 178 381} [get_bd_cells FA1_3]
copy_bd_objs /  [get_bd_cells {FA1_0}]
set_property location {8 381 378} [get_bd_cells FA1_4]
set_property location {7 186 383} [get_bd_cells FA1_3]
copy_bd_objs /  [get_bd_cells {FA1_0}]
set_property location {9 541 383} [get_bd_cells FA1_5]
set_property location {7 190 373} [get_bd_cells FA1_3]
set_property location {7 191 382} [get_bd_cells FA1_3]
copy_bd_objs /  [get_bd_cells {FA1_0}]
set_property location {10.5 833 378} [get_bd_cells FA1_6]
set_property location {11 832 584} [get_bd_cells FA1_6]
set_property location {10 674 374} [get_bd_cells FA1_6]
set_property location {10 650 380} [get_bd_cells FA1_6]
copy_bd_objs /  [get_bd_cells {FA1_0}]
set_property location {11 1018 381} [get_bd_cells FA1_7]
set_property location {10.5 850 169} [get_bd_cells FA0_7]
set_property location {11 882 389} [get_bd_cells FA1_7]
set_property location {11.5 1047 172} [get_bd_cells FA0_8]
set_property location {11 847 368} [get_bd_cells FA1_7]
set_property location {11 850 380} [get_bd_cells FA1_7]
set_property location {12.5 1238 170} [get_bd_cells FA0_9]
set_property location {13.5 1429 172} [get_bd_cells FA0_10]
set_property location {14.5 1628 165} [get_bd_cells FA0_11]
set_property location {15 1630 170} [get_bd_cells FA0_11]
set_property location {15.5 1824 168} [get_bd_cells FA0_12]
set_property location {16.5 2007 165} [get_bd_cells FA0_13]
set_property location {17 2010 170} [get_bd_cells FA0_13]
set_property location {17.5 2207 171} [get_bd_cells FA0_14]
set_property location {18.5 2404 163} [get_bd_cells FA0_15]
set_property location {19 2400 170} [get_bd_cells FA0_15]
copy_bd_objs /  [get_bd_cells {FA1_0}]
set_property location {12 1071 379} [get_bd_cells FA1_8]
copy_bd_objs /  [get_bd_cells {FA1_0}]
set_property location {13 1242 376} [get_bd_cells FA1_9]
copy_bd_objs /  [get_bd_cells {FA1_0}]
set_property location {15 1621 358} [get_bd_cells FA1_10]
copy_bd_objs /  [get_bd_cells {FA1_0}]
set_property location {16 1771 360} [get_bd_cells FA1_11]
copy_bd_objs /  [get_bd_cells {FA1_0}]
set_property location {17 1970 362} [get_bd_cells FA1_12]
copy_bd_objs /  [get_bd_cells {FA1_0}]
set_property location {18 2345 361} [get_bd_cells FA1_13]
copy_bd_objs /  [get_bd_cells {FA1_0}]
set_property location {18 2532 356} [get_bd_cells FA1_14]
set_property location {18 2526 157} [get_bd_cells FA0_14]
set_property location {18 2530 170} [get_bd_cells FA0_14]
copy_bd_objs /  [get_bd_cells {FA1_0}]
set_property location {19 2733 357} [get_bd_cells FA1_15]
set_property location {18 2530 90} [get_bd_cells FA0_14]
set_property location {18 2530 100} [get_bd_cells FA0_14]
set_property location {18 2530 110} [get_bd_cells FA0_14]
set_property location {18 2530 120} [get_bd_cells FA0_14]
set_property location {18 2530 130} [get_bd_cells FA0_14]
set_property location {18 2530 140} [get_bd_cells FA0_14]
set_property location {18 2530 150} [get_bd_cells FA0_14]
set_property location {18 2530 160} [get_bd_cells FA0_14]
set_property location {18 2530 170} [get_bd_cells FA0_14]
set_property location {4 -695 215} [get_bd_cells FA0_0]
set_property location {4 -690 200} [get_bd_cells FA0_0]
set_property location {4 -690 190} [get_bd_cells FA0_0]
set_property location {4 -690 180} [get_bd_cells FA0_0]
set_property location {4 -690 170} [get_bd_cells FA0_0]
set_property location {4 -690 160} [get_bd_cells FA0_0]
set_property location {4 -690 170} [get_bd_cells FA0_0]
connect_bd_net [get_bd_pins FA0_0/Sum] [get_bd_pins FA1_0/A]
connect_bd_net [get_bd_pins FA0_1/Sum] [get_bd_pins FA1_1/A]
connect_bd_net [get_bd_pins FA0_2/Sum] [get_bd_pins FA1_2/A]
connect_bd_net [get_bd_pins FA0_3/Sum] [get_bd_pins FA1_3/A]
connect_bd_net [get_bd_pins FA0_4/Sum] [get_bd_pins FA1_4/A]
connect_bd_net [get_bd_pins FA0_5/Sum] [get_bd_pins FA1_5/A]
connect_bd_net [get_bd_pins FA0_6/Sum] [get_bd_pins FA1_6/A]
connect_bd_net [get_bd_pins FA0_7/Sum] [get_bd_pins FA1_7/A]
connect_bd_net [get_bd_pins FA0_8/Sum] [get_bd_pins FA1_8/A]
connect_bd_net [get_bd_pins FA0_9/Sum] [get_bd_pins FA1_9/A]
connect_bd_net [get_bd_pins FA0_10/Sum] [get_bd_pins FA1_10/A]
set_property location {14 1620 370} [get_bd_cells FA1_10]
set_property location {14 1620 380} [get_bd_cells FA1_10]
set_property location {14 1620 370} [get_bd_cells FA1_10]
set_property location {14 1620 380} [get_bd_cells FA1_10]
set_property location {15 1980 370} [get_bd_cells FA1_11]
set_property location {15 1980 380} [get_bd_cells FA1_11]
set_property location {16 2160 370} [get_bd_cells FA1_12]
set_property location {16 2160 380} [get_bd_cells FA1_12]
set_property location {17 2340 370} [get_bd_cells FA1_13]
set_property location {17 2340 380} [get_bd_cells FA1_13]
set_property location {18 2530 370} [get_bd_cells FA1_14]
set_property location {18 2530 380} [get_bd_cells FA1_14]
connect_bd_net [get_bd_pins FA0_11/Sum] [get_bd_pins FA1_11/A]
connect_bd_net [get_bd_pins FA0_12/Sum] [get_bd_pins FA1_12/A]
connect_bd_net [get_bd_pins FA0_13/Sum] [get_bd_pins FA1_13/A]
connect_bd_net [get_bd_pins FA0_14/Sum] [get_bd_pins FA1_14/A]
connect_bd_net [get_bd_pins FA0_15/Sum] [get_bd_pins FA1_15/A]
set_property location {19 2780 370} [get_bd_cells FA1_15]
set_property location {19 2780 380} [get_bd_cells FA1_15]
set_property location {19 2780 160} [get_bd_cells FA0_15]
set_property location {19 2780 170} [get_bd_cells FA0_15]
copy_bd_objs /  [get_bd_cells {FA1_0}]
set_property location {20 2980 381} [get_bd_cells FA1_16]
copy_bd_objs /  [get_bd_cells {FA1_0}]
set_property location {21 3157 379} [get_bd_cells FA1_17]
copy_bd_objs /  [get_bd_cells {FA1_0}]
set_property location {22 3346 383} [get_bd_cells FA1_18]
delete_bd_objs [get_bd_cells FA1_18]
copy_bd_objs /  [get_bd_cells {FA1_17}]
set_property location {20 3024 169} [get_bd_cells FA1_18]
set_property NAME FA0_16 [get_bd_cells /FA1_18]
connect_bd_net [get_bd_pins FA0_15/Cout] [get_bd_pins FA0_16/Cin]
startgroup
create_bd_cell -type ip -vlnv xilinx.com:ip:xlconstant:1.1 xlconstant_1
INFO: [BD 5-1043] It is recommended to use inline hdl version xilinx.com:inline_hdl:ilconstant:1.0 for the IP type xilinx.com:ip:xlconstant:1.1 for improved performance and reduced disk space. IPs with VLNV xilinx.com:ip:xlconstant:1.1 will not be supported from release 2025.2. More information on inline hdl IP is available in UG994 
endgroup
set_property location {22 3538 240} [get_bd_cells xlconstant_1]
set_property location {21.5 3458 171} [get_bd_cells xlconstant_1]
set_property CONFIG.CONST_VAL {0} [get_bd_cells xlconstant_1]
connect_bd_net [get_bd_pins xlconstant_1/dout] [get_bd_pins FA0_16/A]
connect_bd_net [get_bd_pins xlconstant_1/dout] [get_bd_pins FA0_16/B]
connect_bd_net [get_bd_pins FA0_0/Sum] [get_bd_pins FA1_0/B]
delete_bd_objs [get_bd_nets FA0_0_Sum]
connect_bd_net [get_bd_pins FA0_0/Sum] [get_bd_pins FA1_0/A]
delete_bd_objs [get_bd_nets AHBL_S7]
delete_bd_objs [get_bd_nets AHBL_S6]
connect_bd_net [get_bd_pins ALBL/S6] [get_bd_pins FA0_10/B]
delete_bd_objs [get_bd_nets ALBL_S6]
connect_bd_net [get_bd_pins ALBL/S6] [get_bd_pins FA0_6/A]
connect_bd_net [get_bd_pins FA0_10/B] [get_bd_pins AHBL/S6]
connect_bd_net [get_bd_pins FA0_11/B] [get_bd_pins AHBL/S7]
connect_bd_net [get_bd_pins FA0_16/Sum] [get_bd_pins FA1_16/A]
connect_bd_net [get_bd_pins xlconstant_0/dout] [get_bd_pins FA1_0/B]
connect_bd_net [get_bd_pins xlconstant_0/dout] [get_bd_pins FA1_0/Cin]
connect_bd_net [get_bd_pins FA1_0/Cout] [get_bd_pins FA1_1/Cin]
connect_bd_net [get_bd_pins FA1_1/Cout] [get_bd_pins FA1_2/Cin]
connect_bd_net [get_bd_pins FA1_2/Cout] [get_bd_pins FA1_3/Cin]
connect_bd_net [get_bd_pins FA1_3/Cout] [get_bd_pins FA1_4/Cin]
connect_bd_net [get_bd_pins FA1_4/Cout] [get_bd_pins FA1_5/Cin]
connect_bd_net [get_bd_pins FA1_5/Cout] [get_bd_pins FA1_6/Cin]
connect_bd_net [get_bd_pins FA1_6/Cout] [get_bd_pins FA1_7/Cin]
connect_bd_net [get_bd_pins FA1_7/Cout] [get_bd_pins FA1_8/Cin]
connect_bd_net [get_bd_pins FA1_8/Cout] [get_bd_pins FA1_9/Cin]
connect_bd_net [get_bd_pins FA1_9/Cout] [get_bd_pins FA1_10/Cin]
connect_bd_net [get_bd_pins FA1_10/Cout] [get_bd_pins FA1_11/Cin]
connect_bd_net [get_bd_pins FA1_11/Cout] [get_bd_pins FA1_12/Cin]
connect_bd_net [get_bd_pins FA1_12/Cout] [get_bd_pins FA1_13/Cin]
connect_bd_net [get_bd_pins FA1_13/Cout] [get_bd_pins FA1_14/Cin]
connect_bd_net [get_bd_pins FA1_14/Cout] [get_bd_pins FA1_15/Cin]
connect_bd_net [get_bd_pins FA1_15/Cout] [get_bd_pins FA1_16/Cin]
connect_bd_net [get_bd_pins FA1_16/Cout] [get_bd_pins FA1_17/Cin]
connect_bd_net [get_bd_pins xlconstant_0/dout] [get_bd_pins FA1_1/B]
connect_bd_net [get_bd_pins xlconstant_0/dout] [get_bd_pins FA1_2/B]
connect_bd_net [get_bd_pins xlconstant_0/dout] [get_bd_pins FA1_3/B]
connect_bd_net [get_bd_pins FA1_4/B] [get_bd_pins ALBH/S0]
connect_bd_net [get_bd_pins ALBH/S1] [get_bd_pins FA1_5/B]
connect_bd_net [get_bd_pins FA1_6/B] [get_bd_pins ALBH/S2]
connect_bd_net [get_bd_pins ALBH/S3] [get_bd_pins FA1_7/B]
connect_bd_net [get_bd_pins FA1_8/B] [get_bd_pins ALBH/S4]
connect_bd_net [get_bd_pins ALBH/S5] [get_bd_pins FA1_9/B]
connect_bd_net [get_bd_pins FA1_10/B] [get_bd_pins ALBH/S6]
connect_bd_net [get_bd_pins ALBH/S7] [get_bd_pins FA1_11/B]
connect_bd_net [get_bd_pins FA1_12/B] [get_bd_pins xlconstant_1/dout]
connect_bd_net [get_bd_pins xlconstant_1/dout] [get_bd_pins FA1_13/B]
connect_bd_net [get_bd_pins xlconstant_1/dout] [get_bd_pins FA1_14/B]
connect_bd_net [get_bd_pins xlconstant_1/dout] [get_bd_pins FA1_15/B]
connect_bd_net [get_bd_pins xlconstant_1/dout] [get_bd_pins FA1_16/B]
connect_bd_net [get_bd_pins xlconstant_1/dout] [get_bd_pins FA1_17/B]
connect_bd_net [get_bd_pins FA0_16/Cout] [get_bd_pins FA1_17/A]
delete_bd_objs [get_bd_nets FA1_15_Cout] [get_bd_nets FA1_16_Cout] [get_bd_nets FA0_16_Sum] [get_bd_cells FA1_16]
delete_bd_objs [get_bd_nets FA0_16_Cout] [get_bd_cells FA1_17]
delete_bd_objs [get_bd_nets FA0_15_Cout] [get_bd_cells FA0_16]
create_bd_cell -type module -reference FA FA_0
set_property location {5 -511 671} [get_bd_cells FA_0]
set_property location {4 -498 641} [get_bd_cells FA_0]
set_property NAME FA2_0 [get_bd_cells /FA_0]
copy_bd_objs /  [get_bd_cells {FA2_0}]
undo
INFO: [Common 17-17] undo 'copy_bd_objs /  [get_bd_cells {FA2_0}]'
copy_bd_objs /  [get_bd_cells {FA2_0}]
set_property location {6 203 617} [get_bd_cells FA2_1]
copy_bd_objs /  [get_bd_cells {FA2_0}]
set_property location {6 537 619} [get_bd_cells FA2_2]
set_property location {4.5 -288 165} [get_bd_cells FA0_1]
set_property location {4.5 -405 161} [get_bd_cells FA0_1]
set_property location {5 -376 391} [get_bd_cells FA1_1]
set_property location {5.5 -170 390} [get_bd_cells FA1_2]
set_property location {5.5 -245 390} [get_bd_cells FA1_2]
set_property location {6 -240 400} [get_bd_cells FA1_2]
set_property location {6 -240 390} [get_bd_cells FA1_2]
set_property location {6 -215 168} [get_bd_cells FA0_2]
set_property location {6 -240 160} [get_bd_cells FA0_2]
set_property location {6.5 12 156} [get_bd_cells FA0_3]
set_property location {7 45 394} [get_bd_cells FA1_3]
set_property location {7 -45 152} [get_bd_cells FA0_3]
set_property location {6.5 -59 161} [get_bd_cells FA0_3]
set_property location {7 -51 392} [get_bd_cells FA1_3]
set_property location {7.5 142 392} [get_bd_cells FA1_4]
set_property location {7.5 49 390} [get_bd_cells FA1_4]
set_property location {8 104 164} [get_bd_cells FA0_4]
set_property location {8.5 233 160} [get_bd_cells FA0_5]
set_property location {8.5 127 162} [get_bd_cells FA0_5]
set_property location {9 179 393} [get_bd_cells FA1_5]
set_property location {9 180 220} [get_bd_cells FA0_5]
set_property location {9 180 210} [get_bd_cells FA0_5]
set_property location {9 180 200} [get_bd_cells FA0_5]
set_property location {9 180 190} [get_bd_cells FA0_5]
set_property location {9 180 180} [get_bd_cells FA0_5]
set_property location {9 180 170} [get_bd_cells FA0_5]
set_property location {9 180 160} [get_bd_cells FA0_5]
set_property location {10 563 818} [get_bd_cells FA2_1]
set_property location {11 935 1261} [get_bd_cells FA2_2]
set_property location {9.5 423 825} [get_bd_cells FA2_1]
set_property location {9.5 345 392} [get_bd_cells FA1_6]
set_property location {10 379 765} [get_bd_cells FA2_1]
set_property location {10 385 158} [get_bd_cells FA0_6]
set_property location {10 323 169} [get_bd_cells FA0_6]
set_property location {10 340 160} [get_bd_cells FA0_6]
set_property location {10.5 542 756} [get_bd_cells FA2_2]
set_property location {5 -740 637} [get_bd_cells FA2_1]
set_property location {6 -541 638} [get_bd_cells FA2_2]
set_property location {10.5 478 384} [get_bd_cells FA1_7]
set_property location {11 477 386} [get_bd_cells FA1_7]
set_property location {11 509 155} [get_bd_cells FA0_7]
set_property location {11 480 160} [get_bd_cells FA0_7]
set_property location {11.5 673 158} [get_bd_cells FA0_8]
set_property location {11.5 590 388} [get_bd_cells FA1_8]
set_property location {11.5 520 164} [get_bd_cells FA0_8]
set_property location {12 611 391} [get_bd_cells FA1_8]
set_property location {12.5 823 157} [get_bd_cells FA0_9]
set_property location {13 856 381} [get_bd_cells FA1_9]
set_property location {13 830 220} [get_bd_cells FA0_9]
set_property location {13 830 210} [get_bd_cells FA0_9]
set_property location {13 830 200} [get_bd_cells FA0_9]
set_property location {13 830 190} [get_bd_cells FA0_9]
set_property location {13 830 180} [get_bd_cells FA0_9]
set_property location {13 830 170} [get_bd_cells FA0_9]
set_property location {13 830 160} [get_bd_cells FA0_9]
set_property location {13 830 390} [get_bd_cells FA1_9]
set_property location {14 988 163} [get_bd_cells FA0_10]
set_property location {14 971 387} [get_bd_cells FA1_10]
set_property location {14 1030 220} [get_bd_cells FA0_10]
set_property location {14 1030 210} [get_bd_cells FA0_10]
set_property location {14 1030 200} [get_bd_cells FA0_10]
set_property location {14 1030 190} [get_bd_cells FA0_10]
set_property location {14 1030 180} [get_bd_cells FA0_10]
set_property location {14 1030 170} [get_bd_cells FA0_10]
set_property location {14 1030 160} [get_bd_cells FA0_10]
set_property location {14.5 1260 151} [get_bd_cells FA0_11]
set_property location {15 1257 385} [get_bd_cells FA1_11]
set_property location {15 1330 210} [get_bd_cells FA0_11]
set_property location {15 1330 200} [get_bd_cells FA0_11]
set_property location {15 1330 190} [get_bd_cells FA0_11]
set_property location {15 1330 180} [get_bd_cells FA0_11]
set_property location {15 1330 170} [get_bd_cells FA0_11]
set_property location {15 1330 160} [get_bd_cells FA0_11]
set_property location {14.5 1195 166} [get_bd_cells FA0_11]
set_property location {14.5 1079 155} [get_bd_cells FA0_11]
set_property location {14.5 977 164} [get_bd_cells FA0_11]
set_property location {14.5 877 163} [get_bd_cells FA0_11]
set_property location {15 845 385} [get_bd_cells FA1_11]
set_property location {14.5 831 166} [get_bd_cells FA0_11]
set_property location {14.5 744 158} [get_bd_cells FA0_11]
set_property location {15 776 386} [get_bd_cells FA1_11]
set_property location {14.5 696 165} [get_bd_cells FA0_11]
set_property location {15 620 164} [get_bd_cells FA0_11]
set_property location {15 717 390} [get_bd_cells FA1_11]
set_property location {15.5 943 157} [get_bd_cells FA0_12]
set_property location {16 995 359} [get_bd_cells FA1_12]
set_property location {16.5 1181 218} [get_bd_cells FA0_13]
set_property location {16 940 210} [get_bd_cells FA0_12]
set_property location {16 940 200} [get_bd_cells FA0_12]
set_property location {16 940 190} [get_bd_cells FA0_12]
set_property location {16 940 180} [get_bd_cells FA0_12]
set_property location {17 1180 210} [get_bd_cells FA0_13]
set_property location {17 1180 200} [get_bd_cells FA0_13]
set_property location {17 1180 190} [get_bd_cells FA0_13]
set_property location {17 1180 180} [get_bd_cells FA0_13]
set_property location {17 1151 360} [get_bd_cells FA1_13]
set_property location {17 1180 210} [get_bd_cells FA0_13]
set_property location {17 1180 200} [get_bd_cells FA0_13]
set_property location {17 1180 190} [get_bd_cells FA0_13]
set_property location {17 1180 180} [get_bd_cells FA0_13]
set_property location {17 1180 170} [get_bd_cells FA0_13]
set_property location {17 1180 180} [get_bd_cells FA0_13]
set_property location {17.5 1385 399} [get_bd_cells FA1_14]
set_property location {16 940 370} [get_bd_cells FA1_12]
set_property location {16 940 380} [get_bd_cells FA1_12]
set_property location {16 940 170} [get_bd_cells FA0_12]
set_property location {17 1180 170} [get_bd_cells FA0_13]
set_property location {17 1180 160} [get_bd_cells FA0_13]
set_property location {16 940 160} [get_bd_cells FA0_12]
set_property location {16 940 150} [get_bd_cells FA0_12]
set_property location {16 940 160} [get_bd_cells FA0_12]
set_property location {17 1180 370} [get_bd_cells FA1_13]
set_property location {17 1180 380} [get_bd_cells FA1_13]
set_property location {18 1380 390} [get_bd_cells FA1_14]
set_property location {18 1380 380} [get_bd_cells FA1_14]
set_property location {18 1380 370} [get_bd_cells FA1_14]
set_property location {18 1380 380} [get_bd_cells FA1_14]
set_property location {16 940 390} [get_bd_cells FA1_12]
set_property location {17 1180 390} [get_bd_cells FA1_13]
set_property location {18 1380 390} [get_bd_cells FA1_14]
set_property location {18 1382 165} [get_bd_cells FA0_14]
set_property location {19 1600 391} [get_bd_cells FA1_15]
set_property location {19 1551 153} [get_bd_cells FA0_15]
set_property location {19.5 1913 242} [get_bd_cells xlconstant_1]
copy_bd_objs /  [get_bd_cells {FA2_0}]
set_property location {21.5 2667 337} [get_bd_cells FA2_3]
copy_bd_objs /  [get_bd_cells {FA2_0}]
set_property location {8 -970 637} [get_bd_cells FA2_4]
set_property location {7 -1141 633} [get_bd_cells FA2_3]
set_property location {7 -1150 640} [get_bd_cells FA2_3]
copy_bd_objs /  [get_bd_cells {FA2_0}]
set_property location {21.5 2370 544} [get_bd_cells FA2_5]
copy_bd_objs /  [get_bd_cells {FA2_0}]
set_property location {21 2401 686} [get_bd_cells FA2_6]
copy_bd_objs /  [get_bd_cells {FA2_0}]
set_property location {21 2379 850} [get_bd_cells FA2_7]
copy_bd_objs /  [get_bd_cells {FA2_0}]
set_property location {21 2342 1009} [get_bd_cells FA2_8]
copy_bd_objs /  [get_bd_cells {FA2_0}]
set_property location {21 2383 1192} [get_bd_cells FA2_9]
set_property location {21 2372 1134} [get_bd_cells FA2_9]
copy_bd_objs /  [get_bd_cells {FA2_0}]
set_property location {22 2545 548} [get_bd_cells FA2_10]
copy_bd_objs /  [get_bd_cells {FA2_0}]
set_property location {22 2552 699} [get_bd_cells FA2_11]
copy_bd_objs /  [get_bd_cells {FA2_0}]
set_property location {22 2591 842} [get_bd_cells FA2_12]
copy_bd_objs /  [get_bd_cells {FA2_0}]
set_property location {22 2575 981} [get_bd_cells FA2_13]
copy_bd_objs /  [get_bd_cells {FA2_0}]
set_property location {22 2555 1126} [get_bd_cells FA2_14]
copy_bd_objs /  [get_bd_cells {FA2_0}]
set_property location {22 2543 1261} [get_bd_cells FA2_15]
set_property location {9 -739 629} [get_bd_cells FA2_5]
set_property location {10 -494 624} [get_bd_cells FA2_6]
set_property location {9 -730 640} [get_bd_cells FA2_5]
set_property location {10 -500 630} [get_bd_cells FA2_6]
set_property location {10 -500 640} [get_bd_cells FA2_6]
set_property location {11 -272 632} [get_bd_cells FA2_7]
set_property location {11 -270 640} [get_bd_cells FA2_7]
set_property location {12 -79 643} [get_bd_cells FA2_8]
set_property location {13 213 635} [get_bd_cells FA2_9]
set_property location {13 180 640} [get_bd_cells FA2_9]
set_property location {14 449 641} [get_bd_cells FA2_10]
set_property location {15 717 631} [get_bd_cells FA2_11]
set_property location {15 730 640} [get_bd_cells FA2_11]
set_property location {16 959 644} [get_bd_cells FA2_12]
set_property location {17 1144 628} [get_bd_cells FA2_13]
set_property location {17 1170 640} [get_bd_cells FA2_13]
set_property location {18 1335 638} [get_bd_cells FA2_14]
set_property location {19 1566 646} [get_bd_cells FA2_15]
set_property location {19 1550 640} [get_bd_cells FA2_15]
connect_bd_net [get_bd_pins FA2_0/Cout] [get_bd_pins FA2_1/Cin]
connect_bd_net [get_bd_pins FA2_1/Cout] [get_bd_pins FA2_2/Cin]
connect_bd_net [get_bd_pins FA2_2/Cout] [get_bd_pins FA2_3/Cin]
connect_bd_net [get_bd_pins FA2_3/Cout] [get_bd_pins FA2_4/Cin]
connect_bd_net [get_bd_pins FA2_4/Cout] [get_bd_pins FA2_5/Cin]
connect_bd_net [get_bd_pins FA2_5/Cout] [get_bd_pins FA2_6/Cin]
connect_bd_net [get_bd_pins FA2_6/Cout] [get_bd_pins FA2_7/Cin]
connect_bd_net [get_bd_pins FA2_7/Cout] [get_bd_pins FA2_8/Cin]
connect_bd_net [get_bd_pins FA2_8/Cout] [get_bd_pins FA2_9/Cin]
connect_bd_net [get_bd_pins FA2_9/Cout] [get_bd_pins FA2_10/Cin]
connect_bd_net [get_bd_pins FA2_10/Cout] [get_bd_pins FA2_11/Cin]
connect_bd_net [get_bd_pins FA2_11/Cout] [get_bd_pins FA2_12/Cin]
connect_bd_net [get_bd_pins FA2_12/Cout] [get_bd_pins FA2_13/Cin]
connect_bd_net [get_bd_pins FA2_13/Cout] [get_bd_pins FA2_14/Cin]
connect_bd_net [get_bd_pins FA2_14/Cout] [get_bd_pins FA2_15/Cin]
connect_bd_net [get_bd_pins FA1_1/Sum] [get_bd_pins FA2_1/A]
connect_bd_net [get_bd_pins FA1_2/Sum] [get_bd_pins FA2_2/A]
connect_bd_net [get_bd_pins FA1_3/Sum] [get_bd_pins FA2_3/A]
connect_bd_net [get_bd_pins FA1_4/Sum] [get_bd_pins FA2_4/A]
connect_bd_net [get_bd_pins FA1_5/Sum] [get_bd_pins FA2_5/A]
connect_bd_net [get_bd_pins FA1_6/Sum] [get_bd_pins FA2_6/A]
connect_bd_net [get_bd_pins FA1_7/Sum] [get_bd_pins FA2_7/A]
connect_bd_net [get_bd_pins FA1_8/Sum] [get_bd_pins FA2_8/A]
connect_bd_net [get_bd_pins FA1_9/Sum] [get_bd_pins FA2_9/A]
connect_bd_net [get_bd_pins FA1_10/Sum] [get_bd_pins FA2_10/A]
connect_bd_net [get_bd_pins FA1_11/Sum] [get_bd_pins FA2_11/A]
set_property location {16 950 406} [get_bd_cells FA1_12]
set_property location {16 960 400} [get_bd_cells FA1_12]
set_property location {16 960 390} [get_bd_cells FA1_12]
connect_bd_net [get_bd_pins FA1_12/Sum] [get_bd_pins FA2_12/A]
connect_bd_net [get_bd_pins FA1_13/Sum] [get_bd_pins FA2_13/A]
connect_bd_net [get_bd_pins FA1_14/Sum] [get_bd_pins FA2_14/A]
connect_bd_net [get_bd_pins FA1_15/Sum] [get_bd_pins FA2_15/A]
connect_bd_net [get_bd_pins xlconstant_1/dout] [get_bd_pins FA2_15/B]
delete_bd_objs [get_bd_nets xlconstant_1_dout]
connect_bd_net [get_bd_pins xlconstant_1/dout] [get_bd_pins FA1_12/B]
connect_bd_net [get_bd_pins xlconstant_1/dout] [get_bd_pins FA1_13/B]
connect_bd_net [get_bd_pins FA1_14/B] [get_bd_pins xlconstant_1/dout]
connect_bd_net [get_bd_pins FA1_15/B] [get_bd_pins xlconstant_1/dout]
connect_bd_net [get_bd_pins FA1_0/Sum] [get_bd_pins FA2_0/A]
connect_bd_net [get_bd_pins xlconstant_0/dout] [get_bd_pins FA2_0/B]
connect_bd_net [get_bd_pins xlconstant_0/dout] [get_bd_pins FA2_0/Cin]
connect_bd_net [get_bd_pins xlconstant_0/dout] [get_bd_pins FA2_1/B]
connect_bd_net [get_bd_pins FA2_2/B] [get_bd_pins xlconstant_0/dout]
connect_bd_net [get_bd_pins FA2_3/B] [get_bd_pins xlconstant_0/dout]
connect_bd_net [get_bd_pins FA2_4/B] [get_bd_pins xlconstant_0/dout]
connect_bd_net [get_bd_pins FA2_5/B] [get_bd_pins xlconstant_0/dout]
connect_bd_net [get_bd_pins FA2_6/B] [get_bd_pins xlconstant_0/dout]
connect_bd_net [get_bd_pins FA2_7/B] [get_bd_pins xlconstant_0/dout]
connect_bd_net [get_bd_pins FA2_8/B] [get_bd_pins AHBH/S0]
connect_bd_net [get_bd_pins FA2_9/B] [get_bd_pins AHBH/S1]
connect_bd_net [get_bd_pins AHBH/S2] [get_bd_pins FA2_10/B]
connect_bd_net [get_bd_pins FA2_11/B] [get_bd_pins AHBH/S3]
connect_bd_net [get_bd_pins FA2_12/B] [get_bd_pins AHBH/S4]
connect_bd_net [get_bd_pins FA2_13/B] [get_bd_pins AHBH/S5]
connect_bd_net [get_bd_pins FA2_14/B] [get_bd_pins AHBH/S6]
connect_bd_net [get_bd_pins FA2_15/B] [get_bd_pins AHBH/S7]
set_property location {20 1930 1073} [get_bd_cells adpt_out1_0]
connect_bd_net [get_bd_pins FA2_15/Sum] [get_bd_pins adpt_out1_0/S15]
connect_bd_net [get_bd_pins FA2_15/Cout] [get_bd_pins adpt_out1_0/S16]
connect_bd_net [get_bd_pins FA2_14/Sum] [get_bd_pins adpt_out1_0/S14]
connect_bd_net [get_bd_pins FA2_13/Sum] [get_bd_pins adpt_out1_0/S13]
connect_bd_net [get_bd_pins FA2_12/Sum] [get_bd_pins adpt_out1_0/S12]
connect_bd_net [get_bd_pins FA2_11/Sum] [get_bd_pins adpt_out1_0/S11]
connect_bd_net [get_bd_pins FA2_10/Sum] [get_bd_pins adpt_out1_0/S10]
connect_bd_net [get_bd_pins FA2_9/Sum] [get_bd_pins adpt_out1_0/S9]
connect_bd_net [get_bd_pins FA2_8/Sum] [get_bd_pins adpt_out1_0/S8]
connect_bd_net [get_bd_pins FA2_0/Sum] [get_bd_pins adpt_out1_0/S0]
connect_bd_net [get_bd_pins FA2_1/Sum] [get_bd_pins adpt_out1_0/S1]
connect_bd_net [get_bd_pins FA2_2/Sum] [get_bd_pins adpt_out1_0/S2]
connect_bd_net [get_bd_pins FA2_3/Sum] [get_bd_pins adpt_out1_0/S3]
connect_bd_net [get_bd_pins FA2_4/Sum] [get_bd_pins adpt_out1_0/S4]
connect_bd_net [get_bd_pins FA2_5/Sum] [get_bd_pins adpt_out1_0/S5]
connect_bd_net [get_bd_pins FA2_6/Sum] [get_bd_pins adpt_out1_0/S6]
connect_bd_net [get_bd_pins FA2_7/Sum] [get_bd_pins adpt_out1_0/S7]
report_ip_status -name ip_status 
save_bd_design
Wrote  : <F:\Haoyang_Sun\experiments\labs\lab8_ex\lab8_ex.srcs\sources_1\bd\design_1\design_1.bd> 
Wrote  : <F:/Haoyang_Sun/experiments/labs/lab8_ex/lab8_ex.srcs/sources_1/bd/design_1/ui/bd_1f5defd0.ui> 
Wrote  : <F:/Haoyang_Sun/experiments/labs/lab8_ex/lab8_ex.srcs/sources_1/bd/design_1/ui/bd_7505cb25.ui> 
Wrote  : <F:/Haoyang_Sun/experiments/labs/lab8_ex/lab8_ex.srcs/sources_1/bd/design_1/ui/bd_7505cb21.ui> 
Wrote  : <F:/Haoyang_Sun/experiments/labs/lab8_ex/lab8_ex.srcs/sources_1/bd/design_1/ui/bd_730d8d21.ui> 
Wrote  : <F:/Haoyang_Sun/experiments/labs/lab8_ex/lab8_ex.srcs/sources_1/bd/design_1/ui/bd_730d8d1d.ui> 
reset_run synth_1
INFO: [Project 1-1161] Replacing file F:/Haoyang_Sun/experiments/labs/lab8_ex/lab8_ex.srcs/utils_1/imports/synth_1/design_1_wrapper.dcp with file F:/Haoyang_Sun/experiments/labs/lab8_ex/synth_1/design_1_wrapper.dcp
launch_runs impl_1 -to_step write_bitstream -jobs 16
CRITICAL WARNING: [BD 41-759] The input pins (listed below) are either not connected or do not have a source port, and they don't have a tie-off specified. These pins are tied-off to all 0's to avoid error in Implementation flow.
Please check your design and connect them as needed: 
/ALBL/FA_8/Cin
/ALBH/FA_8/Cin
/AHBL/FA_8/Cin
/AHBH/FA_8/Cin

Wrote  : <F:\Haoyang_Sun\experiments\labs\lab8_ex\lab8_ex.srcs\sources_1\bd\design_1\design_1.bd> 
Wrote  : <F:/Haoyang_Sun/experiments/labs/lab8_ex/lab8_ex.srcs/sources_1/bd/design_1/ui/bd_1f5defd0.ui> 
Wrote  : <F:/Haoyang_Sun/experiments/labs/lab8_ex/lab8_ex.srcs/sources_1/bd/design_1/ui/bd_7505cb25.ui> 
Wrote  : <F:/Haoyang_Sun/experiments/labs/lab8_ex/lab8_ex.srcs/sources_1/bd/design_1/ui/bd_7505cb21.ui> 
Wrote  : <F:/Haoyang_Sun/experiments/labs/lab8_ex/lab8_ex.srcs/sources_1/bd/design_1/ui/bd_730d8d21.ui> 
Wrote  : <F:/Haoyang_Sun/experiments/labs/lab8_ex/lab8_ex.srcs/sources_1/bd/design_1/ui/bd_730d8d1d.ui> 
Verilog Output written to : f:/Haoyang_Sun/experiments/labs/lab8_ex/lab8_ex.gen/sources_1/bd/design_1/synth/design_1.v
Verilog Output written to : f:/Haoyang_Sun/experiments/labs/lab8_ex/lab8_ex.gen/sources_1/bd/design_1/sim/design_1.v
Verilog Output written to : f:/Haoyang_Sun/experiments/labs/lab8_ex/lab8_ex.gen/sources_1/bd/design_1/hdl/design_1_wrapper.v
Wrote  : <F:/Haoyang_Sun/experiments/labs/lab8_ex/lab8_ex.srcs/sources_1/bd/design_1/ui/bd_1f5defd0.ui> 
Wrote  : <F:/Haoyang_Sun/experiments/labs/lab8_ex/lab8_ex.srcs/sources_1/bd/design_1/ui/bd_7505cb25.ui> 
Wrote  : <F:/Haoyang_Sun/experiments/labs/lab8_ex/lab8_ex.srcs/sources_1/bd/design_1/ui/bd_7505cb21.ui> 
Wrote  : <F:/Haoyang_Sun/experiments/labs/lab8_ex/lab8_ex.srcs/sources_1/bd/design_1/ui/bd_730d8d21.ui> 
Wrote  : <F:/Haoyang_Sun/experiments/labs/lab8_ex/lab8_ex.srcs/sources_1/bd/design_1/ui/bd_730d8d1d.ui> 
INFO: [IP_Flow 19-234] Refreshing IP repositories
WARNING: [IP_Flow 19-2248] Failed to load user IP repository 'f:/Haoyang_Sun/experiments/labs/ip_repo'; Can't find the specified path.
If this directory should no longer be in your list of user repositories, go to the IP Settings dialog and remove it.
INFO: [IP_Flow 19-1700] Loaded user IP repository 'f:/Haoyang_Sun/experiments/cg_fpga_slim_1_4'.
INFO: [IP_Flow 19-1700] Loaded user IP repository 'f:/Haoyang_Sun/experiments/ip_repo'.
WARNING: [IP_Flow 19-2248] Failed to load user IP repository 'f:/Haoyang_Sun/experiments/labs/cg_fpga_slim_1_4'; Can't find the specified path.
If this directory should no longer be in your list of user repositories, go to the IP Settings dialog and remove it.
INFO: [IP_Flow 19-3422] Upgraded cg_fpga_axi_gpio_0_0 (AXI GPIO 2.0) from revision 29 to revision 37
INFO: [IP_Flow 19-3422] Upgraded cg_fpga_cg_fpga_axi_gpio_o1_0 (AXI GPIO 2.0) from revision 29 to revision 37
INFO: [IP_Flow 19-3422] Upgraded cg_fpga_cg_fpga_axi_gpio_o1_1 (AXI GPIO 2.0) from revision 29 to revision 37
INFO: [IP_Flow 19-3422] Upgraded cg_fpga_cg_fpga_axi_gpio_i1_0 (AXI GPIO 2.0) from revision 29 to revision 37
INFO: [IP_Flow 19-3422] Upgraded cg_fpga_axi_uartlite_0_0 (AXI Uartlite 2.0) from revision 31 to revision 39
INFO: [IP_Flow 19-3422] Upgraded cg_fpga_axi_intc_0_0 (AXI Interrupt Controller 4.1) from revision 17 to revision 21
INFO: [IP_Flow 19-3422] Upgraded cg_fpga_rst_ps7_0_50M_0 (Processor System Reset 5.0) from revision 13 to revision 17
INFO: [IP_Flow 19-3422] Upgraded cg_fpga_xbar_1 (AXI Crossbar 2.1) from revision 28 to revision 37
INFO: [IP_Flow 19-3422] Upgraded cg_fpga_auto_pc_0 (AXI Protocol Converter 2.1) from revision 27 to revision 36
INFO: [IP_Flow 19-3422] Upgraded cg_fpga_xlconcat_0_0 (Concat 2.1) from revision 4 to revision 7
INFO: [IP_Flow 19-3422] Upgraded cg_fpga_xlconcat_1_0 (Concat 2.1) from revision 4 to revision 7
INFO: [IP_Flow 19-3422] Upgraded cg_fpga_v_vid_in_axi4s_0_0 (Video In to AXI4-Stream 5.0) from revision 2 to revision 6
INFO: [IP_Flow 19-3422] Upgraded cg_fpga_xlconcat_2_0 (Concat 2.1) from revision 4 to revision 7
INFO: [IP_Flow 19-3422] Upgraded cg_fpga_xlconcat_3_0 (Concat 2.1) from revision 4 to revision 7
INFO: [IP_Flow 19-3422] Upgraded cg_fpga_xlslice_0_2 (Slice 1.0) from revision 2 to revision 5
INFO: [IP_Flow 19-3422] Upgraded cg_fpga_xlslice_0_3 (Slice 1.0) from revision 2 to revision 5
INFO: [IP_Flow 19-3422] Upgraded cg_fpga_xlslice_1_0 (Slice 1.0) from revision 2 to revision 5
INFO: [IP_Flow 19-3422] Upgraded cg_fpga_xlconstant_0_0 (Constant 1.1) from revision 7 to revision 10
INFO: [IP_Flow 19-3422] Upgraded cg_fpga_xbar_0 (AXI Crossbar 2.1) from revision 28 to revision 37
INFO: [IP_Flow 19-3422] Upgraded cg_fpga_auto_pc_1 (AXI Protocol Converter 2.1) from revision 27 to revision 36
INFO: [IP_Flow 19-3422] Upgraded cg_fpga_axi_vdma_0_0 (AXI Video Direct Memory Access 6.3) from revision 15 to revision 23
INFO: [IP_Flow 19-3422] Upgraded cg_fpga_processing_system7_0_0 (ZYNQ7 Processing System 5.5) from revision 6 to revision 7
INFO: [IP_Flow 19-3422] Upgraded cg_fpga_xlconstant_1_0 (Constant 1.1) from revision 7 to revision 10
INFO: [IP_Flow 19-3422] Upgraded cg_fpga_xlconstant_1_1 (Constant 1.1) from revision 7 to revision 10
INFO: [IP_Flow 19-5611] Unable to find an associated reset port for the interface 'M_AXI_GP0'. A default connection has been created.
INFO: [IP_Flow 19-5611] Unable to find an associated reset port for the interface 'S_AXI_HP0'. A default connection has been created.
INFO: [BD 41-1029] Generation completed for the IP Integrator block cg_fpga_0 .
INFO: [BD 41-1029] Generation completed for the IP Integrator block adpt_in_0 .
INFO: [BD 41-1029] Generation completed for the IP Integrator block ALBL/xlconstant_1 .
INFO: [BD 41-1029] Generation completed for the IP Integrator block ALBH/xlconstant_1 .
INFO: [BD 41-1029] Generation completed for the IP Integrator block AHBL/xlconstant_1 .
INFO: [BD 41-1029] Generation completed for the IP Integrator block AHBH/xlconstant_1 .
INFO: [BD 41-1029] Generation completed for the IP Integrator block adpt_out1_0 .
INFO: [BD 41-1029] Generation completed for the IP Integrator block FA0_1 .
INFO: [BD 41-1029] Generation completed for the IP Integrator block FA0_2 .
INFO: [BD 41-1029] Generation completed for the IP Integrator block FA0_3 .
INFO: [BD 41-1029] Generation completed for the IP Integrator block FA0_4 .
INFO: [BD 41-1029] Generation completed for the IP Integrator block FA0_5 .
INFO: [BD 41-1029] Generation completed for the IP Integrator block FA0_6 .
INFO: [BD 41-1029] Generation completed for the IP Integrator block FA0_7 .
INFO: [BD 41-1029] Generation completed for the IP Integrator block FA0_8 .
INFO: [BD 41-1029] Generation completed for the IP Integrator block FA0_9 .
INFO: [BD 41-1029] Generation completed for the IP Integrator block FA0_10 .
INFO: [BD 41-1029] Generation completed for the IP Integrator block FA0_11 .
INFO: [BD 41-1029] Generation completed for the IP Integrator block FA0_12 .
INFO: [BD 41-1029] Generation completed for the IP Integrator block FA0_13 .
INFO: [BD 41-1029] Generation completed for the IP Integrator block FA0_14 .
INFO: [BD 41-1029] Generation completed for the IP Integrator block FA0_15 .
INFO: [BD 41-1029] Generation completed for the IP Integrator block xlconstant_0 .
INFO: [BD 41-1029] Generation completed for the IP Integrator block FA1_0 .
INFO: [BD 41-1029] Generation completed for the IP Integrator block FA1_1 .
INFO: [BD 41-1029] Generation completed for the IP Integrator block FA1_2 .
INFO: [BD 41-1029] Generation completed for the IP Integrator block FA1_3 .
INFO: [BD 41-1029] Generation completed for the IP Integrator block FA1_4 .
INFO: [BD 41-1029] Generation completed for the IP Integrator block FA1_5 .
INFO: [BD 41-1029] Generation completed for the IP Integrator block FA1_6 .
INFO: [BD 41-1029] Generation completed for the IP Integrator block FA1_7 .
INFO: [BD 41-1029] Generation completed for the IP Integrator block FA1_8 .
INFO: [BD 41-1029] Generation completed for the IP Integrator block FA1_9 .
INFO: [BD 41-1029] Generation completed for the IP Integrator block FA1_10 .
INFO: [BD 41-1029] Generation completed for the IP Integrator block FA1_11 .
INFO: [BD 41-1029] Generation completed for the IP Integrator block FA1_12 .
INFO: [BD 41-1029] Generation completed for the IP Integrator block FA1_13 .
INFO: [BD 41-1029] Generation completed for the IP Integrator block FA1_14 .
INFO: [BD 41-1029] Generation completed for the IP Integrator block FA1_15 .
INFO: [BD 41-1029] Generation completed for the IP Integrator block xlconstant_1 .
INFO: [BD 41-1029] Generation completed for the IP Integrator block FA2_0 .
INFO: [BD 41-1029] Generation completed for the IP Integrator block FA2_1 .
INFO: [BD 41-1029] Generation completed for the IP Integrator block FA2_2 .
INFO: [BD 41-1029] Generation completed for the IP Integrator block FA2_3 .
INFO: [BD 41-1029] Generation completed for the IP Integrator block FA2_4 .
INFO: [BD 41-1029] Generation completed for the IP Integrator block FA2_5 .
INFO: [BD 41-1029] Generation completed for the IP Integrator block FA2_6 .
INFO: [BD 41-1029] Generation completed for the IP Integrator block FA2_7 .
INFO: [BD 41-1029] Generation completed for the IP Integrator block FA2_8 .
INFO: [BD 41-1029] Generation completed for the IP Integrator block FA2_9 .
INFO: [BD 41-1029] Generation completed for the IP Integrator block FA2_10 .
INFO: [BD 41-1029] Generation completed for the IP Integrator block FA2_11 .
INFO: [BD 41-1029] Generation completed for the IP Integrator block FA2_12 .
INFO: [BD 41-1029] Generation completed for the IP Integrator block FA2_13 .
INFO: [BD 41-1029] Generation completed for the IP Integrator block FA2_14 .
INFO: [BD 41-1029] Generation completed for the IP Integrator block FA2_15 .
Exporting to file f:/Haoyang_Sun/experiments/labs/lab8_ex/lab8_ex.gen/sources_1/bd/design_1/hw_handoff/design_1.hwh
Generated Hardware Definition File f:/Haoyang_Sun/experiments/labs/lab8_ex/lab8_ex.gen/sources_1/bd/design_1/synth/design_1.hwdef
[Sat Nov  8 22:11:11 2025] Launched design_1_FA1_0_1_synth_1, design_1_FA1_0_2_synth_1, design_1_cg_fpga_0_0_synth_1, design_1_adpt_in_0_0_synth_1, design_1_FA2_0_8_synth_1, design_1_FA2_0_5_synth_1, design_1_FA2_0_7_synth_1, design_1_FA2_0_6_synth_1, design_1_FA_0_14_synth_1, design_1_adpt_out1_0_0_synth_1, design_1_FA_0_13_synth_1, design_1_FA2_0_9_synth_1, design_1_FA1_0_3_synth_1, design_1_FA1_0_4_synth_1, design_1_FA_0_21_synth_1, design_1_FA1_0_13_synth_1, design_1_FA1_0_14_synth_1, design_1_FA_0_20_synth_1, design_1_FA_7_7_synth_1, design_1_FA_6_7_synth_1, design_1_FA2_0_11_synth_1, design_1_FA2_0_10_synth_1, design_1_FA1_0_9_synth_1, design_1_FA1_0_10_synth_1, design_1_FA1_0_12_synth_1, design_1_FA1_0_11_synth_1, design_1_FA2_0_15_synth_1, design_1_FA2_0_13_synth_1, design_1_FA2_0_14_synth_1, design_1_FA2_0_12_synth_1, design_1_FA_5_7_synth_1, design_1_FA_4_7_synth_1, design_1_FA1_0_6_synth_1, design_1_FA1_0_7_synth_1, design_1_FA1_0_5_synth_1, design_1_FA1_0_8_synth_1, design_1_FA_1_12_synth_1, design_1_FA_2_12_synth_1, design_1_FA_3_12_synth_1, design_1_FA_3_14_synth_1, design_1_FA_0_16_synth_1, design_1_FA_0_18_synth_1, design_1_FA_1_14_synth_1, design_1_FA_2_14_synth_1, design_1_FA_0_15_synth_1, design_1_FA1_0_0_synth_1, design_1_FA2_0_2_synth_1, design_1_FA2_0_3_synth_1, design_1_FA2_0_4_synth_1, design_1_FA2_0_1_synth_1, synth_1...
Run output will be captured here:
design_1_FA1_0_1_synth_1: F:/Haoyang_Sun/experiments/labs/lab8_ex/design_1_FA1_0_1_synth_1/runme.log
design_1_FA1_0_2_synth_1: F:/Haoyang_Sun/experiments/labs/lab8_ex/design_1_FA1_0_2_synth_1/runme.log
design_1_cg_fpga_0_0_synth_1: F:/Haoyang_Sun/experiments/labs/lab8_ex/design_1_cg_fpga_0_0_synth_1/runme.log
design_1_adpt_in_0_0_synth_1: F:/Haoyang_Sun/experiments/labs/lab8_ex/design_1_adpt_in_0_0_synth_1/runme.log
design_1_FA2_0_8_synth_1: F:/Haoyang_Sun/experiments/labs/lab8_ex/design_1_FA2_0_8_synth_1/runme.log
design_1_FA2_0_5_synth_1: F:/Haoyang_Sun/experiments/labs/lab8_ex/design_1_FA2_0_5_synth_1/runme.log
design_1_FA2_0_7_synth_1: F:/Haoyang_Sun/experiments/labs/lab8_ex/design_1_FA2_0_7_synth_1/runme.log
design_1_FA2_0_6_synth_1: F:/Haoyang_Sun/experiments/labs/lab8_ex/design_1_FA2_0_6_synth_1/runme.log
design_1_FA_0_14_synth_1: F:/Haoyang_Sun/experiments/labs/lab8_ex/design_1_FA_0_14_synth_1/runme.log
design_1_adpt_out1_0_0_synth_1: F:/Haoyang_Sun/experiments/labs/lab8_ex/design_1_adpt_out1_0_0_synth_1/runme.log
design_1_FA_0_13_synth_1: F:/Haoyang_Sun/experiments/labs/lab8_ex/design_1_FA_0_13_synth_1/runme.log
design_1_FA2_0_9_synth_1: F:/Haoyang_Sun/experiments/labs/lab8_ex/design_1_FA2_0_9_synth_1/runme.log
design_1_FA1_0_3_synth_1: F:/Haoyang_Sun/experiments/labs/lab8_ex/design_1_FA1_0_3_synth_1/runme.log
design_1_FA1_0_4_synth_1: F:/Haoyang_Sun/experiments/labs/lab8_ex/design_1_FA1_0_4_synth_1/runme.log
design_1_FA_0_21_synth_1: F:/Haoyang_Sun/experiments/labs/lab8_ex/design_1_FA_0_21_synth_1/runme.log
design_1_FA1_0_13_synth_1: F:/Haoyang_Sun/experiments/labs/lab8_ex/design_1_FA1_0_13_synth_1/runme.log
design_1_FA1_0_14_synth_1: F:/Haoyang_Sun/experiments/labs/lab8_ex/design_1_FA1_0_14_synth_1/runme.log
design_1_FA_0_20_synth_1: F:/Haoyang_Sun/experiments/labs/lab8_ex/design_1_FA_0_20_synth_1/runme.log
design_1_FA_7_7_synth_1: F:/Haoyang_Sun/experiments/labs/lab8_ex/design_1_FA_7_7_synth_1/runme.log
design_1_FA_6_7_synth_1: F:/Haoyang_Sun/experiments/labs/lab8_ex/design_1_FA_6_7_synth_1/runme.log
design_1_FA2_0_11_synth_1: F:/Haoyang_Sun/experiments/labs/lab8_ex/design_1_FA2_0_11_synth_1/runme.log
design_1_FA2_0_10_synth_1: F:/Haoyang_Sun/experiments/labs/lab8_ex/design_1_FA2_0_10_synth_1/runme.log
design_1_FA1_0_9_synth_1: F:/Haoyang_Sun/experiments/labs/lab8_ex/design_1_FA1_0_9_synth_1/runme.log
design_1_FA1_0_10_synth_1: F:/Haoyang_Sun/experiments/labs/lab8_ex/design_1_FA1_0_10_synth_1/runme.log
design_1_FA1_0_12_synth_1: F:/Haoyang_Sun/experiments/labs/lab8_ex/design_1_FA1_0_12_synth_1/runme.log
design_1_FA1_0_11_synth_1: F:/Haoyang_Sun/experiments/labs/lab8_ex/design_1_FA1_0_11_synth_1/runme.log
design_1_FA2_0_15_synth_1: F:/Haoyang_Sun/experiments/labs/lab8_ex/design_1_FA2_0_15_synth_1/runme.log
design_1_FA2_0_13_synth_1: F:/Haoyang_Sun/experiments/labs/lab8_ex/design_1_FA2_0_13_synth_1/runme.log
design_1_FA2_0_14_synth_1: F:/Haoyang_Sun/experiments/labs/lab8_ex/design_1_FA2_0_14_synth_1/runme.log
design_1_FA2_0_12_synth_1: F:/Haoyang_Sun/experiments/labs/lab8_ex/design_1_FA2_0_12_synth_1/runme.log
design_1_FA_5_7_synth_1: F:/Haoyang_Sun/experiments/labs/lab8_ex/design_1_FA_5_7_synth_1/runme.log
design_1_FA_4_7_synth_1: F:/Haoyang_Sun/experiments/labs/lab8_ex/design_1_FA_4_7_synth_1/runme.log
design_1_FA1_0_6_synth_1: F:/Haoyang_Sun/experiments/labs/lab8_ex/design_1_FA1_0_6_synth_1/runme.log
design_1_FA1_0_7_synth_1: F:/Haoyang_Sun/experiments/labs/lab8_ex/design_1_FA1_0_7_synth_1/runme.log
design_1_FA1_0_5_synth_1: F:/Haoyang_Sun/experiments/labs/lab8_ex/design_1_FA1_0_5_synth_1/runme.log
design_1_FA1_0_8_synth_1: F:/Haoyang_Sun/experiments/labs/lab8_ex/design_1_FA1_0_8_synth_1/runme.log
design_1_FA_1_12_synth_1: F:/Haoyang_Sun/experiments/labs/lab8_ex/design_1_FA_1_12_synth_1/runme.log
design_1_FA_2_12_synth_1: F:/Haoyang_Sun/experiments/labs/lab8_ex/design_1_FA_2_12_synth_1/runme.log
design_1_FA_3_12_synth_1: F:/Haoyang_Sun/experiments/labs/lab8_ex/design_1_FA_3_12_synth_1/runme.log
design_1_FA_3_14_synth_1: F:/Haoyang_Sun/experiments/labs/lab8_ex/design_1_FA_3_14_synth_1/runme.log
design_1_FA_0_16_synth_1: F:/Haoyang_Sun/experiments/labs/lab8_ex/design_1_FA_0_16_synth_1/runme.log
design_1_FA_0_18_synth_1: F:/Haoyang_Sun/experiments/labs/lab8_ex/design_1_FA_0_18_synth_1/runme.log
design_1_FA_1_14_synth_1: F:/Haoyang_Sun/experiments/labs/lab8_ex/design_1_FA_1_14_synth_1/runme.log
design_1_FA_2_14_synth_1: F:/Haoyang_Sun/experiments/labs/lab8_ex/design_1_FA_2_14_synth_1/runme.log
design_1_FA_0_15_synth_1: F:/Haoyang_Sun/experiments/labs/lab8_ex/design_1_FA_0_15_synth_1/runme.log
design_1_FA1_0_0_synth_1: F:/Haoyang_Sun/experiments/labs/lab8_ex/design_1_FA1_0_0_synth_1/runme.log
design_1_FA2_0_2_synth_1: F:/Haoyang_Sun/experiments/labs/lab8_ex/design_1_FA2_0_2_synth_1/runme.log
design_1_FA2_0_3_synth_1: F:/Haoyang_Sun/experiments/labs/lab8_ex/design_1_FA2_0_3_synth_1/runme.log
design_1_FA2_0_4_synth_1: F:/Haoyang_Sun/experiments/labs/lab8_ex/design_1_FA2_0_4_synth_1/runme.log
design_1_FA2_0_1_synth_1: F:/Haoyang_Sun/experiments/labs/lab8_ex/design_1_FA2_0_1_synth_1/runme.log
synth_1: F:/Haoyang_Sun/experiments/labs/lab8_ex/synth_1/runme.log
[Sat Nov  8 22:11:18 2025] Launched impl_1...
Run output will be captured here: F:/Haoyang_Sun/experiments/labs/lab8_ex/impl_1/runme.log
launch_runs: Time (s): cpu = 00:00:44 ; elapsed = 00:01:01 . Memory (MB): peak = 5791.301 ; gain = 0.000
open_run impl_1
INFO: [Device 21-403] Loading part xc7z020clg400-1
Netlist sorting complete. Time (s): cpu = 00:00:01 ; elapsed = 00:00:00.143 . Memory (MB): peak = 5791.301 ; gain = 0.000
INFO: [Netlist 29-17] Analyzing 138 Unisim elements for replacement
INFO: [Netlist 29-28] Unisim Transformation completed in 0 CPU seconds
INFO: [Project 1-479] Netlist was created with Vivado 2025.1
INFO: [Project 1-570] Preparing netlist for logic optimization
Read ShapeDB Complete: Time (s): cpu = 00:00:00 ; elapsed = 00:00:00.030 . Memory (MB): peak = 5791.301 ; gain = 0.000
INFO: [Timing 38-478] Restoring timing data from binary archive.
INFO: [Timing 38-479] Binary timing data restore complete.
INFO: [Project 1-856] Restoring constraints from binary archive.
INFO: [Project 1-853] Binary constraint restore complete.
INFO: [Designutils 20-5722] Start Reading Physical Databases.
Reading placement.
Read Netlist Cache: Time (s): cpu = 00:00:00 ; elapsed = 00:00:00.007 . Memory (MB): peak = 6195.781 ; gain = 0.000
Reading placer database...
Read Device Cache: Time (s): cpu = 00:00:00 ; elapsed = 00:00:00.009 . Memory (MB): peak = 6195.781 ; gain = 0.000
Read PlaceDB: Time (s): cpu = 00:00:00 ; elapsed = 00:00:00.288 . Memory (MB): peak = 6195.781 ; gain = 0.000
Read PulsedLatchDB: Time (s): cpu = 00:00:00 ; elapsed = 00:00:00 . Memory (MB): peak = 6195.781 ; gain = 0.000
Reading routing.
Read RouteStorage: Time (s): cpu = 00:00:00 ; elapsed = 00:00:00.073 . Memory (MB): peak = 6195.781 ; gain = 0.000
Read Physdb Files: Time (s): cpu = 00:00:00 ; elapsed = 00:00:00.387 . Memory (MB): peak = 6195.781 ; gain = 0.000
Restored from archive | CPU: 0.000000 secs | Memory: 0.000000 MB |
Finished XDEF File Restore: Time (s): cpu = 00:00:00 ; elapsed = 00:00:00.387 . Memory (MB): peak = 6195.781 ; gain = 0.000
Netlist sorting complete. Time (s): cpu = 00:00:00 ; elapsed = 00:00:00.003 . Memory (MB): peak = 6195.781 ; gain = 0.000
INFO: [Project 1-111] Unisim Transformation Summary:
  A total of 6 instances were transformed.
  RAM32M => RAM32M (RAMD32(x6), RAMS32(x2)): 3 instances
  SRLC32E => SRL16E: 3 instances

open_run: Time (s): cpu = 00:00:20 ; elapsed = 00:00:19 . Memory (MB): peak = 8167.648 ; gain = 2376.348
open_report: Time (s): cpu = 00:00:08 ; elapsed = 00:00:07 . Memory (MB): peak = 8179.648 ; gain = 12.000
WARNING: [Timing 38-436] There are set_bus_skew constraint(s) in this design. Please run report_bus_skew to ensure that bus skew requirements are met.
close_design
close_design: Time (s): cpu = 00:00:09 ; elapsed = 00:00:10 . Memory (MB): peak = 9126.062 ; gain = 0.000
exit
INFO: [Common 17-206] Exiting Vivado at Sat Nov  8 22:22:29 2025...
